order_item_id,order_id,product_id,quantity,unit_price
1,ORD10000,PROD108,3,229
2,ORD10001,PROD103,4,59
3,ORD10002,PROD111,2,59
4,ORD10003,PROD107,4,399
5,ORD10004,PROD105,1,110
6,ORD10005,PROD108,5,229
7,ORD10006,PROD106,1,99
8,ORD10007,PROD103,2,59
9,ORD10008,PROD102,5,199
10,ORD10009,PROD107,4,399
11,ORD10010,PROD107,4,399
12,ORD10011,PROD113,2,149
13,ORD10012,PROD109,1,129
14,ORD10013,PROD100,2,999
15,ORD10014,PROD112,4,199
16,ORD10015,PROD105,1,110
17,ORD10016,PROD109,5,129
18,ORD10017,PROD113,2,149
19,ORD10018,PROD110,1,80
20,ORD10019,PROD108,3,229
21,ORD10020,PROD112,4,199
22,ORD10021,PROD112,5,199
23,ORD10022,PROD104,4,120
24,ORD10023,PROD109,2,129
25,ORD10024,PROD100,2,999
26,ORD10025,PROD105,3,110
27,ORD10026,PROD109,1,129
28,ORD10027,PROD101,3,899
29,ORD10028,PROD108,5,229
30,ORD10029,PROD102,5,199
31,ORD10030,PROD101,1,899
32,ORD10031,PROD107,4,399
33,ORD10032,PROD105,4,110
34,ORD10033,PROD109,3,129
35,ORD10034,PROD101,4,899
36,ORD10035,PROD113,3,149
37,ORD10036,PROD102,1,199
38,ORD10037,PROD100,2,999
39,ORD10038,PROD100,4,999
40,ORD10039,PROD104,3,120
41,ORD10040,PROD103,5,59
42,ORD10041,PROD109,4,129
43,ORD10042,PROD106,2,99
44,ORD10043,PROD108,4,229
45,ORD10044,PROD103,1,59
46,ORD10045,PROD112,1,199
47,ORD10046,PROD101,1,899
48,ORD10047,PROD112,3,199
49,ORD10048,PROD110,1,80
50,ORD10049,PROD103,2,59
51,ORD10050,PROD107,5,399
52,ORD10051,PROD108,2,229
53,ORD10052,PROD108,1,229
54,ORD10053,PROD111,5,59
55,ORD10054,PROD102,5,199
56,ORD10055,PROD100,5,999
57,ORD10056,PROD112,2,199
58,ORD10057,PROD108,2,229
59,ORD10058,PROD105,4,110
60,ORD10059,PROD100,2,999
61,ORD10060,PROD107,3,399
62,ORD10061,PROD112,4,199
63,ORD10062,PROD110,1,80
64,ORD10063,PROD114,2,25
65,ORD10064,PROD102,3,199
66,ORD10065,PROD106,1,99
67,ORD10066,PROD105,4,110
68,ORD10067,PROD113,2,149
69,ORD10068,PROD113,5,149
70,ORD10069,PROD103,2,59
71,ORD10070,PROD105,3,110
72,ORD10071,PROD113,3,149
73,ORD10072,PROD106,4,99
74,ORD10073,PROD102,3,199
75,ORD10074,PROD105,5,110
76,ORD10075,PROD112,1,199
77,ORD10076,PROD105,2,110
78,ORD10077,PROD103,3,59
79,ORD10078,PROD103,3,59
80,ORD10079,PROD108,3,229
81,ORD10080,PROD111,5,59
82,ORD10081,PROD109,4,129
83,ORD10082,PROD108,2,229
84,ORD10083,PROD104,2,120
85,ORD10084,PROD103,2,59
86,ORD10085,PROD101,2,899
87,ORD10086,PROD109,4,129
88,ORD10087,PROD101,4,899
89,ORD10088,PROD104,2,120
90,ORD10089,PROD113,3,149
91,ORD10090,PROD102,2,199
92,ORD10091,PROD102,5,199
93,ORD10092,PROD114,4,25
94,ORD10093,PROD113,2,149
95,ORD10094,PROD104,3,120
96,ORD10095,PROD105,3,110
97,ORD10096,PROD114,2,25
98,ORD10097,PROD103,1,59
99,ORD10098,PROD101,5,899
100,ORD10099,PROD110,1,80
101,ORD10100,PROD107,2,399
102,ORD10101,PROD107,1,399
103,ORD10102,PROD112,1,199
104,ORD10103,PROD111,2,59
105,ORD10104,PROD104,5,120
106,ORD10105,PROD108,1,229
107,ORD10106,PROD114,4,25
108,ORD10107,PROD103,4,59
109,ORD10108,PROD114,1,25
110,ORD10109,PROD110,2,80
111,ORD10110,PROD101,5,899
112,ORD10111,PROD103,4,59
113,ORD10112,PROD102,1,199
114,ORD10113,PROD103,3,59
115,ORD10114,PROD108,2,229
116,ORD10115,PROD114,2,25
117,ORD10116,PROD110,1,80
118,ORD10117,PROD112,2,199
119,ORD10118,PROD101,1,899
120,ORD10119,PROD113,3,149
121,ORD10120,PROD103,4,59
122,ORD10121,PROD110,3,80
123,ORD10122,PROD104,3,120
124,ORD10123,PROD101,1,899
125,ORD10124,PROD110,1,80
126,ORD10125,PROD105,2,110
127,ORD10126,PROD102,4,199
128,ORD10127,PROD100,4,999
129,ORD10128,PROD100,1,999
130,ORD10129,PROD100,3,999
131,ORD10130,PROD101,5,899
132,ORD10131,PROD105,2,110
133,ORD10132,PROD103,2,59
134,ORD10133,PROD102,5,199
135,ORD10134,PROD107,3,399
136,ORD10135,PROD112,2,199
137,ORD10136,PROD112,4,199
138,ORD10137,PROD108,1,229
139,ORD10138,PROD100,5,999
140,ORD10139,PROD111,5,59
141,ORD10140,PROD108,3,229
142,ORD10141,PROD102,3,199
143,ORD10142,PROD108,4,229
144,ORD10143,PROD109,2,129
145,ORD10144,PROD102,3,199
146,ORD10145,PROD105,4,110
147,ORD10146,PROD103,1,59
148,ORD10147,PROD112,3,199
149,ORD10148,PROD101,3,899
150,ORD10149,PROD111,3,59
151,ORD10150,PROD106,4,99
152,ORD10151,PROD111,5,59
153,ORD10152,PROD110,3,80
154,ORD10153,PROD109,4,129
155,ORD10154,PROD102,2,199
156,ORD10155,PROD101,4,899
157,ORD10156,PROD112,1,199
158,ORD10157,PROD114,1,25
159,ORD10158,PROD107,5,399
160,ORD10159,PROD112,4,199
161,ORD10160,PROD109,1,129
162,ORD10161,PROD102,3,199
163,ORD10162,PROD112,1,199
164,ORD10163,PROD106,1,99
165,ORD10164,PROD109,4,129
166,ORD10165,PROD106,1,99
167,ORD10166,PROD101,2,899
168,ORD10167,PROD107,4,399
169,ORD10168,PROD110,4,80
170,ORD10169,PROD108,5,229
171,ORD10170,PROD112,3,199
172,ORD10171,PROD105,5,110
173,ORD10172,PROD101,5,899
174,ORD10173,PROD106,3,99
175,ORD10174,PROD108,4,229
176,ORD10175,PROD110,1,80
177,ORD10176,PROD111,4,59
178,ORD10177,PROD104,3,120
179,ORD10178,PROD108,2,229
180,ORD10179,PROD103,2,59
181,ORD10180,PROD113,4,149
182,ORD10181,PROD102,3,199
183,ORD10182,PROD109,2,129
184,ORD10183,PROD108,3,229
185,ORD10184,PROD104,4,120
186,ORD10185,PROD106,5,99
187,ORD10186,PROD102,3,199
188,ORD10187,PROD112,2,199
189,ORD10188,PROD101,1,899
190,ORD10189,PROD109,4,129
191,ORD10190,PROD113,5,149
192,ORD10191,PROD105,5,110
193,ORD10192,PROD102,5,199
194,ORD10193,PROD100,5,999
195,ORD10194,PROD111,3,59
196,ORD10195,PROD105,2,110
197,ORD10196,PROD112,5,199
198,ORD10197,PROD113,2,149
199,ORD10198,PROD104,5,120
200,ORD10199,PROD103,4,59
201,ORD10200,PROD107,2,399
202,ORD10201,PROD106,5,99
203,ORD10202,PROD107,3,399
204,ORD10203,PROD100,2,999
205,ORD10204,PROD108,2,229
206,ORD10205,PROD111,1,59
207,ORD10206,PROD102,1,199
208,ORD10207,PROD101,3,899
209,ORD10208,PROD111,2,59
210,ORD10209,PROD114,2,25
211,ORD10210,PROD109,1,129
212,ORD10211,PROD100,1,999
213,ORD10212,PROD109,1,129
214,ORD10213,PROD109,4,129
215,ORD10214,PROD112,1,199
216,ORD10215,PROD103,1,59
217,ORD10216,PROD103,1,59
218,ORD10217,PROD113,1,149
219,ORD10218,PROD108,4,229
220,ORD10219,PROD109,2,129
221,ORD10220,PROD104,3,120
222,ORD10221,PROD111,4,59
223,ORD10222,PROD104,5,120
224,ORD10223,PROD109,3,129
225,ORD10224,PROD113,1,149
226,ORD10225,PROD106,3,99
227,ORD10226,PROD110,3,80
228,ORD10227,PROD106,4,99
229,ORD10228,PROD113,1,149
230,ORD10229,PROD105,2,110
231,ORD10230,PROD113,4,149
232,ORD10231,PROD101,1,899
233,ORD10232,PROD111,1,59
234,ORD10233,PROD106,5,99
235,ORD10234,PROD104,1,120
236,ORD10235,PROD104,5,120
237,ORD10236,PROD102,4,199
238,ORD10237,PROD104,5,120
239,ORD10238,PROD108,3,229
240,ORD10239,PROD113,5,149
241,ORD10240,PROD100,1,999
242,ORD10241,PROD102,1,199
243,ORD10242,PROD107,5,399
244,ORD10243,PROD101,4,899
245,ORD10244,PROD102,3,199
246,ORD10245,PROD101,4,899
247,ORD10246,PROD105,5,110
248,ORD10247,PROD107,4,399
249,ORD10248,PROD102,2,199
250,ORD10249,PROD105,5,110
251,ORD10250,PROD101,2,899
252,ORD10251,PROD100,1,999
253,ORD10252,PROD106,4,99
254,ORD10253,PROD110,1,80
255,ORD10254,PROD114,1,25
256,ORD10255,PROD114,1,25
257,ORD10256,PROD109,4,129
258,ORD10257,PROD108,5,229
259,ORD10258,PROD104,4,120
260,ORD10259,PROD101,2,899
261,ORD10260,PROD102,1,199
262,ORD10261,PROD101,3,899
263,ORD10262,PROD108,4,229
264,ORD10263,PROD111,3,59
265,ORD10264,PROD109,5,129
266,ORD10265,PROD107,1,399
267,ORD10266,PROD107,1,399
268,ORD10267,PROD107,2,399
269,ORD10268,PROD106,1,99
270,ORD10269,PROD108,2,229
271,ORD10270,PROD102,4,199
272,ORD10271,PROD114,2,25
273,ORD10272,PROD100,1,999
274,ORD10273,PROD102,4,199
275,ORD10274,PROD109,2,129
276,ORD10275,PROD100,4,999
277,ORD10276,PROD107,3,399
278,ORD10277,PROD109,1,129
279,ORD10278,PROD103,5,59
280,ORD10279,PROD114,3,25
281,ORD10280,PROD112,2,199
282,ORD10281,PROD103,3,59
283,ORD10282,PROD107,4,399
284,ORD10283,PROD103,2,59
285,ORD10284,PROD100,4,999
286,ORD10285,PROD101,4,899
287,ORD10286,PROD108,2,229
288,ORD10287,PROD108,4,229
289,ORD10288,PROD111,1,59
290,ORD10289,PROD114,4,25
291,ORD10290,PROD111,3,59
292,ORD10291,PROD104,1,120
293,ORD10292,PROD110,4,80
294,ORD10293,PROD114,1,25
295,ORD10294,PROD114,5,25
296,ORD10295,PROD112,2,199
297,ORD10296,PROD101,3,899
298,ORD10297,PROD105,2,110
299,ORD10298,PROD103,3,59
300,ORD10299,PROD113,5,149
301,ORD10300,PROD107,4,399
302,ORD10301,PROD110,3,80
303,ORD10302,PROD111,2,59
304,ORD10303,PROD105,1,110
305,ORD10304,PROD106,1,99
306,ORD10305,PROD114,4,25
307,ORD10306,PROD110,4,80
308,ORD10307,PROD106,2,99
309,ORD10308,PROD105,4,110
310,ORD10309,PROD113,2,149
311,ORD10310,PROD106,1,99
312,ORD10311,PROD103,4,59
313,ORD10312,PROD105,5,110
314,ORD10313,PROD104,3,120
315,ORD10314,PROD103,4,59
316,ORD10315,PROD102,2,199
317,ORD10316,PROD114,2,25
318,ORD10317,PROD100,4,999
319,ORD10318,PROD100,1,999
320,ORD10319,PROD110,4,80
321,ORD10320,PROD109,3,129
322,ORD10321,PROD113,4,149
323,ORD10322,PROD106,2,99
324,ORD10323,PROD111,2,59
325,ORD10324,PROD111,1,59
326,ORD10325,PROD113,2,149
327,ORD10326,PROD110,3,80
328,ORD10327,PROD101,3,899
329,ORD10328,PROD111,5,59
330,ORD10329,PROD110,1,80
331,ORD10330,PROD100,1,999
332,ORD10331,PROD111,4,59
333,ORD10332,PROD100,5,999
334,ORD10333,PROD100,4,999
335,ORD10334,PROD112,3,199
336,ORD10335,PROD108,4,229
337,ORD10336,PROD110,4,80
338,ORD10337,PROD103,2,59
339,ORD10338,PROD100,1,999
340,ORD10339,PROD103,5,59
341,ORD10340,PROD106,4,99
342,ORD10341,PROD113,3,149
343,ORD10342,PROD101,4,899
344,ORD10343,PROD107,4,399
345,ORD10344,PROD100,1,999
346,ORD10345,PROD109,5,129
347,ORD10346,PROD103,5,59
348,ORD10347,PROD103,5,59
349,ORD10348,PROD107,4,399
350,ORD10349,PROD112,2,199
351,ORD10350,PROD109,1,129
352,ORD10351,PROD111,1,59
353,ORD10352,PROD112,1,199
354,ORD10353,PROD112,5,199
355,ORD10354,PROD112,5,199
356,ORD10355,PROD110,3,80
357,ORD10356,PROD103,4,59
358,ORD10357,PROD102,2,199
359,ORD10358,PROD107,3,399
360,ORD10359,PROD106,5,99
361,ORD10360,PROD101,5,899
362,ORD10361,PROD107,1,399
363,ORD10362,PROD108,5,229
364,ORD10363,PROD101,2,899
365,ORD10364,PROD114,1,25
366,ORD10365,PROD102,5,199
367,ORD10366,PROD107,2,399
368,ORD10367,PROD101,5,899
369,ORD10368,PROD100,2,999
370,ORD10369,PROD104,4,120
371,ORD10370,PROD104,3,120
372,ORD10371,PROD102,1,199
373,ORD10372,PROD107,1,399
374,ORD10373,PROD101,3,899
375,ORD10374,PROD109,1,129
376,ORD10375,PROD114,4,25
377,ORD10376,PROD106,5,99
378,ORD10377,PROD106,5,99
379,ORD10378,PROD100,3,999
380,ORD10379,PROD111,2,59
381,ORD10380,PROD101,4,899
382,ORD10381,PROD112,2,199
383,ORD10382,PROD109,1,129
384,ORD10383,PROD101,2,899
385,ORD10384,PROD114,4,25
386,ORD10385,PROD106,5,99
387,ORD10386,PROD104,5,120
388,ORD10387,PROD105,4,110
389,ORD10388,PROD107,5,399
390,ORD10389,PROD102,3,199
391,ORD10390,PROD102,1,199
392,ORD10391,PROD106,2,99
393,ORD10392,PROD100,4,999
394,ORD10393,PROD100,1,999
395,ORD10394,PROD105,4,110
396,ORD10395,PROD107,4,399
397,ORD10396,PROD104,5,120
398,ORD10397,PROD100,1,999
399,ORD10398,PROD104,1,120
400,ORD10399,PROD108,3,229
401,ORD10400,PROD100,4,999
402,ORD10401,PROD104,3,120
403,ORD10402,PROD108,1,229
404,ORD10403,PROD112,2,199
405,ORD10404,PROD105,3,110
406,ORD10405,PROD107,2,399
407,ORD10406,PROD111,4,59
408,ORD10407,PROD110,2,80
409,ORD10408,PROD104,3,120
410,ORD10409,PROD114,5,25
411,ORD10410,PROD103,3,59
412,ORD10411,PROD110,1,80
413,ORD10412,PROD113,1,149
414,ORD10413,PROD103,1,59
415,ORD10414,PROD103,4,59
416,ORD10415,PROD109,5,129
417,ORD10416,PROD111,2,59
418,ORD10417,PROD104,4,120
419,ORD10418,PROD102,2,199
420,ORD10419,PROD107,5,399
421,ORD10420,PROD110,3,80
422,ORD10421,PROD106,2,99
423,ORD10422,PROD101,2,899
424,ORD10423,PROD114,4,25
425,ORD10424,PROD110,2,80
426,ORD10425,PROD106,2,99
427,ORD10426,PROD107,4,399
428,ORD10427,PROD107,5,399
429,ORD10428,PROD101,5,899
430,ORD10429,PROD105,4,110
431,ORD10430,PROD113,2,149
432,ORD10431,PROD112,4,199
433,ORD10432,PROD108,2,229
434,ORD10433,PROD101,1,899
435,ORD10434,PROD106,2,99
436,ORD10435,PROD104,3,120
437,ORD10436,PROD102,4,199
438,ORD10437,PROD103,5,59
439,ORD10438,PROD104,2,120
440,ORD10439,PROD112,1,199
441,ORD10440,PROD112,4,199
442,ORD10441,PROD101,3,899
443,ORD10442,PROD105,5,110
444,ORD10443,PROD108,2,229
445,ORD10444,PROD100,2,999
446,ORD10445,PROD109,3,129
447,ORD10446,PROD108,4,229
448,ORD10447,PROD103,4,59
449,ORD10448,PROD110,2,80
450,ORD10449,PROD110,4,80
451,ORD10450,PROD114,3,25
452,ORD10451,PROD100,2,999
453,ORD10452,PROD101,2,899
454,ORD10453,PROD102,5,199
455,ORD10454,PROD110,5,80
456,ORD10455,PROD113,1,149
457,ORD10456,PROD109,4,129
458,ORD10457,PROD107,1,399
459,ORD10458,PROD102,4,199
460,ORD10459,PROD114,4,25
461,ORD10460,PROD100,2,999
462,ORD10461,PROD100,3,999
463,ORD10462,PROD114,4,25
464,ORD10463,PROD108,4,229
465,ORD10464,PROD109,3,129
466,ORD10465,PROD104,5,120
467,ORD10466,PROD108,3,229
468,ORD10467,PROD102,5,199
469,ORD10468,PROD106,3,99
470,ORD10469,PROD111,1,59
471,ORD10470,PROD112,2,199
472,ORD10471,PROD103,1,59
473,ORD10472,PROD106,2,99
474,ORD10473,PROD110,2,80
475,ORD10474,PROD107,2,399
476,ORD10475,PROD112,4,199
477,ORD10476,PROD101,1,899
478,ORD10477,PROD113,3,149
479,ORD10478,PROD104,4,120
480,ORD10479,PROD111,3,59
481,ORD10480,PROD114,4,25
482,ORD10481,PROD106,2,99
483,ORD10482,PROD108,1,229
484,ORD10483,PROD108,2,229
485,ORD10484,PROD102,1,199
486,ORD10485,PROD112,5,199
487,ORD10486,PROD109,1,129
488,ORD10487,PROD110,5,80
489,ORD10488,PROD113,5,149
490,ORD10489,PROD102,3,199
491,ORD10490,PROD107,2,399
492,ORD10491,PROD109,2,129
493,ORD10492,PROD107,1,399
494,ORD10493,PROD109,4,129
495,ORD10494,PROD103,2,59
496,ORD10495,PROD114,4,25
497,ORD10496,PROD101,5,899
498,ORD10497,PROD111,2,59
499,ORD10498,PROD113,5,149
500,ORD10499,PROD113,3,149
501,ORD10500,PROD110,2,80
502,ORD10501,PROD111,4,59
503,ORD10502,PROD113,3,149
504,ORD10503,PROD102,1,199
505,ORD10504,PROD100,5,999
506,ORD10505,PROD101,1,899
507,ORD10506,PROD104,1,120
508,ORD10507,PROD109,1,129
509,ORD10508,PROD102,2,199
510,ORD10509,PROD114,5,25
511,ORD10510,PROD105,4,110
512,ORD10511,PROD111,5,59
513,ORD10512,PROD106,3,99
514,ORD10513,PROD112,3,199
515,ORD10514,PROD104,3,120
516,ORD10515,PROD111,1,59
517,ORD10516,PROD114,2,25
518,ORD10517,PROD103,2,59
519,ORD10518,PROD104,1,120
520,ORD10519,PROD102,4,199
521,ORD10520,PROD114,4,25
522,ORD10521,PROD100,4,999
523,ORD10522,PROD102,1,199
524,ORD10523,PROD114,4,25
525,ORD10524,PROD102,3,199
526,ORD10525,PROD104,3,120
527,ORD10526,PROD107,2,399
528,ORD10527,PROD112,3,199
529,ORD10528,PROD114,3,25
530,ORD10529,PROD106,2,99
531,ORD10530,PROD110,1,80
532,ORD10531,PROD101,5,899
533,ORD10532,PROD113,4,149
534,ORD10533,PROD101,5,899
535,ORD10534,PROD100,2,999
536,ORD10535,PROD113,1,149
537,ORD10536,PROD103,4,59
538,ORD10537,PROD114,3,25
539,ORD10538,PROD102,4,199
540,ORD10539,PROD104,5,120
541,ORD10540,PROD108,5,229
542,ORD10541,PROD100,3,999
543,ORD10542,PROD106,2,99
544,ORD10543,PROD107,4,399
545,ORD10544,PROD102,1,199
546,ORD10545,PROD112,5,199
547,ORD10546,PROD106,3,99
548,ORD10547,PROD109,3,129
549,ORD10548,PROD110,1,80
550,ORD10549,PROD101,3,899
551,ORD10550,PROD104,1,120
552,ORD10551,PROD105,2,110
553,ORD10552,PROD100,1,999
554,ORD10553,PROD103,4,59
555,ORD10554,PROD107,4,399
556,ORD10555,PROD107,1,399
557,ORD10556,PROD113,5,149
558,ORD10557,PROD102,1,199
559,ORD10558,PROD103,5,59
560,ORD10559,PROD114,2,25
561,ORD10560,PROD112,3,199
562,ORD10561,PROD103,1,59
563,ORD10562,PROD110,3,80
564,ORD10563,PROD113,2,149
565,ORD10564,PROD109,1,129
566,ORD10565,PROD110,5,80
567,ORD10566,PROD104,4,120
568,ORD10567,PROD113,3,149
569,ORD10568,PROD110,1,80
570,ORD10569,PROD105,1,110
571,ORD10570,PROD100,1,999
572,ORD10571,PROD109,2,129
573,ORD10572,PROD109,4,129
574,ORD10573,PROD110,5,80
575,ORD10574,PROD108,5,229
576,ORD10575,PROD110,1,80
577,ORD10576,PROD102,3,199
578,ORD10577,PROD109,2,129
579,ORD10578,PROD107,4,399
580,ORD10579,PROD108,2,229
581,ORD10580,PROD112,2,199
582,ORD10581,PROD112,1,199
583,ORD10582,PROD109,2,129
584,ORD10583,PROD107,5,399
585,ORD10584,PROD113,2,149
586,ORD10585,PROD111,1,59
587,ORD10586,PROD104,2,120
588,ORD10587,PROD113,4,149
589,ORD10588,PROD114,2,25
590,ORD10589,PROD103,1,59
591,ORD10590,PROD114,3,25
592,ORD10591,PROD109,4,129
593,ORD10592,PROD106,5,99
594,ORD10593,PROD106,2,99
595,ORD10594,PROD102,5,199
596,ORD10595,PROD101,1,899
597,ORD10596,PROD102,5,199
598,ORD10597,PROD109,5,129
599,ORD10598,PROD100,4,999
600,ORD10599,PROD110,1,80
601,ORD10600,PROD111,1,59
602,ORD10601,PROD103,1,59
603,ORD10602,PROD105,4,110
604,ORD10603,PROD113,1,149
605,ORD10604,PROD110,4,80
606,ORD10605,PROD107,5,399
607,ORD10606,PROD100,3,999
608,ORD10607,PROD113,3,149
609,ORD10608,PROD105,4,110
610,ORD10609,PROD101,5,899
611,ORD10610,PROD113,3,149
612,ORD10611,PROD101,1,899
613,ORD10612,PROD114,1,25
614,ORD10613,PROD105,4,110
615,ORD10614,PROD107,1,399
616,ORD10615,PROD104,4,120
617,ORD10616,PROD107,2,399
618,ORD10617,PROD105,4,110
619,ORD10618,PROD114,2,25
620,ORD10619,PROD110,1,80
621,ORD10620,PROD111,3,59
622,ORD10621,PROD112,5,199
623,ORD10622,PROD108,5,229
624,ORD10623,PROD114,5,25
625,ORD10624,PROD113,5,149
626,ORD10625,PROD104,1,120
627,ORD10626,PROD113,3,149
628,ORD10627,PROD104,2,120
629,ORD10628,PROD106,2,99
630,ORD10629,PROD114,3,25
631,ORD10630,PROD105,1,110
632,ORD10631,PROD101,5,899
633,ORD10632,PROD105,2,110
634,ORD10633,PROD110,5,80
635,ORD10634,PROD109,2,129
636,ORD10635,PROD100,3,999
637,ORD10636,PROD111,5,59
638,ORD10637,PROD107,2,399
639,ORD10638,PROD111,1,59
640,ORD10639,PROD112,3,199
641,ORD10640,PROD110,3,80
642,ORD10641,PROD105,5,110
643,ORD10642,PROD102,4,199
644,ORD10643,PROD105,3,110
645,ORD10644,PROD113,4,149
646,ORD10645,PROD110,4,80
647,ORD10646,PROD101,3,899
648,ORD10647,PROD114,4,25
649,ORD10648,PROD100,3,999
650,ORD10649,PROD103,2,59
651,ORD10650,PROD104,5,120
652,ORD10651,PROD101,3,899
653,ORD10652,PROD100,1,999
654,ORD10653,PROD114,5,25
655,ORD10654,PROD111,3,59
656,ORD10655,PROD107,2,399
657,ORD10656,PROD108,3,229
658,ORD10657,PROD113,1,149
659,ORD10658,PROD104,4,120
660,ORD10659,PROD108,2,229
661,ORD10660,PROD111,1,59
662,ORD10661,PROD107,1,399
663,ORD10662,PROD112,3,199
664,ORD10663,PROD111,2,59
665,ORD10664,PROD103,3,59
666,ORD10665,PROD110,4,80
667,ORD10666,PROD113,2,149
668,ORD10667,PROD105,2,110
669,ORD10668,PROD107,2,399
670,ORD10669,PROD109,5,129
671,ORD10670,PROD106,1,99
672,ORD10671,PROD107,2,399
673,ORD10672,PROD111,4,59
674,ORD10673,PROD110,1,80
675,ORD10674,PROD100,1,999
676,ORD10675,PROD113,2,149
677,ORD10676,PROD104,3,120
678,ORD10677,PROD104,4,120
679,ORD10678,PROD102,3,199
680,ORD10679,PROD108,2,229
681,ORD10680,PROD106,1,99
682,ORD10681,PROD105,5,110
683,ORD10682,PROD105,5,110
684,ORD10683,PROD109,4,129
685,ORD10684,PROD109,2,129
686,ORD10685,PROD106,5,99
687,ORD10686,PROD103,3,59
688,ORD10687,PROD111,5,59
689,ORD10688,PROD108,4,229
690,ORD10689,PROD107,1,399
691,ORD10690,PROD113,1,149
692,ORD10691,PROD112,4,199
693,ORD10692,PROD114,2,25
694,ORD10693,PROD105,3,110
695,ORD10694,PROD105,3,110
696,ORD10695,PROD109,4,129
697,ORD10696,PROD107,2,399
698,ORD10697,PROD101,1,899
699,ORD10698,PROD107,4,399
700,ORD10699,PROD110,2,80
701,ORD10700,PROD103,2,59
702,ORD10701,PROD103,4,59
703,ORD10702,PROD113,2,149
704,ORD10703,PROD105,2,110
705,ORD10704,PROD109,4,129
706,ORD10705,PROD101,4,899
707,ORD10706,PROD110,5,80
708,ORD10707,PROD105,4,110
709,ORD10708,PROD112,5,199
710,ORD10709,PROD110,3,80
711,ORD10710,PROD112,3,199
712,ORD10711,PROD108,5,229
713,ORD10712,PROD101,4,899
714,ORD10713,PROD110,2,80
715,ORD10714,PROD104,4,120
716,ORD10715,PROD109,5,129
717,ORD10716,PROD114,4,25
718,ORD10717,PROD109,2,129
719,ORD10718,PROD107,5,399
720,ORD10719,PROD102,5,199
721,ORD10720,PROD107,4,399
722,ORD10721,PROD114,1,25
723,ORD10722,PROD109,3,129
724,ORD10723,PROD112,4,199
725,ORD10724,PROD100,4,999
726,ORD10725,PROD103,2,59
727,ORD10726,PROD101,1,899
728,ORD10727,PROD112,4,199
729,ORD10728,PROD108,4,229
730,ORD10729,PROD102,5,199
731,ORD10730,PROD113,1,149
732,ORD10731,PROD108,4,229
733,ORD10732,PROD103,2,59
734,ORD10733,PROD110,4,80
735,ORD10734,PROD101,4,899
736,ORD10735,PROD107,4,399
737,ORD10736,PROD103,2,59
738,ORD10737,PROD110,2,80
739,ORD10738,PROD109,1,129
740,ORD10739,PROD105,5,110
741,ORD10740,PROD100,2,999
742,ORD10741,PROD114,4,25
743,ORD10742,PROD114,5,25
744,ORD10743,PROD113,1,149
745,ORD10744,PROD102,2,199
746,ORD10745,PROD110,2,80
747,ORD10746,PROD113,2,149
748,ORD10747,PROD104,5,120
749,ORD10748,PROD111,1,59
750,ORD10749,PROD110,1,80
751,ORD10750,PROD114,2,25
752,ORD10751,PROD114,5,25
753,ORD10752,PROD106,3,99
754,ORD10753,PROD112,2,199
755,ORD10754,PROD100,5,999
756,ORD10755,PROD102,3,199
757,ORD10756,PROD102,2,199
758,ORD10757,PROD108,4,229
759,ORD10758,PROD108,3,229
760,ORD10759,PROD110,5,80
761,ORD10760,PROD114,2,25
762,ORD10761,PROD105,4,110
763,ORD10762,PROD109,3,129
764,ORD10763,PROD114,2,25
765,ORD10764,PROD114,3,25
766,ORD10765,PROD113,1,149
767,ORD10766,PROD101,4,899
768,ORD10767,PROD109,5,129
769,ORD10768,PROD104,3,120
770,ORD10769,PROD104,4,120
771,ORD10770,PROD109,4,129
772,ORD10771,PROD106,1,99
773,ORD10772,PROD105,5,110
774,ORD10773,PROD111,2,59
775,ORD10774,PROD100,4,999
776,ORD10775,PROD102,3,199
777,ORD10776,PROD108,5,229
778,ORD10777,PROD109,3,129
779,ORD10778,PROD112,2,199
780,ORD10779,PROD104,2,120
781,ORD10780,PROD100,5,999
782,ORD10781,PROD111,5,59
783,ORD10782,PROD107,2,399
784,ORD10783,PROD100,4,999
785,ORD10784,PROD113,5,149
786,ORD10785,PROD100,5,999
787,ORD10786,PROD101,1,899
788,ORD10787,PROD113,4,149
789,ORD10788,PROD100,5,999
790,ORD10789,PROD106,4,99
791,ORD10790,PROD110,1,80
792,ORD10791,PROD114,4,25
793,ORD10792,PROD107,4,399
794,ORD10793,PROD104,3,120
795,ORD10794,PROD100,1,999
796,ORD10795,PROD106,2,99
797,ORD10796,PROD104,1,120
798,ORD10797,PROD100,2,999
799,ORD10798,PROD111,4,59
800,ORD10799,PROD109,3,129
801,ORD10800,PROD104,5,120
802,ORD10801,PROD112,2,199
803,ORD10802,PROD105,3,110
804,ORD10803,PROD103,2,59
805,ORD10804,PROD100,3,999
806,ORD10805,PROD101,5,899
807,ORD10806,PROD104,5,120
808,ORD10807,PROD108,4,229
809,ORD10808,PROD100,4,999
810,ORD10809,PROD109,3,129
811,ORD10810,PROD108,2,229
812,ORD10811,PROD112,5,199
813,ORD10812,PROD105,4,110
814,ORD10813,PROD105,1,110
815,ORD10814,PROD105,1,110
816,ORD10815,PROD101,5,899
817,ORD10816,PROD106,2,99
818,ORD10817,PROD106,5,99
819,ORD10818,PROD112,5,199
820,ORD10819,PROD113,4,149
821,ORD10820,PROD113,5,149
822,ORD10821,PROD113,2,149
823,ORD10822,PROD106,5,99
824,ORD10823,PROD106,5,99
825,ORD10824,PROD101,3,899
826,ORD10825,PROD104,1,120
827,ORD10826,PROD104,4,120
828,ORD10827,PROD103,2,59
829,ORD10828,PROD108,2,229
830,ORD10829,PROD109,1,129
831,ORD10830,PROD104,4,120
832,ORD10831,PROD108,4,229
833,ORD10832,PROD103,2,59
834,ORD10833,PROD107,4,399
835,ORD10834,PROD102,3,199
836,ORD10835,PROD101,2,899
837,ORD10836,PROD103,5,59
838,ORD10837,PROD112,3,199
839,ORD10838,PROD102,2,199
840,ORD10839,PROD113,2,149
841,ORD10840,PROD114,5,25
842,ORD10841,PROD101,4,899
843,ORD10842,PROD109,4,129
844,ORD10843,PROD108,1,229
845,ORD10844,PROD106,1,99
846,ORD10845,PROD113,3,149
847,ORD10846,PROD102,2,199
848,ORD10847,PROD109,3,129
849,ORD10848,PROD109,5,129
850,ORD10849,PROD107,2,399
851,ORD10850,PROD111,2,59
852,ORD10851,PROD111,2,59
853,ORD10852,PROD114,2,25
854,ORD10853,PROD108,4,229
855,ORD10854,PROD102,4,199
856,ORD10855,PROD111,2,59
857,ORD10856,PROD101,4,899
858,ORD10857,PROD101,1,899
859,ORD10858,PROD106,4,99
860,ORD10859,PROD102,2,199
861,ORD10860,PROD114,5,25
862,ORD10861,PROD104,4,120
863,ORD10862,PROD107,4,399
864,ORD10863,PROD108,2,229
865,ORD10864,PROD105,4,110
866,ORD10865,PROD109,3,129
867,ORD10866,PROD102,1,199
868,ORD10867,PROD108,2,229
869,ORD10868,PROD111,5,59
870,ORD10869,PROD112,5,199
871,ORD10870,PROD107,2,399
872,ORD10871,PROD105,4,110
873,ORD10872,PROD106,3,99
874,ORD10873,PROD109,2,129
875,ORD10874,PROD105,5,110
876,ORD10875,PROD107,4,399
877,ORD10876,PROD107,1,399
878,ORD10877,PROD108,1,229
879,ORD10878,PROD110,3,80
880,ORD10879,PROD103,5,59
881,ORD10880,PROD109,2,129
882,ORD10881,PROD101,3,899
883,ORD10882,PROD108,4,229
884,ORD10883,PROD111,3,59
885,ORD10884,PROD114,3,25
886,ORD10885,PROD101,5,899
887,ORD10886,PROD100,5,999
888,ORD10887,PROD105,3,110
889,ORD10888,PROD100,2,999
890,ORD10889,PROD105,4,110
891,ORD10890,PROD102,4,199
892,ORD10891,PROD108,1,229
893,ORD10892,PROD112,2,199
894,ORD10893,PROD112,1,199
895,ORD10894,PROD104,1,120
896,ORD10895,PROD106,4,99
897,ORD10896,PROD103,3,59
898,ORD10897,PROD108,1,229
899,ORD10898,PROD108,5,229
900,ORD10899,PROD113,3,149
901,ORD10900,PROD101,5,899
902,ORD10901,PROD108,4,229
903,ORD10902,PROD113,2,149
904,ORD10903,PROD108,3,229
905,ORD10904,PROD104,5,120
906,ORD10905,PROD107,4,399
907,ORD10906,PROD103,4,59
908,ORD10907,PROD101,3,899
909,ORD10908,PROD113,2,149
910,ORD10909,PROD107,1,399
911,ORD10910,PROD102,3,199
912,ORD10911,PROD111,3,59
913,ORD10912,PROD102,4,199
914,ORD10913,PROD108,1,229
915,ORD10914,PROD112,1,199
916,ORD10915,PROD109,1,129
917,ORD10916,PROD108,1,229
918,ORD10917,PROD106,5,99
919,ORD10918,PROD106,1,99
920,ORD10919,PROD109,1,129
921,ORD10920,PROD109,1,129
922,ORD10921,PROD109,1,129
923,ORD10922,PROD101,3,899
924,ORD10923,PROD104,1,120
925,ORD10924,PROD104,5,120
926,ORD10925,PROD103,2,59
927,ORD10926,PROD108,2,229
928,ORD10927,PROD110,5,80
929,ORD10928,PROD105,4,110
930,ORD10929,PROD105,4,110
931,ORD10930,PROD103,4,59
932,ORD10931,PROD104,1,120
933,ORD10932,PROD111,4,59
934,ORD10933,PROD100,4,999
935,ORD10934,PROD105,2,110
936,ORD10935,PROD101,3,899
937,ORD10936,PROD111,5,59
938,ORD10937,PROD109,3,129
939,ORD10938,PROD100,2,999
940,ORD10939,PROD104,5,120
941,ORD10940,PROD104,1,120
942,ORD10941,PROD101,5,899
943,ORD10942,PROD112,2,199
944,ORD10943,PROD104,2,120
945,ORD10944,PROD104,4,120
946,ORD10945,PROD101,3,899
947,ORD10946,PROD104,1,120
948,ORD10947,PROD103,5,59
949,ORD10948,PROD106,3,99
950,ORD10949,PROD101,3,899
951,ORD10950,PROD112,1,199
952,ORD10951,PROD102,5,199
953,ORD10952,PROD113,2,149
954,ORD10953,PROD108,4,229
955,ORD10954,PROD100,2,999
956,ORD10955,PROD110,5,80
957,ORD10956,PROD113,5,149
958,ORD10957,PROD111,5,59
959,ORD10958,PROD113,5,149
960,ORD10959,PROD113,4,149
961,ORD10960,PROD103,5,59
962,ORD10961,PROD109,2,129
963,ORD10962,PROD105,3,110
964,ORD10963,PROD101,1,899
965,ORD10964,PROD108,5,229
966,ORD10965,PROD104,5,120
967,ORD10966,PROD108,5,229
968,ORD10967,PROD107,1,399
969,ORD10968,PROD102,2,199
970,ORD10969,PROD113,3,149
971,ORD10970,PROD101,4,899
972,ORD10971,PROD110,4,80
973,ORD10972,PROD102,3,199
974,ORD10973,PROD110,4,80
975,ORD10974,PROD103,5,59
976,ORD10975,PROD108,4,229
977,ORD10976,PROD113,5,149
978,ORD10977,PROD107,1,399
979,ORD10978,PROD100,1,999
980,ORD10979,PROD112,4,199
981,ORD10980,PROD114,4,25
982,ORD10981,PROD105,5,110
983,ORD10982,PROD101,5,899
984,ORD10983,PROD100,5,999
985,ORD10984,PROD113,1,149
986,ORD10985,PROD103,5,59
987,ORD10986,PROD102,5,199
988,ORD10987,PROD112,4,199
989,ORD10988,PROD105,3,110
990,ORD10989,PROD107,1,399
991,ORD10990,PROD105,5,110
992,ORD10991,PROD113,1,149
993,ORD10992,PROD108,2,229
994,ORD10993,PROD113,4,149
995,ORD10994,PROD111,3,59
996,ORD10995,PROD107,1,399
997,ORD10996,PROD113,4,149
998,ORD10997,PROD113,2,149
999,ORD10998,PROD111,3,59
1000,ORD10999,PROD103,3,59
1001,ORD11000,PROD107,5,399
1002,ORD11001,PROD103,3,59
1003,ORD11002,PROD112,5,199
1004,ORD11003,PROD105,1,110
1005,ORD11004,PROD106,3,99
1006,ORD11005,PROD104,2,120
1007,ORD11006,PROD106,1,99
1008,ORD11007,PROD102,5,199
1009,ORD11008,PROD104,1,120
1010,ORD11009,PROD102,2,199
1011,ORD11010,PROD114,5,25
1012,ORD11011,PROD101,5,899
1013,ORD11012,PROD103,2,59
1014,ORD11013,PROD102,5,199
1015,ORD11014,PROD103,5,59
1016,ORD11015,PROD109,5,129
1017,ORD11016,PROD109,5,129
1018,ORD11017,PROD104,3,120
1019,ORD11018,PROD100,2,999
1020,ORD11019,PROD100,5,999
1021,ORD11020,PROD101,1,899
1022,ORD11021,PROD103,3,59
1023,ORD11022,PROD110,3,80
1024,ORD11023,PROD108,5,229
1025,ORD11024,PROD102,5,199
1026,ORD11025,PROD105,3,110
1027,ORD11026,PROD104,2,120
1028,ORD11027,PROD102,3,199
1029,ORD11028,PROD111,1,59
1030,ORD11029,PROD109,5,129
1031,ORD11030,PROD100,5,999
1032,ORD11031,PROD101,3,899
1033,ORD11032,PROD100,1,999
1034,ORD11033,PROD110,5,80
1035,ORD11034,PROD113,3,149
1036,ORD11035,PROD100,5,999
1037,ORD11036,PROD112,4,199
1038,ORD11037,PROD113,2,149
1039,ORD11038,PROD114,1,25
1040,ORD11039,PROD109,5,129
1041,ORD11040,PROD107,3,399
1042,ORD11041,PROD111,3,59
1043,ORD11042,PROD101,1,899
1044,ORD11043,PROD114,5,25
1045,ORD11044,PROD108,5,229
1046,ORD11045,PROD112,3,199
1047,ORD11046,PROD113,3,149
1048,ORD11047,PROD110,5,80
1049,ORD11048,PROD102,2,199
1050,ORD11049,PROD101,2,899
1051,ORD11050,PROD111,5,59
1052,ORD11051,PROD112,4,199
1053,ORD11052,PROD111,5,59
1054,ORD11053,PROD107,1,399
1055,ORD11054,PROD107,1,399
1056,ORD11055,PROD102,1,199
1057,ORD11056,PROD102,1,199
1058,ORD11057,PROD106,1,99
1059,ORD11058,PROD107,5,399
1060,ORD11059,PROD100,5,999
1061,ORD11060,PROD104,1,120
1062,ORD11061,PROD105,3,110
1063,ORD11062,PROD104,1,120
1064,ORD11063,PROD106,5,99
1065,ORD11064,PROD110,2,80
1066,ORD11065,PROD108,5,229
1067,ORD11066,PROD100,3,999
1068,ORD11067,PROD100,4,999
1069,ORD11068,PROD107,2,399
1070,ORD11069,PROD109,2,129
1071,ORD11070,PROD104,3,120
1072,ORD11071,PROD103,2,59
1073,ORD11072,PROD106,5,99
1074,ORD11073,PROD107,5,399
1075,ORD11074,PROD113,1,149
1076,ORD11075,PROD104,3,120
1077,ORD11076,PROD102,5,199
1078,ORD11077,PROD110,2,80
1079,ORD11078,PROD110,1,80
1080,ORD11079,PROD104,2,120
1081,ORD11080,PROD105,5,110
1082,ORD11081,PROD109,2,129
1083,ORD11082,PROD107,5,399
1084,ORD11083,PROD111,1,59
1085,ORD11084,PROD102,4,199
1086,ORD11085,PROD106,2,99
1087,ORD11086,PROD106,5,99
1088,ORD11087,PROD109,1,129
1089,ORD11088,PROD107,1,399
1090,ORD11089,PROD110,3,80
1091,ORD11090,PROD100,5,999
1092,ORD11091,PROD113,2,149
1093,ORD11092,PROD111,5,59
1094,ORD11093,PROD101,5,899
1095,ORD11094,PROD111,3,59
1096,ORD11095,PROD114,3,25
1097,ORD11096,PROD105,5,110
1098,ORD11097,PROD109,3,129
1099,ORD11098,PROD100,4,999
1100,ORD11099,PROD102,4,199
1101,ORD11100,PROD111,3,59
1102,ORD11101,PROD106,5,99
1103,ORD11102,PROD114,4,25
1104,ORD11103,PROD105,5,110
1105,ORD11104,PROD104,4,120
1106,ORD11105,PROD103,4,59
1107,ORD11106,PROD113,3,149
1108,ORD11107,PROD107,2,399
1109,ORD11108,PROD113,4,149
1110,ORD11109,PROD103,1,59
1111,ORD11110,PROD109,1,129
1112,ORD11111,PROD109,4,129
1113,ORD11112,PROD107,3,399
1114,ORD11113,PROD106,2,99
1115,ORD11114,PROD114,5,25
1116,ORD11115,PROD112,1,199
1117,ORD11116,PROD103,5,59
1118,ORD11117,PROD107,3,399
1119,ORD11118,PROD105,2,110
1120,ORD11119,PROD101,1,899
1121,ORD11120,PROD114,1,25
1122,ORD11121,PROD112,5,199
1123,ORD11122,PROD108,5,229
1124,ORD11123,PROD108,1,229
1125,ORD11124,PROD109,3,129
1126,ORD11125,PROD101,3,899
1127,ORD11126,PROD110,3,80
1128,ORD11127,PROD111,4,59
1129,ORD11128,PROD114,1,25
1130,ORD11129,PROD108,1,229
1131,ORD11130,PROD105,3,110
1132,ORD11131,PROD114,4,25
1133,ORD11132,PROD114,3,25
1134,ORD11133,PROD109,5,129
1135,ORD11134,PROD105,2,110
1136,ORD11135,PROD111,4,59
1137,ORD11136,PROD103,3,59
1138,ORD11137,PROD105,1,110
1139,ORD11138,PROD101,4,899
1140,ORD11139,PROD112,5,199
1141,ORD11140,PROD112,4,199
1142,ORD11141,PROD100,1,999
1143,ORD11142,PROD100,4,999
1144,ORD11143,PROD100,1,999
1145,ORD11144,PROD102,3,199
1146,ORD11145,PROD103,1,59
1147,ORD11146,PROD110,4,80
1148,ORD11147,PROD110,2,80
1149,ORD11148,PROD110,2,80
1150,ORD11149,PROD110,2,80
1151,ORD11150,PROD108,5,229
1152,ORD11151,PROD113,3,149
1153,ORD11152,PROD111,3,59
1154,ORD11153,PROD111,2,59
1155,ORD11154,PROD103,4,59
1156,ORD11155,PROD107,3,399
1157,ORD11156,PROD107,3,399
1158,ORD11157,PROD107,2,399
1159,ORD11158,PROD110,3,80
1160,ORD11159,PROD110,4,80
1161,ORD11160,PROD109,3,129
1162,ORD11161,PROD114,3,25
1163,ORD11162,PROD110,5,80
1164,ORD11163,PROD113,4,149
1165,ORD11164,PROD104,3,120
1166,ORD11165,PROD112,1,199
1167,ORD11166,PROD106,3,99
1168,ORD11167,PROD103,5,59
1169,ORD11168,PROD108,2,229
1170,ORD11169,PROD103,4,59
1171,ORD11170,PROD108,1,229
1172,ORD11171,PROD102,4,199
1173,ORD11172,PROD108,5,229
1174,ORD11173,PROD108,2,229
1175,ORD11174,PROD111,4,59
1176,ORD11175,PROD107,2,399
1177,ORD11176,PROD112,2,199
1178,ORD11177,PROD110,2,80
1179,ORD11178,PROD103,2,59
1180,ORD11179,PROD101,1,899
1181,ORD11180,PROD113,4,149
1182,ORD11181,PROD105,3,110
1183,ORD11182,PROD105,5,110
1184,ORD11183,PROD104,4,120
1185,ORD11184,PROD108,4,229
1186,ORD11185,PROD109,1,129
1187,ORD11186,PROD109,4,129
1188,ORD11187,PROD109,4,129
1189,ORD11188,PROD100,2,999
1190,ORD11189,PROD112,1,199
1191,ORD11190,PROD112,5,199
1192,ORD11191,PROD104,5,120
1193,ORD11192,PROD100,4,999
1194,ORD11193,PROD102,1,199
1195,ORD11194,PROD103,5,59
1196,ORD11195,PROD108,2,229
1197,ORD11196,PROD105,5,110
1198,ORD11197,PROD114,1,25
1199,ORD11198,PROD110,1,80
1200,ORD11199,PROD102,4,199
1201,ORD11200,PROD112,3,199
1202,ORD11201,PROD108,5,229
1203,ORD11202,PROD113,4,149
1204,ORD11203,PROD106,5,99
1205,ORD11204,PROD107,3,399
1206,ORD11205,PROD103,1,59
1207,ORD11206,PROD101,2,899
1208,ORD11207,PROD107,4,399
1209,ORD11208,PROD109,5,129
1210,ORD11209,PROD101,5,899
1211,ORD11210,PROD113,1,149
1212,ORD11211,PROD103,4,59
1213,ORD11212,PROD100,3,999
1214,ORD11213,PROD101,2,899
1215,ORD11214,PROD100,5,999
1216,ORD11215,PROD110,1,80
1217,ORD11216,PROD113,2,149
1218,ORD11217,PROD101,4,899
1219,ORD11218,PROD107,2,399
1220,ORD11219,PROD112,3,199
1221,ORD11220,PROD105,4,110
1222,ORD11221,PROD101,1,899
1223,ORD11222,PROD102,4,199
1224,ORD11223,PROD111,5,59
1225,ORD11224,PROD112,4,199
1226,ORD11225,PROD105,3,110
1227,ORD11226,PROD107,4,399
1228,ORD11227,PROD109,1,129
1229,ORD11228,PROD109,1,129
1230,ORD11229,PROD105,1,110
1231,ORD11230,PROD101,5,899
1232,ORD11231,PROD114,3,25
1233,ORD11232,PROD105,3,110
1234,ORD11233,PROD108,3,229
1235,ORD11234,PROD113,5,149
1236,ORD11235,PROD102,1,199
1237,ORD11236,PROD113,3,149
1238,ORD11237,PROD109,2,129
1239,ORD11238,PROD111,4,59
1240,ORD11239,PROD112,5,199
1241,ORD11240,PROD104,5,120
1242,ORD11241,PROD111,3,59
1243,ORD11242,PROD100,4,999
1244,ORD11243,PROD111,4,59
1245,ORD11244,PROD107,5,399
1246,ORD11245,PROD100,3,999
1247,ORD11246,PROD105,2,110
1248,ORD11247,PROD109,4,129
1249,ORD11248,PROD109,3,129
1250,ORD11249,PROD110,4,80
1251,ORD11250,PROD113,2,149
1252,ORD11251,PROD103,4,59
1253,ORD11252,PROD105,4,110
1254,ORD11253,PROD106,3,99
1255,ORD11254,PROD110,2,80
1256,ORD11255,PROD113,5,149
1257,ORD11256,PROD112,5,199
1258,ORD11257,PROD104,5,120
1259,ORD11258,PROD108,5,229
1260,ORD11259,PROD112,4,199
1261,ORD11260,PROD110,2,80
1262,ORD11261,PROD109,2,129
1263,ORD11262,PROD113,4,149
1264,ORD11263,PROD100,4,999
1265,ORD11264,PROD106,3,99
1266,ORD11265,PROD110,5,80
1267,ORD11266,PROD101,1,899
1268,ORD11267,PROD112,5,199
1269,ORD11268,PROD103,2,59
1270,ORD11269,PROD106,2,99
1271,ORD11270,PROD106,1,99
1272,ORD11271,PROD104,4,120
1273,ORD11272,PROD113,1,149
1274,ORD11273,PROD104,2,120
1275,ORD11274,PROD102,1,199
1276,ORD11275,PROD110,3,80
1277,ORD11276,PROD101,1,899
1278,ORD11277,PROD102,3,199
1279,ORD11278,PROD114,2,25
1280,ORD11279,PROD114,2,25
1281,ORD11280,PROD106,2,99
1282,ORD11281,PROD101,3,899
1283,ORD11282,PROD112,5,199
1284,ORD11283,PROD108,3,229
1285,ORD11284,PROD112,3,199
1286,ORD11285,PROD109,3,129
1287,ORD11286,PROD100,5,999
1288,ORD11287,PROD100,2,999
1289,ORD11288,PROD106,2,99
1290,ORD11289,PROD108,2,229
1291,ORD11290,PROD109,2,129
1292,ORD11291,PROD107,3,399
1293,ORD11292,PROD108,1,229
1294,ORD11293,PROD110,5,80
1295,ORD11294,PROD108,5,229
1296,ORD11295,PROD105,4,110
1297,ORD11296,PROD103,5,59
1298,ORD11297,PROD106,1,99
1299,ORD11298,PROD108,2,229
1300,ORD11299,PROD107,4,399
1301,ORD11300,PROD102,5,199
1302,ORD11301,PROD112,5,199
1303,ORD11302,PROD110,1,80
1304,ORD11303,PROD114,5,25
1305,ORD11304,PROD106,5,99
1306,ORD11305,PROD109,1,129
1307,ORD11306,PROD110,4,80
1308,ORD11307,PROD103,4,59
1309,ORD11308,PROD108,3,229
1310,ORD11309,PROD107,3,399
1311,ORD11310,PROD101,4,899
1312,ORD11311,PROD100,2,999
1313,ORD11312,PROD109,3,129
1314,ORD11313,PROD105,4,110
1315,ORD11314,PROD102,4,199
1316,ORD11315,PROD109,1,129
1317,ORD11316,PROD110,5,80
1318,ORD11317,PROD101,3,899
1319,ORD11318,PROD105,4,110
1320,ORD11319,PROD105,4,110
1321,ORD11320,PROD114,3,25
1322,ORD11321,PROD111,3,59
1323,ORD11322,PROD100,4,999
1324,ORD11323,PROD112,2,199
1325,ORD11324,PROD105,3,110
1326,ORD11325,PROD100,2,999
1327,ORD11326,PROD108,3,229
1328,ORD11327,PROD109,3,129
1329,ORD11328,PROD112,4,199
1330,ORD11329,PROD103,2,59
1331,ORD11330,PROD105,1,110
1332,ORD11331,PROD111,3,59
1333,ORD11332,PROD107,3,399
1334,ORD11333,PROD105,3,110
1335,ORD11334,PROD107,3,399
1336,ORD11335,PROD106,5,99
1337,ORD11336,PROD112,1,199
1338,ORD11337,PROD101,2,899
1339,ORD11338,PROD107,2,399
1340,ORD11339,PROD105,4,110
1341,ORD11340,PROD111,3,59
1342,ORD11341,PROD109,3,129
1343,ORD11342,PROD102,5,199
1344,ORD11343,PROD100,3,999
1345,ORD11344,PROD106,5,99
1346,ORD11345,PROD114,1,25
1347,ORD11346,PROD111,3,59
1348,ORD11347,PROD113,3,149
1349,ORD11348,PROD100,3,999
1350,ORD11349,PROD105,2,110
1351,ORD11350,PROD107,5,399
1352,ORD11351,PROD109,3,129
1353,ORD11352,PROD100,3,999
1354,ORD11353,PROD105,3,110
1355,ORD11354,PROD110,3,80
1356,ORD11355,PROD111,5,59
1357,ORD11356,PROD103,5,59
1358,ORD11357,PROD101,2,899
1359,ORD11358,PROD113,4,149
1360,ORD11359,PROD101,2,899
1361,ORD11360,PROD107,5,399
1362,ORD11361,PROD102,3,199
1363,ORD11362,PROD112,3,199
1364,ORD11363,PROD102,3,199
1365,ORD11364,PROD110,1,80
1366,ORD11365,PROD107,3,399
1367,ORD11366,PROD111,1,59
1368,ORD11367,PROD107,4,399
1369,ORD11368,PROD102,5,199
1370,ORD11369,PROD112,3,199
1371,ORD11370,PROD102,5,199
1372,ORD11371,PROD101,4,899
1373,ORD11372,PROD105,4,110
1374,ORD11373,PROD100,3,999
1375,ORD11374,PROD110,4,80
1376,ORD11375,PROD113,4,149
1377,ORD11376,PROD108,2,229
1378,ORD11377,PROD104,4,120
1379,ORD11378,PROD110,1,80
1380,ORD11379,PROD102,2,199
1381,ORD11380,PROD112,1,199
1382,ORD11381,PROD108,2,229
1383,ORD11382,PROD102,1,199
1384,ORD11383,PROD106,5,99
1385,ORD11384,PROD106,1,99
1386,ORD11385,PROD100,1,999
1387,ORD11386,PROD106,2,99
1388,ORD11387,PROD101,4,899
1389,ORD11388,PROD106,4,99
1390,ORD11389,PROD112,3,199
1391,ORD11390,PROD112,2,199
1392,ORD11391,PROD112,3,199
1393,ORD11392,PROD106,5,99
1394,ORD11393,PROD100,5,999
1395,ORD11394,PROD104,1,120
1396,ORD11395,PROD106,4,99
1397,ORD11396,PROD104,3,120
1398,ORD11397,PROD101,3,899
1399,ORD11398,PROD109,3,129
1400,ORD11399,PROD109,2,129
1401,ORD11400,PROD106,4,99
1402,ORD11401,PROD108,2,229
1403,ORD11402,PROD107,4,399
1404,ORD11403,PROD101,2,899
1405,ORD11404,PROD105,3,110
1406,ORD11405,PROD102,3,199
1407,ORD11406,PROD113,1,149
1408,ORD11407,PROD113,1,149
1409,ORD11408,PROD111,2,59
1410,ORD11409,PROD108,3,229
1411,ORD11410,PROD102,1,199
1412,ORD11411,PROD102,1,199
1413,ORD11412,PROD108,2,229
1414,ORD11413,PROD108,4,229
1415,ORD11414,PROD101,4,899
1416,ORD11415,PROD112,2,199
1417,ORD11416,PROD112,5,199
1418,ORD11417,PROD105,4,110
1419,ORD11418,PROD107,4,399
1420,ORD11419,PROD113,4,149
1421,ORD11420,PROD107,4,399
1422,ORD11421,PROD110,4,80
1423,ORD11422,PROD113,3,149
1424,ORD11423,PROD105,2,110
1425,ORD11424,PROD104,5,120
1426,ORD11425,PROD106,4,99
1427,ORD11426,PROD107,2,399
1428,ORD11427,PROD104,2,120
1429,ORD11428,PROD112,2,199
1430,ORD11429,PROD106,3,99
1431,ORD11430,PROD111,2,59
1432,ORD11431,PROD102,3,199
1433,ORD11432,PROD102,1,199
1434,ORD11433,PROD104,2,120
1435,ORD11434,PROD105,2,110
1436,ORD11435,PROD103,1,59
1437,ORD11436,PROD103,2,59
1438,ORD11437,PROD108,3,229
1439,ORD11438,PROD103,5,59
1440,ORD11439,PROD103,5,59
1441,ORD11440,PROD114,1,25
1442,ORD11441,PROD107,5,399
1443,ORD11442,PROD101,1,899
1444,ORD11443,PROD112,5,199
1445,ORD11444,PROD112,3,199
1446,ORD11445,PROD107,3,399
1447,ORD11446,PROD111,5,59
1448,ORD11447,PROD103,1,59
1449,ORD11448,PROD114,4,25
1450,ORD11449,PROD112,4,199
1451,ORD11450,PROD103,5,59
1452,ORD11451,PROD104,4,120
1453,ORD11452,PROD108,5,229
1454,ORD11453,PROD114,1,25
1455,ORD11454,PROD112,1,199
1456,ORD11455,PROD104,1,120
1457,ORD11456,PROD106,3,99
1458,ORD11457,PROD110,2,80
1459,ORD11458,PROD108,2,229
1460,ORD11459,PROD109,4,129
1461,ORD11460,PROD100,1,999
1462,ORD11461,PROD107,4,399
1463,ORD11462,PROD104,4,120
1464,ORD11463,PROD101,4,899
1465,ORD11464,PROD106,4,99
1466,ORD11465,PROD101,4,899
1467,ORD11466,PROD114,3,25
1468,ORD11467,PROD104,3,120
1469,ORD11468,PROD101,4,899
1470,ORD11469,PROD111,2,59
1471,ORD11470,PROD111,1,59
1472,ORD11471,PROD108,1,229
1473,ORD11472,PROD103,3,59
1474,ORD11473,PROD102,4,199
1475,ORD11474,PROD105,3,110
1476,ORD11475,PROD106,5,99
1477,ORD11476,PROD113,4,149
1478,ORD11477,PROD100,3,999
1479,ORD11478,PROD109,1,129
1480,ORD11479,PROD100,4,999
1481,ORD11480,PROD100,2,999
1482,ORD11481,PROD114,2,25
1483,ORD11482,PROD113,5,149
1484,ORD11483,PROD105,2,110
1485,ORD11484,PROD114,3,25
1486,ORD11485,PROD107,3,399
1487,ORD11486,PROD102,1,199
1488,ORD11487,PROD101,5,899
1489,ORD11488,PROD104,3,120
1490,ORD11489,PROD108,1,229
1491,ORD11490,PROD114,1,25
1492,ORD11491,PROD107,4,399
1493,ORD11492,PROD105,5,110
1494,ORD11493,PROD101,3,899
1495,ORD11494,PROD107,3,399
1496,ORD11495,PROD100,5,999
1497,ORD11496,PROD106,1,99
1498,ORD11497,PROD114,2,25
1499,ORD11498,PROD100,2,999
1500,ORD11499,PROD112,3,199
1501,ORD11500,PROD105,1,110
1502,ORD11501,PROD111,2,59
1503,ORD11502,PROD106,3,99
1504,ORD11503,PROD101,5,899
1505,ORD11504,PROD104,1,120
1506,ORD11505,PROD110,3,80
1507,ORD11506,PROD102,5,199
1508,ORD11507,PROD105,5,110
1509,ORD11508,PROD113,2,149
1510,ORD11509,PROD101,3,899
1511,ORD11510,PROD110,1,80
1512,ORD11511,PROD110,2,80
1513,ORD11512,PROD101,4,899
1514,ORD11513,PROD105,4,110
1515,ORD11514,PROD103,4,59
1516,ORD11515,PROD108,3,229
1517,ORD11516,PROD112,4,199
1518,ORD11517,PROD113,2,149
1519,ORD11518,PROD105,5,110
1520,ORD11519,PROD106,4,99
1521,ORD11520,PROD106,3,99
1522,ORD11521,PROD111,2,59
1523,ORD11522,PROD105,5,110
1524,ORD11523,PROD111,1,59
1525,ORD11524,PROD112,1,199
1526,ORD11525,PROD108,4,229
1527,ORD11526,PROD103,1,59
1528,ORD11527,PROD106,3,99
1529,ORD11528,PROD106,1,99
1530,ORD11529,PROD104,4,120
1531,ORD11530,PROD108,5,229
1532,ORD11531,PROD105,4,110
1533,ORD11532,PROD101,4,899
1534,ORD11533,PROD107,1,399
1535,ORD11534,PROD102,5,199
1536,ORD11535,PROD111,2,59
1537,ORD11536,PROD112,3,199
1538,ORD11537,PROD103,2,59
1539,ORD11538,PROD113,1,149
1540,ORD11539,PROD110,4,80
1541,ORD11540,PROD112,5,199
1542,ORD11541,PROD111,5,59
1543,ORD11542,PROD103,5,59
1544,ORD11543,PROD114,5,25
1545,ORD11544,PROD108,4,229
1546,ORD11545,PROD103,5,59
1547,ORD11546,PROD104,2,120
1548,ORD11547,PROD108,2,229
1549,ORD11548,PROD110,4,80
1550,ORD11549,PROD110,1,80
1551,ORD11550,PROD108,3,229
1552,ORD11551,PROD108,3,229
1553,ORD11552,PROD100,2,999
1554,ORD11553,PROD107,2,399
1555,ORD11554,PROD100,1,999
1556,ORD11555,PROD112,1,199
1557,ORD11556,PROD106,1,99
1558,ORD11557,PROD111,5,59
1559,ORD11558,PROD101,5,899
1560,ORD11559,PROD107,3,399
1561,ORD11560,PROD106,5,99
1562,ORD11561,PROD108,2,229
1563,ORD11562,PROD101,3,899
1564,ORD11563,PROD104,4,120
1565,ORD11564,PROD103,1,59
1566,ORD11565,PROD111,5,59
1567,ORD11566,PROD113,2,149
1568,ORD11567,PROD103,3,59
1569,ORD11568,PROD106,3,99
1570,ORD11569,PROD106,2,99
1571,ORD11570,PROD114,1,25
1572,ORD11571,PROD113,2,149
1573,ORD11572,PROD112,3,199
1574,ORD11573,PROD101,2,899
1575,ORD11574,PROD112,5,199
1576,ORD11575,PROD109,1,129
1577,ORD11576,PROD110,2,80
1578,ORD11577,PROD102,4,199
1579,ORD11578,PROD105,4,110
1580,ORD11579,PROD106,2,99
1581,ORD11580,PROD109,3,129
1582,ORD11581,PROD100,2,999
1583,ORD11582,PROD102,4,199
1584,ORD11583,PROD102,4,199
1585,ORD11584,PROD108,2,229
1586,ORD11585,PROD107,3,399
1587,ORD11586,PROD112,1,199
1588,ORD11587,PROD112,5,199
1589,ORD11588,PROD114,2,25
1590,ORD11589,PROD107,4,399
1591,ORD11590,PROD108,4,229
1592,ORD11591,PROD104,4,120
1593,ORD11592,PROD101,5,899
1594,ORD11593,PROD113,1,149
1595,ORD11594,PROD110,3,80
1596,ORD11595,PROD109,4,129
1597,ORD11596,PROD111,3,59
1598,ORD11597,PROD106,2,99
1599,ORD11598,PROD106,5,99
1600,ORD11599,PROD113,5,149
1601,ORD11600,PROD101,1,899
1602,ORD11601,PROD102,4,199
1603,ORD11602,PROD102,3,199
1604,ORD11603,PROD112,2,199
1605,ORD11604,PROD104,2,120
1606,ORD11605,PROD114,2,25
1607,ORD11606,PROD108,5,229
1608,ORD11607,PROD110,3,80
1609,ORD11608,PROD104,5,120
1610,ORD11609,PROD102,2,199
1611,ORD11610,PROD108,1,229
1612,ORD11611,PROD113,4,149
1613,ORD11612,PROD100,5,999
1614,ORD11613,PROD110,5,80
1615,ORD11614,PROD110,4,80
1616,ORD11615,PROD108,3,229
1617,ORD11616,PROD106,2,99
1618,ORD11617,PROD108,5,229
1619,ORD11618,PROD106,5,99
1620,ORD11619,PROD103,2,59
1621,ORD11620,PROD107,5,399
1622,ORD11621,PROD108,2,229
1623,ORD11622,PROD102,3,199
1624,ORD11623,PROD104,2,120
1625,ORD11624,PROD101,2,899
1626,ORD11625,PROD104,4,120
1627,ORD11626,PROD104,1,120
1628,ORD11627,PROD108,1,229
1629,ORD11628,PROD111,4,59
1630,ORD11629,PROD111,2,59
1631,ORD11630,PROD103,2,59
1632,ORD11631,PROD108,3,229
1633,ORD11632,PROD100,5,999
1634,ORD11633,PROD102,5,199
1635,ORD11634,PROD114,3,25
1636,ORD11635,PROD110,5,80
1637,ORD11636,PROD109,1,129
1638,ORD11637,PROD101,5,899
1639,ORD11638,PROD109,3,129
1640,ORD11639,PROD114,4,25
1641,ORD11640,PROD103,1,59
1642,ORD11641,PROD107,5,399
1643,ORD11642,PROD110,2,80
1644,ORD11643,PROD107,2,399
1645,ORD11644,PROD109,2,129
1646,ORD11645,PROD113,1,149
1647,ORD11646,PROD109,5,129
1648,ORD11647,PROD102,4,199
1649,ORD11648,PROD104,1,120
1650,ORD11649,PROD105,3,110
1651,ORD11650,PROD109,2,129
1652,ORD11651,PROD106,3,99
1653,ORD11652,PROD111,4,59
1654,ORD11653,PROD103,4,59
1655,ORD11654,PROD101,2,899
1656,ORD11655,PROD100,4,999
1657,ORD11656,PROD105,2,110
1658,ORD11657,PROD113,4,149
1659,ORD11658,PROD112,1,199
1660,ORD11659,PROD108,2,229
1661,ORD11660,PROD102,2,199
1662,ORD11661,PROD101,2,899
1663,ORD11662,PROD105,5,110
1664,ORD11663,PROD108,5,229
1665,ORD11664,PROD100,1,999
1666,ORD11665,PROD103,3,59
1667,ORD11666,PROD111,4,59
1668,ORD11667,PROD102,3,199
1669,ORD11668,PROD110,2,80
1670,ORD11669,PROD105,5,110
1671,ORD11670,PROD111,4,59
1672,ORD11671,PROD110,3,80
1673,ORD11672,PROD114,4,25
1674,ORD11673,PROD105,1,110
1675,ORD11674,PROD111,1,59
1676,ORD11675,PROD113,4,149
1677,ORD11676,PROD101,5,899
1678,ORD11677,PROD113,3,149
1679,ORD11678,PROD110,5,80
1680,ORD11679,PROD111,2,59
1681,ORD11680,PROD100,3,999
1682,ORD11681,PROD107,4,399
1683,ORD11682,PROD114,4,25
1684,ORD11683,PROD114,5,25
1685,ORD11684,PROD114,4,25
1686,ORD11685,PROD106,3,99
1687,ORD11686,PROD111,4,59
1688,ORD11687,PROD100,3,999
1689,ORD11688,PROD113,1,149
1690,ORD11689,PROD106,4,99
1691,ORD11690,PROD104,1,120
1692,ORD11691,PROD112,1,199
1693,ORD11692,PROD112,1,199
1694,ORD11693,PROD104,2,120
1695,ORD11694,PROD100,4,999
1696,ORD11695,PROD102,3,199
1697,ORD11696,PROD110,1,80
1698,ORD11697,PROD103,4,59
1699,ORD11698,PROD113,3,149
1700,ORD11699,PROD104,2,120
1701,ORD11700,PROD104,5,120
1702,ORD11701,PROD103,1,59
1703,ORD11702,PROD111,4,59
1704,ORD11703,PROD112,4,199
1705,ORD11704,PROD102,3,199
1706,ORD11705,PROD101,3,899
1707,ORD11706,PROD103,3,59
1708,ORD11707,PROD104,3,120
1709,ORD11708,PROD114,1,25
1710,ORD11709,PROD103,4,59
1711,ORD11710,PROD110,1,80
1712,ORD11711,PROD109,1,129
1713,ORD11712,PROD101,3,899
1714,ORD11713,PROD105,4,110
1715,ORD11714,PROD103,1,59
1716,ORD11715,PROD104,3,120
1717,ORD11716,PROD100,1,999
1718,ORD11717,PROD104,3,120
1719,ORD11718,PROD103,2,59
1720,ORD11719,PROD108,5,229
1721,ORD11720,PROD104,3,120
1722,ORD11721,PROD105,4,110
1723,ORD11722,PROD105,2,110
1724,ORD11723,PROD103,3,59
1725,ORD11724,PROD107,1,399
1726,ORD11725,PROD103,3,59
1727,ORD11726,PROD102,4,199
1728,ORD11727,PROD103,3,59
1729,ORD11728,PROD106,1,99
1730,ORD11729,PROD104,4,120
1731,ORD11730,PROD112,3,199
1732,ORD11731,PROD107,3,399
1733,ORD11732,PROD113,3,149
1734,ORD11733,PROD104,3,120
1735,ORD11734,PROD110,1,80
1736,ORD11735,PROD108,1,229
1737,ORD11736,PROD109,4,129
1738,ORD11737,PROD106,2,99
1739,ORD11738,PROD107,1,399
1740,ORD11739,PROD112,1,199
1741,ORD11740,PROD108,3,229
1742,ORD11741,PROD112,4,199
1743,ORD11742,PROD110,5,80
1744,ORD11743,PROD101,4,899
1745,ORD11744,PROD105,2,110
1746,ORD11745,PROD107,2,399
1747,ORD11746,PROD113,4,149
1748,ORD11747,PROD114,5,25
1749,ORD11748,PROD114,5,25
1750,ORD11749,PROD104,5,120
1751,ORD11750,PROD109,2,129
1752,ORD11751,PROD103,3,59
1753,ORD11752,PROD104,5,120
1754,ORD11753,PROD108,3,229
1755,ORD11754,PROD108,2,229
1756,ORD11755,PROD112,2,199
1757,ORD11756,PROD108,3,229
1758,ORD11757,PROD114,3,25
1759,ORD11758,PROD111,2,59
1760,ORD11759,PROD111,2,59
1761,ORD11760,PROD107,5,399
1762,ORD11761,PROD106,5,99
1763,ORD11762,PROD113,2,149
1764,ORD11763,PROD108,4,229
1765,ORD11764,PROD107,5,399
1766,ORD11765,PROD107,2,399
1767,ORD11766,PROD114,4,25
1768,ORD11767,PROD107,2,399
1769,ORD11768,PROD113,2,149
1770,ORD11769,PROD112,1,199
1771,ORD11770,PROD103,3,59
1772,ORD11771,PROD110,2,80
1773,ORD11772,PROD100,2,999
1774,ORD11773,PROD114,4,25
1775,ORD11774,PROD110,4,80
1776,ORD11775,PROD105,4,110
1777,ORD11776,PROD114,2,25
1778,ORD11777,PROD102,1,199
1779,ORD11778,PROD101,1,899
1780,ORD11779,PROD112,2,199
1781,ORD11780,PROD100,3,999
1782,ORD11781,PROD112,3,199
1783,ORD11782,PROD111,1,59
1784,ORD11783,PROD104,2,120
1785,ORD11784,PROD113,5,149
1786,ORD11785,PROD101,3,899
1787,ORD11786,PROD103,1,59
1788,ORD11787,PROD114,4,25
1789,ORD11788,PROD105,3,110
1790,ORD11789,PROD110,4,80
1791,ORD11790,PROD109,2,129
1792,ORD11791,PROD108,3,229
1793,ORD11792,PROD114,3,25
1794,ORD11793,PROD103,1,59
1795,ORD11794,PROD113,1,149
1796,ORD11795,PROD112,1,199
1797,ORD11796,PROD112,2,199
1798,ORD11797,PROD112,3,199
1799,ORD11798,PROD112,1,199
1800,ORD11799,PROD114,3,25
1801,ORD11800,PROD105,2,110
1802,ORD11801,PROD103,3,59
1803,ORD11802,PROD103,3,59
1804,ORD11803,PROD103,1,59
1805,ORD11804,PROD102,4,199
1806,ORD11805,PROD113,1,149
1807,ORD11806,PROD112,1,199
1808,ORD11807,PROD111,1,59
1809,ORD11808,PROD113,2,149
1810,ORD11809,PROD114,3,25
1811,ORD11810,PROD107,3,399
1812,ORD11811,PROD103,5,59
1813,ORD11812,PROD103,5,59
1814,ORD11813,PROD112,4,199
1815,ORD11814,PROD103,3,59
1816,ORD11815,PROD106,3,99
1817,ORD11816,PROD102,2,199
1818,ORD11817,PROD109,4,129
1819,ORD11818,PROD105,4,110
1820,ORD11819,PROD110,1,80
1821,ORD11820,PROD111,2,59
1822,ORD11821,PROD113,1,149
1823,ORD11822,PROD106,3,99
1824,ORD11823,PROD107,5,399
1825,ORD11824,PROD111,2,59
1826,ORD11825,PROD106,2,99
1827,ORD11826,PROD111,5,59
1828,ORD11827,PROD113,3,149
1829,ORD11828,PROD100,5,999
1830,ORD11829,PROD100,2,999
1831,ORD11830,PROD100,5,999
1832,ORD11831,PROD114,3,25
1833,ORD11832,PROD112,3,199
1834,ORD11833,PROD107,4,399
1835,ORD11834,PROD109,4,129
1836,ORD11835,PROD113,3,149
1837,ORD11836,PROD109,3,129
1838,ORD11837,PROD107,5,399
1839,ORD11838,PROD112,2,199
1840,ORD11839,PROD103,1,59
1841,ORD11840,PROD112,2,199
1842,ORD11841,PROD106,1,99
1843,ORD11842,PROD104,3,120
1844,ORD11843,PROD108,4,229
1845,ORD11844,PROD109,1,129
1846,ORD11845,PROD100,3,999
1847,ORD11846,PROD101,4,899
1848,ORD11847,PROD110,1,80
1849,ORD11848,PROD112,5,199
1850,ORD11849,PROD111,3,59
1851,ORD11850,PROD111,1,59
1852,ORD11851,PROD101,4,899
1853,ORD11852,PROD109,1,129
1854,ORD11853,PROD105,2,110
1855,ORD11854,PROD110,2,80
1856,ORD11855,PROD100,4,999
1857,ORD11856,PROD105,5,110
1858,ORD11857,PROD109,2,129
1859,ORD11858,PROD101,3,899
1860,ORD11859,PROD105,5,110
1861,ORD11860,PROD100,3,999
1862,ORD11861,PROD104,2,120
1863,ORD11862,PROD105,3,110
1864,ORD11863,PROD106,2,99
1865,ORD11864,PROD110,5,80
1866,ORD11865,PROD101,3,899
1867,ORD11866,PROD108,2,229
1868,ORD11867,PROD111,2,59
1869,ORD11868,PROD114,4,25
1870,ORD11869,PROD103,4,59
1871,ORD11870,PROD108,1,229
1872,ORD11871,PROD107,3,399
1873,ORD11872,PROD100,4,999
1874,ORD11873,PROD101,4,899
1875,ORD11874,PROD108,4,229
1876,ORD11875,PROD104,3,120
1877,ORD11876,PROD102,1,199
1878,ORD11877,PROD108,1,229
1879,ORD11878,PROD108,2,229
1880,ORD11879,PROD100,1,999
1881,ORD11880,PROD111,3,59
1882,ORD11881,PROD112,4,199
1883,ORD11882,PROD107,2,399
1884,ORD11883,PROD105,1,110
1885,ORD11884,PROD102,4,199
1886,ORD11885,PROD107,5,399
1887,ORD11886,PROD106,4,99
1888,ORD11887,PROD112,5,199
1889,ORD11888,PROD101,4,899
1890,ORD11889,PROD102,1,199
1891,ORD11890,PROD108,1,229
1892,ORD11891,PROD105,5,110
1893,ORD11892,PROD109,4,129
1894,ORD11893,PROD107,5,399
1895,ORD11894,PROD112,4,199
1896,ORD11895,PROD102,4,199
1897,ORD11896,PROD102,1,199
1898,ORD11897,PROD109,3,129
1899,ORD11898,PROD103,2,59
1900,ORD11899,PROD102,2,199
1901,ORD11900,PROD100,5,999
1902,ORD11901,PROD107,4,399
1903,ORD11902,PROD112,4,199
1904,ORD11903,PROD107,2,399
1905,ORD11904,PROD100,4,999
1906,ORD11905,PROD100,4,999
1907,ORD11906,PROD105,1,110
1908,ORD11907,PROD101,1,899
1909,ORD11908,PROD112,2,199
1910,ORD11909,PROD113,3,149
1911,ORD11910,PROD101,4,899
1912,ORD11911,PROD107,5,399
1913,ORD11912,PROD114,3,25
1914,ORD11913,PROD102,4,199
1915,ORD11914,PROD102,4,199
1916,ORD11915,PROD113,4,149
1917,ORD11916,PROD105,2,110
1918,ORD11917,PROD113,3,149
1919,ORD11918,PROD105,1,110
1920,ORD11919,PROD106,5,99
1921,ORD11920,PROD110,4,80
1922,ORD11921,PROD100,5,999
1923,ORD11922,PROD102,4,199
1924,ORD11923,PROD104,2,120
1925,ORD11924,PROD101,1,899
1926,ORD11925,PROD109,1,129
1927,ORD11926,PROD106,2,99
1928,ORD11927,PROD114,5,25
1929,ORD11928,PROD108,5,229
1930,ORD11929,PROD114,1,25
1931,ORD11930,PROD104,1,120
1932,ORD11931,PROD108,1,229
1933,ORD11932,PROD107,4,399
1934,ORD11933,PROD103,1,59
1935,ORD11934,PROD100,5,999
1936,ORD11935,PROD101,4,899
1937,ORD11936,PROD101,4,899
1938,ORD11937,PROD102,3,199
1939,ORD11938,PROD114,3,25
1940,ORD11939,PROD109,3,129
1941,ORD11940,PROD101,5,899
1942,ORD11941,PROD114,5,25
1943,ORD11942,PROD105,1,110
1944,ORD11943,PROD103,5,59
1945,ORD11944,PROD112,3,199
1946,ORD11945,PROD102,2,199
1947,ORD11946,PROD102,1,199
1948,ORD11947,PROD101,3,899
1949,ORD11948,PROD110,1,80
1950,ORD11949,PROD101,5,899
1951,ORD11950,PROD113,1,149
1952,ORD11951,PROD111,3,59
1953,ORD11952,PROD109,4,129
1954,ORD11953,PROD101,2,899
1955,ORD11954,PROD108,5,229
1956,ORD11955,PROD107,4,399
1957,ORD11956,PROD100,2,999
1958,ORD11957,PROD105,4,110
1959,ORD11958,PROD100,1,999
1960,ORD11959,PROD112,3,199
1961,ORD11960,PROD104,2,120
1962,ORD11961,PROD109,1,129
1963,ORD11962,PROD111,5,59
1964,ORD11963,PROD111,3,59
1965,ORD11964,PROD101,1,899
1966,ORD11965,PROD105,4,110
1967,ORD11966,PROD107,3,399
1968,ORD11967,PROD107,4,399
1969,ORD11968,PROD106,4,99
1970,ORD11969,PROD112,1,199
1971,ORD11970,PROD100,1,999
1972,ORD11971,PROD102,1,199
1973,ORD11972,PROD100,5,999
1974,ORD11973,PROD111,2,59
1975,ORD11974,PROD109,3,129
1976,ORD11975,PROD104,4,120
1977,ORD11976,PROD105,5,110
1978,ORD11977,PROD113,2,149
1979,ORD11978,PROD106,1,99
1980,ORD11979,PROD112,3,199
1981,ORD11980,PROD114,2,25
1982,ORD11981,PROD107,2,399
1983,ORD11982,PROD105,3,110
1984,ORD11983,PROD107,1,399
1985,ORD11984,PROD111,3,59
1986,ORD11985,PROD102,4,199
1987,ORD11986,PROD111,5,59
1988,ORD11987,PROD114,1,25
1989,ORD11988,PROD104,5,120
1990,ORD11989,PROD112,5,199
1991,ORD11990,PROD114,3,25
1992,ORD11991,PROD109,3,129
1993,ORD11992,PROD100,4,999
1994,ORD11993,PROD113,1,149
1995,ORD11994,PROD113,1,149
1996,ORD11995,PROD106,1,99
1997,ORD11996,PROD101,1,899
1998,ORD11997,PROD101,3,899
1999,ORD11998,PROD107,2,399
2000,ORD11999,PROD107,2,399
2001,ORD12000,PROD104,3,120
2002,ORD12001,PROD112,1,199
2003,ORD12002,PROD113,4,149
2004,ORD12003,PROD112,3,199
2005,ORD12004,PROD102,5,199
2006,ORD12005,PROD100,4,999
2007,ORD12006,PROD107,1,399
2008,ORD12007,PROD102,5,199
2009,ORD12008,PROD112,1,199
2010,ORD12009,PROD109,2,129
2011,ORD12010,PROD111,5,59
2012,ORD12011,PROD109,3,129
2013,ORD12012,PROD105,3,110
2014,ORD12013,PROD105,5,110
2015,ORD12014,PROD111,4,59
2016,ORD12015,PROD114,2,25
2017,ORD12016,PROD114,2,25
2018,ORD12017,PROD113,1,149
2019,ORD12018,PROD103,2,59
2020,ORD12019,PROD112,4,199
2021,ORD12020,PROD113,2,149
2022,ORD12021,PROD111,5,59
2023,ORD12022,PROD111,3,59
2024,ORD12023,PROD105,3,110
2025,ORD12024,PROD110,3,80
2026,ORD12025,PROD107,3,399
2027,ORD12026,PROD107,4,399
2028,ORD12027,PROD110,1,80
2029,ORD12028,PROD114,5,25
2030,ORD12029,PROD111,4,59
2031,ORD12030,PROD113,2,149
2032,ORD12031,PROD104,5,120
2033,ORD12032,PROD108,4,229
2034,ORD12033,PROD110,2,80
2035,ORD12034,PROD106,5,99
2036,ORD12035,PROD113,2,149
2037,ORD12036,PROD105,3,110
2038,ORD12037,PROD114,1,25
2039,ORD12038,PROD109,4,129
2040,ORD12039,PROD112,4,199
2041,ORD12040,PROD112,4,199
2042,ORD12041,PROD111,1,59
2043,ORD12042,PROD109,3,129
2044,ORD12043,PROD111,2,59
2045,ORD12044,PROD110,4,80
2046,ORD12045,PROD112,3,199
2047,ORD12046,PROD100,1,999
2048,ORD12047,PROD113,5,149
2049,ORD12048,PROD111,4,59
2050,ORD12049,PROD114,1,25
2051,ORD12050,PROD107,4,399
2052,ORD12051,PROD109,1,129
2053,ORD12052,PROD104,5,120
2054,ORD12053,PROD103,4,59
2055,ORD12054,PROD112,2,199
2056,ORD12055,PROD113,3,149
2057,ORD12056,PROD113,2,149
2058,ORD12057,PROD104,4,120
2059,ORD12058,PROD101,5,899
2060,ORD12059,PROD111,5,59
2061,ORD12060,PROD102,2,199
2062,ORD12061,PROD114,2,25
2063,ORD12062,PROD110,3,80
2064,ORD12063,PROD110,4,80
2065,ORD12064,PROD105,3,110
2066,ORD12065,PROD113,1,149
2067,ORD12066,PROD100,1,999
2068,ORD12067,PROD103,4,59
2069,ORD12068,PROD113,3,149
2070,ORD12069,PROD105,1,110
2071,ORD12070,PROD109,4,129
2072,ORD12071,PROD105,1,110
2073,ORD12072,PROD105,2,110
2074,ORD12073,PROD111,5,59
2075,ORD12074,PROD111,1,59
2076,ORD12075,PROD109,2,129
2077,ORD12076,PROD102,4,199
2078,ORD12077,PROD105,5,110
2079,ORD12078,PROD108,4,229
2080,ORD12079,PROD103,3,59
2081,ORD12080,PROD111,4,59
2082,ORD12081,PROD105,5,110
2083,ORD12082,PROD103,2,59
2084,ORD12083,PROD102,5,199
2085,ORD12084,PROD107,5,399
2086,ORD12085,PROD105,3,110
2087,ORD12086,PROD109,4,129
2088,ORD12087,PROD109,1,129
2089,ORD12088,PROD102,4,199
2090,ORD12089,PROD109,1,129
2091,ORD12090,PROD109,5,129
2092,ORD12091,PROD111,3,59
2093,ORD12092,PROD113,2,149
2094,ORD12093,PROD109,4,129
2095,ORD12094,PROD107,1,399
2096,ORD12095,PROD110,4,80
2097,ORD12096,PROD100,3,999
2098,ORD12097,PROD113,2,149
2099,ORD12098,PROD107,2,399
2100,ORD12099,PROD102,1,199
2101,ORD12100,PROD105,3,110
2102,ORD12101,PROD105,5,110
2103,ORD12102,PROD114,3,25
2104,ORD12103,PROD113,3,149
2105,ORD12104,PROD100,4,999
2106,ORD12105,PROD107,1,399
2107,ORD12106,PROD108,3,229
2108,ORD12107,PROD114,4,25
2109,ORD12108,PROD114,4,25
2110,ORD12109,PROD101,4,899
2111,ORD12110,PROD106,1,99
2112,ORD12111,PROD106,5,99
2113,ORD12112,PROD109,2,129
2114,ORD12113,PROD102,3,199
2115,ORD12114,PROD103,2,59
2116,ORD12115,PROD100,5,999
2117,ORD12116,PROD101,2,899
2118,ORD12117,PROD105,4,110
2119,ORD12118,PROD101,1,899
2120,ORD12119,PROD113,3,149
2121,ORD12120,PROD111,2,59
2122,ORD12121,PROD111,5,59
2123,ORD12122,PROD104,2,120
2124,ORD12123,PROD112,2,199
2125,ORD12124,PROD114,2,25
2126,ORD12125,PROD108,1,229
2127,ORD12126,PROD101,2,899
2128,ORD12127,PROD103,1,59
2129,ORD12128,PROD113,1,149
2130,ORD12129,PROD103,5,59
2131,ORD12130,PROD103,2,59
2132,ORD12131,PROD102,2,199
2133,ORD12132,PROD114,3,25
2134,ORD12133,PROD101,2,899
2135,ORD12134,PROD109,2,129
2136,ORD12135,PROD108,2,229
2137,ORD12136,PROD109,2,129
2138,ORD12137,PROD104,1,120
2139,ORD12138,PROD102,5,199
2140,ORD12139,PROD110,2,80
2141,ORD12140,PROD105,4,110
2142,ORD12141,PROD105,3,110
2143,ORD12142,PROD107,4,399
2144,ORD12143,PROD113,4,149
2145,ORD12144,PROD108,3,229
2146,ORD12145,PROD111,1,59
2147,ORD12146,PROD103,5,59
2148,ORD12147,PROD108,1,229
2149,ORD12148,PROD114,3,25
2150,ORD12149,PROD113,2,149
2151,ORD12150,PROD113,1,149
2152,ORD12151,PROD111,1,59
2153,ORD12152,PROD114,4,25
2154,ORD12153,PROD107,1,399
2155,ORD12154,PROD110,4,80
2156,ORD12155,PROD109,3,129
2157,ORD12156,PROD103,1,59
2158,ORD12157,PROD107,5,399
2159,ORD12158,PROD102,1,199
2160,ORD12159,PROD114,3,25
2161,ORD12160,PROD107,3,399
2162,ORD12161,PROD100,5,999
2163,ORD12162,PROD109,5,129
2164,ORD12163,PROD104,2,120
2165,ORD12164,PROD104,4,120
2166,ORD12165,PROD102,2,199
2167,ORD12166,PROD103,3,59
2168,ORD12167,PROD109,4,129
2169,ORD12168,PROD104,3,120
2170,ORD12169,PROD106,5,99
2171,ORD12170,PROD110,1,80
2172,ORD12171,PROD102,3,199
2173,ORD12172,PROD105,5,110
2174,ORD12173,PROD104,2,120
2175,ORD12174,PROD106,5,99
2176,ORD12175,PROD109,5,129
2177,ORD12176,PROD111,4,59
2178,ORD12177,PROD110,3,80
2179,ORD12178,PROD107,5,399
2180,ORD12179,PROD107,2,399
2181,ORD12180,PROD105,4,110
2182,ORD12181,PROD104,3,120
2183,ORD12182,PROD109,5,129
2184,ORD12183,PROD106,3,99
2185,ORD12184,PROD107,4,399
2186,ORD12185,PROD111,3,59
2187,ORD12186,PROD102,5,199
2188,ORD12187,PROD113,5,149
2189,ORD12188,PROD106,4,99
2190,ORD12189,PROD100,4,999
2191,ORD12190,PROD104,4,120
2192,ORD12191,PROD106,3,99
2193,ORD12192,PROD113,4,149
2194,ORD12193,PROD101,1,899
2195,ORD12194,PROD106,3,99
2196,ORD12195,PROD112,3,199
2197,ORD12196,PROD100,1,999
2198,ORD12197,PROD102,5,199
2199,ORD12198,PROD108,2,229
2200,ORD12199,PROD110,1,80
2201,ORD12200,PROD103,5,59
2202,ORD12201,PROD106,4,99
2203,ORD12202,PROD104,1,120
2204,ORD12203,PROD102,2,199
2205,ORD12204,PROD101,4,899
2206,ORD12205,PROD103,4,59
2207,ORD12206,PROD104,4,120
2208,ORD12207,PROD112,1,199
2209,ORD12208,PROD112,4,199
2210,ORD12209,PROD105,5,110
2211,ORD12210,PROD108,1,229
2212,ORD12211,PROD102,4,199
2213,ORD12212,PROD107,2,399
2214,ORD12213,PROD104,4,120
2215,ORD12214,PROD110,2,80
2216,ORD12215,PROD106,1,99
2217,ORD12216,PROD100,4,999
2218,ORD12217,PROD110,5,80
2219,ORD12218,PROD103,2,59
2220,ORD12219,PROD105,5,110
2221,ORD12220,PROD113,5,149
2222,ORD12221,PROD105,3,110
2223,ORD12222,PROD112,1,199
2224,ORD12223,PROD109,2,129
2225,ORD12224,PROD104,2,120
2226,ORD12225,PROD109,2,129
2227,ORD12226,PROD100,2,999
2228,ORD12227,PROD104,4,120
2229,ORD12228,PROD103,1,59
2230,ORD12229,PROD110,2,80
2231,ORD12230,PROD107,5,399
2232,ORD12231,PROD112,3,199
2233,ORD12232,PROD112,2,199
2234,ORD12233,PROD104,1,120
2235,ORD12234,PROD107,5,399
2236,ORD12235,PROD101,1,899
2237,ORD12236,PROD108,2,229
2238,ORD12237,PROD105,1,110
2239,ORD12238,PROD108,2,229
2240,ORD12239,PROD101,4,899
2241,ORD12240,PROD106,3,99
2242,ORD12241,PROD110,4,80
2243,ORD12242,PROD111,4,59
2244,ORD12243,PROD105,1,110
2245,ORD12244,PROD103,3,59
2246,ORD12245,PROD101,1,899
2247,ORD12246,PROD107,4,399
2248,ORD12247,PROD109,1,129
2249,ORD12248,PROD105,2,110
2250,ORD12249,PROD102,2,199
2251,ORD12250,PROD101,4,899
2252,ORD12251,PROD104,2,120
2253,ORD12252,PROD103,5,59
2254,ORD12253,PROD110,5,80
2255,ORD12254,PROD101,2,899
2256,ORD12255,PROD114,3,25
2257,ORD12256,PROD101,1,899
2258,ORD12257,PROD103,4,59
2259,ORD12258,PROD112,2,199
2260,ORD12259,PROD100,1,999
2261,ORD12260,PROD101,5,899
2262,ORD12261,PROD108,1,229
2263,ORD12262,PROD100,3,999
2264,ORD12263,PROD100,1,999
2265,ORD12264,PROD112,3,199
2266,ORD12265,PROD103,1,59
2267,ORD12266,PROD107,1,399
2268,ORD12267,PROD113,3,149
2269,ORD12268,PROD105,3,110
2270,ORD12269,PROD104,4,120
2271,ORD12270,PROD111,4,59
2272,ORD12271,PROD104,3,120
2273,ORD12272,PROD101,2,899
2274,ORD12273,PROD100,1,999
2275,ORD12274,PROD108,5,229
2276,ORD12275,PROD106,3,99
2277,ORD12276,PROD111,1,59
2278,ORD12277,PROD113,1,149
2279,ORD12278,PROD105,3,110
2280,ORD12279,PROD107,2,399
2281,ORD12280,PROD102,2,199
2282,ORD12281,PROD110,1,80
2283,ORD12282,PROD101,4,899
2284,ORD12283,PROD102,1,199
2285,ORD12284,PROD103,3,59
2286,ORD12285,PROD113,2,149
2287,ORD12286,PROD101,4,899
2288,ORD12287,PROD113,5,149
2289,ORD12288,PROD114,2,25
2290,ORD12289,PROD114,1,25
2291,ORD12290,PROD103,1,59
2292,ORD12291,PROD103,1,59
2293,ORD12292,PROD110,2,80
2294,ORD12293,PROD103,5,59
2295,ORD12294,PROD100,1,999
2296,ORD12295,PROD105,4,110
2297,ORD12296,PROD114,4,25
2298,ORD12297,PROD113,4,149
2299,ORD12298,PROD114,1,25
2300,ORD12299,PROD110,1,80
2301,ORD12300,PROD102,5,199
2302,ORD12301,PROD109,5,129
2303,ORD12302,PROD113,3,149
2304,ORD12303,PROD110,1,80
2305,ORD12304,PROD106,3,99
2306,ORD12305,PROD103,1,59
2307,ORD12306,PROD113,3,149
2308,ORD12307,PROD107,4,399
2309,ORD12308,PROD114,4,25
2310,ORD12309,PROD100,3,999
2311,ORD12310,PROD112,4,199
2312,ORD12311,PROD109,1,129
2313,ORD12312,PROD112,5,199
2314,ORD12313,PROD100,1,999
2315,ORD12314,PROD100,3,999
2316,ORD12315,PROD104,1,120
2317,ORD12316,PROD114,1,25
2318,ORD12317,PROD112,3,199
2319,ORD12318,PROD108,2,229
2320,ORD12319,PROD110,1,80
2321,ORD12320,PROD101,4,899
2322,ORD12321,PROD106,2,99
2323,ORD12322,PROD101,2,899
2324,ORD12323,PROD100,5,999
2325,ORD12324,PROD111,3,59
2326,ORD12325,PROD111,5,59
2327,ORD12326,PROD106,3,99
2328,ORD12327,PROD103,4,59
2329,ORD12328,PROD110,5,80
2330,ORD12329,PROD106,1,99
2331,ORD12330,PROD111,1,59
2332,ORD12331,PROD110,4,80
2333,ORD12332,PROD110,2,80
2334,ORD12333,PROD107,4,399
2335,ORD12334,PROD106,3,99
2336,ORD12335,PROD109,1,129
2337,ORD12336,PROD107,5,399
2338,ORD12337,PROD104,3,120
2339,ORD12338,PROD110,5,80
2340,ORD12339,PROD101,1,899
2341,ORD12340,PROD109,4,129
2342,ORD12341,PROD110,1,80
2343,ORD12342,PROD102,3,199
2344,ORD12343,PROD101,1,899
2345,ORD12344,PROD107,1,399
2346,ORD12345,PROD104,5,120
2347,ORD12346,PROD102,1,199
2348,ORD12347,PROD113,2,149
2349,ORD12348,PROD103,4,59
2350,ORD12349,PROD104,5,120
2351,ORD12350,PROD113,4,149
2352,ORD12351,PROD109,2,129
2353,ORD12352,PROD112,5,199
2354,ORD12353,PROD104,3,120
2355,ORD12354,PROD102,5,199
2356,ORD12355,PROD109,3,129
2357,ORD12356,PROD103,3,59
2358,ORD12357,PROD112,1,199
2359,ORD12358,PROD101,3,899
2360,ORD12359,PROD114,1,25
2361,ORD12360,PROD105,3,110
2362,ORD12361,PROD103,3,59
2363,ORD12362,PROD107,3,399
2364,ORD12363,PROD107,2,399
2365,ORD12364,PROD105,3,110
2366,ORD12365,PROD111,3,59
2367,ORD12366,PROD109,3,129
2368,ORD12367,PROD105,5,110
2369,ORD12368,PROD111,4,59
2370,ORD12369,PROD111,4,59
2371,ORD12370,PROD102,3,199
2372,ORD12371,PROD109,3,129
2373,ORD12372,PROD110,5,80
2374,ORD12373,PROD113,1,149
2375,ORD12374,PROD104,3,120
2376,ORD12375,PROD108,3,229
2377,ORD12376,PROD106,1,99
2378,ORD12377,PROD103,3,59
2379,ORD12378,PROD107,2,399
2380,ORD12379,PROD105,2,110
2381,ORD12380,PROD114,1,25
2382,ORD12381,PROD106,3,99
2383,ORD12382,PROD114,5,25
2384,ORD12383,PROD109,1,129
2385,ORD12384,PROD107,2,399
2386,ORD12385,PROD103,5,59
2387,ORD12386,PROD111,3,59
2388,ORD12387,PROD103,5,59
2389,ORD12388,PROD113,3,149
2390,ORD12389,PROD109,3,129
2391,ORD12390,PROD113,4,149
2392,ORD12391,PROD106,5,99
2393,ORD12392,PROD113,4,149
2394,ORD12393,PROD108,1,229
2395,ORD12394,PROD113,5,149
2396,ORD12395,PROD107,3,399
2397,ORD12396,PROD109,4,129
2398,ORD12397,PROD106,4,99
2399,ORD12398,PROD109,5,129
2400,ORD12399,PROD105,1,110
2401,ORD12400,PROD103,3,59
2402,ORD12401,PROD104,1,120
2403,ORD12402,PROD101,1,899
2404,ORD12403,PROD111,4,59
2405,ORD12404,PROD106,1,99
2406,ORD12405,PROD111,1,59
2407,ORD12406,PROD111,5,59
2408,ORD12407,PROD107,1,399
2409,ORD12408,PROD113,3,149
2410,ORD12409,PROD101,2,899
2411,ORD12410,PROD105,5,110
2412,ORD12411,PROD106,4,99
2413,ORD12412,PROD104,5,120
2414,ORD12413,PROD109,4,129
2415,ORD12414,PROD113,2,149
2416,ORD12415,PROD109,1,129
2417,ORD12416,PROD106,4,99
2418,ORD12417,PROD103,2,59
2419,ORD12418,PROD113,1,149
2420,ORD12419,PROD100,2,999
2421,ORD12420,PROD104,3,120
2422,ORD12421,PROD110,3,80
2423,ORD12422,PROD108,1,229
2424,ORD12423,PROD103,2,59
2425,ORD12424,PROD102,4,199
2426,ORD12425,PROD112,1,199
2427,ORD12426,PROD103,4,59
2428,ORD12427,PROD104,5,120
2429,ORD12428,PROD108,2,229
2430,ORD12429,PROD113,4,149
2431,ORD12430,PROD106,1,99
2432,ORD12431,PROD114,1,25
2433,ORD12432,PROD112,4,199
2434,ORD12433,PROD102,3,199
2435,ORD12434,PROD100,4,999
2436,ORD12435,PROD103,5,59
2437,ORD12436,PROD103,4,59
2438,ORD12437,PROD114,3,25
2439,ORD12438,PROD106,2,99
2440,ORD12439,PROD106,4,99
2441,ORD12440,PROD109,1,129
2442,ORD12441,PROD107,4,399
2443,ORD12442,PROD107,1,399
2444,ORD12443,PROD103,1,59
2445,ORD12444,PROD114,3,25
2446,ORD12445,PROD109,1,129
2447,ORD12446,PROD114,4,25
2448,ORD12447,PROD112,3,199
2449,ORD12448,PROD100,4,999
2450,ORD12449,PROD114,2,25
2451,ORD12450,PROD114,5,25
2452,ORD12451,PROD112,3,199
2453,ORD12452,PROD108,3,229
2454,ORD12453,PROD108,2,229
2455,ORD12454,PROD114,3,25
2456,ORD12455,PROD108,3,229
2457,ORD12456,PROD107,1,399
2458,ORD12457,PROD106,1,99
2459,ORD12458,PROD101,4,899
2460,ORD12459,PROD110,2,80
2461,ORD12460,PROD105,3,110
2462,ORD12461,PROD109,5,129
2463,ORD12462,PROD100,1,999
2464,ORD12463,PROD106,2,99
2465,ORD12464,PROD111,1,59
2466,ORD12465,PROD107,2,399
2467,ORD12466,PROD110,4,80
2468,ORD12467,PROD103,5,59
2469,ORD12468,PROD103,3,59
2470,ORD12469,PROD112,2,199
2471,ORD12470,PROD110,5,80
2472,ORD12471,PROD103,4,59
2473,ORD12472,PROD100,4,999
2474,ORD12473,PROD100,5,999
2475,ORD12474,PROD113,3,149
2476,ORD12475,PROD105,3,110
2477,ORD12476,PROD113,1,149
2478,ORD12477,PROD111,5,59
2479,ORD12478,PROD112,4,199
2480,ORD12479,PROD105,3,110
2481,ORD12480,PROD113,1,149
2482,ORD12481,PROD114,5,25
2483,ORD12482,PROD110,2,80
2484,ORD12483,PROD106,2,99
2485,ORD12484,PROD104,2,120
2486,ORD12485,PROD105,4,110
2487,ORD12486,PROD109,1,129
2488,ORD12487,PROD108,3,229
2489,ORD12488,PROD104,2,120
2490,ORD12489,PROD107,2,399
2491,ORD12490,PROD114,2,25
2492,ORD12491,PROD113,3,149
2493,ORD12492,PROD114,2,25
2494,ORD12493,PROD110,1,80
2495,ORD12494,PROD110,2,80
2496,ORD12495,PROD111,4,59
2497,ORD12496,PROD114,4,25
2498,ORD12497,PROD110,5,80
2499,ORD12498,PROD104,4,120
2500,ORD12499,PROD107,4,399
2501,ORD12500,PROD108,2,229
2502,ORD12501,PROD113,4,149
2503,ORD12502,PROD107,3,399
2504,ORD12503,PROD112,2,199
2505,ORD12504,PROD106,4,99
2506,ORD12505,PROD108,1,229
2507,ORD12506,PROD104,5,120
2508,ORD12507,PROD103,5,59
2509,ORD12508,PROD110,4,80
2510,ORD12509,PROD100,1,999
2511,ORD12510,PROD107,3,399
2512,ORD12511,PROD114,4,25
2513,ORD12512,PROD100,5,999
2514,ORD12513,PROD104,5,120
2515,ORD12514,PROD111,2,59
2516,ORD12515,PROD110,1,80
2517,ORD12516,PROD107,4,399
2518,ORD12517,PROD107,2,399
2519,ORD12518,PROD110,1,80
2520,ORD12519,PROD109,4,129
2521,ORD12520,PROD110,3,80
2522,ORD12521,PROD106,2,99
2523,ORD12522,PROD100,2,999
2524,ORD12523,PROD112,2,199
2525,ORD12524,PROD108,4,229
2526,ORD12525,PROD108,3,229
2527,ORD12526,PROD106,4,99
2528,ORD12527,PROD108,1,229
2529,ORD12528,PROD102,3,199
2530,ORD12529,PROD101,3,899
2531,ORD12530,PROD111,4,59
2532,ORD12531,PROD110,3,80
2533,ORD12532,PROD108,4,229
2534,ORD12533,PROD104,1,120
2535,ORD12534,PROD102,1,199
2536,ORD12535,PROD106,5,99
2537,ORD12536,PROD108,1,229
2538,ORD12537,PROD100,5,999
2539,ORD12538,PROD111,4,59
2540,ORD12539,PROD105,1,110
2541,ORD12540,PROD111,2,59
2542,ORD12541,PROD100,5,999
2543,ORD12542,PROD111,4,59
2544,ORD12543,PROD108,2,229
2545,ORD12544,PROD100,4,999
2546,ORD12545,PROD101,1,899
2547,ORD12546,PROD114,1,25
2548,ORD12547,PROD107,3,399
2549,ORD12548,PROD104,3,120
2550,ORD12549,PROD105,5,110
2551,ORD12550,PROD110,3,80
2552,ORD12551,PROD101,4,899
2553,ORD12552,PROD111,1,59
2554,ORD12553,PROD107,1,399
2555,ORD12554,PROD111,1,59
2556,ORD12555,PROD101,1,899
2557,ORD12556,PROD104,1,120
2558,ORD12557,PROD101,4,899
2559,ORD12558,PROD114,4,25
2560,ORD12559,PROD102,5,199
2561,ORD12560,PROD102,1,199
2562,ORD12561,PROD100,5,999
2563,ORD12562,PROD107,3,399
2564,ORD12563,PROD111,5,59
2565,ORD12564,PROD108,2,229
2566,ORD12565,PROD105,4,110
2567,ORD12566,PROD110,2,80
2568,ORD12567,PROD110,3,80
2569,ORD12568,PROD104,2,120
2570,ORD12569,PROD104,5,120
2571,ORD12570,PROD114,4,25
2572,ORD12571,PROD106,2,99
2573,ORD12572,PROD100,1,999
2574,ORD12573,PROD112,3,199
2575,ORD12574,PROD101,4,899
2576,ORD12575,PROD109,5,129
2577,ORD12576,PROD111,2,59
2578,ORD12577,PROD113,2,149
2579,ORD12578,PROD102,3,199
2580,ORD12579,PROD111,1,59
2581,ORD12580,PROD108,3,229
2582,ORD12581,PROD114,1,25
2583,ORD12582,PROD103,1,59
2584,ORD12583,PROD106,3,99
2585,ORD12584,PROD111,3,59
2586,ORD12585,PROD109,3,129
2587,ORD12586,PROD102,4,199
2588,ORD12587,PROD106,3,99
2589,ORD12588,PROD107,2,399
2590,ORD12589,PROD108,5,229
2591,ORD12590,PROD101,5,899
2592,ORD12591,PROD100,2,999
2593,ORD12592,PROD114,1,25
2594,ORD12593,PROD112,1,199
2595,ORD12594,PROD109,1,129
2596,ORD12595,PROD100,5,999
2597,ORD12596,PROD106,3,99
2598,ORD12597,PROD102,4,199
2599,ORD12598,PROD114,3,25
2600,ORD12599,PROD101,1,899
2601,ORD12600,PROD103,4,59
2602,ORD12601,PROD100,4,999
2603,ORD12602,PROD103,1,59
2604,ORD12603,PROD106,1,99
2605,ORD12604,PROD103,1,59
2606,ORD12605,PROD101,3,899
2607,ORD12606,PROD114,1,25
2608,ORD12607,PROD108,1,229
2609,ORD12608,PROD100,2,999
2610,ORD12609,PROD108,4,229
2611,ORD12610,PROD113,1,149
2612,ORD12611,PROD103,2,59
2613,ORD12612,PROD101,5,899
2614,ORD12613,PROD110,5,80
2615,ORD12614,PROD111,4,59
2616,ORD12615,PROD103,5,59
2617,ORD12616,PROD105,5,110
2618,ORD12617,PROD109,1,129
2619,ORD12618,PROD110,3,80
2620,ORD12619,PROD107,2,399
2621,ORD12620,PROD100,1,999
2622,ORD12621,PROD105,3,110
2623,ORD12622,PROD111,1,59
2624,ORD12623,PROD113,2,149
2625,ORD12624,PROD102,5,199
2626,ORD12625,PROD108,2,229
2627,ORD12626,PROD106,1,99
2628,ORD12627,PROD104,1,120
2629,ORD12628,PROD111,1,59
2630,ORD12629,PROD113,1,149
2631,ORD12630,PROD103,4,59
2632,ORD12631,PROD105,3,110
2633,ORD12632,PROD108,4,229
2634,ORD12633,PROD107,2,399
2635,ORD12634,PROD101,4,899
2636,ORD12635,PROD107,1,399
2637,ORD12636,PROD106,3,99
2638,ORD12637,PROD108,5,229
2639,ORD12638,PROD109,2,129
2640,ORD12639,PROD113,2,149
2641,ORD12640,PROD111,1,59
2642,ORD12641,PROD105,4,110
2643,ORD12642,PROD111,1,59
2644,ORD12643,PROD110,2,80
2645,ORD12644,PROD109,2,129
2646,ORD12645,PROD110,4,80
2647,ORD12646,PROD107,4,399
2648,ORD12647,PROD114,5,25
2649,ORD12648,PROD114,3,25
2650,ORD12649,PROD109,5,129
2651,ORD12650,PROD109,1,129
2652,ORD12651,PROD105,4,110
2653,ORD12652,PROD114,5,25
2654,ORD12653,PROD111,5,59
2655,ORD12654,PROD104,2,120
2656,ORD12655,PROD105,2,110
2657,ORD12656,PROD108,1,229
2658,ORD12657,PROD112,1,199
2659,ORD12658,PROD107,5,399
2660,ORD12659,PROD112,2,199
2661,ORD12660,PROD114,2,25
2662,ORD12661,PROD106,4,99
2663,ORD12662,PROD103,4,59
2664,ORD12663,PROD112,3,199
2665,ORD12664,PROD106,1,99
2666,ORD12665,PROD107,2,399
2667,ORD12666,PROD109,2,129
2668,ORD12667,PROD107,3,399
2669,ORD12668,PROD114,1,25
2670,ORD12669,PROD113,2,149
2671,ORD12670,PROD107,1,399
2672,ORD12671,PROD108,1,229
2673,ORD12672,PROD111,3,59
2674,ORD12673,PROD113,4,149
2675,ORD12674,PROD107,5,399
2676,ORD12675,PROD101,4,899
2677,ORD12676,PROD100,5,999
2678,ORD12677,PROD105,4,110
2679,ORD12678,PROD114,4,25
2680,ORD12679,PROD100,3,999
2681,ORD12680,PROD106,3,99
2682,ORD12681,PROD107,3,399
2683,ORD12682,PROD110,4,80
2684,ORD12683,PROD108,5,229
2685,ORD12684,PROD103,5,59
2686,ORD12685,PROD110,5,80
2687,ORD12686,PROD112,3,199
2688,ORD12687,PROD113,1,149
2689,ORD12688,PROD109,1,129
2690,ORD12689,PROD104,5,120
2691,ORD12690,PROD106,4,99
2692,ORD12691,PROD107,3,399
2693,ORD12692,PROD111,5,59
2694,ORD12693,PROD105,4,110
2695,ORD12694,PROD104,1,120
2696,ORD12695,PROD105,2,110
2697,ORD12696,PROD109,2,129
2698,ORD12697,PROD108,2,229
2699,ORD12698,PROD110,4,80
2700,ORD12699,PROD105,4,110
2701,ORD12700,PROD110,4,80
2702,ORD12701,PROD104,1,120
2703,ORD12702,PROD109,2,129
2704,ORD12703,PROD109,1,129
2705,ORD12704,PROD109,1,129
2706,ORD12705,PROD113,1,149
2707,ORD12706,PROD100,3,999
2708,ORD12707,PROD110,3,80
2709,ORD12708,PROD102,5,199
2710,ORD12709,PROD106,1,99
2711,ORD12710,PROD107,3,399
2712,ORD12711,PROD113,2,149
2713,ORD12712,PROD107,1,399
2714,ORD12713,PROD105,5,110
2715,ORD12714,PROD101,3,899
2716,ORD12715,PROD107,2,399
2717,ORD12716,PROD109,5,129
2718,ORD12717,PROD102,3,199
2719,ORD12718,PROD101,5,899
2720,ORD12719,PROD109,1,129
2721,ORD12720,PROD114,5,25
2722,ORD12721,PROD110,1,80
2723,ORD12722,PROD107,1,399
2724,ORD12723,PROD109,5,129
2725,ORD12724,PROD106,3,99
2726,ORD12725,PROD110,3,80
2727,ORD12726,PROD104,2,120
2728,ORD12727,PROD103,4,59
2729,ORD12728,PROD102,5,199
2730,ORD12729,PROD102,2,199
2731,ORD12730,PROD110,4,80
2732,ORD12731,PROD106,1,99
2733,ORD12732,PROD104,2,120
2734,ORD12733,PROD101,3,899
2735,ORD12734,PROD100,4,999
2736,ORD12735,PROD107,2,399
2737,ORD12736,PROD107,4,399
2738,ORD12737,PROD104,1,120
2739,ORD12738,PROD100,5,999
2740,ORD12739,PROD102,5,199
2741,ORD12740,PROD114,1,25
2742,ORD12741,PROD109,1,129
2743,ORD12742,PROD111,5,59
2744,ORD12743,PROD100,4,999
2745,ORD12744,PROD113,1,149
2746,ORD12745,PROD105,5,110
2747,ORD12746,PROD114,4,25
2748,ORD12747,PROD111,5,59
2749,ORD12748,PROD112,1,199
2750,ORD12749,PROD114,4,25
2751,ORD12750,PROD102,2,199
2752,ORD12751,PROD110,3,80
2753,ORD12752,PROD109,2,129
2754,ORD12753,PROD110,4,80
2755,ORD12754,PROD103,1,59
2756,ORD12755,PROD105,3,110
2757,ORD12756,PROD109,5,129
2758,ORD12757,PROD111,5,59
2759,ORD12758,PROD114,2,25
2760,ORD12759,PROD104,5,120
2761,ORD12760,PROD108,2,229
2762,ORD12761,PROD101,3,899
2763,ORD12762,PROD106,5,99
2764,ORD12763,PROD105,4,110
2765,ORD12764,PROD106,4,99
2766,ORD12765,PROD111,2,59
2767,ORD12766,PROD113,2,149
2768,ORD12767,PROD107,3,399
2769,ORD12768,PROD109,4,129
2770,ORD12769,PROD107,3,399
2771,ORD12770,PROD110,2,80
2772,ORD12771,PROD110,3,80
2773,ORD12772,PROD107,2,399
2774,ORD12773,PROD105,3,110
2775,ORD12774,PROD107,5,399
2776,ORD12775,PROD107,3,399
2777,ORD12776,PROD104,5,120
2778,ORD12777,PROD101,1,899
2779,ORD12778,PROD111,2,59
2780,ORD12779,PROD104,1,120
2781,ORD12780,PROD108,4,229
2782,ORD12781,PROD113,4,149
2783,ORD12782,PROD111,3,59
2784,ORD12783,PROD112,5,199
2785,ORD12784,PROD107,5,399
2786,ORD12785,PROD105,2,110
2787,ORD12786,PROD105,3,110
2788,ORD12787,PROD112,1,199
2789,ORD12788,PROD102,2,199
2790,ORD12789,PROD101,3,899
2791,ORD12790,PROD112,3,199
2792,ORD12791,PROD112,3,199
2793,ORD12792,PROD108,3,229
2794,ORD12793,PROD103,1,59
2795,ORD12794,PROD108,3,229
2796,ORD12795,PROD101,5,899
2797,ORD12796,PROD113,2,149
2798,ORD12797,PROD101,3,899
2799,ORD12798,PROD109,3,129
2800,ORD12799,PROD101,1,899
2801,ORD12800,PROD111,3,59
2802,ORD12801,PROD100,2,999
2803,ORD12802,PROD107,2,399
2804,ORD12803,PROD105,3,110
2805,ORD12804,PROD108,5,229
2806,ORD12805,PROD107,5,399
2807,ORD12806,PROD113,3,149
2808,ORD12807,PROD102,5,199
2809,ORD12808,PROD104,5,120
2810,ORD12809,PROD110,3,80
2811,ORD12810,PROD107,1,399
2812,ORD12811,PROD110,5,80
2813,ORD12812,PROD107,1,399
2814,ORD12813,PROD110,2,80
2815,ORD12814,PROD107,5,399
2816,ORD12815,PROD102,2,199
2817,ORD12816,PROD100,5,999
2818,ORD12817,PROD105,5,110
2819,ORD12818,PROD105,1,110
2820,ORD12819,PROD101,1,899
2821,ORD12820,PROD111,2,59
2822,ORD12821,PROD113,4,149
2823,ORD12822,PROD107,2,399
2824,ORD12823,PROD111,1,59
2825,ORD12824,PROD102,5,199
2826,ORD12825,PROD106,1,99
2827,ORD12826,PROD103,4,59
2828,ORD12827,PROD106,1,99
2829,ORD12828,PROD100,5,999
2830,ORD12829,PROD113,1,149
2831,ORD12830,PROD100,5,999
2832,ORD12831,PROD106,5,99
2833,ORD12832,PROD106,3,99
2834,ORD12833,PROD108,5,229
2835,ORD12834,PROD101,3,899
2836,ORD12835,PROD108,4,229
2837,ORD12836,PROD104,5,120
2838,ORD12837,PROD111,3,59
2839,ORD12838,PROD108,4,229
2840,ORD12839,PROD103,4,59
2841,ORD12840,PROD112,2,199
2842,ORD12841,PROD109,5,129
2843,ORD12842,PROD100,4,999
2844,ORD12843,PROD110,2,80
2845,ORD12844,PROD101,3,899
2846,ORD12845,PROD100,1,999
2847,ORD12846,PROD114,3,25
2848,ORD12847,PROD113,4,149
2849,ORD12848,PROD110,4,80
2850,ORD12849,PROD112,4,199
2851,ORD12850,PROD106,1,99
2852,ORD12851,PROD114,1,25
2853,ORD12852,PROD110,2,80
2854,ORD12853,PROD109,1,129
2855,ORD12854,PROD112,4,199
2856,ORD12855,PROD114,5,25
2857,ORD12856,PROD100,2,999
2858,ORD12857,PROD102,4,199
2859,ORD12858,PROD114,4,25
2860,ORD12859,PROD101,5,899
2861,ORD12860,PROD112,2,199
2862,ORD12861,PROD102,3,199
2863,ORD12862,PROD103,5,59
2864,ORD12863,PROD111,3,59
2865,ORD12864,PROD104,3,120
2866,ORD12865,PROD101,3,899
2867,ORD12866,PROD108,5,229
2868,ORD12867,PROD108,5,229
2869,ORD12868,PROD100,2,999
2870,ORD12869,PROD112,4,199
2871,ORD12870,PROD112,5,199
2872,ORD12871,PROD109,5,129
2873,ORD12872,PROD103,3,59
2874,ORD12873,PROD101,4,899
2875,ORD12874,PROD102,2,199
2876,ORD12875,PROD105,4,110
2877,ORD12876,PROD102,3,199
2878,ORD12877,PROD102,3,199
2879,ORD12878,PROD107,2,399
2880,ORD12879,PROD111,1,59
2881,ORD12880,PROD109,4,129
2882,ORD12881,PROD106,1,99
2883,ORD12882,PROD107,1,399
2884,ORD12883,PROD105,4,110
2885,ORD12884,PROD107,1,399
2886,ORD12885,PROD113,2,149
2887,ORD12886,PROD107,1,399
2888,ORD12887,PROD109,1,129
2889,ORD12888,PROD101,4,899
2890,ORD12889,PROD102,2,199
2891,ORD12890,PROD107,5,399
2892,ORD12891,PROD114,5,25
2893,ORD12892,PROD101,5,899
2894,ORD12893,PROD112,4,199
2895,ORD12894,PROD103,5,59
2896,ORD12895,PROD113,5,149
2897,ORD12896,PROD108,3,229
2898,ORD12897,PROD106,3,99
2899,ORD12898,PROD102,4,199
2900,ORD12899,PROD104,1,120
2901,ORD12900,PROD111,1,59
2902,ORD12901,PROD107,2,399
2903,ORD12902,PROD100,5,999
2904,ORD12903,PROD110,2,80
2905,ORD12904,PROD107,3,399
2906,ORD12905,PROD111,5,59
2907,ORD12906,PROD113,5,149
2908,ORD12907,PROD113,3,149
2909,ORD12908,PROD112,1,199
2910,ORD12909,PROD114,4,25
2911,ORD12910,PROD104,4,120
2912,ORD12911,PROD100,3,999
2913,ORD12912,PROD100,3,999
2914,ORD12913,PROD112,5,199
2915,ORD12914,PROD112,1,199
2916,ORD12915,PROD100,5,999
2917,ORD12916,PROD104,2,120
2918,ORD12917,PROD103,1,59
2919,ORD12918,PROD106,3,99
2920,ORD12919,PROD110,3,80
2921,ORD12920,PROD111,5,59
2922,ORD12921,PROD104,3,120
2923,ORD12922,PROD112,2,199
2924,ORD12923,PROD104,2,120
2925,ORD12924,PROD112,3,199
2926,ORD12925,PROD106,2,99
2927,ORD12926,PROD105,5,110
2928,ORD12927,PROD104,5,120
2929,ORD12928,PROD102,1,199
2930,ORD12929,PROD104,3,120
2931,ORD12930,PROD102,2,199
2932,ORD12931,PROD103,4,59
2933,ORD12932,PROD111,2,59
2934,ORD12933,PROD103,3,59
2935,ORD12934,PROD103,3,59
2936,ORD12935,PROD108,3,229
2937,ORD12936,PROD102,1,199
2938,ORD12937,PROD100,2,999
2939,ORD12938,PROD109,5,129
2940,ORD12939,PROD107,3,399
2941,ORD12940,PROD110,5,80
2942,ORD12941,PROD114,4,25
2943,ORD12942,PROD107,2,399
2944,ORD12943,PROD109,2,129
2945,ORD12944,PROD102,3,199
2946,ORD12945,PROD104,2,120
2947,ORD12946,PROD101,2,899
2948,ORD12947,PROD107,2,399
2949,ORD12948,PROD104,2,120
2950,ORD12949,PROD108,4,229
2951,ORD12950,PROD104,1,120
2952,ORD12951,PROD113,5,149
2953,ORD12952,PROD100,1,999
2954,ORD12953,PROD109,4,129
2955,ORD12954,PROD110,4,80
2956,ORD12955,PROD107,1,399
2957,ORD12956,PROD109,4,129
2958,ORD12957,PROD113,5,149
2959,ORD12958,PROD108,5,229
2960,ORD12959,PROD107,1,399
2961,ORD12960,PROD111,1,59
2962,ORD12961,PROD109,5,129
2963,ORD12962,PROD104,1,120
2964,ORD12963,PROD112,4,199
2965,ORD12964,PROD110,4,80
2966,ORD12965,PROD106,2,99
2967,ORD12966,PROD108,3,229
2968,ORD12967,PROD112,5,199
2969,ORD12968,PROD102,4,199
2970,ORD12969,PROD107,4,399
2971,ORD12970,PROD110,1,80
2972,ORD12971,PROD105,2,110
2973,ORD12972,PROD114,4,25
2974,ORD12973,PROD104,3,120
2975,ORD12974,PROD103,4,59
2976,ORD12975,PROD104,3,120
2977,ORD12976,PROD114,1,25
2978,ORD12977,PROD100,1,999
2979,ORD12978,PROD104,5,120
2980,ORD12979,PROD105,1,110
2981,ORD12980,PROD102,2,199
2982,ORD12981,PROD104,1,120
2983,ORD12982,PROD107,1,399
2984,ORD12983,PROD108,1,229
2985,ORD12984,PROD113,5,149
2986,ORD12985,PROD110,2,80
2987,ORD12986,PROD102,2,199
2988,ORD12987,PROD101,1,899
2989,ORD12988,PROD109,1,129
2990,ORD12989,PROD101,4,899
2991,ORD12990,PROD113,4,149
2992,ORD12991,PROD110,3,80
2993,ORD12992,PROD103,4,59
2994,ORD12993,PROD103,4,59
2995,ORD12994,PROD108,2,229
2996,ORD12995,PROD110,1,80
2997,ORD12996,PROD111,4,59
2998,ORD12997,PROD111,2,59
2999,ORD12998,PROD106,1,99
3000,ORD12999,PROD110,3,80
3001,ORD13000,PROD104,1,120
3002,ORD13001,PROD104,2,120
3003,ORD13002,PROD106,1,99
3004,ORD13003,PROD106,5,99
3005,ORD13004,PROD113,2,149
3006,ORD13005,PROD100,5,999
3007,ORD13006,PROD109,3,129
3008,ORD13007,PROD113,4,149
3009,ORD13008,PROD103,4,59
3010,ORD13009,PROD104,2,120
3011,ORD13010,PROD112,4,199
3012,ORD13011,PROD110,4,80
3013,ORD13012,PROD114,1,25
3014,ORD13013,PROD110,2,80
3015,ORD13014,PROD101,1,899
3016,ORD13015,PROD100,3,999
3017,ORD13016,PROD108,1,229
3018,ORD13017,PROD110,5,80
3019,ORD13018,PROD113,5,149
3020,ORD13019,PROD107,5,399
3021,ORD13020,PROD108,3,229
3022,ORD13021,PROD108,2,229
3023,ORD13022,PROD100,2,999
3024,ORD13023,PROD111,2,59
3025,ORD13024,PROD107,1,399
3026,ORD13025,PROD106,1,99
3027,ORD13026,PROD105,2,110
3028,ORD13027,PROD110,1,80
3029,ORD13028,PROD105,1,110
3030,ORD13029,PROD102,3,199
3031,ORD13030,PROD100,4,999
3032,ORD13031,PROD100,3,999
3033,ORD13032,PROD111,4,59
3034,ORD13033,PROD109,3,129
3035,ORD13034,PROD110,3,80
3036,ORD13035,PROD105,4,110
3037,ORD13036,PROD108,4,229
3038,ORD13037,PROD113,3,149
3039,ORD13038,PROD106,4,99
3040,ORD13039,PROD108,5,229
3041,ORD13040,PROD108,5,229
3042,ORD13041,PROD102,3,199
3043,ORD13042,PROD106,5,99
3044,ORD13043,PROD101,1,899
3045,ORD13044,PROD104,3,120
3046,ORD13045,PROD110,5,80
3047,ORD13046,PROD114,1,25
3048,ORD13047,PROD103,2,59
3049,ORD13048,PROD107,2,399
3050,ORD13049,PROD108,3,229
3051,ORD13050,PROD105,3,110
3052,ORD13051,PROD108,3,229
3053,ORD13052,PROD110,3,80
3054,ORD13053,PROD103,3,59
3055,ORD13054,PROD113,3,149
3056,ORD13055,PROD107,2,399
3057,ORD13056,PROD111,4,59
3058,ORD13057,PROD106,1,99
3059,ORD13058,PROD107,1,399
3060,ORD13059,PROD112,1,199
3061,ORD13060,PROD100,4,999
3062,ORD13061,PROD105,1,110
3063,ORD13062,PROD106,5,99
3064,ORD13063,PROD102,3,199
3065,ORD13064,PROD100,5,999
3066,ORD13065,PROD110,1,80
3067,ORD13066,PROD108,5,229
3068,ORD13067,PROD102,5,199
3069,ORD13068,PROD105,4,110
3070,ORD13069,PROD112,4,199
3071,ORD13070,PROD102,1,199
3072,ORD13071,PROD106,2,99
3073,ORD13072,PROD114,3,25
3074,ORD13073,PROD108,1,229
3075,ORD13074,PROD113,4,149
3076,ORD13075,PROD113,3,149
3077,ORD13076,PROD101,2,899
3078,ORD13077,PROD109,2,129
3079,ORD13078,PROD101,2,899
3080,ORD13079,PROD110,4,80
3081,ORD13080,PROD108,1,229
3082,ORD13081,PROD113,4,149
3083,ORD13082,PROD105,3,110
3084,ORD13083,PROD107,3,399
3085,ORD13084,PROD103,5,59
3086,ORD13085,PROD104,5,120
3087,ORD13086,PROD108,2,229
3088,ORD13087,PROD109,1,129
3089,ORD13088,PROD108,1,229
3090,ORD13089,PROD114,4,25
3091,ORD13090,PROD103,4,59
3092,ORD13091,PROD106,4,99
3093,ORD13092,PROD101,1,899
3094,ORD13093,PROD113,5,149
3095,ORD13094,PROD100,5,999
3096,ORD13095,PROD105,2,110
3097,ORD13096,PROD102,1,199
3098,ORD13097,PROD107,3,399
3099,ORD13098,PROD100,3,999
3100,ORD13099,PROD114,1,25
3101,ORD13100,PROD106,2,99
3102,ORD13101,PROD105,5,110
3103,ORD13102,PROD109,1,129
3104,ORD13103,PROD100,5,999
3105,ORD13104,PROD102,3,199
3106,ORD13105,PROD105,4,110
3107,ORD13106,PROD108,4,229
3108,ORD13107,PROD107,4,399
3109,ORD13108,PROD107,2,399
3110,ORD13109,PROD105,4,110
3111,ORD13110,PROD101,4,899
3112,ORD13111,PROD104,2,120
3113,ORD13112,PROD106,1,99
3114,ORD13113,PROD108,5,229
3115,ORD13114,PROD106,5,99
3116,ORD13115,PROD105,3,110
3117,ORD13116,PROD100,3,999
3118,ORD13117,PROD104,1,120
3119,ORD13118,PROD108,5,229
3120,ORD13119,PROD110,5,80
3121,ORD13120,PROD106,5,99
3122,ORD13121,PROD114,3,25
3123,ORD13122,PROD100,4,999
3124,ORD13123,PROD108,5,229
3125,ORD13124,PROD107,5,399
3126,ORD13125,PROD108,4,229
3127,ORD13126,PROD109,4,129
3128,ORD13127,PROD109,2,129
3129,ORD13128,PROD113,1,149
3130,ORD13129,PROD113,1,149
3131,ORD13130,PROD106,4,99
3132,ORD13131,PROD113,1,149
3133,ORD13132,PROD112,4,199
3134,ORD13133,PROD107,4,399
3135,ORD13134,PROD100,3,999
3136,ORD13135,PROD107,2,399
3137,ORD13136,PROD110,4,80
3138,ORD13137,PROD114,3,25
3139,ORD13138,PROD111,3,59
3140,ORD13139,PROD103,3,59
3141,ORD13140,PROD111,3,59
3142,ORD13141,PROD102,2,199
3143,ORD13142,PROD100,4,999
3144,ORD13143,PROD113,4,149
3145,ORD13144,PROD107,1,399
3146,ORD13145,PROD114,2,25
3147,ORD13146,PROD109,3,129
3148,ORD13147,PROD102,3,199
3149,ORD13148,PROD111,2,59
3150,ORD13149,PROD104,1,120
3151,ORD13150,PROD105,3,110
3152,ORD13151,PROD113,5,149
3153,ORD13152,PROD109,5,129
3154,ORD13153,PROD107,4,399
3155,ORD13154,PROD111,1,59
3156,ORD13155,PROD113,1,149
3157,ORD13156,PROD104,4,120
3158,ORD13157,PROD112,2,199
3159,ORD13158,PROD109,3,129
3160,ORD13159,PROD112,3,199
3161,ORD13160,PROD101,2,899
3162,ORD13161,PROD110,4,80
3163,ORD13162,PROD114,2,25
3164,ORD13163,PROD101,3,899
3165,ORD13164,PROD105,2,110
3166,ORD13165,PROD110,1,80
3167,ORD13166,PROD103,5,59
3168,ORD13167,PROD108,2,229
3169,ORD13168,PROD103,2,59
3170,ORD13169,PROD100,2,999
3171,ORD13170,PROD111,4,59
3172,ORD13171,PROD103,5,59
3173,ORD13172,PROD112,1,199
3174,ORD13173,PROD109,2,129
3175,ORD13174,PROD106,3,99
3176,ORD13175,PROD108,5,229
3177,ORD13176,PROD103,4,59
3178,ORD13177,PROD112,3,199
3179,ORD13178,PROD112,1,199
3180,ORD13179,PROD114,2,25
3181,ORD13180,PROD105,5,110
3182,ORD13181,PROD112,2,199
3183,ORD13182,PROD108,2,229
3184,ORD13183,PROD103,3,59
3185,ORD13184,PROD107,2,399
3186,ORD13185,PROD109,3,129
3187,ORD13186,PROD114,5,25
3188,ORD13187,PROD100,1,999
3189,ORD13188,PROD111,5,59
3190,ORD13189,PROD100,1,999
3191,ORD13190,PROD114,3,25
3192,ORD13191,PROD108,4,229
3193,ORD13192,PROD114,1,25
3194,ORD13193,PROD109,3,129
3195,ORD13194,PROD100,4,999
3196,ORD13195,PROD109,1,129
3197,ORD13196,PROD105,4,110
3198,ORD13197,PROD103,1,59
3199,ORD13198,PROD104,2,120
3200,ORD13199,PROD108,3,229
3201,ORD13200,PROD101,4,899
3202,ORD13201,PROD101,3,899
3203,ORD13202,PROD105,4,110
3204,ORD13203,PROD106,4,99
3205,ORD13204,PROD103,4,59
3206,ORD13205,PROD111,5,59
3207,ORD13206,PROD104,3,120
3208,ORD13207,PROD114,1,25
3209,ORD13208,PROD107,3,399
3210,ORD13209,PROD101,5,899
3211,ORD13210,PROD114,1,25
3212,ORD13211,PROD106,2,99
3213,ORD13212,PROD101,1,899
3214,ORD13213,PROD111,1,59
3215,ORD13214,PROD108,3,229
3216,ORD13215,PROD110,1,80
3217,ORD13216,PROD107,5,399
3218,ORD13217,PROD110,3,80
3219,ORD13218,PROD112,2,199
3220,ORD13219,PROD103,5,59
3221,ORD13220,PROD112,3,199
3222,ORD13221,PROD100,1,999
3223,ORD13222,PROD104,1,120
3224,ORD13223,PROD101,3,899
3225,ORD13224,PROD102,5,199
3226,ORD13225,PROD114,2,25
3227,ORD13226,PROD107,3,399
3228,ORD13227,PROD107,5,399
3229,ORD13228,PROD111,3,59
3230,ORD13229,PROD100,1,999
3231,ORD13230,PROD112,5,199
3232,ORD13231,PROD112,4,199
3233,ORD13232,PROD102,1,199
3234,ORD13233,PROD112,3,199
3235,ORD13234,PROD109,3,129
3236,ORD13235,PROD105,4,110
3237,ORD13236,PROD108,1,229
3238,ORD13237,PROD108,1,229
3239,ORD13238,PROD100,1,999
3240,ORD13239,PROD108,1,229
3241,ORD13240,PROD113,3,149
3242,ORD13241,PROD111,3,59
3243,ORD13242,PROD110,4,80
3244,ORD13243,PROD100,3,999
3245,ORD13244,PROD105,2,110
3246,ORD13245,PROD101,4,899
3247,ORD13246,PROD113,1,149
3248,ORD13247,PROD101,4,899
3249,ORD13248,PROD104,2,120
3250,ORD13249,PROD105,4,110
3251,ORD13250,PROD108,1,229
3252,ORD13251,PROD103,3,59
3253,ORD13252,PROD106,3,99
3254,ORD13253,PROD101,1,899
3255,ORD13254,PROD112,3,199
3256,ORD13255,PROD108,5,229
3257,ORD13256,PROD112,4,199
3258,ORD13257,PROD107,3,399
3259,ORD13258,PROD105,4,110
3260,ORD13259,PROD101,5,899
3261,ORD13260,PROD107,2,399
3262,ORD13261,PROD110,4,80
3263,ORD13262,PROD111,2,59
3264,ORD13263,PROD101,2,899
3265,ORD13264,PROD112,3,199
3266,ORD13265,PROD108,5,229
3267,ORD13266,PROD101,5,899
3268,ORD13267,PROD113,2,149
3269,ORD13268,PROD110,2,80
3270,ORD13269,PROD112,4,199
3271,ORD13270,PROD104,1,120
3272,ORD13271,PROD102,3,199
3273,ORD13272,PROD101,2,899
3274,ORD13273,PROD104,2,120
3275,ORD13274,PROD111,5,59
3276,ORD13275,PROD112,5,199
3277,ORD13276,PROD105,1,110
3278,ORD13277,PROD111,3,59
3279,ORD13278,PROD100,5,999
3280,ORD13279,PROD100,3,999
3281,ORD13280,PROD101,3,899
3282,ORD13281,PROD107,2,399
3283,ORD13282,PROD107,5,399
3284,ORD13283,PROD110,3,80
3285,ORD13284,PROD109,1,129
3286,ORD13285,PROD100,1,999
3287,ORD13286,PROD104,4,120
3288,ORD13287,PROD105,5,110
3289,ORD13288,PROD100,4,999
3290,ORD13289,PROD107,3,399
3291,ORD13290,PROD105,1,110
3292,ORD13291,PROD101,1,899
3293,ORD13292,PROD105,1,110
3294,ORD13293,PROD105,5,110
3295,ORD13294,PROD114,2,25
3296,ORD13295,PROD110,3,80
3297,ORD13296,PROD110,4,80
3298,ORD13297,PROD109,4,129
3299,ORD13298,PROD106,5,99
3300,ORD13299,PROD112,3,199
3301,ORD13300,PROD104,2,120
3302,ORD13301,PROD101,3,899
3303,ORD13302,PROD111,2,59
3304,ORD13303,PROD112,4,199
3305,ORD13304,PROD100,1,999
3306,ORD13305,PROD114,4,25
3307,ORD13306,PROD102,1,199
3308,ORD13307,PROD101,1,899
3309,ORD13308,PROD105,1,110
3310,ORD13309,PROD112,1,199
3311,ORD13310,PROD109,4,129
3312,ORD13311,PROD101,1,899
3313,ORD13312,PROD110,1,80
3314,ORD13313,PROD110,3,80
3315,ORD13314,PROD109,2,129
3316,ORD13315,PROD111,1,59
3317,ORD13316,PROD103,5,59
3318,ORD13317,PROD101,5,899
3319,ORD13318,PROD105,1,110
3320,ORD13319,PROD110,3,80
3321,ORD13320,PROD101,5,899
3322,ORD13321,PROD101,2,899
3323,ORD13322,PROD108,2,229
3324,ORD13323,PROD103,1,59
3325,ORD13324,PROD110,5,80
3326,ORD13325,PROD107,2,399
3327,ORD13326,PROD102,3,199
3328,ORD13327,PROD104,4,120
3329,ORD13328,PROD103,5,59
3330,ORD13329,PROD105,1,110
3331,ORD13330,PROD109,3,129
3332,ORD13331,PROD113,1,149
3333,ORD13332,PROD107,1,399
3334,ORD13333,PROD106,5,99
3335,ORD13334,PROD100,3,999
3336,ORD13335,PROD111,3,59
3337,ORD13336,PROD102,5,199
3338,ORD13337,PROD105,2,110
3339,ORD13338,PROD109,3,129
3340,ORD13339,PROD105,5,110
3341,ORD13340,PROD109,2,129
3342,ORD13341,PROD107,3,399
3343,ORD13342,PROD106,5,99
3344,ORD13343,PROD105,1,110
3345,ORD13344,PROD100,2,999
3346,ORD13345,PROD111,2,59
3347,ORD13346,PROD108,4,229
3348,ORD13347,PROD114,1,25
3349,ORD13348,PROD110,5,80
3350,ORD13349,PROD109,4,129
3351,ORD13350,PROD114,3,25
3352,ORD13351,PROD107,2,399
3353,ORD13352,PROD102,4,199
3354,ORD13353,PROD105,3,110
3355,ORD13354,PROD100,2,999
3356,ORD13355,PROD108,3,229
3357,ORD13356,PROD110,1,80
3358,ORD13357,PROD109,4,129
3359,ORD13358,PROD103,2,59
3360,ORD13359,PROD101,2,899
3361,ORD13360,PROD102,5,199
3362,ORD13361,PROD102,1,199
3363,ORD13362,PROD109,5,129
3364,ORD13363,PROD103,1,59
3365,ORD13364,PROD109,3,129
3366,ORD13365,PROD101,4,899
3367,ORD13366,PROD104,2,120
3368,ORD13367,PROD107,3,399
3369,ORD13368,PROD104,3,120
3370,ORD13369,PROD111,5,59
3371,ORD13370,PROD101,5,899
3372,ORD13371,PROD105,2,110
3373,ORD13372,PROD106,1,99
3374,ORD13373,PROD114,1,25
3375,ORD13374,PROD112,2,199
3376,ORD13375,PROD108,2,229
3377,ORD13376,PROD101,4,899
3378,ORD13377,PROD102,3,199
3379,ORD13378,PROD101,2,899
3380,ORD13379,PROD105,4,110
3381,ORD13380,PROD111,2,59
3382,ORD13381,PROD107,5,399
3383,ORD13382,PROD102,5,199
3384,ORD13383,PROD101,5,899
3385,ORD13384,PROD106,2,99
3386,ORD13385,PROD105,1,110
3387,ORD13386,PROD105,2,110
3388,ORD13387,PROD104,2,120
3389,ORD13388,PROD112,1,199
3390,ORD13389,PROD113,4,149
3391,ORD13390,PROD110,1,80
3392,ORD13391,PROD105,5,110
3393,ORD13392,PROD102,3,199
3394,ORD13393,PROD107,2,399
3395,ORD13394,PROD100,5,999
3396,ORD13395,PROD106,1,99
3397,ORD13396,PROD112,1,199
3398,ORD13397,PROD107,3,399
3399,ORD13398,PROD108,5,229
3400,ORD13399,PROD106,1,99
3401,ORD13400,PROD105,1,110
3402,ORD13401,PROD107,4,399
3403,ORD13402,PROD104,1,120
3404,ORD13403,PROD112,4,199
3405,ORD13404,PROD103,2,59
3406,ORD13405,PROD110,1,80
3407,ORD13406,PROD109,3,129
3408,ORD13407,PROD101,4,899
3409,ORD13408,PROD101,1,899
3410,ORD13409,PROD110,1,80
3411,ORD13410,PROD106,1,99
3412,ORD13411,PROD102,5,199
3413,ORD13412,PROD109,3,129
3414,ORD13413,PROD105,1,110
3415,ORD13414,PROD100,3,999
3416,ORD13415,PROD111,2,59
3417,ORD13416,PROD110,1,80
3418,ORD13417,PROD112,5,199
3419,ORD13418,PROD105,3,110
3420,ORD13419,PROD113,1,149
3421,ORD13420,PROD112,1,199
3422,ORD13421,PROD101,3,899
3423,ORD13422,PROD108,5,229
3424,ORD13423,PROD111,3,59
3425,ORD13424,PROD111,2,59
3426,ORD13425,PROD107,1,399
3427,ORD13426,PROD101,5,899
3428,ORD13427,PROD107,1,399
3429,ORD13428,PROD102,3,199
3430,ORD13429,PROD105,3,110
3431,ORD13430,PROD110,4,80
3432,ORD13431,PROD109,5,129
3433,ORD13432,PROD101,2,899
3434,ORD13433,PROD105,1,110
3435,ORD13434,PROD109,5,129
3436,ORD13435,PROD112,2,199
3437,ORD13436,PROD109,5,129
3438,ORD13437,PROD110,5,80
3439,ORD13438,PROD114,5,25
3440,ORD13439,PROD109,3,129
3441,ORD13440,PROD105,3,110
3442,ORD13441,PROD109,1,129
3443,ORD13442,PROD105,1,110
3444,ORD13443,PROD110,2,80
3445,ORD13444,PROD106,3,99
3446,ORD13445,PROD110,1,80
3447,ORD13446,PROD104,5,120
3448,ORD13447,PROD106,5,99
3449,ORD13448,PROD109,2,129
3450,ORD13449,PROD113,4,149
3451,ORD13450,PROD100,3,999
3452,ORD13451,PROD107,4,399
3453,ORD13452,PROD104,5,120
3454,ORD13453,PROD102,4,199
3455,ORD13454,PROD109,3,129
3456,ORD13455,PROD109,4,129
3457,ORD13456,PROD114,5,25
3458,ORD13457,PROD112,5,199
3459,ORD13458,PROD108,4,229
3460,ORD13459,PROD103,4,59
3461,ORD13460,PROD113,3,149
3462,ORD13461,PROD104,3,120
3463,ORD13462,PROD102,5,199
3464,ORD13463,PROD106,3,99
3465,ORD13464,PROD102,4,199
3466,ORD13465,PROD106,5,99
3467,ORD13466,PROD108,1,229
3468,ORD13467,PROD109,4,129
3469,ORD13468,PROD104,2,120
3470,ORD13469,PROD100,5,999
3471,ORD13470,PROD101,5,899
3472,ORD13471,PROD104,5,120
3473,ORD13472,PROD105,3,110
3474,ORD13473,PROD107,3,399
3475,ORD13474,PROD101,3,899
3476,ORD13475,PROD108,2,229
3477,ORD13476,PROD112,3,199
3478,ORD13477,PROD112,5,199
3479,ORD13478,PROD100,5,999
3480,ORD13479,PROD107,2,399
3481,ORD13480,PROD102,2,199
3482,ORD13481,PROD105,1,110
3483,ORD13482,PROD105,1,110
3484,ORD13483,PROD109,4,129
3485,ORD13484,PROD106,4,99
3486,ORD13485,PROD103,3,59
3487,ORD13486,PROD103,5,59
3488,ORD13487,PROD114,2,25
3489,ORD13488,PROD106,2,99
3490,ORD13489,PROD106,4,99
3491,ORD13490,PROD104,2,120
3492,ORD13491,PROD110,3,80
3493,ORD13492,PROD109,2,129
3494,ORD13493,PROD113,5,149
3495,ORD13494,PROD101,4,899
3496,ORD13495,PROD113,1,149
3497,ORD13496,PROD113,4,149
3498,ORD13497,PROD101,5,899
3499,ORD13498,PROD113,3,149
3500,ORD13499,PROD107,1,399
3501,ORD13500,PROD114,5,25
3502,ORD13501,PROD100,4,999
3503,ORD13502,PROD105,3,110
3504,ORD13503,PROD110,5,80
3505,ORD13504,PROD110,5,80
3506,ORD13505,PROD112,5,199
3507,ORD13506,PROD100,3,999
3508,ORD13507,PROD108,4,229
3509,ORD13508,PROD106,1,99
3510,ORD13509,PROD101,4,899
3511,ORD13510,PROD106,2,99
3512,ORD13511,PROD103,5,59
3513,ORD13512,PROD110,5,80
3514,ORD13513,PROD106,5,99
3515,ORD13514,PROD101,4,899
3516,ORD13515,PROD112,4,199
3517,ORD13516,PROD113,5,149
3518,ORD13517,PROD114,1,25
3519,ORD13518,PROD114,1,25
3520,ORD13519,PROD111,1,59
3521,ORD13520,PROD105,5,110
3522,ORD13521,PROD110,2,80
3523,ORD13522,PROD107,5,399
3524,ORD13523,PROD114,2,25
3525,ORD13524,PROD113,2,149
3526,ORD13525,PROD100,2,999
3527,ORD13526,PROD106,5,99
3528,ORD13527,PROD108,3,229
3529,ORD13528,PROD102,5,199
3530,ORD13529,PROD103,4,59
3531,ORD13530,PROD109,3,129
3532,ORD13531,PROD113,1,149
3533,ORD13532,PROD102,2,199
3534,ORD13533,PROD113,2,149
3535,ORD13534,PROD103,4,59
3536,ORD13535,PROD110,3,80
3537,ORD13536,PROD113,4,149
3538,ORD13537,PROD102,5,199
3539,ORD13538,PROD111,5,59
3540,ORD13539,PROD101,1,899
3541,ORD13540,PROD110,3,80
3542,ORD13541,PROD105,2,110
3543,ORD13542,PROD104,5,120
3544,ORD13543,PROD100,3,999
3545,ORD13544,PROD101,4,899
3546,ORD13545,PROD100,5,999
3547,ORD13546,PROD112,2,199
3548,ORD13547,PROD103,1,59
3549,ORD13548,PROD105,4,110
3550,ORD13549,PROD103,1,59
3551,ORD13550,PROD108,5,229
3552,ORD13551,PROD113,2,149
3553,ORD13552,PROD100,2,999
3554,ORD13553,PROD100,2,999
3555,ORD13554,PROD103,2,59
3556,ORD13555,PROD100,1,999
3557,ORD13556,PROD108,5,229
3558,ORD13557,PROD111,3,59
3559,ORD13558,PROD101,5,899
3560,ORD13559,PROD103,3,59
3561,ORD13560,PROD106,5,99
3562,ORD13561,PROD103,2,59
3563,ORD13562,PROD111,5,59
3564,ORD13563,PROD100,2,999
3565,ORD13564,PROD114,3,25
3566,ORD13565,PROD112,3,199
3567,ORD13566,PROD102,1,199
3568,ORD13567,PROD113,5,149
3569,ORD13568,PROD109,1,129
3570,ORD13569,PROD100,3,999
3571,ORD13570,PROD107,2,399
3572,ORD13571,PROD107,3,399
3573,ORD13572,PROD106,4,99
3574,ORD13573,PROD107,2,399
3575,ORD13574,PROD108,3,229
3576,ORD13575,PROD113,1,149
3577,ORD13576,PROD105,1,110
3578,ORD13577,PROD104,3,120
3579,ORD13578,PROD101,5,899
3580,ORD13579,PROD113,2,149
3581,ORD13580,PROD112,2,199
3582,ORD13581,PROD113,3,149
3583,ORD13582,PROD105,5,110
3584,ORD13583,PROD109,3,129
3585,ORD13584,PROD110,4,80
3586,ORD13585,PROD100,1,999
3587,ORD13586,PROD108,3,229
3588,ORD13587,PROD111,5,59
3589,ORD13588,PROD105,2,110
3590,ORD13589,PROD101,2,899
3591,ORD13590,PROD105,2,110
3592,ORD13591,PROD112,2,199
3593,ORD13592,PROD104,4,120
3594,ORD13593,PROD104,2,120
3595,ORD13594,PROD114,1,25
3596,ORD13595,PROD114,1,25
3597,ORD13596,PROD102,3,199
3598,ORD13597,PROD101,5,899
3599,ORD13598,PROD113,5,149
3600,ORD13599,PROD102,4,199
3601,ORD13600,PROD110,1,80
3602,ORD13601,PROD104,1,120
3603,ORD13602,PROD105,4,110
3604,ORD13603,PROD114,3,25
3605,ORD13604,PROD107,1,399
3606,ORD13605,PROD113,3,149
3607,ORD13606,PROD108,1,229
3608,ORD13607,PROD102,3,199
3609,ORD13608,PROD102,1,199
3610,ORD13609,PROD112,1,199
3611,ORD13610,PROD106,5,99
3612,ORD13611,PROD100,3,999
3613,ORD13612,PROD114,4,25
3614,ORD13613,PROD112,5,199
3615,ORD13614,PROD110,2,80
3616,ORD13615,PROD109,5,129
3617,ORD13616,PROD111,1,59
3618,ORD13617,PROD109,4,129
3619,ORD13618,PROD110,5,80
3620,ORD13619,PROD108,2,229
3621,ORD13620,PROD103,2,59
3622,ORD13621,PROD107,3,399
3623,ORD13622,PROD111,1,59
3624,ORD13623,PROD106,1,99
3625,ORD13624,PROD104,1,120
3626,ORD13625,PROD105,5,110
3627,ORD13626,PROD101,5,899
3628,ORD13627,PROD102,4,199
3629,ORD13628,PROD101,1,899
3630,ORD13629,PROD110,3,80
3631,ORD13630,PROD108,1,229
3632,ORD13631,PROD102,1,199
3633,ORD13632,PROD112,1,199
3634,ORD13633,PROD104,1,120
3635,ORD13634,PROD102,2,199
3636,ORD13635,PROD102,3,199
3637,ORD13636,PROD110,1,80
3638,ORD13637,PROD111,4,59
3639,ORD13638,PROD104,2,120
3640,ORD13639,PROD110,1,80
3641,ORD13640,PROD101,3,899
3642,ORD13641,PROD109,5,129
3643,ORD13642,PROD103,2,59
3644,ORD13643,PROD101,4,899
3645,ORD13644,PROD103,3,59
3646,ORD13645,PROD103,5,59
3647,ORD13646,PROD107,3,399
3648,ORD13647,PROD106,1,99
3649,ORD13648,PROD108,2,229
3650,ORD13649,PROD103,1,59
3651,ORD13650,PROD106,3,99
3652,ORD13651,PROD107,1,399
3653,ORD13652,PROD111,4,59
3654,ORD13653,PROD103,2,59
3655,ORD13654,PROD101,3,899
3656,ORD13655,PROD102,1,199
3657,ORD13656,PROD110,2,80
3658,ORD13657,PROD105,3,110
3659,ORD13658,PROD104,4,120
3660,ORD13659,PROD108,1,229
3661,ORD13660,PROD100,4,999
3662,ORD13661,PROD112,2,199
3663,ORD13662,PROD114,3,25
3664,ORD13663,PROD104,4,120
3665,ORD13664,PROD107,4,399
3666,ORD13665,PROD106,2,99
3667,ORD13666,PROD108,2,229
3668,ORD13667,PROD110,5,80
3669,ORD13668,PROD103,3,59
3670,ORD13669,PROD105,3,110
3671,ORD13670,PROD100,5,999
3672,ORD13671,PROD104,1,120
3673,ORD13672,PROD110,1,80
3674,ORD13673,PROD106,2,99
3675,ORD13674,PROD109,5,129
3676,ORD13675,PROD102,2,199
3677,ORD13676,PROD112,5,199
3678,ORD13677,PROD105,5,110
3679,ORD13678,PROD112,5,199
3680,ORD13679,PROD109,3,129
3681,ORD13680,PROD108,1,229
3682,ORD13681,PROD109,4,129
3683,ORD13682,PROD105,2,110
3684,ORD13683,PROD113,4,149
3685,ORD13684,PROD108,1,229
3686,ORD13685,PROD110,2,80
3687,ORD13686,PROD102,4,199
3688,ORD13687,PROD108,5,229
3689,ORD13688,PROD110,5,80
3690,ORD13689,PROD108,4,229
3691,ORD13690,PROD108,4,229
3692,ORD13691,PROD102,4,199
3693,ORD13692,PROD103,3,59
3694,ORD13693,PROD107,5,399
3695,ORD13694,PROD106,5,99
3696,ORD13695,PROD110,3,80
3697,ORD13696,PROD103,2,59
3698,ORD13697,PROD107,3,399
3699,ORD13698,PROD109,4,129
3700,ORD13699,PROD102,2,199
3701,ORD13700,PROD100,3,999
3702,ORD13701,PROD114,4,25
3703,ORD13702,PROD112,3,199
3704,ORD13703,PROD111,1,59
3705,ORD13704,PROD114,4,25
3706,ORD13705,PROD114,2,25
3707,ORD13706,PROD113,5,149
3708,ORD13707,PROD105,3,110
3709,ORD13708,PROD107,5,399
3710,ORD13709,PROD107,5,399
3711,ORD13710,PROD105,2,110
3712,ORD13711,PROD107,1,399
3713,ORD13712,PROD113,5,149
3714,ORD13713,PROD108,4,229
3715,ORD13714,PROD102,5,199
3716,ORD13715,PROD109,2,129
3717,ORD13716,PROD101,1,899
3718,ORD13717,PROD100,4,999
3719,ORD13718,PROD104,2,120
3720,ORD13719,PROD102,2,199
3721,ORD13720,PROD105,2,110
3722,ORD13721,PROD113,2,149
3723,ORD13722,PROD100,1,999
3724,ORD13723,PROD106,2,99
3725,ORD13724,PROD112,4,199
3726,ORD13725,PROD109,5,129
3727,ORD13726,PROD109,2,129
3728,ORD13727,PROD109,4,129
3729,ORD13728,PROD106,3,99
3730,ORD13729,PROD105,5,110
3731,ORD13730,PROD108,1,229
3732,ORD13731,PROD104,5,120
3733,ORD13732,PROD111,4,59
3734,ORD13733,PROD113,5,149
3735,ORD13734,PROD110,1,80
3736,ORD13735,PROD100,3,999
3737,ORD13736,PROD111,3,59
3738,ORD13737,PROD103,5,59
3739,ORD13738,PROD100,3,999
3740,ORD13739,PROD104,4,120
3741,ORD13740,PROD112,5,199
3742,ORD13741,PROD112,5,199
3743,ORD13742,PROD105,1,110
3744,ORD13743,PROD114,1,25
3745,ORD13744,PROD104,5,120
3746,ORD13745,PROD110,4,80
3747,ORD13746,PROD110,3,80
3748,ORD13747,PROD111,3,59
3749,ORD13748,PROD102,4,199
3750,ORD13749,PROD103,3,59
3751,ORD13750,PROD102,5,199
3752,ORD13751,PROD101,2,899
3753,ORD13752,PROD102,2,199
3754,ORD13753,PROD100,4,999
3755,ORD13754,PROD100,2,999
3756,ORD13755,PROD107,3,399
3757,ORD13756,PROD109,5,129
3758,ORD13757,PROD113,1,149
3759,ORD13758,PROD103,3,59
3760,ORD13759,PROD110,2,80
3761,ORD13760,PROD106,4,99
3762,ORD13761,PROD105,3,110
3763,ORD13762,PROD106,2,99
3764,ORD13763,PROD103,4,59
3765,ORD13764,PROD112,2,199
3766,ORD13765,PROD110,3,80
3767,ORD13766,PROD112,3,199
3768,ORD13767,PROD100,4,999
3769,ORD13768,PROD101,4,899
3770,ORD13769,PROD111,4,59
3771,ORD13770,PROD106,4,99
3772,ORD13771,PROD112,3,199
3773,ORD13772,PROD109,3,129
3774,ORD13773,PROD107,5,399
3775,ORD13774,PROD108,4,229
3776,ORD13775,PROD100,4,999
3777,ORD13776,PROD111,2,59
3778,ORD13777,PROD107,2,399
3779,ORD13778,PROD109,1,129
3780,ORD13779,PROD107,2,399
3781,ORD13780,PROD104,4,120
3782,ORD13781,PROD103,3,59
3783,ORD13782,PROD103,2,59
3784,ORD13783,PROD112,1,199
3785,ORD13784,PROD113,3,149
3786,ORD13785,PROD100,4,999
3787,ORD13786,PROD102,5,199
3788,ORD13787,PROD114,2,25
3789,ORD13788,PROD109,1,129
3790,ORD13789,PROD109,3,129
3791,ORD13790,PROD104,1,120
3792,ORD13791,PROD108,3,229
3793,ORD13792,PROD110,3,80
3794,ORD13793,PROD102,5,199
3795,ORD13794,PROD106,5,99
3796,ORD13795,PROD104,5,120
3797,ORD13796,PROD113,2,149
3798,ORD13797,PROD106,1,99
3799,ORD13798,PROD111,3,59
3800,ORD13799,PROD109,5,129
3801,ORD13800,PROD106,2,99
3802,ORD13801,PROD105,2,110
3803,ORD13802,PROD100,4,999
3804,ORD13803,PROD111,5,59
3805,ORD13804,PROD103,1,59
3806,ORD13805,PROD102,4,199
3807,ORD13806,PROD113,2,149
3808,ORD13807,PROD107,5,399
3809,ORD13808,PROD103,3,59
3810,ORD13809,PROD104,3,120
3811,ORD13810,PROD100,2,999
3812,ORD13811,PROD111,4,59
3813,ORD13812,PROD107,5,399
3814,ORD13813,PROD104,5,120
3815,ORD13814,PROD104,4,120
3816,ORD13815,PROD104,2,120
3817,ORD13816,PROD111,1,59
3818,ORD13817,PROD108,3,229
3819,ORD13818,PROD113,3,149
3820,ORD13819,PROD105,3,110
3821,ORD13820,PROD104,5,120
3822,ORD13821,PROD103,2,59
3823,ORD13822,PROD104,2,120
3824,ORD13823,PROD106,5,99
3825,ORD13824,PROD110,1,80
3826,ORD13825,PROD100,5,999
3827,ORD13826,PROD110,4,80
3828,ORD13827,PROD104,1,120
3829,ORD13828,PROD101,2,899
3830,ORD13829,PROD100,3,999
3831,ORD13830,PROD111,1,59
3832,ORD13831,PROD113,4,149
3833,ORD13832,PROD111,4,59
3834,ORD13833,PROD106,2,99
3835,ORD13834,PROD101,1,899
3836,ORD13835,PROD110,5,80
3837,ORD13836,PROD106,3,99
3838,ORD13837,PROD105,1,110
3839,ORD13838,PROD107,4,399
3840,ORD13839,PROD110,3,80
3841,ORD13840,PROD109,1,129
3842,ORD13841,PROD101,4,899
3843,ORD13842,PROD108,5,229
3844,ORD13843,PROD101,5,899
3845,ORD13844,PROD106,1,99
3846,ORD13845,PROD103,1,59
3847,ORD13846,PROD108,3,229
3848,ORD13847,PROD102,4,199
3849,ORD13848,PROD109,2,129
3850,ORD13849,PROD112,1,199
3851,ORD13850,PROD110,3,80
3852,ORD13851,PROD102,4,199
3853,ORD13852,PROD102,4,199
3854,ORD13853,PROD103,2,59
3855,ORD13854,PROD107,5,399
3856,ORD13855,PROD107,1,399
3857,ORD13856,PROD100,1,999
3858,ORD13857,PROD105,2,110
3859,ORD13858,PROD104,1,120
3860,ORD13859,PROD100,4,999
3861,ORD13860,PROD114,3,25
3862,ORD13861,PROD114,1,25
3863,ORD13862,PROD113,5,149
3864,ORD13863,PROD110,5,80
3865,ORD13864,PROD104,1,120
3866,ORD13865,PROD104,1,120
3867,ORD13866,PROD106,1,99
3868,ORD13867,PROD111,5,59
3869,ORD13868,PROD108,5,229
3870,ORD13869,PROD106,4,99
3871,ORD13870,PROD100,4,999
3872,ORD13871,PROD114,4,25
3873,ORD13872,PROD101,4,899
3874,ORD13873,PROD102,2,199
3875,ORD13874,PROD103,5,59
3876,ORD13875,PROD102,4,199
3877,ORD13876,PROD102,3,199
3878,ORD13877,PROD111,4,59
3879,ORD13878,PROD100,2,999
3880,ORD13879,PROD110,4,80
3881,ORD13880,PROD101,1,899
3882,ORD13881,PROD110,5,80
3883,ORD13882,PROD112,2,199
3884,ORD13883,PROD111,1,59
3885,ORD13884,PROD101,4,899
3886,ORD13885,PROD103,4,59
3887,ORD13886,PROD109,5,129
3888,ORD13887,PROD113,3,149
3889,ORD13888,PROD111,1,59
3890,ORD13889,PROD110,1,80
3891,ORD13890,PROD103,3,59
3892,ORD13891,PROD107,3,399
3893,ORD13892,PROD100,3,999
3894,ORD13893,PROD113,3,149
3895,ORD13894,PROD100,5,999
3896,ORD13895,PROD108,3,229
3897,ORD13896,PROD105,4,110
3898,ORD13897,PROD114,5,25
3899,ORD13898,PROD106,5,99
3900,ORD13899,PROD113,4,149
3901,ORD13900,PROD106,5,99
3902,ORD13901,PROD105,1,110
3903,ORD13902,PROD102,1,199
3904,ORD13903,PROD110,4,80
3905,ORD13904,PROD102,4,199
3906,ORD13905,PROD111,3,59
3907,ORD13906,PROD114,5,25
3908,ORD13907,PROD101,1,899
3909,ORD13908,PROD109,4,129
3910,ORD13909,PROD110,5,80
3911,ORD13910,PROD107,1,399
3912,ORD13911,PROD107,1,399
3913,ORD13912,PROD112,2,199
3914,ORD13913,PROD108,3,229
3915,ORD13914,PROD112,4,199
3916,ORD13915,PROD103,5,59
3917,ORD13916,PROD101,1,899
3918,ORD13917,PROD106,1,99
3919,ORD13918,PROD109,1,129
3920,ORD13919,PROD108,3,229
3921,ORD13920,PROD105,4,110
3922,ORD13921,PROD111,5,59
3923,ORD13922,PROD113,2,149
3924,ORD13923,PROD103,2,59
3925,ORD13924,PROD102,3,199
3926,ORD13925,PROD107,1,399
3927,ORD13926,PROD111,2,59
3928,ORD13927,PROD113,2,149
3929,ORD13928,PROD107,3,399
3930,ORD13929,PROD111,5,59
3931,ORD13930,PROD106,1,99
3932,ORD13931,PROD104,3,120
3933,ORD13932,PROD105,4,110
3934,ORD13933,PROD105,1,110
3935,ORD13934,PROD111,4,59
3936,ORD13935,PROD102,5,199
3937,ORD13936,PROD112,2,199
3938,ORD13937,PROD111,1,59
3939,ORD13938,PROD112,1,199
3940,ORD13939,PROD112,4,199
3941,ORD13940,PROD104,5,120
3942,ORD13941,PROD103,1,59
3943,ORD13942,PROD114,4,25
3944,ORD13943,PROD112,2,199
3945,ORD13944,PROD106,3,99
3946,ORD13945,PROD109,2,129
3947,ORD13946,PROD109,2,129
3948,ORD13947,PROD105,1,110
3949,ORD13948,PROD110,1,80
3950,ORD13949,PROD104,4,120
3951,ORD13950,PROD111,5,59
3952,ORD13951,PROD101,1,899
3953,ORD13952,PROD103,1,59
3954,ORD13953,PROD113,2,149
3955,ORD13954,PROD112,5,199
3956,ORD13955,PROD108,5,229
3957,ORD13956,PROD101,3,899
3958,ORD13957,PROD109,4,129
3959,ORD13958,PROD103,5,59
3960,ORD13959,PROD108,3,229
3961,ORD13960,PROD100,2,999
3962,ORD13961,PROD103,3,59
3963,ORD13962,PROD108,3,229
3964,ORD13963,PROD107,2,399
3965,ORD13964,PROD107,4,399
3966,ORD13965,PROD106,1,99
3967,ORD13966,PROD109,5,129
3968,ORD13967,PROD103,1,59
3969,ORD13968,PROD111,4,59
3970,ORD13969,PROD100,5,999
3971,ORD13970,PROD108,4,229
3972,ORD13971,PROD104,4,120
3973,ORD13972,PROD105,4,110
3974,ORD13973,PROD108,1,229
3975,ORD13974,PROD105,4,110
3976,ORD13975,PROD100,3,999
3977,ORD13976,PROD106,3,99
3978,ORD13977,PROD111,4,59
3979,ORD13978,PROD109,1,129
3980,ORD13979,PROD113,2,149
3981,ORD13980,PROD108,1,229
3982,ORD13981,PROD113,1,149
3983,ORD13982,PROD112,2,199
3984,ORD13983,PROD102,3,199
3985,ORD13984,PROD108,3,229
3986,ORD13985,PROD103,1,59
3987,ORD13986,PROD114,3,25
3988,ORD13987,PROD112,5,199
3989,ORD13988,PROD111,3,59
3990,ORD13989,PROD104,5,120
3991,ORD13990,PROD110,5,80
3992,ORD13991,PROD113,5,149
3993,ORD13992,PROD104,4,120
3994,ORD13993,PROD109,5,129
3995,ORD13994,PROD112,5,199
3996,ORD13995,PROD111,1,59
3997,ORD13996,PROD102,1,199
3998,ORD13997,PROD113,2,149
3999,ORD13998,PROD106,2,99
4000,ORD13999,PROD113,1,149
4001,ORD14000,PROD111,2,59
4002,ORD14001,PROD114,4,25
4003,ORD14002,PROD108,2,229
4004,ORD14003,PROD108,3,229
4005,ORD14004,PROD101,2,899
4006,ORD14005,PROD109,4,129
4007,ORD14006,PROD101,2,899
4008,ORD14007,PROD105,5,110
4009,ORD14008,PROD100,1,999
4010,ORD14009,PROD102,1,199
4011,ORD14010,PROD105,5,110
4012,ORD14011,PROD106,2,99
4013,ORD14012,PROD103,1,59
4014,ORD14013,PROD106,5,99
4015,ORD14014,PROD107,3,399
4016,ORD14015,PROD107,3,399
4017,ORD14016,PROD102,2,199
4018,ORD14017,PROD111,4,59
4019,ORD14018,PROD109,3,129
4020,ORD14019,PROD114,4,25
4021,ORD14020,PROD110,5,80
4022,ORD14021,PROD101,2,899
4023,ORD14022,PROD113,1,149
4024,ORD14023,PROD112,4,199
4025,ORD14024,PROD113,2,149
4026,ORD14025,PROD105,1,110
4027,ORD14026,PROD107,3,399
4028,ORD14027,PROD104,2,120
4029,ORD14028,PROD106,2,99
4030,ORD14029,PROD106,4,99
4031,ORD14030,PROD102,3,199
4032,ORD14031,PROD112,4,199
4033,ORD14032,PROD112,1,199
4034,ORD14033,PROD105,4,110
4035,ORD14034,PROD102,5,199
4036,ORD14035,PROD102,3,199
4037,ORD14036,PROD106,1,99
4038,ORD14037,PROD106,2,99
4039,ORD14038,PROD102,3,199
4040,ORD14039,PROD100,4,999
4041,ORD14040,PROD112,5,199
4042,ORD14041,PROD105,2,110
4043,ORD14042,PROD102,5,199
4044,ORD14043,PROD109,5,129
4045,ORD14044,PROD111,4,59
4046,ORD14045,PROD104,5,120
4047,ORD14046,PROD114,1,25
4048,ORD14047,PROD113,4,149
4049,ORD14048,PROD103,2,59
4050,ORD14049,PROD103,2,59
4051,ORD14050,PROD102,2,199
4052,ORD14051,PROD113,2,149
4053,ORD14052,PROD109,3,129
4054,ORD14053,PROD102,3,199
4055,ORD14054,PROD109,4,129
4056,ORD14055,PROD106,1,99
4057,ORD14056,PROD103,4,59
4058,ORD14057,PROD102,3,199
4059,ORD14058,PROD112,1,199
4060,ORD14059,PROD105,4,110
4061,ORD14060,PROD113,2,149
4062,ORD14061,PROD100,2,999
4063,ORD14062,PROD106,5,99
4064,ORD14063,PROD106,4,99
4065,ORD14064,PROD111,1,59
4066,ORD14065,PROD103,1,59
4067,ORD14066,PROD111,2,59
4068,ORD14067,PROD114,3,25
4069,ORD14068,PROD101,2,899
4070,ORD14069,PROD113,5,149
4071,ORD14070,PROD114,1,25
4072,ORD14071,PROD101,2,899
4073,ORD14072,PROD104,5,120
4074,ORD14073,PROD108,1,229
4075,ORD14074,PROD112,3,199
4076,ORD14075,PROD107,1,399
4077,ORD14076,PROD107,2,399
4078,ORD14077,PROD110,5,80
4079,ORD14078,PROD100,5,999
4080,ORD14079,PROD112,4,199
4081,ORD14080,PROD109,3,129
4082,ORD14081,PROD102,5,199
4083,ORD14082,PROD114,1,25
4084,ORD14083,PROD113,1,149
4085,ORD14084,PROD108,2,229
4086,ORD14085,PROD107,5,399
4087,ORD14086,PROD111,5,59
4088,ORD14087,PROD113,2,149
4089,ORD14088,PROD111,3,59
4090,ORD14089,PROD104,2,120
4091,ORD14090,PROD105,4,110
4092,ORD14091,PROD114,2,25
4093,ORD14092,PROD101,2,899
4094,ORD14093,PROD101,5,899
4095,ORD14094,PROD113,5,149
4096,ORD14095,PROD114,4,25
4097,ORD14096,PROD113,4,149
4098,ORD14097,PROD104,2,120
4099,ORD14098,PROD113,2,149
4100,ORD14099,PROD101,5,899
4101,ORD14100,PROD103,1,59
4102,ORD14101,PROD107,5,399
4103,ORD14102,PROD103,3,59
4104,ORD14103,PROD112,5,199
4105,ORD14104,PROD104,2,120
4106,ORD14105,PROD104,2,120
4107,ORD14106,PROD105,5,110
4108,ORD14107,PROD101,5,899
4109,ORD14108,PROD113,2,149
4110,ORD14109,PROD112,2,199
4111,ORD14110,PROD105,1,110
4112,ORD14111,PROD102,4,199
4113,ORD14112,PROD102,2,199
4114,ORD14113,PROD100,5,999
4115,ORD14114,PROD101,2,899
4116,ORD14115,PROD108,4,229
4117,ORD14116,PROD105,2,110
4118,ORD14117,PROD110,1,80
4119,ORD14118,PROD106,4,99
4120,ORD14119,PROD112,5,199
4121,ORD14120,PROD111,1,59
4122,ORD14121,PROD109,5,129
4123,ORD14122,PROD104,2,120
4124,ORD14123,PROD114,4,25
4125,ORD14124,PROD102,2,199
4126,ORD14125,PROD100,3,999
4127,ORD14126,PROD105,4,110
4128,ORD14127,PROD106,5,99
4129,ORD14128,PROD114,3,25
4130,ORD14129,PROD106,1,99
4131,ORD14130,PROD101,5,899
4132,ORD14131,PROD102,2,199
4133,ORD14132,PROD113,5,149
4134,ORD14133,PROD105,3,110
4135,ORD14134,PROD110,3,80
4136,ORD14135,PROD108,2,229
4137,ORD14136,PROD103,1,59
4138,ORD14137,PROD108,1,229
4139,ORD14138,PROD110,2,80
4140,ORD14139,PROD108,1,229
4141,ORD14140,PROD109,3,129
4142,ORD14141,PROD100,3,999
4143,ORD14142,PROD105,5,110
4144,ORD14143,PROD111,4,59
4145,ORD14144,PROD109,2,129
4146,ORD14145,PROD105,5,110
4147,ORD14146,PROD104,3,120
4148,ORD14147,PROD103,5,59
4149,ORD14148,PROD100,3,999
4150,ORD14149,PROD100,1,999
4151,ORD14150,PROD112,4,199
4152,ORD14151,PROD109,2,129
4153,ORD14152,PROD108,3,229
4154,ORD14153,PROD102,5,199
4155,ORD14154,PROD109,1,129
4156,ORD14155,PROD109,3,129
4157,ORD14156,PROD105,3,110
4158,ORD14157,PROD113,1,149
4159,ORD14158,PROD102,3,199
4160,ORD14159,PROD108,5,229
4161,ORD14160,PROD113,2,149
4162,ORD14161,PROD108,4,229
4163,ORD14162,PROD102,3,199
4164,ORD14163,PROD114,5,25
4165,ORD14164,PROD113,2,149
4166,ORD14165,PROD105,4,110
4167,ORD14166,PROD110,2,80
4168,ORD14167,PROD105,3,110
4169,ORD14168,PROD109,3,129
4170,ORD14169,PROD106,1,99
4171,ORD14170,PROD105,5,110
4172,ORD14171,PROD109,3,129
4173,ORD14172,PROD111,2,59
4174,ORD14173,PROD103,3,59
4175,ORD14174,PROD103,5,59
4176,ORD14175,PROD109,3,129
4177,ORD14176,PROD104,1,120
4178,ORD14177,PROD105,1,110
4179,ORD14178,PROD105,4,110
4180,ORD14179,PROD107,1,399
4181,ORD14180,PROD107,2,399
4182,ORD14181,PROD110,4,80
4183,ORD14182,PROD113,2,149
4184,ORD14183,PROD108,2,229
4185,ORD14184,PROD102,3,199
4186,ORD14185,PROD112,1,199
4187,ORD14186,PROD102,3,199
4188,ORD14187,PROD108,4,229
4189,ORD14188,PROD108,3,229
4190,ORD14189,PROD111,1,59
4191,ORD14190,PROD105,4,110
4192,ORD14191,PROD105,1,110
4193,ORD14192,PROD108,2,229
4194,ORD14193,PROD102,3,199
4195,ORD14194,PROD110,4,80
4196,ORD14195,PROD103,1,59
4197,ORD14196,PROD109,4,129
4198,ORD14197,PROD113,1,149
4199,ORD14198,PROD114,4,25
4200,ORD14199,PROD103,5,59
4201,ORD14200,PROD101,1,899
4202,ORD14201,PROD109,1,129
4203,ORD14202,PROD101,2,899
4204,ORD14203,PROD100,5,999
4205,ORD14204,PROD110,4,80
4206,ORD14205,PROD108,1,229
4207,ORD14206,PROD110,3,80
4208,ORD14207,PROD110,4,80
4209,ORD14208,PROD101,4,899
4210,ORD14209,PROD114,2,25
4211,ORD14210,PROD110,2,80
4212,ORD14211,PROD108,3,229
4213,ORD14212,PROD110,2,80
4214,ORD14213,PROD111,2,59
4215,ORD14214,PROD112,1,199
4216,ORD14215,PROD105,2,110
4217,ORD14216,PROD111,2,59
4218,ORD14217,PROD112,3,199
4219,ORD14218,PROD113,4,149
4220,ORD14219,PROD100,1,999
4221,ORD14220,PROD108,2,229
4222,ORD14221,PROD105,2,110
4223,ORD14222,PROD110,4,80
4224,ORD14223,PROD104,3,120
4225,ORD14224,PROD114,1,25
4226,ORD14225,PROD109,5,129
4227,ORD14226,PROD107,2,399
4228,ORD14227,PROD102,1,199
4229,ORD14228,PROD103,1,59
4230,ORD14229,PROD111,2,59
4231,ORD14230,PROD101,2,899
4232,ORD14231,PROD103,5,59
4233,ORD14232,PROD107,4,399
4234,ORD14233,PROD105,2,110
4235,ORD14234,PROD105,2,110
4236,ORD14235,PROD109,3,129
4237,ORD14236,PROD104,4,120
4238,ORD14237,PROD112,2,199
4239,ORD14238,PROD114,4,25
4240,ORD14239,PROD109,3,129
4241,ORD14240,PROD107,5,399
4242,ORD14241,PROD103,4,59
4243,ORD14242,PROD109,2,129
4244,ORD14243,PROD106,1,99
4245,ORD14244,PROD111,3,59
4246,ORD14245,PROD101,4,899
4247,ORD14246,PROD114,1,25
4248,ORD14247,PROD106,3,99
4249,ORD14248,PROD109,4,129
4250,ORD14249,PROD113,3,149
4251,ORD14250,PROD106,1,99
4252,ORD14251,PROD102,3,199
4253,ORD14252,PROD113,5,149
4254,ORD14253,PROD102,5,199
4255,ORD14254,PROD109,1,129
4256,ORD14255,PROD106,4,99
4257,ORD14256,PROD106,4,99
4258,ORD14257,PROD101,4,899
4259,ORD14258,PROD101,4,899
4260,ORD14259,PROD114,1,25
4261,ORD14260,PROD105,1,110
4262,ORD14261,PROD105,3,110
4263,ORD14262,PROD108,4,229
4264,ORD14263,PROD107,2,399
4265,ORD14264,PROD114,5,25
4266,ORD14265,PROD106,2,99
4267,ORD14266,PROD106,1,99
4268,ORD14267,PROD100,4,999
4269,ORD14268,PROD109,2,129
4270,ORD14269,PROD113,2,149
4271,ORD14270,PROD112,1,199
4272,ORD14271,PROD100,4,999
4273,ORD14272,PROD114,1,25
4274,ORD14273,PROD114,5,25
4275,ORD14274,PROD112,5,199
4276,ORD14275,PROD100,1,999
4277,ORD14276,PROD106,2,99
4278,ORD14277,PROD101,3,899
4279,ORD14278,PROD112,3,199
4280,ORD14279,PROD105,1,110
4281,ORD14280,PROD103,5,59
4282,ORD14281,PROD107,1,399
4283,ORD14282,PROD101,5,899
4284,ORD14283,PROD114,2,25
4285,ORD14284,PROD108,2,229
4286,ORD14285,PROD106,2,99
4287,ORD14286,PROD104,3,120
4288,ORD14287,PROD114,4,25
4289,ORD14288,PROD114,2,25
4290,ORD14289,PROD111,3,59
4291,ORD14290,PROD104,1,120
4292,ORD14291,PROD106,3,99
4293,ORD14292,PROD108,3,229
4294,ORD14293,PROD101,1,899
4295,ORD14294,PROD101,1,899
4296,ORD14295,PROD106,1,99
4297,ORD14296,PROD108,2,229
4298,ORD14297,PROD110,1,80
4299,ORD14298,PROD103,5,59
4300,ORD14299,PROD102,3,199
4301,ORD14300,PROD102,1,199
4302,ORD14301,PROD112,2,199
4303,ORD14302,PROD108,5,229
4304,ORD14303,PROD103,1,59
4305,ORD14304,PROD110,5,80
4306,ORD14305,PROD112,1,199
4307,ORD14306,PROD112,2,199
4308,ORD14307,PROD100,1,999
4309,ORD14308,PROD108,4,229
4310,ORD14309,PROD102,5,199
4311,ORD14310,PROD112,1,199
4312,ORD14311,PROD114,4,25
4313,ORD14312,PROD102,1,199
4314,ORD14313,PROD105,3,110
4315,ORD14314,PROD110,1,80
4316,ORD14315,PROD102,3,199
4317,ORD14316,PROD101,5,899
4318,ORD14317,PROD103,1,59
4319,ORD14318,PROD102,1,199
4320,ORD14319,PROD114,1,25
4321,ORD14320,PROD107,2,399
4322,ORD14321,PROD114,1,25
4323,ORD14322,PROD101,1,899
4324,ORD14323,PROD105,4,110
4325,ORD14324,PROD109,4,129
4326,ORD14325,PROD106,1,99
4327,ORD14326,PROD108,5,229
4328,ORD14327,PROD114,1,25
4329,ORD14328,PROD112,4,199
4330,ORD14329,PROD111,5,59
4331,ORD14330,PROD100,3,999
4332,ORD14331,PROD109,5,129
4333,ORD14332,PROD102,1,199
4334,ORD14333,PROD114,2,25
4335,ORD14334,PROD106,3,99
4336,ORD14335,PROD111,2,59
4337,ORD14336,PROD102,5,199
4338,ORD14337,PROD100,2,999
4339,ORD14338,PROD111,1,59
4340,ORD14339,PROD108,5,229
4341,ORD14340,PROD114,4,25
4342,ORD14341,PROD105,5,110
4343,ORD14342,PROD110,3,80
4344,ORD14343,PROD107,3,399
4345,ORD14344,PROD105,1,110
4346,ORD14345,PROD107,1,399
4347,ORD14346,PROD105,1,110
4348,ORD14347,PROD104,4,120
4349,ORD14348,PROD100,4,999
4350,ORD14349,PROD103,2,59
4351,ORD14350,PROD105,4,110
4352,ORD14351,PROD106,1,99
4353,ORD14352,PROD113,5,149
4354,ORD14353,PROD108,3,229
4355,ORD14354,PROD103,5,59
4356,ORD14355,PROD100,2,999
4357,ORD14356,PROD100,4,999
4358,ORD14357,PROD114,4,25
4359,ORD14358,PROD102,5,199
4360,ORD14359,PROD102,1,199
4361,ORD14360,PROD100,3,999
4362,ORD14361,PROD113,2,149
4363,ORD14362,PROD111,4,59
4364,ORD14363,PROD105,4,110
4365,ORD14364,PROD105,4,110
4366,ORD14365,PROD110,3,80
4367,ORD14366,PROD102,3,199
4368,ORD14367,PROD103,1,59
4369,ORD14368,PROD109,5,129
4370,ORD14369,PROD110,3,80
4371,ORD14370,PROD104,4,120
4372,ORD14371,PROD110,4,80
4373,ORD14372,PROD112,3,199
4374,ORD14373,PROD108,3,229
4375,ORD14374,PROD113,4,149
4376,ORD14375,PROD101,5,899
4377,ORD14376,PROD107,3,399
4378,ORD14377,PROD111,1,59
4379,ORD14378,PROD107,2,399
4380,ORD14379,PROD100,2,999
4381,ORD14380,PROD104,5,120
4382,ORD14381,PROD101,4,899
4383,ORD14382,PROD106,2,99
4384,ORD14383,PROD100,2,999
4385,ORD14384,PROD112,5,199
4386,ORD14385,PROD111,1,59
4387,ORD14386,PROD108,5,229
4388,ORD14387,PROD110,2,80
4389,ORD14388,PROD100,5,999
4390,ORD14389,PROD113,1,149
4391,ORD14390,PROD101,2,899
4392,ORD14391,PROD102,5,199
4393,ORD14392,PROD110,3,80
4394,ORD14393,PROD101,2,899
4395,ORD14394,PROD107,5,399
4396,ORD14395,PROD102,5,199
4397,ORD14396,PROD110,4,80
4398,ORD14397,PROD107,2,399
4399,ORD14398,PROD107,4,399
4400,ORD14399,PROD114,5,25
4401,ORD14400,PROD112,4,199
4402,ORD14401,PROD108,4,229
4403,ORD14402,PROD100,2,999
4404,ORD14403,PROD110,2,80
4405,ORD14404,PROD102,1,199
4406,ORD14405,PROD101,1,899
4407,ORD14406,PROD113,4,149
4408,ORD14407,PROD106,3,99
4409,ORD14408,PROD103,3,59
4410,ORD14409,PROD103,2,59
4411,ORD14410,PROD100,1,999
4412,ORD14411,PROD108,3,229
4413,ORD14412,PROD100,2,999
4414,ORD14413,PROD113,2,149
4415,ORD14414,PROD104,3,120
4416,ORD14415,PROD103,4,59
4417,ORD14416,PROD100,5,999
4418,ORD14417,PROD106,5,99
4419,ORD14418,PROD100,4,999
4420,ORD14419,PROD113,3,149
4421,ORD14420,PROD113,2,149
4422,ORD14421,PROD104,4,120
4423,ORD14422,PROD103,2,59
4424,ORD14423,PROD106,4,99
4425,ORD14424,PROD104,1,120
4426,ORD14425,PROD101,5,899
4427,ORD14426,PROD113,2,149
4428,ORD14427,PROD104,3,120
4429,ORD14428,PROD109,5,129
4430,ORD14429,PROD108,3,229
4431,ORD14430,PROD110,4,80
4432,ORD14431,PROD107,2,399
4433,ORD14432,PROD111,3,59
4434,ORD14433,PROD113,4,149
4435,ORD14434,PROD109,3,129
4436,ORD14435,PROD108,1,229
4437,ORD14436,PROD105,2,110
4438,ORD14437,PROD101,4,899
4439,ORD14438,PROD113,5,149
4440,ORD14439,PROD106,2,99
4441,ORD14440,PROD104,5,120
4442,ORD14441,PROD107,5,399
4443,ORD14442,PROD105,3,110
4444,ORD14443,PROD111,4,59
4445,ORD14444,PROD108,4,229
4446,ORD14445,PROD107,5,399
4447,ORD14446,PROD113,3,149
4448,ORD14447,PROD101,5,899
4449,ORD14448,PROD101,4,899
4450,ORD14449,PROD112,4,199
4451,ORD14450,PROD110,3,80
4452,ORD14451,PROD107,3,399
4453,ORD14452,PROD112,1,199
4454,ORD14453,PROD102,2,199
4455,ORD14454,PROD105,1,110
4456,ORD14455,PROD106,5,99
4457,ORD14456,PROD101,2,899
4458,ORD14457,PROD114,2,25
4459,ORD14458,PROD111,5,59
4460,ORD14459,PROD110,2,80
4461,ORD14460,PROD112,5,199
4462,ORD14461,PROD105,4,110
4463,ORD14462,PROD114,2,25
4464,ORD14463,PROD106,3,99
4465,ORD14464,PROD109,5,129
4466,ORD14465,PROD102,3,199
4467,ORD14466,PROD108,4,229
4468,ORD14467,PROD108,4,229
4469,ORD14468,PROD101,2,899
4470,ORD14469,PROD109,3,129
4471,ORD14470,PROD108,3,229
4472,ORD14471,PROD103,1,59
4473,ORD14472,PROD103,5,59
4474,ORD14473,PROD103,4,59
4475,ORD14474,PROD100,4,999
4476,ORD14475,PROD101,2,899
4477,ORD14476,PROD110,3,80
4478,ORD14477,PROD103,5,59
4479,ORD14478,PROD104,5,120
4480,ORD14479,PROD101,2,899
4481,ORD14480,PROD102,4,199
4482,ORD14481,PROD102,2,199
4483,ORD14482,PROD114,5,25
4484,ORD14483,PROD106,2,99
4485,ORD14484,PROD103,3,59
4486,ORD14485,PROD105,1,110
4487,ORD14486,PROD101,1,899
4488,ORD14487,PROD104,3,120
4489,ORD14488,PROD103,2,59
4490,ORD14489,PROD108,1,229
4491,ORD14490,PROD107,5,399
4492,ORD14491,PROD112,1,199
4493,ORD14492,PROD111,2,59
4494,ORD14493,PROD101,2,899
4495,ORD14494,PROD109,5,129
4496,ORD14495,PROD109,1,129
4497,ORD14496,PROD112,3,199
4498,ORD14497,PROD107,4,399
4499,ORD14498,PROD110,5,80
4500,ORD14499,PROD104,5,120
4501,ORD14500,PROD112,1,199
4502,ORD14501,PROD108,2,229
4503,ORD14502,PROD103,1,59
4504,ORD14503,PROD110,4,80
4505,ORD14504,PROD105,3,110
4506,ORD14505,PROD112,4,199
4507,ORD14506,PROD110,1,80
4508,ORD14507,PROD105,4,110
4509,ORD14508,PROD108,4,229
4510,ORD14509,PROD105,2,110
4511,ORD14510,PROD107,1,399
4512,ORD14511,PROD105,5,110
4513,ORD14512,PROD107,1,399
4514,ORD14513,PROD104,3,120
4515,ORD14514,PROD100,5,999
4516,ORD14515,PROD112,5,199
4517,ORD14516,PROD103,3,59
4518,ORD14517,PROD105,4,110
4519,ORD14518,PROD110,4,80
4520,ORD14519,PROD112,3,199
4521,ORD14520,PROD113,2,149
4522,ORD14521,PROD111,1,59
4523,ORD14522,PROD111,3,59
4524,ORD14523,PROD103,5,59
4525,ORD14524,PROD108,3,229
4526,ORD14525,PROD104,1,120
4527,ORD14526,PROD101,4,899
4528,ORD14527,PROD101,4,899
4529,ORD14528,PROD112,3,199
4530,ORD14529,PROD101,3,899
4531,ORD14530,PROD112,2,199
4532,ORD14531,PROD109,1,129
4533,ORD14532,PROD112,4,199
4534,ORD14533,PROD103,3,59
4535,ORD14534,PROD102,3,199
4536,ORD14535,PROD114,3,25
4537,ORD14536,PROD104,5,120
4538,ORD14537,PROD108,1,229
4539,ORD14538,PROD109,4,129
4540,ORD14539,PROD103,1,59
4541,ORD14540,PROD110,5,80
4542,ORD14541,PROD111,4,59
4543,ORD14542,PROD105,1,110
4544,ORD14543,PROD101,5,899
4545,ORD14544,PROD108,3,229
4546,ORD14545,PROD113,5,149
4547,ORD14546,PROD108,3,229
4548,ORD14547,PROD112,2,199
4549,ORD14548,PROD111,3,59
4550,ORD14549,PROD100,1,999
4551,ORD14550,PROD114,5,25
4552,ORD14551,PROD102,5,199
4553,ORD14552,PROD112,1,199
4554,ORD14553,PROD104,5,120
4555,ORD14554,PROD108,2,229
4556,ORD14555,PROD112,4,199
4557,ORD14556,PROD113,3,149
4558,ORD14557,PROD100,2,999
4559,ORD14558,PROD105,5,110
4560,ORD14559,PROD107,5,399
4561,ORD14560,PROD114,1,25
4562,ORD14561,PROD110,2,80
4563,ORD14562,PROD104,5,120
4564,ORD14563,PROD106,1,99
4565,ORD14564,PROD102,2,199
4566,ORD14565,PROD109,3,129
4567,ORD14566,PROD114,4,25
4568,ORD14567,PROD102,3,199
4569,ORD14568,PROD112,5,199
4570,ORD14569,PROD107,5,399
4571,ORD14570,PROD113,3,149
4572,ORD14571,PROD100,4,999
4573,ORD14572,PROD107,1,399
4574,ORD14573,PROD110,3,80
4575,ORD14574,PROD110,1,80
4576,ORD14575,PROD111,2,59
4577,ORD14576,PROD101,1,899
4578,ORD14577,PROD108,1,229
4579,ORD14578,PROD107,1,399
4580,ORD14579,PROD109,5,129
4581,ORD14580,PROD105,2,110
4582,ORD14581,PROD113,4,149
4583,ORD14582,PROD104,4,120
4584,ORD14583,PROD110,5,80
4585,ORD14584,PROD112,2,199
4586,ORD14585,PROD113,2,149
4587,ORD14586,PROD110,3,80
4588,ORD14587,PROD100,4,999
4589,ORD14588,PROD111,2,59
4590,ORD14589,PROD111,5,59
4591,ORD14590,PROD113,5,149
4592,ORD14591,PROD106,3,99
4593,ORD14592,PROD101,4,899
4594,ORD14593,PROD113,2,149
4595,ORD14594,PROD114,4,25
4596,ORD14595,PROD113,3,149
4597,ORD14596,PROD105,1,110
4598,ORD14597,PROD113,1,149
4599,ORD14598,PROD109,4,129
4600,ORD14599,PROD105,1,110
4601,ORD14600,PROD110,4,80
4602,ORD14601,PROD105,2,110
4603,ORD14602,PROD103,2,59
4604,ORD14603,PROD104,3,120
4605,ORD14604,PROD113,5,149
4606,ORD14605,PROD100,5,999
4607,ORD14606,PROD109,1,129
4608,ORD14607,PROD111,5,59
4609,ORD14608,PROD110,1,80
4610,ORD14609,PROD109,4,129
4611,ORD14610,PROD101,2,899
4612,ORD14611,PROD110,4,80
4613,ORD14612,PROD113,3,149
4614,ORD14613,PROD107,2,399
4615,ORD14614,PROD101,4,899
4616,ORD14615,PROD110,5,80
4617,ORD14616,PROD110,4,80
4618,ORD14617,PROD114,1,25
4619,ORD14618,PROD114,2,25
4620,ORD14619,PROD109,2,129
4621,ORD14620,PROD106,3,99
4622,ORD14621,PROD114,2,25
4623,ORD14622,PROD100,2,999
4624,ORD14623,PROD112,1,199
4625,ORD14624,PROD100,1,999
4626,ORD14625,PROD112,4,199
4627,ORD14626,PROD114,4,25
4628,ORD14627,PROD112,1,199
4629,ORD14628,PROD104,2,120
4630,ORD14629,PROD112,2,199
4631,ORD14630,PROD113,5,149
4632,ORD14631,PROD110,1,80
4633,ORD14632,PROD113,2,149
4634,ORD14633,PROD106,4,99
4635,ORD14634,PROD100,4,999
4636,ORD14635,PROD101,5,899
4637,ORD14636,PROD112,2,199
4638,ORD14637,PROD111,1,59
4639,ORD14638,PROD110,4,80
4640,ORD14639,PROD100,1,999
4641,ORD14640,PROD109,5,129
4642,ORD14641,PROD105,4,110
4643,ORD14642,PROD114,1,25
4644,ORD14643,PROD105,1,110
4645,ORD14644,PROD105,1,110
4646,ORD14645,PROD102,2,199
4647,ORD14646,PROD107,4,399
4648,ORD14647,PROD105,5,110
4649,ORD14648,PROD114,2,25
4650,ORD14649,PROD107,1,399
4651,ORD14650,PROD102,5,199
4652,ORD14651,PROD110,3,80
4653,ORD14652,PROD112,1,199
4654,ORD14653,PROD109,4,129
4655,ORD14654,PROD108,2,229
4656,ORD14655,PROD102,2,199
4657,ORD14656,PROD100,2,999
4658,ORD14657,PROD112,1,199
4659,ORD14658,PROD107,4,399
4660,ORD14659,PROD104,1,120
4661,ORD14660,PROD114,1,25
4662,ORD14661,PROD103,3,59
4663,ORD14662,PROD104,5,120
4664,ORD14663,PROD112,1,199
4665,ORD14664,PROD103,3,59
4666,ORD14665,PROD106,2,99
4667,ORD14666,PROD104,5,120
4668,ORD14667,PROD113,3,149
4669,ORD14668,PROD100,2,999
4670,ORD14669,PROD108,3,229
4671,ORD14670,PROD114,5,25
4672,ORD14671,PROD106,5,99
4673,ORD14672,PROD100,3,999
4674,ORD14673,PROD101,2,899
4675,ORD14674,PROD113,4,149
4676,ORD14675,PROD112,1,199
4677,ORD14676,PROD114,5,25
4678,ORD14677,PROD113,3,149
4679,ORD14678,PROD112,3,199
4680,ORD14679,PROD108,2,229
4681,ORD14680,PROD109,2,129
4682,ORD14681,PROD103,3,59
4683,ORD14682,PROD110,5,80
4684,ORD14683,PROD102,5,199
4685,ORD14684,PROD107,2,399
4686,ORD14685,PROD108,3,229
4687,ORD14686,PROD113,4,149
4688,ORD14687,PROD100,3,999
4689,ORD14688,PROD109,3,129
4690,ORD14689,PROD111,2,59
4691,ORD14690,PROD105,4,110
4692,ORD14691,PROD101,3,899
4693,ORD14692,PROD106,5,99
4694,ORD14693,PROD101,4,899
4695,ORD14694,PROD100,1,999
4696,ORD14695,PROD109,2,129
4697,ORD14696,PROD103,1,59
4698,ORD14697,PROD114,1,25
4699,ORD14698,PROD111,5,59
4700,ORD14699,PROD109,4,129
4701,ORD14700,PROD104,1,120
4702,ORD14701,PROD114,5,25
4703,ORD14702,PROD113,3,149
4704,ORD14703,PROD111,3,59
4705,ORD14704,PROD104,3,120
4706,ORD14705,PROD105,4,110
4707,ORD14706,PROD103,1,59
4708,ORD14707,PROD110,4,80
4709,ORD14708,PROD108,5,229
4710,ORD14709,PROD102,1,199
4711,ORD14710,PROD109,5,129
4712,ORD14711,PROD103,3,59
4713,ORD14712,PROD102,4,199
4714,ORD14713,PROD101,2,899
4715,ORD14714,PROD100,1,999
4716,ORD14715,PROD109,1,129
4717,ORD14716,PROD113,4,149
4718,ORD14717,PROD105,5,110
4719,ORD14718,PROD105,3,110
4720,ORD14719,PROD100,2,999
4721,ORD14720,PROD103,5,59
4722,ORD14721,PROD103,1,59
4723,ORD14722,PROD104,2,120
4724,ORD14723,PROD110,4,80
4725,ORD14724,PROD105,3,110
4726,ORD14725,PROD103,2,59
4727,ORD14726,PROD114,1,25
4728,ORD14727,PROD112,4,199
4729,ORD14728,PROD109,5,129
4730,ORD14729,PROD114,4,25
4731,ORD14730,PROD103,4,59
4732,ORD14731,PROD104,1,120
4733,ORD14732,PROD111,4,59
4734,ORD14733,PROD105,5,110
4735,ORD14734,PROD113,2,149
4736,ORD14735,PROD104,5,120
4737,ORD14736,PROD100,1,999
4738,ORD14737,PROD100,5,999
4739,ORD14738,PROD102,5,199
4740,ORD14739,PROD107,1,399
4741,ORD14740,PROD102,4,199
4742,ORD14741,PROD103,2,59
4743,ORD14742,PROD108,3,229
4744,ORD14743,PROD105,3,110
4745,ORD14744,PROD102,4,199
4746,ORD14745,PROD114,4,25
4747,ORD14746,PROD114,4,25
4748,ORD14747,PROD107,4,399
4749,ORD14748,PROD106,5,99
4750,ORD14749,PROD108,4,229
4751,ORD14750,PROD111,4,59
4752,ORD14751,PROD107,1,399
4753,ORD14752,PROD101,4,899
4754,ORD14753,PROD107,2,399
4755,ORD14754,PROD113,5,149
4756,ORD14755,PROD110,1,80
4757,ORD14756,PROD105,3,110
4758,ORD14757,PROD112,3,199
4759,ORD14758,PROD113,1,149
4760,ORD14759,PROD107,2,399
4761,ORD14760,PROD109,4,129
4762,ORD14761,PROD107,5,399
4763,ORD14762,PROD112,5,199
4764,ORD14763,PROD102,4,199
4765,ORD14764,PROD106,2,99
4766,ORD14765,PROD114,2,25
4767,ORD14766,PROD114,3,25
4768,ORD14767,PROD106,1,99
4769,ORD14768,PROD106,4,99
4770,ORD14769,PROD111,4,59
4771,ORD14770,PROD114,3,25
4772,ORD14771,PROD106,5,99
4773,ORD14772,PROD107,2,399
4774,ORD14773,PROD113,3,149
4775,ORD14774,PROD104,4,120
4776,ORD14775,PROD114,5,25
4777,ORD14776,PROD108,4,229
4778,ORD14777,PROD113,5,149
4779,ORD14778,PROD100,3,999
4780,ORD14779,PROD102,3,199
4781,ORD14780,PROD103,5,59
4782,ORD14781,PROD109,1,129
4783,ORD14782,PROD108,4,229
4784,ORD14783,PROD104,1,120
4785,ORD14784,PROD114,1,25
4786,ORD14785,PROD102,1,199
4787,ORD14786,PROD106,4,99
4788,ORD14787,PROD107,3,399
4789,ORD14788,PROD102,4,199
4790,ORD14789,PROD108,4,229
4791,ORD14790,PROD107,3,399
4792,ORD14791,PROD106,2,99
4793,ORD14792,PROD101,3,899
4794,ORD14793,PROD103,4,59
4795,ORD14794,PROD101,5,899
4796,ORD14795,PROD106,1,99
4797,ORD14796,PROD103,3,59
4798,ORD14797,PROD108,1,229
4799,ORD14798,PROD112,4,199
4800,ORD14799,PROD105,2,110
4801,ORD14800,PROD104,2,120
4802,ORD14801,PROD114,4,25
4803,ORD14802,PROD112,3,199
4804,ORD14803,PROD113,4,149
4805,ORD14804,PROD106,2,99
4806,ORD14805,PROD109,3,129
4807,ORD14806,PROD102,4,199
4808,ORD14807,PROD105,3,110
4809,ORD14808,PROD105,4,110
4810,ORD14809,PROD113,5,149
4811,ORD14810,PROD100,1,999
4812,ORD14811,PROD109,2,129
4813,ORD14812,PROD114,4,25
4814,ORD14813,PROD103,5,59
4815,ORD14814,PROD111,4,59
4816,ORD14815,PROD105,2,110
4817,ORD14816,PROD103,3,59
4818,ORD14817,PROD105,5,110
4819,ORD14818,PROD114,3,25
4820,ORD14819,PROD101,1,899
4821,ORD14820,PROD111,1,59
4822,ORD14821,PROD103,4,59
4823,ORD14822,PROD110,5,80
4824,ORD14823,PROD108,5,229
4825,ORD14824,PROD110,3,80
4826,ORD14825,PROD114,4,25
4827,ORD14826,PROD105,5,110
4828,ORD14827,PROD105,5,110
4829,ORD14828,PROD109,5,129
4830,ORD14829,PROD111,1,59
4831,ORD14830,PROD114,1,25
4832,ORD14831,PROD103,5,59
4833,ORD14832,PROD108,1,229
4834,ORD14833,PROD108,5,229
4835,ORD14834,PROD106,4,99
4836,ORD14835,PROD113,3,149
4837,ORD14836,PROD104,3,120
4838,ORD14837,PROD114,4,25
4839,ORD14838,PROD112,1,199
4840,ORD14839,PROD107,5,399
4841,ORD14840,PROD103,4,59
4842,ORD14841,PROD102,5,199
4843,ORD14842,PROD101,4,899
4844,ORD14843,PROD102,1,199
4845,ORD14844,PROD111,1,59
4846,ORD14845,PROD110,5,80
4847,ORD14846,PROD108,5,229
4848,ORD14847,PROD106,1,99
4849,ORD14848,PROD110,5,80
4850,ORD14849,PROD110,5,80
4851,ORD14850,PROD103,3,59
4852,ORD14851,PROD103,2,59
4853,ORD14852,PROD106,5,99
4854,ORD14853,PROD113,3,149
4855,ORD14854,PROD100,4,999
4856,ORD14855,PROD110,2,80
4857,ORD14856,PROD106,1,99
4858,ORD14857,PROD104,2,120
4859,ORD14858,PROD113,5,149
4860,ORD14859,PROD105,5,110
4861,ORD14860,PROD114,3,25
4862,ORD14861,PROD106,1,99
4863,ORD14862,PROD108,4,229
4864,ORD14863,PROD105,2,110
4865,ORD14864,PROD106,2,99
4866,ORD14865,PROD108,3,229
4867,ORD14866,PROD101,5,899
4868,ORD14867,PROD113,5,149
4869,ORD14868,PROD103,1,59
4870,ORD14869,PROD111,4,59
4871,ORD14870,PROD108,2,229
4872,ORD14871,PROD108,4,229
4873,ORD14872,PROD101,3,899
4874,ORD14873,PROD114,2,25
4875,ORD14874,PROD106,2,99
4876,ORD14875,PROD103,5,59
4877,ORD14876,PROD102,5,199
4878,ORD14877,PROD111,3,59
4879,ORD14878,PROD102,1,199
4880,ORD14879,PROD104,1,120
4881,ORD14880,PROD112,1,199
4882,ORD14881,PROD112,5,199
4883,ORD14882,PROD114,2,25
4884,ORD14883,PROD108,4,229
4885,ORD14884,PROD111,1,59
4886,ORD14885,PROD110,3,80
4887,ORD14886,PROD111,5,59
4888,ORD14887,PROD104,5,120
4889,ORD14888,PROD101,5,899
4890,ORD14889,PROD112,5,199
4891,ORD14890,PROD100,4,999
4892,ORD14891,PROD106,1,99
4893,ORD14892,PROD110,1,80
4894,ORD14893,PROD110,1,80
4895,ORD14894,PROD104,1,120
4896,ORD14895,PROD105,1,110
4897,ORD14896,PROD102,3,199
4898,ORD14897,PROD109,5,129
4899,ORD14898,PROD114,2,25
4900,ORD14899,PROD114,1,25
4901,ORD14900,PROD100,3,999
4902,ORD14901,PROD104,2,120
4903,ORD14902,PROD108,5,229
4904,ORD14903,PROD101,1,899
4905,ORD14904,PROD102,2,199
4906,ORD14905,PROD113,2,149
4907,ORD14906,PROD111,2,59
4908,ORD14907,PROD109,3,129
4909,ORD14908,PROD102,1,199
4910,ORD14909,PROD110,3,80
4911,ORD14910,PROD103,3,59
4912,ORD14911,PROD108,3,229
4913,ORD14912,PROD108,5,229
4914,ORD14913,PROD103,1,59
4915,ORD14914,PROD105,2,110
4916,ORD14915,PROD107,2,399
4917,ORD14916,PROD111,3,59
4918,ORD14917,PROD108,4,229
4919,ORD14918,PROD103,2,59
4920,ORD14919,PROD100,5,999
4921,ORD14920,PROD109,1,129
4922,ORD14921,PROD110,3,80
4923,ORD14922,PROD113,5,149
4924,ORD14923,PROD109,2,129
4925,ORD14924,PROD107,2,399
4926,ORD14925,PROD110,2,80
4927,ORD14926,PROD100,2,999
4928,ORD14927,PROD107,2,399
4929,ORD14928,PROD100,4,999
4930,ORD14929,PROD106,3,99
4931,ORD14930,PROD105,4,110
4932,ORD14931,PROD107,4,399
4933,ORD14932,PROD103,2,59
4934,ORD14933,PROD107,4,399
4935,ORD14934,PROD108,1,229
4936,ORD14935,PROD104,4,120
4937,ORD14936,PROD101,4,899
4938,ORD14937,PROD113,5,149
4939,ORD14938,PROD101,3,899
4940,ORD14939,PROD104,5,120
4941,ORD14940,PROD111,3,59
4942,ORD14941,PROD105,5,110
4943,ORD14942,PROD105,1,110
4944,ORD14943,PROD109,3,129
4945,ORD14944,PROD113,3,149
4946,ORD14945,PROD101,3,899
4947,ORD14946,PROD100,1,999
4948,ORD14947,PROD110,1,80
4949,ORD14948,PROD102,2,199
4950,ORD14949,PROD102,5,199
4951,ORD14950,PROD109,4,129
4952,ORD14951,PROD112,2,199
4953,ORD14952,PROD110,4,80
4954,ORD14953,PROD100,5,999
4955,ORD14954,PROD113,5,149
4956,ORD14955,PROD100,5,999
4957,ORD14956,PROD110,2,80
4958,ORD14957,PROD105,1,110
4959,ORD14958,PROD114,2,25
4960,ORD14959,PROD113,5,149
4961,ORD14960,PROD111,4,59
4962,ORD14961,PROD102,5,199
4963,ORD14962,PROD111,1,59
4964,ORD14963,PROD109,1,129
4965,ORD14964,PROD105,1,110
4966,ORD14965,PROD107,5,399
4967,ORD14966,PROD110,4,80
4968,ORD14967,PROD110,4,80
4969,ORD14968,PROD110,1,80
4970,ORD14969,PROD113,2,149
4971,ORD14970,PROD108,5,229
4972,ORD14971,PROD112,3,199
4973,ORD14972,PROD109,4,129
4974,ORD14973,PROD110,2,80
4975,ORD14974,PROD103,5,59
4976,ORD14975,PROD106,2,99
4977,ORD14976,PROD101,5,899
4978,ORD14977,PROD101,5,899
4979,ORD14978,PROD109,3,129
4980,ORD14979,PROD100,1,999
4981,ORD14980,PROD104,5,120
4982,ORD14981,PROD104,5,120
4983,ORD14982,PROD104,1,120
4984,ORD14983,PROD110,3,80
4985,ORD14984,PROD104,2,120
4986,ORD14985,PROD104,4,120
4987,ORD14986,PROD100,1,999
4988,ORD14987,PROD111,4,59
4989,ORD14988,PROD103,5,59
4990,ORD14989,PROD103,1,59
4991,ORD14990,PROD109,2,129
4992,ORD14991,PROD107,3,399
4993,ORD14992,PROD113,3,149
4994,ORD14993,PROD104,5,120
4995,ORD14994,PROD114,5,25
4996,ORD14995,PROD109,3,129
4997,ORD14996,PROD103,2,59
4998,ORD14997,PROD100,1,999
4999,ORD14998,PROD109,5,129
5000,ORD14999,PROD104,2,120
5001,ORD15000,PROD108,4,229
5002,ORD15001,PROD106,2,99
5003,ORD15002,PROD101,5,899
5004,ORD15003,PROD104,4,120
5005,ORD15004,PROD111,4,59
5006,ORD15005,PROD102,3,199
5007,ORD15006,PROD107,2,399
5008,ORD15007,PROD110,5,80
5009,ORD15008,PROD104,4,120
5010,ORD15009,PROD106,2,99
5011,ORD15010,PROD110,5,80
5012,ORD15011,PROD108,3,229
5013,ORD15012,PROD103,4,59
5014,ORD15013,PROD110,1,80
5015,ORD15014,PROD107,2,399
5016,ORD15015,PROD108,3,229
5017,ORD15016,PROD114,5,25
5018,ORD15017,PROD106,2,99
5019,ORD15018,PROD100,1,999
5020,ORD15019,PROD103,3,59
5021,ORD15020,PROD106,1,99
5022,ORD15021,PROD104,1,120
5023,ORD15022,PROD107,1,399
5024,ORD15023,PROD104,1,120
5025,ORD15024,PROD101,5,899
5026,ORD15025,PROD114,4,25
5027,ORD15026,PROD109,1,129
5028,ORD15027,PROD100,3,999
5029,ORD15028,PROD103,4,59
5030,ORD15029,PROD103,1,59
5031,ORD15030,PROD101,2,899
5032,ORD15031,PROD114,5,25
5033,ORD15032,PROD110,1,80
5034,ORD15033,PROD109,1,129
5035,ORD15034,PROD100,4,999
5036,ORD15035,PROD114,1,25
5037,ORD15036,PROD102,2,199
5038,ORD15037,PROD106,4,99
5039,ORD15038,PROD101,5,899
5040,ORD15039,PROD105,4,110
5041,ORD15040,PROD100,2,999
5042,ORD15041,PROD113,5,149
5043,ORD15042,PROD101,1,899
5044,ORD15043,PROD102,1,199
5045,ORD15044,PROD102,2,199
5046,ORD15045,PROD113,4,149
5047,ORD15046,PROD109,1,129
5048,ORD15047,PROD110,2,80
5049,ORD15048,PROD105,3,110
5050,ORD15049,PROD114,1,25
5051,ORD15050,PROD112,2,199
5052,ORD15051,PROD104,2,120
5053,ORD15052,PROD104,5,120
5054,ORD15053,PROD109,2,129
5055,ORD15054,PROD110,3,80
5056,ORD15055,PROD108,1,229
5057,ORD15056,PROD105,1,110
5058,ORD15057,PROD113,5,149
5059,ORD15058,PROD103,4,59
5060,ORD15059,PROD102,4,199
5061,ORD15060,PROD102,3,199
5062,ORD15061,PROD111,5,59
5063,ORD15062,PROD112,3,199
5064,ORD15063,PROD106,2,99
5065,ORD15064,PROD110,3,80
5066,ORD15065,PROD113,4,149
5067,ORD15066,PROD103,1,59
5068,ORD15067,PROD113,1,149
5069,ORD15068,PROD102,1,199
5070,ORD15069,PROD111,2,59
5071,ORD15070,PROD114,4,25
5072,ORD15071,PROD112,4,199
5073,ORD15072,PROD104,2,120
5074,ORD15073,PROD106,2,99
5075,ORD15074,PROD100,3,999
5076,ORD15075,PROD103,4,59
5077,ORD15076,PROD107,5,399
5078,ORD15077,PROD107,5,399
5079,ORD15078,PROD105,1,110
5080,ORD15079,PROD100,4,999
5081,ORD15080,PROD114,1,25
5082,ORD15081,PROD111,3,59
5083,ORD15082,PROD100,4,999
5084,ORD15083,PROD103,4,59
5085,ORD15084,PROD107,2,399
5086,ORD15085,PROD109,1,129
5087,ORD15086,PROD101,4,899
5088,ORD15087,PROD102,1,199
5089,ORD15088,PROD108,3,229
5090,ORD15089,PROD105,4,110
5091,ORD15090,PROD106,3,99
5092,ORD15091,PROD110,4,80
5093,ORD15092,PROD100,4,999
5094,ORD15093,PROD106,4,99
5095,ORD15094,PROD113,4,149
5096,ORD15095,PROD108,2,229
5097,ORD15096,PROD107,4,399
5098,ORD15097,PROD114,3,25
5099,ORD15098,PROD107,1,399
5100,ORD15099,PROD107,4,399
5101,ORD15100,PROD109,5,129
5102,ORD15101,PROD107,3,399
5103,ORD15102,PROD111,5,59
5104,ORD15103,PROD104,4,120
5105,ORD15104,PROD102,3,199
5106,ORD15105,PROD105,1,110
5107,ORD15106,PROD103,1,59
5108,ORD15107,PROD103,4,59
5109,ORD15108,PROD111,2,59
5110,ORD15109,PROD105,3,110
5111,ORD15110,PROD110,4,80
5112,ORD15111,PROD102,3,199
5113,ORD15112,PROD108,4,229
5114,ORD15113,PROD106,4,99
5115,ORD15114,PROD106,3,99
5116,ORD15115,PROD109,3,129
5117,ORD15116,PROD109,4,129
5118,ORD15117,PROD112,5,199
5119,ORD15118,PROD102,4,199
5120,ORD15119,PROD110,5,80
5121,ORD15120,PROD114,3,25
5122,ORD15121,PROD103,5,59
5123,ORD15122,PROD107,2,399
5124,ORD15123,PROD109,5,129
5125,ORD15124,PROD105,1,110
5126,ORD15125,PROD101,5,899
5127,ORD15126,PROD111,1,59
5128,ORD15127,PROD112,2,199
5129,ORD15128,PROD112,4,199
5130,ORD15129,PROD107,4,399
5131,ORD15130,PROD106,1,99
5132,ORD15131,PROD114,2,25
5133,ORD15132,PROD114,1,25
5134,ORD15133,PROD104,1,120
5135,ORD15134,PROD100,1,999
5136,ORD15135,PROD105,4,110
5137,ORD15136,PROD102,4,199
5138,ORD15137,PROD107,3,399
5139,ORD15138,PROD112,3,199
5140,ORD15139,PROD107,5,399
5141,ORD15140,PROD113,1,149
5142,ORD15141,PROD108,2,229
5143,ORD15142,PROD113,3,149
5144,ORD15143,PROD104,1,120
5145,ORD15144,PROD106,5,99
5146,ORD15145,PROD114,1,25
5147,ORD15146,PROD101,1,899
5148,ORD15147,PROD113,5,149
5149,ORD15148,PROD111,3,59
5150,ORD15149,PROD107,4,399
5151,ORD15150,PROD101,4,899
5152,ORD15151,PROD113,5,149
5153,ORD15152,PROD105,4,110
5154,ORD15153,PROD103,2,59
5155,ORD15154,PROD107,4,399
5156,ORD15155,PROD114,5,25
5157,ORD15156,PROD108,2,229
5158,ORD15157,PROD114,1,25
5159,ORD15158,PROD107,5,399
5160,ORD15159,PROD102,1,199
5161,ORD15160,PROD100,1,999
5162,ORD15161,PROD107,5,399
5163,ORD15162,PROD108,5,229
5164,ORD15163,PROD107,1,399
5165,ORD15164,PROD104,1,120
5166,ORD15165,PROD102,1,199
5167,ORD15166,PROD108,1,229
5168,ORD15167,PROD103,1,59
5169,ORD15168,PROD107,3,399
5170,ORD15169,PROD106,4,99
5171,ORD15170,PROD111,5,59
5172,ORD15171,PROD104,1,120
5173,ORD15172,PROD112,3,199
5174,ORD15173,PROD114,5,25
5175,ORD15174,PROD112,2,199
5176,ORD15175,PROD114,5,25
5177,ORD15176,PROD107,1,399
5178,ORD15177,PROD103,2,59
5179,ORD15178,PROD114,5,25
5180,ORD15179,PROD111,1,59
5181,ORD15180,PROD112,1,199
5182,ORD15181,PROD111,4,59
5183,ORD15182,PROD106,2,99
5184,ORD15183,PROD113,1,149
5185,ORD15184,PROD101,1,899
5186,ORD15185,PROD114,1,25
5187,ORD15186,PROD105,5,110
5188,ORD15187,PROD101,1,899
5189,ORD15188,PROD104,5,120
5190,ORD15189,PROD111,4,59
5191,ORD15190,PROD106,1,99
5192,ORD15191,PROD104,5,120
5193,ORD15192,PROD106,4,99
5194,ORD15193,PROD104,5,120
5195,ORD15194,PROD111,2,59
5196,ORD15195,PROD105,5,110
5197,ORD15196,PROD104,3,120
5198,ORD15197,PROD105,1,110
5199,ORD15198,PROD110,2,80
5200,ORD15199,PROD104,2,120
5201,ORD15200,PROD110,2,80
5202,ORD15201,PROD111,1,59
5203,ORD15202,PROD109,3,129
5204,ORD15203,PROD101,3,899
5205,ORD15204,PROD109,4,129
5206,ORD15205,PROD105,3,110
5207,ORD15206,PROD113,5,149
5208,ORD15207,PROD103,3,59
5209,ORD15208,PROD111,3,59
5210,ORD15209,PROD103,3,59
5211,ORD15210,PROD104,5,120
5212,ORD15211,PROD100,4,999
5213,ORD15212,PROD107,2,399
5214,ORD15213,PROD112,2,199
5215,ORD15214,PROD114,3,25
5216,ORD15215,PROD106,2,99
5217,ORD15216,PROD103,3,59
5218,ORD15217,PROD107,2,399
5219,ORD15218,PROD114,5,25
5220,ORD15219,PROD111,2,59
5221,ORD15220,PROD111,1,59
5222,ORD15221,PROD102,4,199
5223,ORD15222,PROD113,3,149
5224,ORD15223,PROD101,2,899
5225,ORD15224,PROD105,2,110
5226,ORD15225,PROD109,1,129
5227,ORD15226,PROD109,2,129
5228,ORD15227,PROD112,4,199
5229,ORD15228,PROD101,1,899
5230,ORD15229,PROD107,1,399
5231,ORD15230,PROD102,3,199
5232,ORD15231,PROD110,1,80
5233,ORD15232,PROD109,1,129
5234,ORD15233,PROD102,3,199
5235,ORD15234,PROD113,1,149
5236,ORD15235,PROD103,3,59
5237,ORD15236,PROD103,2,59
5238,ORD15237,PROD107,5,399
5239,ORD15238,PROD102,5,199
5240,ORD15239,PROD106,2,99
5241,ORD15240,PROD100,3,999
5242,ORD15241,PROD114,4,25
5243,ORD15242,PROD102,4,199
5244,ORD15243,PROD106,1,99
5245,ORD15244,PROD104,4,120
5246,ORD15245,PROD104,4,120
5247,ORD15246,PROD106,1,99
5248,ORD15247,PROD103,5,59
5249,ORD15248,PROD104,3,120
5250,ORD15249,PROD104,1,120
5251,ORD15250,PROD106,3,99
5252,ORD15251,PROD106,3,99
5253,ORD15252,PROD101,2,899
5254,ORD15253,PROD107,2,399
5255,ORD15254,PROD105,3,110
5256,ORD15255,PROD111,1,59
5257,ORD15256,PROD103,3,59
5258,ORD15257,PROD113,2,149
5259,ORD15258,PROD103,4,59
5260,ORD15259,PROD113,2,149
5261,ORD15260,PROD101,2,899
5262,ORD15261,PROD100,5,999
5263,ORD15262,PROD112,2,199
5264,ORD15263,PROD110,4,80
5265,ORD15264,PROD113,2,149
5266,ORD15265,PROD111,3,59
5267,ORD15266,PROD109,4,129
5268,ORD15267,PROD100,5,999
5269,ORD15268,PROD104,3,120
5270,ORD15269,PROD114,2,25
5271,ORD15270,PROD112,5,199
5272,ORD15271,PROD102,2,199
5273,ORD15272,PROD100,5,999
5274,ORD15273,PROD105,4,110
5275,ORD15274,PROD110,3,80
5276,ORD15275,PROD113,5,149
5277,ORD15276,PROD109,3,129
5278,ORD15277,PROD105,4,110
5279,ORD15278,PROD114,4,25
5280,ORD15279,PROD102,3,199
5281,ORD15280,PROD107,2,399
5282,ORD15281,PROD106,1,99
5283,ORD15282,PROD104,2,120
5284,ORD15283,PROD108,3,229
5285,ORD15284,PROD114,4,25
5286,ORD15285,PROD113,3,149
5287,ORD15286,PROD109,2,129
5288,ORD15287,PROD105,5,110
5289,ORD15288,PROD108,4,229
5290,ORD15289,PROD102,2,199
5291,ORD15290,PROD106,2,99
5292,ORD15291,PROD109,4,129
5293,ORD15292,PROD113,3,149
5294,ORD15293,PROD104,3,120
5295,ORD15294,PROD102,5,199
5296,ORD15295,PROD100,4,999
5297,ORD15296,PROD113,2,149
5298,ORD15297,PROD113,5,149
5299,ORD15298,PROD107,2,399
5300,ORD15299,PROD103,4,59
5301,ORD15300,PROD101,1,899
5302,ORD15301,PROD113,4,149
5303,ORD15302,PROD103,3,59
5304,ORD15303,PROD108,1,229
5305,ORD15304,PROD104,5,120
5306,ORD15305,PROD109,3,129
5307,ORD15306,PROD112,5,199
5308,ORD15307,PROD111,4,59
5309,ORD15308,PROD109,1,129
5310,ORD15309,PROD109,5,129
5311,ORD15310,PROD112,5,199
5312,ORD15311,PROD101,3,899
5313,ORD15312,PROD111,5,59
5314,ORD15313,PROD112,3,199
5315,ORD15314,PROD106,5,99
5316,ORD15315,PROD102,1,199
5317,ORD15316,PROD100,1,999
5318,ORD15317,PROD114,4,25
5319,ORD15318,PROD103,1,59
5320,ORD15319,PROD111,5,59
5321,ORD15320,PROD114,2,25
5322,ORD15321,PROD106,3,99
5323,ORD15322,PROD114,2,25
5324,ORD15323,PROD114,5,25
5325,ORD15324,PROD107,3,399
5326,ORD15325,PROD110,1,80
5327,ORD15326,PROD102,4,199
5328,ORD15327,PROD110,5,80
5329,ORD15328,PROD110,3,80
5330,ORD15329,PROD108,4,229
5331,ORD15330,PROD106,2,99
5332,ORD15331,PROD100,1,999
5333,ORD15332,PROD106,4,99
5334,ORD15333,PROD111,4,59
5335,ORD15334,PROD105,2,110
5336,ORD15335,PROD114,2,25
5337,ORD15336,PROD110,4,80
5338,ORD15337,PROD103,5,59
5339,ORD15338,PROD108,5,229
5340,ORD15339,PROD110,1,80
5341,ORD15340,PROD100,3,999
5342,ORD15341,PROD110,3,80
5343,ORD15342,PROD107,3,399
5344,ORD15343,PROD110,1,80
5345,ORD15344,PROD106,3,99
5346,ORD15345,PROD109,4,129
5347,ORD15346,PROD112,5,199
5348,ORD15347,PROD112,1,199
5349,ORD15348,PROD106,1,99
5350,ORD15349,PROD107,4,399
5351,ORD15350,PROD110,2,80
5352,ORD15351,PROD112,4,199
5353,ORD15352,PROD103,4,59
5354,ORD15353,PROD110,3,80
5355,ORD15354,PROD103,5,59
5356,ORD15355,PROD111,4,59
5357,ORD15356,PROD112,3,199
5358,ORD15357,PROD105,5,110
5359,ORD15358,PROD105,3,110
5360,ORD15359,PROD109,1,129
5361,ORD15360,PROD111,4,59
5362,ORD15361,PROD102,1,199
5363,ORD15362,PROD111,5,59
5364,ORD15363,PROD103,3,59
5365,ORD15364,PROD114,5,25
5366,ORD15365,PROD100,3,999
5367,ORD15366,PROD114,3,25
5368,ORD15367,PROD100,2,999
5369,ORD15368,PROD106,5,99
5370,ORD15369,PROD101,5,899
5371,ORD15370,PROD105,3,110
5372,ORD15371,PROD112,2,199
5373,ORD15372,PROD110,5,80
5374,ORD15373,PROD109,2,129
5375,ORD15374,PROD102,5,199
5376,ORD15375,PROD102,4,199
5377,ORD15376,PROD114,4,25
5378,ORD15377,PROD110,5,80
5379,ORD15378,PROD102,2,199
5380,ORD15379,PROD112,3,199
5381,ORD15380,PROD113,3,149
5382,ORD15381,PROD103,5,59
5383,ORD15382,PROD114,5,25
5384,ORD15383,PROD110,4,80
5385,ORD15384,PROD109,3,129
5386,ORD15385,PROD109,2,129
5387,ORD15386,PROD100,3,999
5388,ORD15387,PROD104,3,120
5389,ORD15388,PROD103,2,59
5390,ORD15389,PROD108,5,229
5391,ORD15390,PROD112,5,199
5392,ORD15391,PROD113,3,149
5393,ORD15392,PROD113,2,149
5394,ORD15393,PROD108,4,229
5395,ORD15394,PROD107,3,399
5396,ORD15395,PROD102,2,199
5397,ORD15396,PROD111,3,59
5398,ORD15397,PROD111,2,59
5399,ORD15398,PROD100,1,999
5400,ORD15399,PROD114,3,25
5401,ORD15400,PROD100,1,999
5402,ORD15401,PROD108,1,229
5403,ORD15402,PROD106,4,99
5404,ORD15403,PROD103,1,59
5405,ORD15404,PROD106,5,99
5406,ORD15405,PROD113,5,149
5407,ORD15406,PROD112,4,199
5408,ORD15407,PROD109,4,129
5409,ORD15408,PROD101,4,899
5410,ORD15409,PROD103,3,59
5411,ORD15410,PROD100,5,999
5412,ORD15411,PROD110,3,80
5413,ORD15412,PROD112,3,199
5414,ORD15413,PROD103,4,59
5415,ORD15414,PROD101,3,899
5416,ORD15415,PROD110,3,80
5417,ORD15416,PROD106,5,99
5418,ORD15417,PROD106,3,99
5419,ORD15418,PROD102,4,199
5420,ORD15419,PROD105,1,110
5421,ORD15420,PROD110,1,80
5422,ORD15421,PROD106,4,99
5423,ORD15422,PROD109,1,129
5424,ORD15423,PROD114,5,25
5425,ORD15424,PROD108,1,229
5426,ORD15425,PROD110,4,80
5427,ORD15426,PROD112,1,199
5428,ORD15427,PROD113,5,149
5429,ORD15428,PROD101,2,899
5430,ORD15429,PROD109,1,129
5431,ORD15430,PROD103,5,59
5432,ORD15431,PROD114,3,25
5433,ORD15432,PROD107,4,399
5434,ORD15433,PROD105,2,110
5435,ORD15434,PROD112,5,199
5436,ORD15435,PROD109,2,129
5437,ORD15436,PROD113,3,149
5438,ORD15437,PROD106,4,99
5439,ORD15438,PROD105,1,110
5440,ORD15439,PROD112,4,199
5441,ORD15440,PROD112,2,199
5442,ORD15441,PROD105,5,110
5443,ORD15442,PROD112,1,199
5444,ORD15443,PROD102,1,199
5445,ORD15444,PROD106,3,99
5446,ORD15445,PROD100,5,999
5447,ORD15446,PROD112,4,199
5448,ORD15447,PROD107,3,399
5449,ORD15448,PROD101,2,899
5450,ORD15449,PROD103,4,59
5451,ORD15450,PROD101,5,899
5452,ORD15451,PROD103,3,59
5453,ORD15452,PROD107,2,399
5454,ORD15453,PROD107,5,399
5455,ORD15454,PROD106,1,99
5456,ORD15455,PROD113,2,149
5457,ORD15456,PROD111,3,59
5458,ORD15457,PROD100,4,999
5459,ORD15458,PROD102,5,199
5460,ORD15459,PROD103,5,59
5461,ORD15460,PROD114,4,25
5462,ORD15461,PROD110,3,80
5463,ORD15462,PROD100,3,999
5464,ORD15463,PROD108,4,229
5465,ORD15464,PROD108,5,229
5466,ORD15465,PROD104,1,120
5467,ORD15466,PROD105,3,110
5468,ORD15467,PROD104,1,120
5469,ORD15468,PROD112,3,199
5470,ORD15469,PROD108,2,229
5471,ORD15470,PROD101,4,899
5472,ORD15471,PROD111,3,59
5473,ORD15472,PROD110,5,80
5474,ORD15473,PROD111,4,59
5475,ORD15474,PROD114,3,25
5476,ORD15475,PROD109,4,129
5477,ORD15476,PROD104,5,120
5478,ORD15477,PROD110,3,80
5479,ORD15478,PROD112,4,199
5480,ORD15479,PROD105,5,110
5481,ORD15480,PROD102,4,199
5482,ORD15481,PROD107,4,399
5483,ORD15482,PROD102,4,199
5484,ORD15483,PROD110,5,80
5485,ORD15484,PROD101,2,899
5486,ORD15485,PROD113,5,149
5487,ORD15486,PROD104,4,120
5488,ORD15487,PROD109,2,129
5489,ORD15488,PROD108,4,229
5490,ORD15489,PROD102,2,199
5491,ORD15490,PROD104,1,120
5492,ORD15491,PROD102,3,199
5493,ORD15492,PROD108,2,229
5494,ORD15493,PROD112,3,199
5495,ORD15494,PROD110,5,80
5496,ORD15495,PROD109,1,129
5497,ORD15496,PROD109,5,129
5498,ORD15497,PROD104,3,120
5499,ORD15498,PROD113,5,149
5500,ORD15499,PROD109,1,129
5501,ORD15500,PROD103,1,59
5502,ORD15501,PROD109,5,129
5503,ORD15502,PROD110,5,80
5504,ORD15503,PROD113,5,149
5505,ORD15504,PROD103,5,59
5506,ORD15505,PROD113,2,149
5507,ORD15506,PROD102,3,199
5508,ORD15507,PROD108,3,229
5509,ORD15508,PROD103,4,59
5510,ORD15509,PROD112,2,199
5511,ORD15510,PROD111,5,59
5512,ORD15511,PROD112,5,199
5513,ORD15512,PROD111,4,59
5514,ORD15513,PROD107,4,399
5515,ORD15514,PROD104,1,120
5516,ORD15515,PROD105,3,110
5517,ORD15516,PROD106,2,99
5518,ORD15517,PROD106,4,99
5519,ORD15518,PROD113,2,149
5520,ORD15519,PROD107,2,399
5521,ORD15520,PROD113,5,149
5522,ORD15521,PROD103,5,59
5523,ORD15522,PROD100,5,999
5524,ORD15523,PROD111,1,59
5525,ORD15524,PROD105,4,110
5526,ORD15525,PROD104,2,120
5527,ORD15526,PROD103,2,59
5528,ORD15527,PROD107,5,399
5529,ORD15528,PROD114,5,25
5530,ORD15529,PROD108,4,229
5531,ORD15530,PROD108,5,229
5532,ORD15531,PROD113,1,149
5533,ORD15532,PROD108,3,229
5534,ORD15533,PROD105,3,110
5535,ORD15534,PROD106,5,99
5536,ORD15535,PROD106,4,99
5537,ORD15536,PROD111,2,59
5538,ORD15537,PROD113,1,149
5539,ORD15538,PROD113,1,149
5540,ORD15539,PROD109,4,129
5541,ORD15540,PROD111,3,59
5542,ORD15541,PROD110,1,80
5543,ORD15542,PROD110,4,80
5544,ORD15543,PROD111,1,59
5545,ORD15544,PROD102,3,199
5546,ORD15545,PROD111,4,59
5547,ORD15546,PROD113,1,149
5548,ORD15547,PROD100,5,999
5549,ORD15548,PROD110,3,80
5550,ORD15549,PROD113,2,149
5551,ORD15550,PROD104,2,120
5552,ORD15551,PROD103,2,59
5553,ORD15552,PROD111,5,59
5554,ORD15553,PROD106,1,99
5555,ORD15554,PROD112,3,199
5556,ORD15555,PROD104,4,120
5557,ORD15556,PROD111,3,59
5558,ORD15557,PROD102,4,199
5559,ORD15558,PROD106,2,99
5560,ORD15559,PROD112,5,199
5561,ORD15560,PROD110,1,80
5562,ORD15561,PROD103,5,59
5563,ORD15562,PROD108,2,229
5564,ORD15563,PROD111,1,59
5565,ORD15564,PROD114,3,25
5566,ORD15565,PROD109,3,129
5567,ORD15566,PROD103,4,59
5568,ORD15567,PROD110,5,80
5569,ORD15568,PROD111,4,59
5570,ORD15569,PROD103,3,59
5571,ORD15570,PROD113,4,149
5572,ORD15571,PROD108,1,229
5573,ORD15572,PROD105,4,110
5574,ORD15573,PROD108,2,229
5575,ORD15574,PROD102,5,199
5576,ORD15575,PROD113,5,149
5577,ORD15576,PROD101,3,899
5578,ORD15577,PROD113,4,149
5579,ORD15578,PROD101,2,899
5580,ORD15579,PROD108,3,229
5581,ORD15580,PROD111,5,59
5582,ORD15581,PROD106,5,99
5583,ORD15582,PROD105,5,110
5584,ORD15583,PROD111,3,59
5585,ORD15584,PROD103,4,59
5586,ORD15585,PROD113,2,149
5587,ORD15586,PROD100,3,999
5588,ORD15587,PROD104,2,120
5589,ORD15588,PROD100,5,999
5590,ORD15589,PROD105,1,110
5591,ORD15590,PROD104,3,120
5592,ORD15591,PROD112,5,199
5593,ORD15592,PROD111,1,59
5594,ORD15593,PROD100,2,999
5595,ORD15594,PROD109,5,129
5596,ORD15595,PROD103,5,59
5597,ORD15596,PROD112,5,199
5598,ORD15597,PROD102,1,199
5599,ORD15598,PROD108,3,229
5600,ORD15599,PROD110,1,80
5601,ORD15600,PROD107,2,399
5602,ORD15601,PROD112,2,199
5603,ORD15602,PROD108,3,229
5604,ORD15603,PROD103,3,59
5605,ORD15604,PROD104,5,120
5606,ORD15605,PROD102,2,199
5607,ORD15606,PROD103,2,59
5608,ORD15607,PROD110,4,80
5609,ORD15608,PROD101,3,899
5610,ORD15609,PROD110,5,80
5611,ORD15610,PROD105,4,110
5612,ORD15611,PROD111,1,59
5613,ORD15612,PROD104,2,120
5614,ORD15613,PROD100,1,999
5615,ORD15614,PROD101,4,899
5616,ORD15615,PROD111,5,59
5617,ORD15616,PROD101,1,899
5618,ORD15617,PROD106,3,99
5619,ORD15618,PROD105,1,110
5620,ORD15619,PROD103,5,59
5621,ORD15620,PROD114,3,25
5622,ORD15621,PROD110,2,80
5623,ORD15622,PROD103,5,59
5624,ORD15623,PROD105,2,110
5625,ORD15624,PROD106,4,99
5626,ORD15625,PROD104,4,120
5627,ORD15626,PROD113,3,149
5628,ORD15627,PROD107,5,399
5629,ORD15628,PROD109,1,129
5630,ORD15629,PROD106,5,99
5631,ORD15630,PROD103,3,59
5632,ORD15631,PROD111,1,59
5633,ORD15632,PROD108,1,229
5634,ORD15633,PROD111,4,59
5635,ORD15634,PROD100,5,999
5636,ORD15635,PROD104,4,120
5637,ORD15636,PROD112,2,199
5638,ORD15637,PROD101,2,899
5639,ORD15638,PROD109,1,129
5640,ORD15639,PROD108,5,229
5641,ORD15640,PROD101,3,899
5642,ORD15641,PROD110,2,80
5643,ORD15642,PROD100,5,999
5644,ORD15643,PROD109,4,129
5645,ORD15644,PROD104,3,120
5646,ORD15645,PROD103,2,59
5647,ORD15646,PROD105,3,110
5648,ORD15647,PROD112,5,199
5649,ORD15648,PROD101,5,899
5650,ORD15649,PROD104,4,120
5651,ORD15650,PROD101,2,899
5652,ORD15651,PROD102,1,199
5653,ORD15652,PROD106,1,99
5654,ORD15653,PROD108,5,229
5655,ORD15654,PROD109,3,129
5656,ORD15655,PROD103,4,59
5657,ORD15656,PROD100,2,999
5658,ORD15657,PROD112,5,199
5659,ORD15658,PROD109,5,129
5660,ORD15659,PROD109,3,129
5661,ORD15660,PROD104,5,120
5662,ORD15661,PROD105,3,110
5663,ORD15662,PROD114,2,25
5664,ORD15663,PROD110,1,80
5665,ORD15664,PROD104,2,120
5666,ORD15665,PROD112,1,199
5667,ORD15666,PROD100,1,999
5668,ORD15667,PROD104,2,120
5669,ORD15668,PROD102,2,199
5670,ORD15669,PROD103,1,59
5671,ORD15670,PROD113,4,149
5672,ORD15671,PROD110,4,80
5673,ORD15672,PROD105,5,110
5674,ORD15673,PROD110,4,80
5675,ORD15674,PROD109,5,129
5676,ORD15675,PROD101,3,899
5677,ORD15676,PROD110,2,80
5678,ORD15677,PROD101,3,899
5679,ORD15678,PROD113,2,149
5680,ORD15679,PROD103,5,59
5681,ORD15680,PROD108,2,229
5682,ORD15681,PROD103,3,59
5683,ORD15682,PROD113,3,149
5684,ORD15683,PROD108,2,229
5685,ORD15684,PROD112,2,199
5686,ORD15685,PROD106,5,99
5687,ORD15686,PROD104,5,120
5688,ORD15687,PROD110,4,80
5689,ORD15688,PROD109,2,129
5690,ORD15689,PROD110,5,80
5691,ORD15690,PROD114,1,25
5692,ORD15691,PROD106,4,99
5693,ORD15692,PROD109,5,129
5694,ORD15693,PROD114,2,25
5695,ORD15694,PROD110,5,80
5696,ORD15695,PROD109,1,129
5697,ORD15696,PROD105,3,110
5698,ORD15697,PROD106,1,99
5699,ORD15698,PROD100,5,999
5700,ORD15699,PROD109,3,129
5701,ORD15700,PROD100,1,999
5702,ORD15701,PROD100,4,999
5703,ORD15702,PROD111,4,59
5704,ORD15703,PROD105,2,110
5705,ORD15704,PROD102,1,199
5706,ORD15705,PROD101,4,899
5707,ORD15706,PROD111,5,59
5708,ORD15707,PROD100,1,999
5709,ORD15708,PROD100,4,999
5710,ORD15709,PROD111,2,59
5711,ORD15710,PROD101,5,899
5712,ORD15711,PROD113,5,149
5713,ORD15712,PROD106,5,99
5714,ORD15713,PROD114,1,25
5715,ORD15714,PROD106,5,99
5716,ORD15715,PROD107,5,399
5717,ORD15716,PROD108,4,229
5718,ORD15717,PROD111,3,59
5719,ORD15718,PROD102,1,199
5720,ORD15719,PROD100,4,999
5721,ORD15720,PROD103,4,59
5722,ORD15721,PROD102,4,199
5723,ORD15722,PROD108,2,229
5724,ORD15723,PROD112,3,199
5725,ORD15724,PROD102,5,199
5726,ORD15725,PROD104,5,120
5727,ORD15726,PROD104,5,120
5728,ORD15727,PROD100,2,999
5729,ORD15728,PROD108,4,229
5730,ORD15729,PROD102,4,199
5731,ORD15730,PROD101,3,899
5732,ORD15731,PROD113,3,149
5733,ORD15732,PROD105,4,110
5734,ORD15733,PROD110,1,80
5735,ORD15734,PROD100,3,999
5736,ORD15735,PROD100,1,999
5737,ORD15736,PROD102,2,199
5738,ORD15737,PROD105,2,110
5739,ORD15738,PROD105,1,110
5740,ORD15739,PROD103,5,59
5741,ORD15740,PROD100,1,999
5742,ORD15741,PROD101,5,899
5743,ORD15742,PROD112,2,199
5744,ORD15743,PROD105,1,110
5745,ORD15744,PROD105,3,110
5746,ORD15745,PROD104,3,120
5747,ORD15746,PROD113,1,149
5748,ORD15747,PROD107,4,399
5749,ORD15748,PROD110,3,80
5750,ORD15749,PROD114,2,25
5751,ORD15750,PROD114,1,25
5752,ORD15751,PROD110,1,80
5753,ORD15752,PROD106,3,99
5754,ORD15753,PROD114,4,25
5755,ORD15754,PROD109,2,129
5756,ORD15755,PROD102,1,199
5757,ORD15756,PROD111,1,59
5758,ORD15757,PROD104,4,120
5759,ORD15758,PROD114,4,25
5760,ORD15759,PROD112,3,199
5761,ORD15760,PROD110,3,80
5762,ORD15761,PROD108,1,229
5763,ORD15762,PROD114,4,25
5764,ORD15763,PROD110,5,80
5765,ORD15764,PROD103,2,59
5766,ORD15765,PROD100,3,999
5767,ORD15766,PROD105,2,110
5768,ORD15767,PROD113,4,149
5769,ORD15768,PROD106,5,99
5770,ORD15769,PROD102,5,199
5771,ORD15770,PROD104,5,120
5772,ORD15771,PROD113,2,149
5773,ORD15772,PROD100,4,999
5774,ORD15773,PROD106,2,99
5775,ORD15774,PROD102,3,199
5776,ORD15775,PROD110,4,80
5777,ORD15776,PROD101,4,899
5778,ORD15777,PROD100,5,999
5779,ORD15778,PROD111,4,59
5780,ORD15779,PROD104,5,120
5781,ORD15780,PROD114,3,25
5782,ORD15781,PROD106,5,99
5783,ORD15782,PROD113,3,149
5784,ORD15783,PROD109,3,129
5785,ORD15784,PROD103,4,59
5786,ORD15785,PROD106,5,99
5787,ORD15786,PROD111,1,59
5788,ORD15787,PROD111,2,59
5789,ORD15788,PROD104,3,120
5790,ORD15789,PROD101,3,899
5791,ORD15790,PROD105,5,110
5792,ORD15791,PROD102,2,199
5793,ORD15792,PROD109,4,129
5794,ORD15793,PROD104,1,120
5795,ORD15794,PROD111,4,59
5796,ORD15795,PROD114,4,25
5797,ORD15796,PROD108,1,229
5798,ORD15797,PROD108,3,229
5799,ORD15798,PROD103,5,59
5800,ORD15799,PROD107,4,399
5801,ORD15800,PROD110,2,80
5802,ORD15801,PROD100,1,999
5803,ORD15802,PROD106,1,99
5804,ORD15803,PROD101,2,899
5805,ORD15804,PROD112,3,199
5806,ORD15805,PROD107,4,399
5807,ORD15806,PROD112,5,199
5808,ORD15807,PROD105,3,110
5809,ORD15808,PROD104,1,120
5810,ORD15809,PROD112,1,199
5811,ORD15810,PROD106,2,99
5812,ORD15811,PROD100,2,999
5813,ORD15812,PROD102,2,199
5814,ORD15813,PROD110,2,80
5815,ORD15814,PROD114,1,25
5816,ORD15815,PROD109,4,129
5817,ORD15816,PROD102,1,199
5818,ORD15817,PROD102,1,199
5819,ORD15818,PROD108,3,229
5820,ORD15819,PROD112,5,199
5821,ORD15820,PROD110,5,80
5822,ORD15821,PROD108,4,229
5823,ORD15822,PROD105,2,110
5824,ORD15823,PROD114,5,25
5825,ORD15824,PROD113,2,149
5826,ORD15825,PROD108,5,229
5827,ORD15826,PROD107,4,399
5828,ORD15827,PROD106,4,99
5829,ORD15828,PROD108,1,229
5830,ORD15829,PROD113,4,149
5831,ORD15830,PROD100,2,999
5832,ORD15831,PROD114,4,25
5833,ORD15832,PROD100,2,999
5834,ORD15833,PROD110,1,80
5835,ORD15834,PROD110,4,80
5836,ORD15835,PROD100,4,999
5837,ORD15836,PROD114,1,25
5838,ORD15837,PROD114,2,25
5839,ORD15838,PROD102,1,199
5840,ORD15839,PROD114,1,25
5841,ORD15840,PROD104,5,120
5842,ORD15841,PROD100,1,999
5843,ORD15842,PROD100,1,999
5844,ORD15843,PROD100,3,999
5845,ORD15844,PROD111,4,59
5846,ORD15845,PROD101,2,899
5847,ORD15846,PROD103,4,59
5848,ORD15847,PROD100,1,999
5849,ORD15848,PROD100,3,999
5850,ORD15849,PROD112,5,199
5851,ORD15850,PROD111,1,59
5852,ORD15851,PROD110,2,80
5853,ORD15852,PROD100,3,999
5854,ORD15853,PROD106,5,99
5855,ORD15854,PROD113,5,149
5856,ORD15855,PROD104,5,120
5857,ORD15856,PROD107,2,399
5858,ORD15857,PROD105,3,110
5859,ORD15858,PROD109,2,129
5860,ORD15859,PROD101,3,899
5861,ORD15860,PROD100,4,999
5862,ORD15861,PROD110,2,80
5863,ORD15862,PROD106,1,99
5864,ORD15863,PROD110,1,80
5865,ORD15864,PROD114,3,25
5866,ORD15865,PROD110,5,80
5867,ORD15866,PROD109,3,129
5868,ORD15867,PROD110,4,80
5869,ORD15868,PROD114,3,25
5870,ORD15869,PROD112,3,199
5871,ORD15870,PROD107,1,399
5872,ORD15871,PROD106,1,99
5873,ORD15872,PROD102,3,199
5874,ORD15873,PROD107,4,399
5875,ORD15874,PROD107,5,399
5876,ORD15875,PROD102,3,199
5877,ORD15876,PROD110,5,80
5878,ORD15877,PROD114,1,25
5879,ORD15878,PROD109,5,129
5880,ORD15879,PROD112,3,199
5881,ORD15880,PROD107,3,399
5882,ORD15881,PROD102,5,199
5883,ORD15882,PROD104,3,120
5884,ORD15883,PROD113,2,149
5885,ORD15884,PROD108,3,229
5886,ORD15885,PROD114,2,25
5887,ORD15886,PROD110,3,80
5888,ORD15887,PROD106,1,99
5889,ORD15888,PROD106,4,99
5890,ORD15889,PROD105,5,110
5891,ORD15890,PROD102,1,199
5892,ORD15891,PROD108,4,229
5893,ORD15892,PROD101,5,899
5894,ORD15893,PROD100,4,999
5895,ORD15894,PROD113,5,149
5896,ORD15895,PROD110,3,80
5897,ORD15896,PROD110,2,80
5898,ORD15897,PROD110,4,80
5899,ORD15898,PROD111,2,59
5900,ORD15899,PROD105,5,110
5901,ORD15900,PROD111,3,59
5902,ORD15901,PROD113,1,149
5903,ORD15902,PROD108,2,229
5904,ORD15903,PROD107,3,399
5905,ORD15904,PROD104,2,120
5906,ORD15905,PROD106,4,99
5907,ORD15906,PROD102,4,199
5908,ORD15907,PROD111,2,59
5909,ORD15908,PROD107,4,399
5910,ORD15909,PROD112,3,199
5911,ORD15910,PROD102,2,199
5912,ORD15911,PROD109,4,129
5913,ORD15912,PROD109,2,129
5914,ORD15913,PROD102,5,199
5915,ORD15914,PROD101,5,899
5916,ORD15915,PROD100,2,999
5917,ORD15916,PROD107,5,399
5918,ORD15917,PROD113,2,149
5919,ORD15918,PROD107,5,399
5920,ORD15919,PROD103,3,59
5921,ORD15920,PROD113,1,149
5922,ORD15921,PROD111,1,59
5923,ORD15922,PROD114,2,25
5924,ORD15923,PROD107,4,399
5925,ORD15924,PROD102,5,199
5926,ORD15925,PROD110,4,80
5927,ORD15926,PROD107,2,399
5928,ORD15927,PROD109,3,129
5929,ORD15928,PROD114,3,25
5930,ORD15929,PROD110,1,80
5931,ORD15930,PROD109,5,129
5932,ORD15931,PROD107,1,399
5933,ORD15932,PROD105,3,110
5934,ORD15933,PROD114,2,25
5935,ORD15934,PROD100,3,999
5936,ORD15935,PROD108,3,229
5937,ORD15936,PROD111,5,59
5938,ORD15937,PROD110,4,80
5939,ORD15938,PROD108,2,229
5940,ORD15939,PROD109,3,129
5941,ORD15940,PROD101,4,899
5942,ORD15941,PROD109,3,129
5943,ORD15942,PROD100,3,999
5944,ORD15943,PROD111,2,59
5945,ORD15944,PROD104,1,120
5946,ORD15945,PROD106,5,99
5947,ORD15946,PROD109,4,129
5948,ORD15947,PROD102,2,199
5949,ORD15948,PROD103,2,59
5950,ORD15949,PROD107,1,399
5951,ORD15950,PROD102,4,199
5952,ORD15951,PROD106,3,99
5953,ORD15952,PROD112,4,199
5954,ORD15953,PROD102,2,199
5955,ORD15954,PROD106,3,99
5956,ORD15955,PROD104,3,120
5957,ORD15956,PROD111,5,59
5958,ORD15957,PROD103,3,59
5959,ORD15958,PROD114,4,25
5960,ORD15959,PROD106,4,99
5961,ORD15960,PROD110,3,80
5962,ORD15961,PROD102,5,199
5963,ORD15962,PROD104,5,120
5964,ORD15963,PROD101,4,899
5965,ORD15964,PROD109,2,129
5966,ORD15965,PROD104,2,120
5967,ORD15966,PROD105,5,110
5968,ORD15967,PROD107,2,399
5969,ORD15968,PROD103,4,59
5970,ORD15969,PROD100,4,999
5971,ORD15970,PROD114,5,25
5972,ORD15971,PROD103,3,59
5973,ORD15972,PROD105,1,110
5974,ORD15973,PROD105,5,110
5975,ORD15974,PROD108,5,229
5976,ORD15975,PROD100,2,999
5977,ORD15976,PROD103,5,59
5978,ORD15977,PROD102,4,199
5979,ORD15978,PROD101,5,899
5980,ORD15979,PROD114,3,25
5981,ORD15980,PROD100,4,999
5982,ORD15981,PROD110,4,80
5983,ORD15982,PROD111,1,59
5984,ORD15983,PROD104,1,120
5985,ORD15984,PROD114,2,25
5986,ORD15985,PROD103,5,59
5987,ORD15986,PROD108,5,229
5988,ORD15987,PROD100,5,999
5989,ORD15988,PROD105,5,110
5990,ORD15989,PROD100,1,999
5991,ORD15990,PROD101,3,899
5992,ORD15991,PROD107,4,399
5993,ORD15992,PROD107,3,399
5994,ORD15993,PROD113,4,149
5995,ORD15994,PROD102,5,199
5996,ORD15995,PROD113,3,149
5997,ORD15996,PROD107,4,399
5998,ORD15997,PROD111,1,59
5999,ORD15998,PROD111,2,59
6000,ORD15999,PROD100,5,999
6001,ORD16000,PROD102,4,199
6002,ORD16001,PROD114,4,25
6003,ORD16002,PROD110,4,80
6004,ORD16003,PROD114,5,25
6005,ORD16004,PROD112,4,199
6006,ORD16005,PROD111,4,59
6007,ORD16006,PROD104,1,120
6008,ORD16007,PROD114,1,25
6009,ORD16008,PROD111,4,59
6010,ORD16009,PROD110,2,80
6011,ORD16010,PROD113,3,149
6012,ORD16011,PROD106,3,99
6013,ORD16012,PROD102,4,199
6014,ORD16013,PROD110,2,80
6015,ORD16014,PROD106,2,99
6016,ORD16015,PROD112,3,199
6017,ORD16016,PROD107,2,399
6018,ORD16017,PROD102,2,199
6019,ORD16018,PROD100,1,999
6020,ORD16019,PROD112,3,199
6021,ORD16020,PROD112,4,199
6022,ORD16021,PROD106,5,99
6023,ORD16022,PROD111,4,59
6024,ORD16023,PROD107,2,399
6025,ORD16024,PROD101,3,899
6026,ORD16025,PROD106,1,99
6027,ORD16026,PROD113,4,149
6028,ORD16027,PROD106,5,99
6029,ORD16028,PROD100,3,999
6030,ORD16029,PROD109,2,129
6031,ORD16030,PROD103,1,59
6032,ORD16031,PROD111,2,59
6033,ORD16032,PROD108,5,229
6034,ORD16033,PROD110,1,80
6035,ORD16034,PROD104,5,120
6036,ORD16035,PROD112,4,199
6037,ORD16036,PROD112,5,199
6038,ORD16037,PROD113,3,149
6039,ORD16038,PROD102,4,199
6040,ORD16039,PROD101,3,899
6041,ORD16040,PROD111,4,59
6042,ORD16041,PROD101,3,899
6043,ORD16042,PROD106,3,99
6044,ORD16043,PROD108,3,229
6045,ORD16044,PROD101,4,899
6046,ORD16045,PROD100,1,999
6047,ORD16046,PROD102,3,199
6048,ORD16047,PROD104,3,120
6049,ORD16048,PROD112,4,199
6050,ORD16049,PROD113,3,149
6051,ORD16050,PROD103,2,59
6052,ORD16051,PROD109,4,129
6053,ORD16052,PROD105,1,110
6054,ORD16053,PROD114,1,25
6055,ORD16054,PROD103,4,59
6056,ORD16055,PROD111,4,59
6057,ORD16056,PROD102,5,199
6058,ORD16057,PROD102,5,199
6059,ORD16058,PROD106,3,99
6060,ORD16059,PROD103,4,59
6061,ORD16060,PROD106,1,99
6062,ORD16061,PROD101,4,899
6063,ORD16062,PROD105,5,110
6064,ORD16063,PROD101,3,899
6065,ORD16064,PROD114,5,25
6066,ORD16065,PROD102,2,199
6067,ORD16066,PROD111,1,59
6068,ORD16067,PROD103,5,59
6069,ORD16068,PROD105,2,110
6070,ORD16069,PROD107,3,399
6071,ORD16070,PROD106,1,99
6072,ORD16071,PROD103,5,59
6073,ORD16072,PROD105,5,110
6074,ORD16073,PROD106,5,99
6075,ORD16074,PROD109,5,129
6076,ORD16075,PROD113,1,149
6077,ORD16076,PROD101,1,899
6078,ORD16077,PROD108,3,229
6079,ORD16078,PROD111,1,59
6080,ORD16079,PROD101,4,899
6081,ORD16080,PROD107,3,399
6082,ORD16081,PROD103,5,59
6083,ORD16082,PROD104,3,120
6084,ORD16083,PROD101,2,899
6085,ORD16084,PROD106,4,99
6086,ORD16085,PROD113,2,149
6087,ORD16086,PROD110,3,80
6088,ORD16087,PROD102,5,199
6089,ORD16088,PROD110,1,80
6090,ORD16089,PROD103,3,59
6091,ORD16090,PROD109,5,129
6092,ORD16091,PROD105,1,110
6093,ORD16092,PROD105,3,110
6094,ORD16093,PROD108,2,229
6095,ORD16094,PROD110,3,80
6096,ORD16095,PROD105,2,110
6097,ORD16096,PROD113,2,149
6098,ORD16097,PROD103,1,59
6099,ORD16098,PROD105,1,110
6100,ORD16099,PROD113,5,149
6101,ORD16100,PROD107,2,399
6102,ORD16101,PROD114,4,25
6103,ORD16102,PROD113,5,149
6104,ORD16103,PROD104,1,120
6105,ORD16104,PROD100,3,999
6106,ORD16105,PROD106,4,99
6107,ORD16106,PROD114,5,25
6108,ORD16107,PROD102,2,199
6109,ORD16108,PROD102,1,199
6110,ORD16109,PROD111,2,59
6111,ORD16110,PROD101,4,899
6112,ORD16111,PROD107,2,399
6113,ORD16112,PROD109,1,129
6114,ORD16113,PROD105,4,110
6115,ORD16114,PROD102,1,199
6116,ORD16115,PROD101,1,899
6117,ORD16116,PROD111,1,59
6118,ORD16117,PROD105,5,110
6119,ORD16118,PROD111,4,59
6120,ORD16119,PROD105,2,110
6121,ORD16120,PROD110,2,80
6122,ORD16121,PROD113,2,149
6123,ORD16122,PROD108,4,229
6124,ORD16123,PROD103,1,59
6125,ORD16124,PROD114,4,25
6126,ORD16125,PROD105,5,110
6127,ORD16126,PROD113,1,149
6128,ORD16127,PROD104,1,120
6129,ORD16128,PROD109,2,129
6130,ORD16129,PROD113,2,149
6131,ORD16130,PROD110,1,80
6132,ORD16131,PROD109,4,129
6133,ORD16132,PROD108,3,229
6134,ORD16133,PROD109,4,129
6135,ORD16134,PROD112,2,199
6136,ORD16135,PROD102,3,199
6137,ORD16136,PROD113,2,149
6138,ORD16137,PROD109,1,129
6139,ORD16138,PROD111,5,59
6140,ORD16139,PROD103,5,59
6141,ORD16140,PROD100,4,999
6142,ORD16141,PROD111,4,59
6143,ORD16142,PROD114,4,25
6144,ORD16143,PROD104,2,120
6145,ORD16144,PROD105,1,110
6146,ORD16145,PROD108,3,229
6147,ORD16146,PROD102,2,199
6148,ORD16147,PROD112,2,199
6149,ORD16148,PROD114,1,25
6150,ORD16149,PROD106,1,99
6151,ORD16150,PROD101,2,899
6152,ORD16151,PROD112,3,199
6153,ORD16152,PROD114,3,25
6154,ORD16153,PROD102,2,199
6155,ORD16154,PROD107,2,399
6156,ORD16155,PROD114,3,25
6157,ORD16156,PROD103,1,59
6158,ORD16157,PROD111,2,59
6159,ORD16158,PROD100,1,999
6160,ORD16159,PROD113,2,149
6161,ORD16160,PROD109,5,129
6162,ORD16161,PROD104,1,120
6163,ORD16162,PROD104,5,120
6164,ORD16163,PROD101,5,899
6165,ORD16164,PROD101,3,899
6166,ORD16165,PROD112,1,199
6167,ORD16166,PROD105,3,110
6168,ORD16167,PROD104,1,120
6169,ORD16168,PROD105,4,110
6170,ORD16169,PROD100,4,999
6171,ORD16170,PROD111,3,59
6172,ORD16171,PROD107,1,399
6173,ORD16172,PROD113,4,149
6174,ORD16173,PROD107,5,399
6175,ORD16174,PROD100,2,999
6176,ORD16175,PROD112,1,199
6177,ORD16176,PROD109,4,129
6178,ORD16177,PROD103,1,59
6179,ORD16178,PROD103,2,59
6180,ORD16179,PROD101,2,899
6181,ORD16180,PROD105,4,110
6182,ORD16181,PROD101,5,899
6183,ORD16182,PROD113,1,149
6184,ORD16183,PROD102,2,199
6185,ORD16184,PROD106,2,99
6186,ORD16185,PROD104,4,120
6187,ORD16186,PROD105,2,110
6188,ORD16187,PROD113,3,149
6189,ORD16188,PROD103,2,59
6190,ORD16189,PROD110,1,80
6191,ORD16190,PROD111,4,59
6192,ORD16191,PROD105,2,110
6193,ORD16192,PROD103,3,59
6194,ORD16193,PROD111,4,59
6195,ORD16194,PROD110,4,80
6196,ORD16195,PROD102,1,199
6197,ORD16196,PROD105,2,110
6198,ORD16197,PROD103,4,59
6199,ORD16198,PROD100,2,999
6200,ORD16199,PROD108,3,229
6201,ORD16200,PROD107,5,399
6202,ORD16201,PROD111,1,59
6203,ORD16202,PROD114,3,25
6204,ORD16203,PROD107,3,399
6205,ORD16204,PROD106,4,99
6206,ORD16205,PROD104,5,120
6207,ORD16206,PROD102,2,199
6208,ORD16207,PROD108,3,229
6209,ORD16208,PROD111,4,59
6210,ORD16209,PROD102,1,199
6211,ORD16210,PROD103,2,59
6212,ORD16211,PROD113,2,149
6213,ORD16212,PROD110,5,80
6214,ORD16213,PROD103,1,59
6215,ORD16214,PROD106,1,99
6216,ORD16215,PROD104,4,120
6217,ORD16216,PROD111,2,59
6218,ORD16217,PROD104,1,120
6219,ORD16218,PROD105,3,110
6220,ORD16219,PROD104,2,120
6221,ORD16220,PROD106,2,99
6222,ORD16221,PROD104,4,120
6223,ORD16222,PROD111,3,59
6224,ORD16223,PROD105,2,110
6225,ORD16224,PROD112,4,199
6226,ORD16225,PROD114,1,25
6227,ORD16226,PROD113,5,149
6228,ORD16227,PROD108,3,229
6229,ORD16228,PROD107,2,399
6230,ORD16229,PROD107,2,399
6231,ORD16230,PROD103,2,59
6232,ORD16231,PROD113,2,149
6233,ORD16232,PROD107,1,399
6234,ORD16233,PROD108,3,229
6235,ORD16234,PROD108,1,229
6236,ORD16235,PROD107,2,399
6237,ORD16236,PROD109,5,129
6238,ORD16237,PROD114,2,25
6239,ORD16238,PROD113,5,149
6240,ORD16239,PROD106,2,99
6241,ORD16240,PROD106,5,99
6242,ORD16241,PROD114,4,25
6243,ORD16242,PROD113,3,149
6244,ORD16243,PROD107,5,399
6245,ORD16244,PROD114,1,25
6246,ORD16245,PROD109,4,129
6247,ORD16246,PROD112,5,199
6248,ORD16247,PROD105,1,110
6249,ORD16248,PROD109,2,129
6250,ORD16249,PROD111,5,59
6251,ORD16250,PROD112,5,199
6252,ORD16251,PROD114,2,25
6253,ORD16252,PROD113,4,149
6254,ORD16253,PROD108,2,229
6255,ORD16254,PROD112,2,199
6256,ORD16255,PROD109,4,129
6257,ORD16256,PROD111,1,59
6258,ORD16257,PROD100,4,999
6259,ORD16258,PROD105,5,110
6260,ORD16259,PROD103,5,59
6261,ORD16260,PROD114,3,25
6262,ORD16261,PROD112,1,199
6263,ORD16262,PROD114,2,25
6264,ORD16263,PROD108,2,229
6265,ORD16264,PROD110,5,80
6266,ORD16265,PROD105,5,110
6267,ORD16266,PROD108,5,229
6268,ORD16267,PROD103,4,59
6269,ORD16268,PROD102,5,199
6270,ORD16269,PROD114,2,25
6271,ORD16270,PROD101,5,899
6272,ORD16271,PROD113,1,149
6273,ORD16272,PROD102,5,199
6274,ORD16273,PROD114,5,25
6275,ORD16274,PROD103,5,59
6276,ORD16275,PROD107,2,399
6277,ORD16276,PROD109,5,129
6278,ORD16277,PROD104,3,120
6279,ORD16278,PROD103,4,59
6280,ORD16279,PROD103,5,59
6281,ORD16280,PROD108,1,229
6282,ORD16281,PROD103,3,59
6283,ORD16282,PROD108,2,229
6284,ORD16283,PROD112,5,199
6285,ORD16284,PROD104,4,120
6286,ORD16285,PROD102,3,199
6287,ORD16286,PROD104,4,120
6288,ORD16287,PROD105,2,110
6289,ORD16288,PROD101,5,899
6290,ORD16289,PROD110,5,80
6291,ORD16290,PROD102,3,199
6292,ORD16291,PROD105,5,110
6293,ORD16292,PROD103,3,59
6294,ORD16293,PROD109,3,129
6295,ORD16294,PROD110,4,80
6296,ORD16295,PROD105,2,110
6297,ORD16296,PROD111,2,59
6298,ORD16297,PROD103,1,59
6299,ORD16298,PROD111,4,59
6300,ORD16299,PROD107,5,399
6301,ORD16300,PROD104,3,120
6302,ORD16301,PROD106,3,99
6303,ORD16302,PROD100,4,999
6304,ORD16303,PROD102,3,199
6305,ORD16304,PROD104,3,120
6306,ORD16305,PROD102,5,199
6307,ORD16306,PROD108,2,229
6308,ORD16307,PROD114,2,25
6309,ORD16308,PROD112,5,199
6310,ORD16309,PROD104,2,120
6311,ORD16310,PROD103,5,59
6312,ORD16311,PROD106,3,99
6313,ORD16312,PROD100,4,999
6314,ORD16313,PROD104,1,120
6315,ORD16314,PROD100,1,999
6316,ORD16315,PROD102,4,199
6317,ORD16316,PROD100,2,999
6318,ORD16317,PROD112,2,199
6319,ORD16318,PROD110,4,80
6320,ORD16319,PROD108,1,229
6321,ORD16320,PROD108,4,229
6322,ORD16321,PROD108,2,229
6323,ORD16322,PROD102,3,199
6324,ORD16323,PROD114,4,25
6325,ORD16324,PROD114,4,25
6326,ORD16325,PROD104,3,120
6327,ORD16326,PROD106,3,99
6328,ORD16327,PROD106,1,99
6329,ORD16328,PROD105,1,110
6330,ORD16329,PROD100,3,999
6331,ORD16330,PROD104,4,120
6332,ORD16331,PROD111,5,59
6333,ORD16332,PROD100,5,999
6334,ORD16333,PROD109,3,129
6335,ORD16334,PROD110,3,80
6336,ORD16335,PROD101,3,899
6337,ORD16336,PROD108,4,229
6338,ORD16337,PROD104,3,120
6339,ORD16338,PROD110,1,80
6340,ORD16339,PROD107,5,399
6341,ORD16340,PROD100,3,999
6342,ORD16341,PROD112,5,199
6343,ORD16342,PROD101,4,899
6344,ORD16343,PROD100,4,999
6345,ORD16344,PROD102,1,199
6346,ORD16345,PROD109,4,129
6347,ORD16346,PROD104,1,120
6348,ORD16347,PROD103,1,59
6349,ORD16348,PROD105,3,110
6350,ORD16349,PROD109,1,129
6351,ORD16350,PROD102,2,199
6352,ORD16351,PROD107,5,399
6353,ORD16352,PROD108,1,229
6354,ORD16353,PROD112,1,199
6355,ORD16354,PROD114,1,25
6356,ORD16355,PROD107,2,399
6357,ORD16356,PROD102,1,199
6358,ORD16357,PROD107,5,399
6359,ORD16358,PROD102,2,199
6360,ORD16359,PROD113,5,149
6361,ORD16360,PROD104,5,120
6362,ORD16361,PROD109,2,129
6363,ORD16362,PROD102,2,199
6364,ORD16363,PROD107,1,399
6365,ORD16364,PROD113,2,149
6366,ORD16365,PROD107,3,399
6367,ORD16366,PROD104,2,120
6368,ORD16367,PROD112,4,199
6369,ORD16368,PROD107,3,399
6370,ORD16369,PROD114,2,25
6371,ORD16370,PROD111,1,59
6372,ORD16371,PROD111,5,59
6373,ORD16372,PROD113,1,149
6374,ORD16373,PROD104,3,120
6375,ORD16374,PROD113,1,149
6376,ORD16375,PROD112,5,199
6377,ORD16376,PROD101,4,899
6378,ORD16377,PROD108,4,229
6379,ORD16378,PROD110,4,80
6380,ORD16379,PROD102,1,199
6381,ORD16380,PROD104,5,120
6382,ORD16381,PROD107,4,399
6383,ORD16382,PROD106,2,99
6384,ORD16383,PROD105,5,110
6385,ORD16384,PROD103,2,59
6386,ORD16385,PROD106,1,99
6387,ORD16386,PROD110,1,80
6388,ORD16387,PROD111,3,59
6389,ORD16388,PROD108,1,229
6390,ORD16389,PROD112,1,199
6391,ORD16390,PROD104,4,120
6392,ORD16391,PROD114,4,25
6393,ORD16392,PROD112,4,199
6394,ORD16393,PROD102,3,199
6395,ORD16394,PROD113,2,149
6396,ORD16395,PROD103,4,59
6397,ORD16396,PROD111,5,59
6398,ORD16397,PROD106,1,99
6399,ORD16398,PROD105,2,110
6400,ORD16399,PROD103,3,59
6401,ORD16400,PROD107,3,399
6402,ORD16401,PROD113,2,149
6403,ORD16402,PROD113,2,149
6404,ORD16403,PROD105,3,110
6405,ORD16404,PROD111,3,59
6406,ORD16405,PROD100,1,999
6407,ORD16406,PROD107,3,399
6408,ORD16407,PROD106,5,99
6409,ORD16408,PROD103,3,59
6410,ORD16409,PROD113,5,149
6411,ORD16410,PROD106,3,99
6412,ORD16411,PROD110,4,80
6413,ORD16412,PROD109,2,129
6414,ORD16413,PROD107,2,399
6415,ORD16414,PROD102,4,199
6416,ORD16415,PROD112,4,199
6417,ORD16416,PROD111,1,59
6418,ORD16417,PROD111,5,59
6419,ORD16418,PROD100,1,999
6420,ORD16419,PROD104,4,120
6421,ORD16420,PROD105,1,110
6422,ORD16421,PROD102,2,199
6423,ORD16422,PROD100,2,999
6424,ORD16423,PROD109,5,129
6425,ORD16424,PROD113,5,149
6426,ORD16425,PROD106,2,99
6427,ORD16426,PROD106,4,99
6428,ORD16427,PROD110,5,80
6429,ORD16428,PROD109,1,129
6430,ORD16429,PROD105,1,110
6431,ORD16430,PROD113,5,149
6432,ORD16431,PROD108,2,229
6433,ORD16432,PROD108,4,229
6434,ORD16433,PROD113,2,149
6435,ORD16434,PROD105,3,110
6436,ORD16435,PROD103,1,59
6437,ORD16436,PROD103,4,59
6438,ORD16437,PROD101,2,899
6439,ORD16438,PROD113,4,149
6440,ORD16439,PROD109,5,129
6441,ORD16440,PROD107,1,399
6442,ORD16441,PROD101,1,899
6443,ORD16442,PROD104,3,120
6444,ORD16443,PROD100,2,999
6445,ORD16444,PROD112,3,199
6446,ORD16445,PROD106,3,99
6447,ORD16446,PROD105,1,110
6448,ORD16447,PROD101,4,899
6449,ORD16448,PROD112,5,199
6450,ORD16449,PROD101,2,899
6451,ORD16450,PROD104,1,120
6452,ORD16451,PROD106,1,99
6453,ORD16452,PROD108,1,229
6454,ORD16453,PROD109,2,129
6455,ORD16454,PROD110,1,80
6456,ORD16455,PROD112,1,199
6457,ORD16456,PROD111,2,59
6458,ORD16457,PROD113,2,149
6459,ORD16458,PROD102,2,199
6460,ORD16459,PROD100,5,999
6461,ORD16460,PROD104,5,120
6462,ORD16461,PROD114,5,25
6463,ORD16462,PROD100,5,999
6464,ORD16463,PROD108,4,229
6465,ORD16464,PROD111,3,59
6466,ORD16465,PROD102,5,199
6467,ORD16466,PROD105,3,110
6468,ORD16467,PROD105,3,110
6469,ORD16468,PROD102,4,199
6470,ORD16469,PROD106,4,99
6471,ORD16470,PROD104,1,120
6472,ORD16471,PROD105,5,110
6473,ORD16472,PROD110,2,80
6474,ORD16473,PROD112,4,199
6475,ORD16474,PROD111,4,59
6476,ORD16475,PROD113,4,149
6477,ORD16476,PROD108,5,229
6478,ORD16477,PROD112,4,199
6479,ORD16478,PROD109,5,129
6480,ORD16479,PROD109,1,129
6481,ORD16480,PROD112,2,199
6482,ORD16481,PROD100,2,999
6483,ORD16482,PROD106,3,99
6484,ORD16483,PROD102,5,199
6485,ORD16484,PROD111,3,59
6486,ORD16485,PROD102,3,199
6487,ORD16486,PROD106,2,99
6488,ORD16487,PROD111,5,59
6489,ORD16488,PROD105,4,110
6490,ORD16489,PROD113,1,149
6491,ORD16490,PROD103,2,59
6492,ORD16491,PROD101,2,899
6493,ORD16492,PROD111,2,59
6494,ORD16493,PROD112,4,199
6495,ORD16494,PROD106,3,99
6496,ORD16495,PROD106,4,99
6497,ORD16496,PROD114,1,25
6498,ORD16497,PROD104,4,120
6499,ORD16498,PROD107,1,399
6500,ORD16499,PROD113,1,149
6501,ORD16500,PROD110,1,80
6502,ORD16501,PROD110,3,80
6503,ORD16502,PROD104,2,120
6504,ORD16503,PROD111,4,59
6505,ORD16504,PROD113,3,149
6506,ORD16505,PROD113,2,149
6507,ORD16506,PROD107,4,399
6508,ORD16507,PROD113,1,149
6509,ORD16508,PROD111,3,59
6510,ORD16509,PROD106,1,99
6511,ORD16510,PROD109,2,129
6512,ORD16511,PROD110,2,80
6513,ORD16512,PROD103,2,59
6514,ORD16513,PROD105,4,110
6515,ORD16514,PROD114,1,25
6516,ORD16515,PROD113,3,149
6517,ORD16516,PROD101,2,899
6518,ORD16517,PROD105,2,110
6519,ORD16518,PROD104,2,120
6520,ORD16519,PROD101,4,899
6521,ORD16520,PROD111,1,59
6522,ORD16521,PROD104,2,120
6523,ORD16522,PROD113,4,149
6524,ORD16523,PROD104,4,120
6525,ORD16524,PROD102,5,199
6526,ORD16525,PROD104,2,120
6527,ORD16526,PROD103,3,59
6528,ORD16527,PROD108,1,229
6529,ORD16528,PROD102,5,199
6530,ORD16529,PROD109,2,129
6531,ORD16530,PROD107,4,399
6532,ORD16531,PROD103,1,59
6533,ORD16532,PROD101,3,899
6534,ORD16533,PROD110,5,80
6535,ORD16534,PROD113,1,149
6536,ORD16535,PROD112,3,199
6537,ORD16536,PROD112,3,199
6538,ORD16537,PROD111,2,59
6539,ORD16538,PROD103,1,59
6540,ORD16539,PROD104,4,120
6541,ORD16540,PROD107,5,399
6542,ORD16541,PROD112,2,199
6543,ORD16542,PROD113,1,149
6544,ORD16543,PROD105,1,110
6545,ORD16544,PROD107,2,399
6546,ORD16545,PROD107,5,399
6547,ORD16546,PROD103,4,59
6548,ORD16547,PROD101,5,899
6549,ORD16548,PROD107,4,399
6550,ORD16549,PROD112,1,199
6551,ORD16550,PROD102,5,199
6552,ORD16551,PROD101,4,899
6553,ORD16552,PROD111,4,59
6554,ORD16553,PROD101,1,899
6555,ORD16554,PROD109,4,129
6556,ORD16555,PROD105,5,110
6557,ORD16556,PROD111,4,59
6558,ORD16557,PROD112,4,199
6559,ORD16558,PROD111,4,59
6560,ORD16559,PROD100,1,999
6561,ORD16560,PROD107,3,399
6562,ORD16561,PROD103,1,59
6563,ORD16562,PROD103,3,59
6564,ORD16563,PROD108,3,229
6565,ORD16564,PROD114,5,25
6566,ORD16565,PROD104,1,120
6567,ORD16566,PROD100,3,999
6568,ORD16567,PROD104,4,120
6569,ORD16568,PROD104,2,120
6570,ORD16569,PROD106,3,99
6571,ORD16570,PROD113,3,149
6572,ORD16571,PROD114,4,25
6573,ORD16572,PROD102,2,199
6574,ORD16573,PROD102,4,199
6575,ORD16574,PROD104,3,120
6576,ORD16575,PROD104,4,120
6577,ORD16576,PROD102,1,199
6578,ORD16577,PROD103,5,59
6579,ORD16578,PROD110,4,80
6580,ORD16579,PROD111,1,59
6581,ORD16580,PROD109,4,129
6582,ORD16581,PROD113,3,149
6583,ORD16582,PROD106,1,99
6584,ORD16583,PROD102,3,199
6585,ORD16584,PROD104,4,120
6586,ORD16585,PROD110,2,80
6587,ORD16586,PROD108,4,229
6588,ORD16587,PROD110,4,80
6589,ORD16588,PROD109,1,129
6590,ORD16589,PROD104,2,120
6591,ORD16590,PROD104,2,120
6592,ORD16591,PROD104,3,120
6593,ORD16592,PROD104,1,120
6594,ORD16593,PROD100,2,999
6595,ORD16594,PROD101,4,899
6596,ORD16595,PROD107,2,399
6597,ORD16596,PROD107,3,399
6598,ORD16597,PROD100,5,999
6599,ORD16598,PROD104,5,120
6600,ORD16599,PROD106,5,99
6601,ORD16600,PROD106,1,99
6602,ORD16601,PROD104,5,120
6603,ORD16602,PROD114,2,25
6604,ORD16603,PROD110,2,80
6605,ORD16604,PROD114,1,25
6606,ORD16605,PROD101,4,899
6607,ORD16606,PROD100,4,999
6608,ORD16607,PROD109,5,129
6609,ORD16608,PROD111,1,59
6610,ORD16609,PROD110,1,80
6611,ORD16610,PROD107,5,399
6612,ORD16611,PROD102,4,199
6613,ORD16612,PROD105,1,110
6614,ORD16613,PROD112,2,199
6615,ORD16614,PROD103,1,59
6616,ORD16615,PROD101,1,899
6617,ORD16616,PROD102,5,199
6618,ORD16617,PROD100,4,999
6619,ORD16618,PROD104,5,120
6620,ORD16619,PROD100,3,999
6621,ORD16620,PROD103,2,59
6622,ORD16621,PROD110,3,80
6623,ORD16622,PROD112,1,199
6624,ORD16623,PROD107,1,399
6625,ORD16624,PROD106,4,99
6626,ORD16625,PROD104,1,120
6627,ORD16626,PROD113,4,149
6628,ORD16627,PROD112,5,199
6629,ORD16628,PROD111,3,59
6630,ORD16629,PROD111,1,59
6631,ORD16630,PROD106,2,99
6632,ORD16631,PROD106,4,99
6633,ORD16632,PROD113,5,149
6634,ORD16633,PROD106,3,99
6635,ORD16634,PROD109,5,129
6636,ORD16635,PROD112,3,199
6637,ORD16636,PROD110,2,80
6638,ORD16637,PROD114,3,25
6639,ORD16638,PROD102,4,199
6640,ORD16639,PROD108,3,229
6641,ORD16640,PROD108,1,229
6642,ORD16641,PROD102,4,199
6643,ORD16642,PROD105,5,110
6644,ORD16643,PROD110,4,80
6645,ORD16644,PROD104,2,120
6646,ORD16645,PROD108,3,229
6647,ORD16646,PROD101,3,899
6648,ORD16647,PROD100,5,999
6649,ORD16648,PROD100,4,999
6650,ORD16649,PROD109,3,129
6651,ORD16650,PROD109,5,129
6652,ORD16651,PROD107,4,399
6653,ORD16652,PROD102,5,199
6654,ORD16653,PROD105,2,110
6655,ORD16654,PROD101,3,899
6656,ORD16655,PROD105,2,110
6657,ORD16656,PROD106,2,99
6658,ORD16657,PROD107,1,399
6659,ORD16658,PROD100,4,999
6660,ORD16659,PROD103,2,59
6661,ORD16660,PROD110,3,80
6662,ORD16661,PROD106,5,99
6663,ORD16662,PROD103,5,59
6664,ORD16663,PROD109,5,129
6665,ORD16664,PROD104,5,120
6666,ORD16665,PROD104,5,120
6667,ORD16666,PROD103,2,59
6668,ORD16667,PROD110,3,80
6669,ORD16668,PROD110,2,80
6670,ORD16669,PROD103,1,59
6671,ORD16670,PROD111,5,59
6672,ORD16671,PROD112,4,199
6673,ORD16672,PROD106,2,99
6674,ORD16673,PROD110,4,80
6675,ORD16674,PROD105,5,110
6676,ORD16675,PROD109,2,129
6677,ORD16676,PROD101,5,899
6678,ORD16677,PROD111,4,59
6679,ORD16678,PROD111,3,59
6680,ORD16679,PROD102,3,199
6681,ORD16680,PROD106,4,99
6682,ORD16681,PROD105,3,110
6683,ORD16682,PROD108,3,229
6684,ORD16683,PROD109,2,129
6685,ORD16684,PROD105,1,110
6686,ORD16685,PROD109,2,129
6687,ORD16686,PROD103,1,59
6688,ORD16687,PROD108,1,229
6689,ORD16688,PROD114,4,25
6690,ORD16689,PROD113,2,149
6691,ORD16690,PROD102,2,199
6692,ORD16691,PROD102,1,199
6693,ORD16692,PROD102,3,199
6694,ORD16693,PROD107,1,399
6695,ORD16694,PROD113,4,149
6696,ORD16695,PROD114,2,25
6697,ORD16696,PROD102,2,199
6698,ORD16697,PROD108,1,229
6699,ORD16698,PROD100,1,999
6700,ORD16699,PROD112,5,199
6701,ORD16700,PROD105,1,110
6702,ORD16701,PROD113,2,149
6703,ORD16702,PROD110,1,80
6704,ORD16703,PROD105,3,110
6705,ORD16704,PROD104,5,120
6706,ORD16705,PROD113,4,149
6707,ORD16706,PROD112,3,199
6708,ORD16707,PROD106,5,99
6709,ORD16708,PROD100,1,999
6710,ORD16709,PROD103,4,59
6711,ORD16710,PROD104,5,120
6712,ORD16711,PROD100,3,999
6713,ORD16712,PROD111,4,59
6714,ORD16713,PROD103,2,59
6715,ORD16714,PROD101,2,899
6716,ORD16715,PROD112,2,199
6717,ORD16716,PROD103,5,59
6718,ORD16717,PROD104,1,120
6719,ORD16718,PROD111,4,59
6720,ORD16719,PROD112,4,199
6721,ORD16720,PROD100,3,999
6722,ORD16721,PROD103,2,59
6723,ORD16722,PROD106,2,99
6724,ORD16723,PROD110,1,80
6725,ORD16724,PROD102,2,199
6726,ORD16725,PROD106,4,99
6727,ORD16726,PROD111,5,59
6728,ORD16727,PROD100,1,999
6729,ORD16728,PROD102,3,199
6730,ORD16729,PROD107,2,399
6731,ORD16730,PROD101,4,899
6732,ORD16731,PROD107,5,399
6733,ORD16732,PROD104,2,120
6734,ORD16733,PROD110,2,80
6735,ORD16734,PROD111,4,59
6736,ORD16735,PROD101,2,899
6737,ORD16736,PROD102,5,199
6738,ORD16737,PROD104,5,120
6739,ORD16738,PROD103,2,59
6740,ORD16739,PROD110,1,80
6741,ORD16740,PROD102,5,199
6742,ORD16741,PROD105,2,110
6743,ORD16742,PROD100,2,999
6744,ORD16743,PROD103,4,59
6745,ORD16744,PROD101,1,899
6746,ORD16745,PROD103,2,59
6747,ORD16746,PROD100,1,999
6748,ORD16747,PROD102,2,199
6749,ORD16748,PROD107,1,399
6750,ORD16749,PROD102,3,199
6751,ORD16750,PROD108,1,229
6752,ORD16751,PROD102,2,199
6753,ORD16752,PROD113,5,149
6754,ORD16753,PROD108,3,229
6755,ORD16754,PROD114,4,25
6756,ORD16755,PROD109,2,129
6757,ORD16756,PROD103,4,59
6758,ORD16757,PROD111,3,59
6759,ORD16758,PROD108,4,229
6760,ORD16759,PROD102,3,199
6761,ORD16760,PROD104,5,120
6762,ORD16761,PROD109,4,129
6763,ORD16762,PROD106,5,99
6764,ORD16763,PROD101,3,899
6765,ORD16764,PROD110,4,80
6766,ORD16765,PROD111,4,59
6767,ORD16766,PROD112,4,199
6768,ORD16767,PROD112,1,199
6769,ORD16768,PROD101,3,899
6770,ORD16769,PROD110,4,80
6771,ORD16770,PROD110,2,80
6772,ORD16771,PROD104,3,120
6773,ORD16772,PROD110,4,80
6774,ORD16773,PROD101,4,899
6775,ORD16774,PROD110,2,80
6776,ORD16775,PROD103,4,59
6777,ORD16776,PROD101,5,899
6778,ORD16777,PROD100,1,999
6779,ORD16778,PROD101,2,899
6780,ORD16779,PROD105,2,110
6781,ORD16780,PROD108,4,229
6782,ORD16781,PROD102,3,199
6783,ORD16782,PROD103,3,59
6784,ORD16783,PROD110,2,80
6785,ORD16784,PROD109,2,129
6786,ORD16785,PROD110,5,80
6787,ORD16786,PROD105,4,110
6788,ORD16787,PROD107,3,399
6789,ORD16788,PROD105,3,110
6790,ORD16789,PROD105,1,110
6791,ORD16790,PROD107,5,399
6792,ORD16791,PROD103,1,59
6793,ORD16792,PROD100,4,999
6794,ORD16793,PROD111,4,59
6795,ORD16794,PROD107,4,399
6796,ORD16795,PROD102,2,199
6797,ORD16796,PROD106,4,99
6798,ORD16797,PROD107,2,399
6799,ORD16798,PROD106,4,99
6800,ORD16799,PROD108,5,229
6801,ORD16800,PROD109,5,129
6802,ORD16801,PROD108,3,229
6803,ORD16802,PROD109,2,129
6804,ORD16803,PROD102,5,199
6805,ORD16804,PROD106,4,99
6806,ORD16805,PROD110,3,80
6807,ORD16806,PROD108,2,229
6808,ORD16807,PROD112,5,199
6809,ORD16808,PROD100,4,999
6810,ORD16809,PROD101,5,899
6811,ORD16810,PROD101,1,899
6812,ORD16811,PROD114,4,25
6813,ORD16812,PROD113,5,149
6814,ORD16813,PROD101,1,899
6815,ORD16814,PROD104,3,120
6816,ORD16815,PROD101,4,899
6817,ORD16816,PROD112,3,199
6818,ORD16817,PROD109,1,129
6819,ORD16818,PROD109,3,129
6820,ORD16819,PROD106,4,99
6821,ORD16820,PROD109,1,129
6822,ORD16821,PROD110,5,80
6823,ORD16822,PROD112,3,199
6824,ORD16823,PROD107,2,399
6825,ORD16824,PROD113,2,149
6826,ORD16825,PROD101,2,899
6827,ORD16826,PROD110,4,80
6828,ORD16827,PROD109,5,129
6829,ORD16828,PROD114,1,25
6830,ORD16829,PROD113,1,149
6831,ORD16830,PROD101,2,899
6832,ORD16831,PROD107,3,399
6833,ORD16832,PROD106,5,99
6834,ORD16833,PROD106,3,99
6835,ORD16834,PROD103,2,59
6836,ORD16835,PROD102,5,199
6837,ORD16836,PROD107,2,399
6838,ORD16837,PROD110,2,80
6839,ORD16838,PROD104,5,120
6840,ORD16839,PROD103,3,59
6841,ORD16840,PROD114,4,25
6842,ORD16841,PROD106,3,99
6843,ORD16842,PROD108,1,229
6844,ORD16843,PROD110,5,80
6845,ORD16844,PROD108,1,229
6846,ORD16845,PROD113,4,149
6847,ORD16846,PROD107,4,399
6848,ORD16847,PROD110,5,80
6849,ORD16848,PROD111,3,59
6850,ORD16849,PROD103,1,59
6851,ORD16850,PROD112,3,199
6852,ORD16851,PROD108,5,229
6853,ORD16852,PROD110,2,80
6854,ORD16853,PROD104,3,120
6855,ORD16854,PROD101,4,899
6856,ORD16855,PROD109,5,129
6857,ORD16856,PROD113,2,149
6858,ORD16857,PROD108,2,229
6859,ORD16858,PROD107,4,399
6860,ORD16859,PROD114,5,25
6861,ORD16860,PROD101,2,899
6862,ORD16861,PROD103,3,59
6863,ORD16862,PROD101,2,899
6864,ORD16863,PROD110,4,80
6865,ORD16864,PROD107,2,399
6866,ORD16865,PROD102,3,199
6867,ORD16866,PROD109,3,129
6868,ORD16867,PROD106,5,99
6869,ORD16868,PROD106,4,99
6870,ORD16869,PROD101,5,899
6871,ORD16870,PROD105,5,110
6872,ORD16871,PROD106,3,99
6873,ORD16872,PROD105,5,110
6874,ORD16873,PROD111,2,59
6875,ORD16874,PROD109,3,129
6876,ORD16875,PROD110,3,80
6877,ORD16876,PROD110,2,80
6878,ORD16877,PROD106,2,99
6879,ORD16878,PROD102,4,199
6880,ORD16879,PROD100,1,999
6881,ORD16880,PROD112,1,199
6882,ORD16881,PROD113,3,149
6883,ORD16882,PROD111,1,59
6884,ORD16883,PROD106,3,99
6885,ORD16884,PROD110,4,80
6886,ORD16885,PROD109,5,129
6887,ORD16886,PROD110,3,80
6888,ORD16887,PROD112,3,199
6889,ORD16888,PROD110,2,80
6890,ORD16889,PROD106,3,99
6891,ORD16890,PROD105,3,110
6892,ORD16891,PROD107,4,399
6893,ORD16892,PROD108,1,229
6894,ORD16893,PROD106,4,99
6895,ORD16894,PROD105,3,110
6896,ORD16895,PROD105,1,110
6897,ORD16896,PROD108,5,229
6898,ORD16897,PROD108,1,229
6899,ORD16898,PROD112,5,199
6900,ORD16899,PROD102,1,199
6901,ORD16900,PROD111,1,59
6902,ORD16901,PROD105,2,110
6903,ORD16902,PROD108,2,229
6904,ORD16903,PROD107,2,399
6905,ORD16904,PROD107,3,399
6906,ORD16905,PROD109,1,129
6907,ORD16906,PROD114,2,25
6908,ORD16907,PROD101,1,899
6909,ORD16908,PROD100,2,999
6910,ORD16909,PROD108,1,229
6911,ORD16910,PROD106,2,99
6912,ORD16911,PROD103,1,59
6913,ORD16912,PROD113,5,149
6914,ORD16913,PROD103,2,59
6915,ORD16914,PROD104,5,120
6916,ORD16915,PROD104,3,120
6917,ORD16916,PROD103,4,59
6918,ORD16917,PROD108,1,229
6919,ORD16918,PROD102,5,199
6920,ORD16919,PROD111,1,59
6921,ORD16920,PROD107,5,399
6922,ORD16921,PROD113,3,149
6923,ORD16922,PROD112,4,199
6924,ORD16923,PROD105,1,110
6925,ORD16924,PROD109,5,129
6926,ORD16925,PROD112,4,199
6927,ORD16926,PROD109,5,129
6928,ORD16927,PROD103,4,59
6929,ORD16928,PROD110,3,80
6930,ORD16929,PROD102,1,199
6931,ORD16930,PROD105,3,110
6932,ORD16931,PROD107,5,399
6933,ORD16932,PROD100,5,999
6934,ORD16933,PROD100,2,999
6935,ORD16934,PROD104,1,120
6936,ORD16935,PROD100,3,999
6937,ORD16936,PROD105,5,110
6938,ORD16937,PROD108,2,229
6939,ORD16938,PROD110,1,80
6940,ORD16939,PROD106,5,99
6941,ORD16940,PROD106,5,99
6942,ORD16941,PROD105,2,110
6943,ORD16942,PROD110,2,80
6944,ORD16943,PROD108,5,229
6945,ORD16944,PROD106,4,99
6946,ORD16945,PROD109,5,129
6947,ORD16946,PROD100,4,999
6948,ORD16947,PROD114,2,25
6949,ORD16948,PROD112,2,199
6950,ORD16949,PROD108,1,229
6951,ORD16950,PROD112,3,199
6952,ORD16951,PROD109,1,129
6953,ORD16952,PROD114,4,25
6954,ORD16953,PROD108,2,229
6955,ORD16954,PROD106,5,99
6956,ORD16955,PROD113,2,149
6957,ORD16956,PROD112,5,199
6958,ORD16957,PROD100,4,999
6959,ORD16958,PROD112,4,199
6960,ORD16959,PROD100,1,999
6961,ORD16960,PROD110,3,80
6962,ORD16961,PROD110,3,80
6963,ORD16962,PROD114,4,25
6964,ORD16963,PROD108,1,229
6965,ORD16964,PROD107,4,399
6966,ORD16965,PROD103,1,59
6967,ORD16966,PROD109,1,129
6968,ORD16967,PROD103,5,59
6969,ORD16968,PROD106,5,99
6970,ORD16969,PROD109,3,129
6971,ORD16970,PROD100,2,999
6972,ORD16971,PROD114,1,25
6973,ORD16972,PROD108,5,229
6974,ORD16973,PROD100,5,999
6975,ORD16974,PROD112,1,199
6976,ORD16975,PROD103,4,59
6977,ORD16976,PROD103,4,59
6978,ORD16977,PROD101,2,899
6979,ORD16978,PROD108,2,229
6980,ORD16979,PROD106,3,99
6981,ORD16980,PROD110,1,80
6982,ORD16981,PROD102,2,199
6983,ORD16982,PROD113,5,149
6984,ORD16983,PROD110,3,80
6985,ORD16984,PROD105,1,110
6986,ORD16985,PROD110,3,80
6987,ORD16986,PROD100,3,999
6988,ORD16987,PROD100,3,999
6989,ORD16988,PROD111,3,59
6990,ORD16989,PROD106,5,99
6991,ORD16990,PROD112,1,199
6992,ORD16991,PROD101,3,899
6993,ORD16992,PROD103,2,59
6994,ORD16993,PROD107,2,399
6995,ORD16994,PROD103,1,59
6996,ORD16995,PROD102,3,199
6997,ORD16996,PROD101,2,899
6998,ORD16997,PROD100,3,999
6999,ORD16998,PROD107,1,399
7000,ORD16999,PROD104,1,120
7001,ORD17000,PROD106,1,99
7002,ORD17001,PROD103,1,59
7003,ORD17002,PROD114,4,25
7004,ORD17003,PROD100,2,999
7005,ORD17004,PROD103,3,59
7006,ORD17005,PROD108,1,229
7007,ORD17006,PROD107,1,399
7008,ORD17007,PROD101,3,899
7009,ORD17008,PROD107,5,399
7010,ORD17009,PROD108,2,229
7011,ORD17010,PROD110,2,80
7012,ORD17011,PROD112,2,199
7013,ORD17012,PROD102,3,199
7014,ORD17013,PROD105,3,110
7015,ORD17014,PROD113,5,149
7016,ORD17015,PROD114,5,25
7017,ORD17016,PROD111,2,59
7018,ORD17017,PROD108,2,229
7019,ORD17018,PROD104,2,120
7020,ORD17019,PROD108,1,229
7021,ORD17020,PROD108,2,229
7022,ORD17021,PROD103,2,59
7023,ORD17022,PROD107,2,399
7024,ORD17023,PROD110,1,80
7025,ORD17024,PROD112,2,199
7026,ORD17025,PROD102,3,199
7027,ORD17026,PROD103,4,59
7028,ORD17027,PROD106,1,99
7029,ORD17028,PROD113,5,149
7030,ORD17029,PROD113,3,149
7031,ORD17030,PROD110,3,80
7032,ORD17031,PROD101,2,899
7033,ORD17032,PROD110,4,80
7034,ORD17033,PROD112,4,199
7035,ORD17034,PROD109,3,129
7036,ORD17035,PROD106,5,99
7037,ORD17036,PROD112,3,199
7038,ORD17037,PROD107,1,399
7039,ORD17038,PROD104,4,120
7040,ORD17039,PROD102,1,199
7041,ORD17040,PROD110,3,80
7042,ORD17041,PROD114,1,25
7043,ORD17042,PROD103,2,59
7044,ORD17043,PROD104,4,120
7045,ORD17044,PROD108,5,229
7046,ORD17045,PROD101,5,899
7047,ORD17046,PROD101,4,899
7048,ORD17047,PROD102,1,199
7049,ORD17048,PROD107,3,399
7050,ORD17049,PROD103,2,59
7051,ORD17050,PROD107,2,399
7052,ORD17051,PROD111,4,59
7053,ORD17052,PROD111,4,59
7054,ORD17053,PROD101,5,899
7055,ORD17054,PROD102,1,199
7056,ORD17055,PROD114,2,25
7057,ORD17056,PROD104,2,120
7058,ORD17057,PROD102,4,199
7059,ORD17058,PROD109,1,129
7060,ORD17059,PROD111,3,59
7061,ORD17060,PROD114,2,25
7062,ORD17061,PROD105,3,110
7063,ORD17062,PROD101,5,899
7064,ORD17063,PROD107,3,399
7065,ORD17064,PROD100,2,999
7066,ORD17065,PROD112,5,199
7067,ORD17066,PROD103,5,59
7068,ORD17067,PROD108,4,229
7069,ORD17068,PROD108,5,229
7070,ORD17069,PROD103,1,59
7071,ORD17070,PROD102,1,199
7072,ORD17071,PROD108,2,229
7073,ORD17072,PROD111,1,59
7074,ORD17073,PROD100,2,999
7075,ORD17074,PROD101,3,899
7076,ORD17075,PROD110,3,80
7077,ORD17076,PROD107,5,399
7078,ORD17077,PROD107,3,399
7079,ORD17078,PROD109,3,129
7080,ORD17079,PROD113,2,149
7081,ORD17080,PROD106,5,99
7082,ORD17081,PROD109,1,129
7083,ORD17082,PROD101,3,899
7084,ORD17083,PROD106,4,99
7085,ORD17084,PROD110,4,80
7086,ORD17085,PROD101,1,899
7087,ORD17086,PROD113,3,149
7088,ORD17087,PROD107,4,399
7089,ORD17088,PROD112,1,199
7090,ORD17089,PROD107,3,399
7091,ORD17090,PROD102,4,199
7092,ORD17091,PROD108,5,229
7093,ORD17092,PROD110,1,80
7094,ORD17093,PROD106,4,99
7095,ORD17094,PROD114,3,25
7096,ORD17095,PROD105,2,110
7097,ORD17096,PROD109,1,129
7098,ORD17097,PROD113,3,149
7099,ORD17098,PROD113,1,149
7100,ORD17099,PROD102,1,199
7101,ORD17100,PROD102,4,199
7102,ORD17101,PROD114,4,25
7103,ORD17102,PROD107,5,399
7104,ORD17103,PROD106,5,99
7105,ORD17104,PROD106,5,99
7106,ORD17105,PROD101,2,899
7107,ORD17106,PROD113,3,149
7108,ORD17107,PROD111,3,59
7109,ORD17108,PROD108,1,229
7110,ORD17109,PROD109,5,129
7111,ORD17110,PROD108,2,229
7112,ORD17111,PROD102,1,199
7113,ORD17112,PROD107,1,399
7114,ORD17113,PROD114,5,25
7115,ORD17114,PROD103,3,59
7116,ORD17115,PROD100,3,999
7117,ORD17116,PROD108,4,229
7118,ORD17117,PROD113,3,149
7119,ORD17118,PROD109,1,129
7120,ORD17119,PROD103,5,59
7121,ORD17120,PROD101,1,899
7122,ORD17121,PROD112,2,199
7123,ORD17122,PROD102,5,199
7124,ORD17123,PROD104,2,120
7125,ORD17124,PROD110,2,80
7126,ORD17125,PROD108,2,229
7127,ORD17126,PROD111,4,59
7128,ORD17127,PROD101,3,899
7129,ORD17128,PROD101,4,899
7130,ORD17129,PROD106,1,99
7131,ORD17130,PROD102,1,199
7132,ORD17131,PROD112,2,199
7133,ORD17132,PROD111,4,59
7134,ORD17133,PROD110,5,80
7135,ORD17134,PROD113,2,149
7136,ORD17135,PROD105,5,110
7137,ORD17136,PROD101,3,899
7138,ORD17137,PROD101,4,899
7139,ORD17138,PROD104,3,120
7140,ORD17139,PROD102,1,199
7141,ORD17140,PROD105,2,110
7142,ORD17141,PROD106,1,99
7143,ORD17142,PROD100,5,999
7144,ORD17143,PROD102,3,199
7145,ORD17144,PROD103,2,59
7146,ORD17145,PROD112,5,199
7147,ORD17146,PROD102,3,199
7148,ORD17147,PROD102,3,199
7149,ORD17148,PROD112,4,199
7150,ORD17149,PROD106,2,99
7151,ORD17150,PROD108,2,229
7152,ORD17151,PROD102,4,199
7153,ORD17152,PROD114,4,25
7154,ORD17153,PROD104,1,120
7155,ORD17154,PROD102,4,199
7156,ORD17155,PROD103,2,59
7157,ORD17156,PROD104,3,120
7158,ORD17157,PROD106,3,99
7159,ORD17158,PROD114,3,25
7160,ORD17159,PROD108,1,229
7161,ORD17160,PROD102,3,199
7162,ORD17161,PROD113,1,149
7163,ORD17162,PROD113,5,149
7164,ORD17163,PROD106,3,99
7165,ORD17164,PROD101,2,899
7166,ORD17165,PROD110,1,80
7167,ORD17166,PROD108,2,229
7168,ORD17167,PROD111,1,59
7169,ORD17168,PROD102,1,199
7170,ORD17169,PROD109,3,129
7171,ORD17170,PROD109,5,129
7172,ORD17171,PROD114,3,25
7173,ORD17172,PROD109,3,129
7174,ORD17173,PROD111,3,59
7175,ORD17174,PROD114,4,25
7176,ORD17175,PROD112,2,199
7177,ORD17176,PROD110,3,80
7178,ORD17177,PROD108,5,229
7179,ORD17178,PROD109,2,129
7180,ORD17179,PROD114,4,25
7181,ORD17180,PROD108,2,229
7182,ORD17181,PROD100,2,999
7183,ORD17182,PROD107,2,399
7184,ORD17183,PROD111,1,59
7185,ORD17184,PROD113,1,149
7186,ORD17185,PROD106,2,99
7187,ORD17186,PROD107,3,399
7188,ORD17187,PROD101,3,899
7189,ORD17188,PROD108,3,229
7190,ORD17189,PROD105,2,110
7191,ORD17190,PROD113,4,149
7192,ORD17191,PROD109,1,129
7193,ORD17192,PROD100,2,999
7194,ORD17193,PROD103,3,59
7195,ORD17194,PROD114,1,25
7196,ORD17195,PROD107,4,399
7197,ORD17196,PROD109,2,129
7198,ORD17197,PROD104,2,120
7199,ORD17198,PROD107,5,399
7200,ORD17199,PROD111,4,59
7201,ORD17200,PROD106,4,99
7202,ORD17201,PROD103,1,59
7203,ORD17202,PROD106,5,99
7204,ORD17203,PROD102,4,199
7205,ORD17204,PROD100,5,999
7206,ORD17205,PROD104,5,120
7207,ORD17206,PROD100,5,999
7208,ORD17207,PROD100,1,999
7209,ORD17208,PROD107,4,399
7210,ORD17209,PROD112,3,199
7211,ORD17210,PROD108,3,229
7212,ORD17211,PROD105,5,110
7213,ORD17212,PROD103,2,59
7214,ORD17213,PROD110,4,80
7215,ORD17214,PROD109,3,129
7216,ORD17215,PROD107,1,399
7217,ORD17216,PROD114,5,25
7218,ORD17217,PROD100,2,999
7219,ORD17218,PROD105,1,110
7220,ORD17219,PROD111,1,59
7221,ORD17220,PROD105,4,110
7222,ORD17221,PROD114,5,25
7223,ORD17222,PROD100,1,999
7224,ORD17223,PROD104,1,120
7225,ORD17224,PROD106,3,99
7226,ORD17225,PROD101,5,899
7227,ORD17226,PROD107,1,399
7228,ORD17227,PROD108,1,229
7229,ORD17228,PROD114,3,25
7230,ORD17229,PROD100,1,999
7231,ORD17230,PROD110,4,80
7232,ORD17231,PROD103,3,59
7233,ORD17232,PROD103,3,59
7234,ORD17233,PROD100,1,999
7235,ORD17234,PROD111,5,59
7236,ORD17235,PROD109,1,129
7237,ORD17236,PROD101,1,899
7238,ORD17237,PROD114,1,25
7239,ORD17238,PROD108,2,229
7240,ORD17239,PROD110,1,80
7241,ORD17240,PROD112,5,199
7242,ORD17241,PROD106,2,99
7243,ORD17242,PROD101,1,899
7244,ORD17243,PROD104,4,120
7245,ORD17244,PROD105,5,110
7246,ORD17245,PROD112,2,199
7247,ORD17246,PROD103,1,59
7248,ORD17247,PROD114,1,25
7249,ORD17248,PROD100,2,999
7250,ORD17249,PROD110,1,80
7251,ORD17250,PROD114,3,25
7252,ORD17251,PROD104,3,120
7253,ORD17252,PROD114,5,25
7254,ORD17253,PROD107,3,399
7255,ORD17254,PROD107,4,399
7256,ORD17255,PROD108,4,229
7257,ORD17256,PROD105,4,110
7258,ORD17257,PROD105,1,110
7259,ORD17258,PROD106,2,99
7260,ORD17259,PROD114,2,25
7261,ORD17260,PROD110,4,80
7262,ORD17261,PROD104,1,120
7263,ORD17262,PROD104,1,120
7264,ORD17263,PROD109,5,129
7265,ORD17264,PROD103,3,59
7266,ORD17265,PROD111,4,59
7267,ORD17266,PROD112,2,199
7268,ORD17267,PROD101,4,899
7269,ORD17268,PROD111,4,59
7270,ORD17269,PROD103,5,59
7271,ORD17270,PROD109,1,129
7272,ORD17271,PROD102,5,199
7273,ORD17272,PROD100,2,999
7274,ORD17273,PROD101,5,899
7275,ORD17274,PROD101,2,899
7276,ORD17275,PROD114,2,25
7277,ORD17276,PROD110,3,80
7278,ORD17277,PROD111,5,59
7279,ORD17278,PROD102,1,199
7280,ORD17279,PROD101,5,899
7281,ORD17280,PROD114,5,25
7282,ORD17281,PROD111,5,59
7283,ORD17282,PROD112,1,199
7284,ORD17283,PROD105,1,110
7285,ORD17284,PROD106,5,99
7286,ORD17285,PROD114,5,25
7287,ORD17286,PROD113,4,149
7288,ORD17287,PROD109,2,129
7289,ORD17288,PROD106,3,99
7290,ORD17289,PROD108,2,229
7291,ORD17290,PROD112,4,199
7292,ORD17291,PROD111,1,59
7293,ORD17292,PROD103,5,59
7294,ORD17293,PROD109,4,129
7295,ORD17294,PROD108,4,229
7296,ORD17295,PROD108,1,229
7297,ORD17296,PROD111,5,59
7298,ORD17297,PROD112,4,199
7299,ORD17298,PROD113,5,149
7300,ORD17299,PROD107,1,399
7301,ORD17300,PROD107,4,399
7302,ORD17301,PROD102,2,199
7303,ORD17302,PROD107,1,399
7304,ORD17303,PROD104,2,120
7305,ORD17304,PROD102,4,199
7306,ORD17305,PROD111,3,59
7307,ORD17306,PROD113,1,149
7308,ORD17307,PROD111,2,59
7309,ORD17308,PROD104,2,120
7310,ORD17309,PROD107,1,399
7311,ORD17310,PROD105,1,110
7312,ORD17311,PROD102,2,199
7313,ORD17312,PROD104,3,120
7314,ORD17313,PROD111,1,59
7315,ORD17314,PROD104,1,120
7316,ORD17315,PROD105,5,110
7317,ORD17316,PROD108,1,229
7318,ORD17317,PROD113,2,149
7319,ORD17318,PROD110,1,80
7320,ORD17319,PROD110,5,80
7321,ORD17320,PROD109,4,129
7322,ORD17321,PROD112,2,199
7323,ORD17322,PROD114,4,25
7324,ORD17323,PROD109,1,129
7325,ORD17324,PROD112,5,199
7326,ORD17325,PROD105,4,110
7327,ORD17326,PROD106,5,99
7328,ORD17327,PROD100,1,999
7329,ORD17328,PROD101,1,899
7330,ORD17329,PROD111,2,59
7331,ORD17330,PROD102,3,199
7332,ORD17331,PROD113,2,149
7333,ORD17332,PROD103,5,59
7334,ORD17333,PROD111,1,59
7335,ORD17334,PROD108,3,229
7336,ORD17335,PROD101,5,899
7337,ORD17336,PROD103,4,59
7338,ORD17337,PROD109,1,129
7339,ORD17338,PROD102,5,199
7340,ORD17339,PROD109,5,129
7341,ORD17340,PROD101,5,899
7342,ORD17341,PROD114,3,25
7343,ORD17342,PROD103,4,59
7344,ORD17343,PROD107,5,399
7345,ORD17344,PROD100,4,999
7346,ORD17345,PROD113,2,149
7347,ORD17346,PROD107,5,399
7348,ORD17347,PROD107,4,399
7349,ORD17348,PROD103,2,59
7350,ORD17349,PROD102,1,199
7351,ORD17350,PROD112,2,199
7352,ORD17351,PROD104,1,120
7353,ORD17352,PROD111,4,59
7354,ORD17353,PROD113,5,149
7355,ORD17354,PROD105,4,110
7356,ORD17355,PROD110,3,80
7357,ORD17356,PROD108,5,229
7358,ORD17357,PROD100,4,999
7359,ORD17358,PROD105,4,110
7360,ORD17359,PROD106,5,99
7361,ORD17360,PROD104,4,120
7362,ORD17361,PROD100,3,999
7363,ORD17362,PROD102,4,199
7364,ORD17363,PROD114,2,25
7365,ORD17364,PROD110,3,80
7366,ORD17365,PROD109,2,129
7367,ORD17366,PROD102,2,199
7368,ORD17367,PROD114,4,25
7369,ORD17368,PROD113,2,149
7370,ORD17369,PROD106,4,99
7371,ORD17370,PROD112,1,199
7372,ORD17371,PROD109,1,129
7373,ORD17372,PROD110,5,80
7374,ORD17373,PROD101,4,899
7375,ORD17374,PROD110,3,80
7376,ORD17375,PROD105,2,110
7377,ORD17376,PROD103,2,59
7378,ORD17377,PROD110,3,80
7379,ORD17378,PROD103,1,59
7380,ORD17379,PROD106,4,99
7381,ORD17380,PROD109,5,129
7382,ORD17381,PROD110,2,80
7383,ORD17382,PROD110,2,80
7384,ORD17383,PROD112,4,199
7385,ORD17384,PROD101,3,899
7386,ORD17385,PROD104,4,120
7387,ORD17386,PROD106,3,99
7388,ORD17387,PROD107,1,399
7389,ORD17388,PROD104,5,120
7390,ORD17389,PROD111,2,59
7391,ORD17390,PROD109,1,129
7392,ORD17391,PROD114,2,25
7393,ORD17392,PROD109,3,129
7394,ORD17393,PROD101,2,899
7395,ORD17394,PROD112,4,199
7396,ORD17395,PROD106,1,99
7397,ORD17396,PROD112,3,199
7398,ORD17397,PROD114,3,25
7399,ORD17398,PROD100,3,999
7400,ORD17399,PROD100,1,999
7401,ORD17400,PROD107,4,399
7402,ORD17401,PROD113,3,149
7403,ORD17402,PROD102,5,199
7404,ORD17403,PROD104,5,120
7405,ORD17404,PROD107,5,399
7406,ORD17405,PROD111,5,59
7407,ORD17406,PROD112,2,199
7408,ORD17407,PROD111,1,59
7409,ORD17408,PROD109,4,129
7410,ORD17409,PROD114,5,25
7411,ORD17410,PROD112,4,199
7412,ORD17411,PROD101,5,899
7413,ORD17412,PROD100,2,999
7414,ORD17413,PROD103,2,59
7415,ORD17414,PROD108,5,229
7416,ORD17415,PROD110,3,80
7417,ORD17416,PROD102,3,199
7418,ORD17417,PROD113,4,149
7419,ORD17418,PROD107,5,399
7420,ORD17419,PROD110,5,80
7421,ORD17420,PROD104,1,120
7422,ORD17421,PROD111,5,59
7423,ORD17422,PROD114,4,25
7424,ORD17423,PROD109,4,129
7425,ORD17424,PROD114,3,25
7426,ORD17425,PROD103,1,59
7427,ORD17426,PROD109,3,129
7428,ORD17427,PROD107,4,399
7429,ORD17428,PROD110,1,80
7430,ORD17429,PROD102,5,199
7431,ORD17430,PROD114,3,25
7432,ORD17431,PROD114,5,25
7433,ORD17432,PROD112,4,199
7434,ORD17433,PROD108,3,229
7435,ORD17434,PROD100,2,999
7436,ORD17435,PROD113,4,149
7437,ORD17436,PROD104,1,120
7438,ORD17437,PROD113,3,149
7439,ORD17438,PROD103,4,59
7440,ORD17439,PROD101,5,899
7441,ORD17440,PROD104,3,120
7442,ORD17441,PROD101,4,899
7443,ORD17442,PROD110,3,80
7444,ORD17443,PROD109,4,129
7445,ORD17444,PROD104,2,120
7446,ORD17445,PROD101,1,899
7447,ORD17446,PROD109,1,129
7448,ORD17447,PROD105,4,110
7449,ORD17448,PROD107,1,399
7450,ORD17449,PROD110,3,80
7451,ORD17450,PROD113,2,149
7452,ORD17451,PROD110,5,80
7453,ORD17452,PROD112,5,199
7454,ORD17453,PROD111,2,59
7455,ORD17454,PROD108,4,229
7456,ORD17455,PROD101,3,899
7457,ORD17456,PROD110,2,80
7458,ORD17457,PROD100,1,999
7459,ORD17458,PROD107,1,399
7460,ORD17459,PROD108,4,229
7461,ORD17460,PROD102,2,199
7462,ORD17461,PROD114,1,25
7463,ORD17462,PROD101,2,899
7464,ORD17463,PROD103,5,59
7465,ORD17464,PROD109,4,129
7466,ORD17465,PROD110,4,80
7467,ORD17466,PROD102,3,199
7468,ORD17467,PROD114,3,25
7469,ORD17468,PROD107,4,399
7470,ORD17469,PROD107,1,399
7471,ORD17470,PROD110,4,80
7472,ORD17471,PROD105,1,110
7473,ORD17472,PROD101,5,899
7474,ORD17473,PROD112,5,199
7475,ORD17474,PROD108,2,229
7476,ORD17475,PROD103,5,59
7477,ORD17476,PROD107,3,399
7478,ORD17477,PROD103,1,59
7479,ORD17478,PROD113,1,149
7480,ORD17479,PROD113,1,149
7481,ORD17480,PROD106,2,99
7482,ORD17481,PROD110,5,80
7483,ORD17482,PROD112,4,199
7484,ORD17483,PROD104,1,120
7485,ORD17484,PROD102,4,199
7486,ORD17485,PROD110,3,80
7487,ORD17486,PROD101,3,899
7488,ORD17487,PROD104,5,120
7489,ORD17488,PROD101,2,899
7490,ORD17489,PROD111,1,59
7491,ORD17490,PROD114,1,25
7492,ORD17491,PROD113,3,149
7493,ORD17492,PROD105,3,110
7494,ORD17493,PROD111,3,59
7495,ORD17494,PROD103,5,59
7496,ORD17495,PROD103,2,59
7497,ORD17496,PROD111,2,59
7498,ORD17497,PROD112,1,199
7499,ORD17498,PROD114,2,25
7500,ORD17499,PROD103,3,59
7501,ORD17500,PROD103,4,59
7502,ORD17501,PROD110,1,80
7503,ORD17502,PROD114,5,25
7504,ORD17503,PROD109,3,129
7505,ORD17504,PROD108,5,229
7506,ORD17505,PROD110,1,80
7507,ORD17506,PROD109,5,129
7508,ORD17507,PROD109,1,129
7509,ORD17508,PROD108,5,229
7510,ORD17509,PROD111,5,59
7511,ORD17510,PROD106,2,99
7512,ORD17511,PROD105,5,110
7513,ORD17512,PROD101,5,899
7514,ORD17513,PROD111,3,59
7515,ORD17514,PROD107,5,399
7516,ORD17515,PROD106,3,99
7517,ORD17516,PROD104,2,120
7518,ORD17517,PROD108,1,229
7519,ORD17518,PROD107,4,399
7520,ORD17519,PROD113,2,149
7521,ORD17520,PROD105,5,110
7522,ORD17521,PROD104,4,120
7523,ORD17522,PROD112,4,199
7524,ORD17523,PROD114,5,25
7525,ORD17524,PROD103,4,59
7526,ORD17525,PROD103,1,59
7527,ORD17526,PROD108,4,229
7528,ORD17527,PROD111,2,59
7529,ORD17528,PROD108,2,229
7530,ORD17529,PROD102,2,199
7531,ORD17530,PROD111,5,59
7532,ORD17531,PROD114,1,25
7533,ORD17532,PROD107,1,399
7534,ORD17533,PROD112,5,199
7535,ORD17534,PROD108,3,229
7536,ORD17535,PROD102,4,199
7537,ORD17536,PROD103,5,59
7538,ORD17537,PROD112,4,199
7539,ORD17538,PROD113,3,149
7540,ORD17539,PROD112,5,199
7541,ORD17540,PROD112,3,199
7542,ORD17541,PROD102,5,199
7543,ORD17542,PROD107,5,399
7544,ORD17543,PROD105,2,110
7545,ORD17544,PROD100,2,999
7546,ORD17545,PROD110,4,80
7547,ORD17546,PROD100,5,999
7548,ORD17547,PROD107,1,399
7549,ORD17548,PROD107,4,399
7550,ORD17549,PROD100,5,999
7551,ORD17550,PROD103,2,59
7552,ORD17551,PROD108,3,229
7553,ORD17552,PROD102,4,199
7554,ORD17553,PROD114,3,25
7555,ORD17554,PROD110,2,80
7556,ORD17555,PROD103,5,59
7557,ORD17556,PROD111,4,59
7558,ORD17557,PROD111,2,59
7559,ORD17558,PROD112,2,199
7560,ORD17559,PROD111,1,59
7561,ORD17560,PROD101,4,899
7562,ORD17561,PROD104,1,120
7563,ORD17562,PROD112,2,199
7564,ORD17563,PROD109,5,129
7565,ORD17564,PROD112,4,199
7566,ORD17565,PROD108,4,229
7567,ORD17566,PROD106,4,99
7568,ORD17567,PROD107,1,399
7569,ORD17568,PROD108,3,229
7570,ORD17569,PROD109,3,129
7571,ORD17570,PROD112,5,199
7572,ORD17571,PROD108,4,229
7573,ORD17572,PROD114,1,25
7574,ORD17573,PROD104,3,120
7575,ORD17574,PROD114,4,25
7576,ORD17575,PROD101,4,899
7577,ORD17576,PROD112,2,199
7578,ORD17577,PROD105,4,110
7579,ORD17578,PROD112,1,199
7580,ORD17579,PROD101,4,899
7581,ORD17580,PROD109,5,129
7582,ORD17581,PROD102,1,199
7583,ORD17582,PROD110,1,80
7584,ORD17583,PROD102,4,199
7585,ORD17584,PROD105,3,110
7586,ORD17585,PROD107,5,399
7587,ORD17586,PROD101,1,899
7588,ORD17587,PROD109,2,129
7589,ORD17588,PROD102,3,199
7590,ORD17589,PROD106,1,99
7591,ORD17590,PROD102,3,199
7592,ORD17591,PROD102,1,199
7593,ORD17592,PROD104,5,120
7594,ORD17593,PROD114,3,25
7595,ORD17594,PROD108,1,229
7596,ORD17595,PROD114,4,25
7597,ORD17596,PROD113,2,149
7598,ORD17597,PROD102,4,199
7599,ORD17598,PROD113,2,149
7600,ORD17599,PROD107,4,399
7601,ORD17600,PROD105,4,110
7602,ORD17601,PROD113,4,149
7603,ORD17602,PROD101,2,899
7604,ORD17603,PROD114,5,25
7605,ORD17604,PROD101,1,899
7606,ORD17605,PROD107,1,399
7607,ORD17606,PROD106,4,99
7608,ORD17607,PROD103,3,59
7609,ORD17608,PROD110,2,80
7610,ORD17609,PROD109,1,129
7611,ORD17610,PROD108,2,229
7612,ORD17611,PROD103,2,59
7613,ORD17612,PROD113,4,149
7614,ORD17613,PROD103,1,59
7615,ORD17614,PROD106,4,99
7616,ORD17615,PROD108,1,229
7617,ORD17616,PROD107,2,399
7618,ORD17617,PROD110,1,80
7619,ORD17618,PROD111,1,59
7620,ORD17619,PROD101,2,899
7621,ORD17620,PROD103,4,59
7622,ORD17621,PROD102,5,199
7623,ORD17622,PROD113,2,149
7624,ORD17623,PROD113,5,149
7625,ORD17624,PROD107,2,399
7626,ORD17625,PROD113,2,149
7627,ORD17626,PROD105,3,110
7628,ORD17627,PROD101,2,899
7629,ORD17628,PROD108,3,229
7630,ORD17629,PROD113,5,149
7631,ORD17630,PROD113,3,149
7632,ORD17631,PROD102,1,199
7633,ORD17632,PROD106,4,99
7634,ORD17633,PROD108,3,229
7635,ORD17634,PROD100,4,999
7636,ORD17635,PROD111,5,59
7637,ORD17636,PROD101,4,899
7638,ORD17637,PROD106,4,99
7639,ORD17638,PROD105,2,110
7640,ORD17639,PROD111,1,59
7641,ORD17640,PROD107,5,399
7642,ORD17641,PROD100,5,999
7643,ORD17642,PROD104,4,120
7644,ORD17643,PROD105,1,110
7645,ORD17644,PROD110,5,80
7646,ORD17645,PROD109,3,129
7647,ORD17646,PROD113,2,149
7648,ORD17647,PROD100,2,999
7649,ORD17648,PROD103,4,59
7650,ORD17649,PROD109,5,129
7651,ORD17650,PROD109,4,129
7652,ORD17651,PROD103,3,59
7653,ORD17652,PROD102,1,199
7654,ORD17653,PROD111,5,59
7655,ORD17654,PROD105,5,110
7656,ORD17655,PROD110,2,80
7657,ORD17656,PROD106,5,99
7658,ORD17657,PROD100,5,999
7659,ORD17658,PROD102,4,199
7660,ORD17659,PROD103,3,59
7661,ORD17660,PROD105,1,110
7662,ORD17661,PROD109,2,129
7663,ORD17662,PROD113,1,149
7664,ORD17663,PROD110,4,80
7665,ORD17664,PROD104,4,120
7666,ORD17665,PROD111,3,59
7667,ORD17666,PROD110,2,80
7668,ORD17667,PROD110,1,80
7669,ORD17668,PROD109,5,129
7670,ORD17669,PROD107,1,399
7671,ORD17670,PROD106,3,99
7672,ORD17671,PROD102,4,199
7673,ORD17672,PROD104,2,120
7674,ORD17673,PROD111,4,59
7675,ORD17674,PROD103,5,59
7676,ORD17675,PROD104,2,120
7677,ORD17676,PROD105,2,110
7678,ORD17677,PROD108,3,229
7679,ORD17678,PROD102,3,199
7680,ORD17679,PROD100,3,999
7681,ORD17680,PROD105,3,110
7682,ORD17681,PROD111,1,59
7683,ORD17682,PROD114,5,25
7684,ORD17683,PROD113,4,149
7685,ORD17684,PROD106,5,99
7686,ORD17685,PROD108,3,229
7687,ORD17686,PROD103,5,59
7688,ORD17687,PROD114,4,25
7689,ORD17688,PROD112,2,199
7690,ORD17689,PROD113,4,149
7691,ORD17690,PROD111,3,59
7692,ORD17691,PROD107,1,399
7693,ORD17692,PROD113,5,149
7694,ORD17693,PROD112,2,199
7695,ORD17694,PROD111,5,59
7696,ORD17695,PROD107,5,399
7697,ORD17696,PROD109,1,129
7698,ORD17697,PROD102,2,199
7699,ORD17698,PROD106,3,99
7700,ORD17699,PROD113,1,149
7701,ORD17700,PROD106,4,99
7702,ORD17701,PROD105,3,110
7703,ORD17702,PROD104,3,120
7704,ORD17703,PROD101,3,899
7705,ORD17704,PROD108,1,229
7706,ORD17705,PROD108,4,229
7707,ORD17706,PROD106,1,99
7708,ORD17707,PROD100,4,999
7709,ORD17708,PROD110,4,80
7710,ORD17709,PROD104,3,120
7711,ORD17710,PROD103,3,59
7712,ORD17711,PROD114,1,25
7713,ORD17712,PROD106,5,99
7714,ORD17713,PROD107,4,399
7715,ORD17714,PROD103,2,59
7716,ORD17715,PROD113,4,149
7717,ORD17716,PROD104,2,120
7718,ORD17717,PROD105,4,110
7719,ORD17718,PROD112,3,199
7720,ORD17719,PROD100,5,999
7721,ORD17720,PROD113,4,149
7722,ORD17721,PROD107,2,399
7723,ORD17722,PROD108,2,229
7724,ORD17723,PROD101,5,899
7725,ORD17724,PROD111,4,59
7726,ORD17725,PROD103,3,59
7727,ORD17726,PROD114,5,25
7728,ORD17727,PROD101,2,899
7729,ORD17728,PROD112,4,199
7730,ORD17729,PROD109,3,129
7731,ORD17730,PROD101,4,899
7732,ORD17731,PROD101,4,899
7733,ORD17732,PROD114,2,25
7734,ORD17733,PROD109,3,129
7735,ORD17734,PROD102,4,199
7736,ORD17735,PROD113,3,149
7737,ORD17736,PROD111,1,59
7738,ORD17737,PROD113,5,149
7739,ORD17738,PROD109,4,129
7740,ORD17739,PROD114,2,25
7741,ORD17740,PROD107,5,399
7742,ORD17741,PROD105,4,110
7743,ORD17742,PROD102,5,199
7744,ORD17743,PROD105,3,110
7745,ORD17744,PROD107,2,399
7746,ORD17745,PROD100,4,999
7747,ORD17746,PROD101,5,899
7748,ORD17747,PROD112,5,199
7749,ORD17748,PROD111,2,59
7750,ORD17749,PROD114,5,25
7751,ORD17750,PROD106,4,99
7752,ORD17751,PROD104,5,120
7753,ORD17752,PROD107,3,399
7754,ORD17753,PROD106,5,99
7755,ORD17754,PROD106,4,99
7756,ORD17755,PROD107,3,399
7757,ORD17756,PROD100,4,999
7758,ORD17757,PROD111,2,59
7759,ORD17758,PROD107,5,399
7760,ORD17759,PROD100,4,999
7761,ORD17760,PROD101,2,899
7762,ORD17761,PROD108,4,229
7763,ORD17762,PROD106,5,99
7764,ORD17763,PROD104,4,120
7765,ORD17764,PROD114,2,25
7766,ORD17765,PROD113,3,149
7767,ORD17766,PROD109,4,129
7768,ORD17767,PROD107,5,399
7769,ORD17768,PROD105,1,110
7770,ORD17769,PROD109,1,129
7771,ORD17770,PROD114,5,25
7772,ORD17771,PROD111,5,59
7773,ORD17772,PROD110,5,80
7774,ORD17773,PROD107,1,399
7775,ORD17774,PROD110,4,80
7776,ORD17775,PROD114,5,25
7777,ORD17776,PROD101,3,899
7778,ORD17777,PROD106,4,99
7779,ORD17778,PROD114,3,25
7780,ORD17779,PROD102,1,199
7781,ORD17780,PROD111,3,59
7782,ORD17781,PROD107,4,399
7783,ORD17782,PROD103,3,59
7784,ORD17783,PROD113,1,149
7785,ORD17784,PROD114,2,25
7786,ORD17785,PROD111,2,59
7787,ORD17786,PROD106,5,99
7788,ORD17787,PROD104,3,120
7789,ORD17788,PROD114,3,25
7790,ORD17789,PROD105,5,110
7791,ORD17790,PROD112,1,199
7792,ORD17791,PROD103,4,59
7793,ORD17792,PROD108,5,229
7794,ORD17793,PROD112,5,199
7795,ORD17794,PROD108,3,229
7796,ORD17795,PROD102,3,199
7797,ORD17796,PROD114,1,25
7798,ORD17797,PROD111,5,59
7799,ORD17798,PROD110,5,80
7800,ORD17799,PROD102,1,199
7801,ORD17800,PROD113,1,149
7802,ORD17801,PROD111,5,59
7803,ORD17802,PROD114,5,25
7804,ORD17803,PROD107,4,399
7805,ORD17804,PROD101,5,899
7806,ORD17805,PROD111,1,59
7807,ORD17806,PROD101,4,899
7808,ORD17807,PROD104,3,120
7809,ORD17808,PROD100,4,999
7810,ORD17809,PROD111,3,59
7811,ORD17810,PROD114,1,25
7812,ORD17811,PROD103,5,59
7813,ORD17812,PROD110,3,80
7814,ORD17813,PROD110,3,80
7815,ORD17814,PROD113,5,149
7816,ORD17815,PROD107,3,399
7817,ORD17816,PROD100,4,999
7818,ORD17817,PROD107,4,399
7819,ORD17818,PROD104,3,120
7820,ORD17819,PROD111,4,59
7821,ORD17820,PROD110,1,80
7822,ORD17821,PROD107,3,399
7823,ORD17822,PROD109,3,129
7824,ORD17823,PROD114,3,25
7825,ORD17824,PROD101,3,899
7826,ORD17825,PROD105,2,110
7827,ORD17826,PROD100,4,999
7828,ORD17827,PROD112,4,199
7829,ORD17828,PROD108,3,229
7830,ORD17829,PROD105,1,110
7831,ORD17830,PROD112,1,199
7832,ORD17831,PROD114,1,25
7833,ORD17832,PROD105,2,110
7834,ORD17833,PROD106,2,99
7835,ORD17834,PROD110,4,80
7836,ORD17835,PROD109,5,129
7837,ORD17836,PROD111,4,59
7838,ORD17837,PROD103,5,59
7839,ORD17838,PROD104,1,120
7840,ORD17839,PROD100,4,999
7841,ORD17840,PROD114,3,25
7842,ORD17841,PROD112,3,199
7843,ORD17842,PROD107,5,399
7844,ORD17843,PROD114,3,25
7845,ORD17844,PROD102,2,199
7846,ORD17845,PROD109,1,129
7847,ORD17846,PROD107,5,399
7848,ORD17847,PROD101,1,899
7849,ORD17848,PROD111,3,59
7850,ORD17849,PROD102,2,199
7851,ORD17850,PROD105,5,110
7852,ORD17851,PROD109,1,129
7853,ORD17852,PROD107,5,399
7854,ORD17853,PROD103,1,59
7855,ORD17854,PROD110,2,80
7856,ORD17855,PROD110,4,80
7857,ORD17856,PROD104,5,120
7858,ORD17857,PROD114,4,25
7859,ORD17858,PROD111,2,59
7860,ORD17859,PROD109,5,129
7861,ORD17860,PROD114,1,25
7862,ORD17861,PROD111,5,59
7863,ORD17862,PROD112,4,199
7864,ORD17863,PROD114,3,25
7865,ORD17864,PROD103,5,59
7866,ORD17865,PROD104,3,120
7867,ORD17866,PROD107,4,399
7868,ORD17867,PROD109,5,129
7869,ORD17868,PROD101,4,899
7870,ORD17869,PROD103,4,59
7871,ORD17870,PROD104,4,120
7872,ORD17871,PROD100,1,999
7873,ORD17872,PROD108,4,229
7874,ORD17873,PROD111,3,59
7875,ORD17874,PROD104,3,120
7876,ORD17875,PROD103,1,59
7877,ORD17876,PROD111,2,59
7878,ORD17877,PROD101,1,899
7879,ORD17878,PROD107,3,399
7880,ORD17879,PROD104,3,120
7881,ORD17880,PROD105,3,110
7882,ORD17881,PROD107,4,399
7883,ORD17882,PROD111,3,59
7884,ORD17883,PROD113,5,149
7885,ORD17884,PROD112,2,199
7886,ORD17885,PROD106,1,99
7887,ORD17886,PROD109,3,129
7888,ORD17887,PROD114,5,25
7889,ORD17888,PROD102,4,199
7890,ORD17889,PROD114,4,25
7891,ORD17890,PROD107,2,399
7892,ORD17891,PROD103,4,59
7893,ORD17892,PROD107,5,399
7894,ORD17893,PROD107,4,399
7895,ORD17894,PROD104,2,120
7896,ORD17895,PROD102,2,199
7897,ORD17896,PROD109,5,129
7898,ORD17897,PROD114,4,25
7899,ORD17898,PROD107,1,399
7900,ORD17899,PROD112,1,199
7901,ORD17900,PROD104,3,120
7902,ORD17901,PROD107,5,399
7903,ORD17902,PROD105,2,110
7904,ORD17903,PROD108,2,229
7905,ORD17904,PROD110,3,80
7906,ORD17905,PROD103,3,59
7907,ORD17906,PROD112,1,199
7908,ORD17907,PROD112,4,199
7909,ORD17908,PROD113,4,149
7910,ORD17909,PROD104,2,120
7911,ORD17910,PROD110,3,80
7912,ORD17911,PROD108,5,229
7913,ORD17912,PROD114,1,25
7914,ORD17913,PROD104,3,120
7915,ORD17914,PROD110,3,80
7916,ORD17915,PROD103,1,59
7917,ORD17916,PROD109,2,129
7918,ORD17917,PROD105,3,110
7919,ORD17918,PROD110,5,80
7920,ORD17919,PROD100,5,999
7921,ORD17920,PROD110,4,80
7922,ORD17921,PROD105,4,110
7923,ORD17922,PROD106,3,99
7924,ORD17923,PROD104,5,120
7925,ORD17924,PROD108,3,229
7926,ORD17925,PROD108,3,229
7927,ORD17926,PROD104,5,120
7928,ORD17927,PROD111,4,59
7929,ORD17928,PROD101,2,899
7930,ORD17929,PROD103,1,59
7931,ORD17930,PROD111,3,59
7932,ORD17931,PROD106,5,99
7933,ORD17932,PROD105,5,110
7934,ORD17933,PROD104,4,120
7935,ORD17934,PROD104,3,120
7936,ORD17935,PROD112,1,199
7937,ORD17936,PROD112,3,199
7938,ORD17937,PROD104,4,120
7939,ORD17938,PROD114,4,25
7940,ORD17939,PROD111,1,59
7941,ORD17940,PROD113,4,149
7942,ORD17941,PROD105,5,110
7943,ORD17942,PROD102,2,199
7944,ORD17943,PROD110,3,80
7945,ORD17944,PROD111,4,59
7946,ORD17945,PROD113,3,149
7947,ORD17946,PROD110,3,80
7948,ORD17947,PROD111,3,59
7949,ORD17948,PROD114,5,25
7950,ORD17949,PROD109,2,129
7951,ORD17950,PROD107,5,399
7952,ORD17951,PROD109,3,129
7953,ORD17952,PROD104,1,120
7954,ORD17953,PROD105,5,110
7955,ORD17954,PROD113,2,149
7956,ORD17955,PROD112,4,199
7957,ORD17956,PROD104,4,120
7958,ORD17957,PROD111,2,59
7959,ORD17958,PROD113,3,149
7960,ORD17959,PROD102,1,199
7961,ORD17960,PROD102,3,199
7962,ORD17961,PROD108,2,229
7963,ORD17962,PROD110,5,80
7964,ORD17963,PROD101,1,899
7965,ORD17964,PROD106,1,99
7966,ORD17965,PROD102,3,199
7967,ORD17966,PROD104,4,120
7968,ORD17967,PROD105,4,110
7969,ORD17968,PROD106,4,99
7970,ORD17969,PROD106,1,99
7971,ORD17970,PROD105,5,110
7972,ORD17971,PROD106,4,99
7973,ORD17972,PROD106,2,99
7974,ORD17973,PROD111,1,59
7975,ORD17974,PROD112,2,199
7976,ORD17975,PROD106,3,99
7977,ORD17976,PROD106,2,99
7978,ORD17977,PROD114,3,25
7979,ORD17978,PROD100,2,999
7980,ORD17979,PROD109,5,129
7981,ORD17980,PROD103,1,59
7982,ORD17981,PROD101,5,899
7983,ORD17982,PROD113,3,149
7984,ORD17983,PROD103,1,59
7985,ORD17984,PROD109,5,129
7986,ORD17985,PROD105,2,110
7987,ORD17986,PROD111,5,59
7988,ORD17987,PROD110,3,80
7989,ORD17988,PROD103,3,59
7990,ORD17989,PROD111,3,59
7991,ORD17990,PROD105,5,110
7992,ORD17991,PROD112,1,199
7993,ORD17992,PROD103,2,59
7994,ORD17993,PROD104,4,120
7995,ORD17994,PROD103,4,59
7996,ORD17995,PROD114,4,25
7997,ORD17996,PROD101,3,899
7998,ORD17997,PROD101,1,899
7999,ORD17998,PROD113,3,149
8000,ORD17999,PROD103,1,59
8001,ORD18000,PROD100,5,999
8002,ORD18001,PROD101,2,899
8003,ORD18002,PROD100,3,999
8004,ORD18003,PROD102,2,199
8005,ORD18004,PROD109,2,129
8006,ORD18005,PROD106,4,99
8007,ORD18006,PROD103,2,59
8008,ORD18007,PROD107,5,399
8009,ORD18008,PROD113,4,149
8010,ORD18009,PROD100,5,999
8011,ORD18010,PROD107,3,399
8012,ORD18011,PROD103,2,59
8013,ORD18012,PROD100,5,999
8014,ORD18013,PROD114,1,25
8015,ORD18014,PROD107,4,399
8016,ORD18015,PROD112,5,199
8017,ORD18016,PROD114,3,25
8018,ORD18017,PROD104,5,120
8019,ORD18018,PROD114,1,25
8020,ORD18019,PROD107,2,399
8021,ORD18020,PROD108,1,229
8022,ORD18021,PROD114,4,25
8023,ORD18022,PROD111,2,59
8024,ORD18023,PROD111,2,59
8025,ORD18024,PROD106,1,99
8026,ORD18025,PROD111,2,59
8027,ORD18026,PROD110,3,80
8028,ORD18027,PROD109,5,129
8029,ORD18028,PROD104,4,120
8030,ORD18029,PROD111,2,59
8031,ORD18030,PROD101,5,899
8032,ORD18031,PROD100,2,999
8033,ORD18032,PROD113,3,149
8034,ORD18033,PROD113,1,149
8035,ORD18034,PROD114,2,25
8036,ORD18035,PROD107,3,399
8037,ORD18036,PROD106,2,99
8038,ORD18037,PROD106,5,99
8039,ORD18038,PROD106,1,99
8040,ORD18039,PROD107,2,399
8041,ORD18040,PROD114,3,25
8042,ORD18041,PROD103,4,59
8043,ORD18042,PROD103,1,59
8044,ORD18043,PROD106,1,99
8045,ORD18044,PROD102,5,199
8046,ORD18045,PROD105,5,110
8047,ORD18046,PROD108,1,229
8048,ORD18047,PROD110,3,80
8049,ORD18048,PROD101,3,899
8050,ORD18049,PROD107,2,399
8051,ORD18050,PROD113,3,149
8052,ORD18051,PROD113,1,149
8053,ORD18052,PROD111,2,59
8054,ORD18053,PROD104,3,120
8055,ORD18054,PROD114,4,25
8056,ORD18055,PROD114,4,25
8057,ORD18056,PROD100,4,999
8058,ORD18057,PROD106,2,99
8059,ORD18058,PROD104,2,120
8060,ORD18059,PROD106,1,99
8061,ORD18060,PROD104,2,120
8062,ORD18061,PROD102,3,199
8063,ORD18062,PROD108,4,229
8064,ORD18063,PROD107,2,399
8065,ORD18064,PROD103,4,59
8066,ORD18065,PROD100,2,999
8067,ORD18066,PROD104,4,120
8068,ORD18067,PROD105,2,110
8069,ORD18068,PROD108,4,229
8070,ORD18069,PROD107,5,399
8071,ORD18070,PROD105,2,110
8072,ORD18071,PROD105,5,110
8073,ORD18072,PROD101,5,899
8074,ORD18073,PROD105,1,110
8075,ORD18074,PROD104,1,120
8076,ORD18075,PROD107,1,399
8077,ORD18076,PROD108,1,229
8078,ORD18077,PROD111,2,59
8079,ORD18078,PROD103,2,59
8080,ORD18079,PROD102,3,199
8081,ORD18080,PROD104,1,120
8082,ORD18081,PROD112,1,199
8083,ORD18082,PROD110,1,80
8084,ORD18083,PROD104,4,120
8085,ORD18084,PROD107,4,399
8086,ORD18085,PROD100,1,999
8087,ORD18086,PROD106,3,99
8088,ORD18087,PROD112,2,199
8089,ORD18088,PROD112,1,199
8090,ORD18089,PROD107,2,399
8091,ORD18090,PROD112,4,199
8092,ORD18091,PROD106,5,99
8093,ORD18092,PROD108,2,229
8094,ORD18093,PROD102,5,199
8095,ORD18094,PROD112,1,199
8096,ORD18095,PROD107,3,399
8097,ORD18096,PROD114,1,25
8098,ORD18097,PROD105,4,110
8099,ORD18098,PROD113,3,149
8100,ORD18099,PROD102,3,199
8101,ORD18100,PROD108,1,229
8102,ORD18101,PROD106,2,99
8103,ORD18102,PROD108,4,229
8104,ORD18103,PROD110,1,80
8105,ORD18104,PROD105,4,110
8106,ORD18105,PROD111,4,59
8107,ORD18106,PROD106,3,99
8108,ORD18107,PROD108,2,229
8109,ORD18108,PROD112,1,199
8110,ORD18109,PROD104,4,120
8111,ORD18110,PROD111,2,59
8112,ORD18111,PROD108,5,229
8113,ORD18112,PROD101,3,899
8114,ORD18113,PROD111,1,59
8115,ORD18114,PROD104,3,120
8116,ORD18115,PROD106,1,99
8117,ORD18116,PROD107,2,399
8118,ORD18117,PROD105,1,110
8119,ORD18118,PROD102,5,199
8120,ORD18119,PROD103,3,59
8121,ORD18120,PROD111,3,59
8122,ORD18121,PROD106,2,99
8123,ORD18122,PROD106,5,99
8124,ORD18123,PROD106,3,99
8125,ORD18124,PROD101,2,899
8126,ORD18125,PROD101,2,899
8127,ORD18126,PROD106,4,99
8128,ORD18127,PROD110,5,80
8129,ORD18128,PROD113,4,149
8130,ORD18129,PROD110,2,80
8131,ORD18130,PROD100,3,999
8132,ORD18131,PROD107,4,399
8133,ORD18132,PROD102,4,199
8134,ORD18133,PROD108,3,229
8135,ORD18134,PROD108,5,229
8136,ORD18135,PROD107,4,399
8137,ORD18136,PROD112,5,199
8138,ORD18137,PROD109,4,129
8139,ORD18138,PROD113,1,149
8140,ORD18139,PROD101,2,899
8141,ORD18140,PROD110,3,80
8142,ORD18141,PROD105,4,110
8143,ORD18142,PROD106,3,99
8144,ORD18143,PROD103,2,59
8145,ORD18144,PROD110,4,80
8146,ORD18145,PROD112,4,199
8147,ORD18146,PROD111,3,59
8148,ORD18147,PROD108,1,229
8149,ORD18148,PROD110,4,80
8150,ORD18149,PROD111,2,59
8151,ORD18150,PROD101,2,899
8152,ORD18151,PROD111,4,59
8153,ORD18152,PROD103,4,59
8154,ORD18153,PROD103,1,59
8155,ORD18154,PROD107,5,399
8156,ORD18155,PROD104,4,120
8157,ORD18156,PROD111,2,59
8158,ORD18157,PROD102,1,199
8159,ORD18158,PROD110,3,80
8160,ORD18159,PROD104,3,120
8161,ORD18160,PROD112,1,199
8162,ORD18161,PROD108,5,229
8163,ORD18162,PROD108,3,229
8164,ORD18163,PROD114,5,25
8165,ORD18164,PROD112,1,199
8166,ORD18165,PROD103,2,59
8167,ORD18166,PROD111,4,59
8168,ORD18167,PROD104,3,120
8169,ORD18168,PROD101,2,899
8170,ORD18169,PROD101,1,899
8171,ORD18170,PROD109,3,129
8172,ORD18171,PROD112,4,199
8173,ORD18172,PROD105,1,110
8174,ORD18173,PROD107,4,399
8175,ORD18174,PROD102,4,199
8176,ORD18175,PROD102,3,199
8177,ORD18176,PROD101,4,899
8178,ORD18177,PROD113,1,149
8179,ORD18178,PROD104,1,120
8180,ORD18179,PROD100,1,999
8181,ORD18180,PROD113,1,149
8182,ORD18181,PROD105,4,110
8183,ORD18182,PROD101,3,899
8184,ORD18183,PROD104,3,120
8185,ORD18184,PROD104,1,120
8186,ORD18185,PROD111,3,59
8187,ORD18186,PROD112,3,199
8188,ORD18187,PROD103,1,59
8189,ORD18188,PROD104,1,120
8190,ORD18189,PROD109,4,129
8191,ORD18190,PROD102,5,199
8192,ORD18191,PROD107,2,399
8193,ORD18192,PROD105,5,110
8194,ORD18193,PROD113,3,149
8195,ORD18194,PROD108,1,229
8196,ORD18195,PROD105,3,110
8197,ORD18196,PROD106,3,99
8198,ORD18197,PROD104,4,120
8199,ORD18198,PROD103,1,59
8200,ORD18199,PROD111,3,59
8201,ORD18200,PROD112,4,199
8202,ORD18201,PROD100,3,999
8203,ORD18202,PROD105,5,110
8204,ORD18203,PROD113,2,149
8205,ORD18204,PROD106,5,99
8206,ORD18205,PROD105,4,110
8207,ORD18206,PROD109,4,129
8208,ORD18207,PROD100,2,999
8209,ORD18208,PROD103,1,59
8210,ORD18209,PROD102,5,199
8211,ORD18210,PROD108,3,229
8212,ORD18211,PROD113,4,149
8213,ORD18212,PROD100,4,999
8214,ORD18213,PROD106,3,99
8215,ORD18214,PROD106,3,99
8216,ORD18215,PROD102,5,199
8217,ORD18216,PROD103,5,59
8218,ORD18217,PROD106,2,99
8219,ORD18218,PROD102,3,199
8220,ORD18219,PROD107,4,399
8221,ORD18220,PROD101,5,899
8222,ORD18221,PROD108,2,229
8223,ORD18222,PROD112,1,199
8224,ORD18223,PROD106,3,99
8225,ORD18224,PROD106,4,99
8226,ORD18225,PROD114,3,25
8227,ORD18226,PROD106,5,99
8228,ORD18227,PROD114,1,25
8229,ORD18228,PROD108,4,229
8230,ORD18229,PROD111,2,59
8231,ORD18230,PROD107,2,399
8232,ORD18231,PROD110,3,80
8233,ORD18232,PROD103,3,59
8234,ORD18233,PROD113,5,149
8235,ORD18234,PROD110,5,80
8236,ORD18235,PROD103,3,59
8237,ORD18236,PROD100,4,999
8238,ORD18237,PROD101,4,899
8239,ORD18238,PROD102,5,199
8240,ORD18239,PROD106,2,99
8241,ORD18240,PROD109,2,129
8242,ORD18241,PROD106,5,99
8243,ORD18242,PROD103,4,59
8244,ORD18243,PROD114,4,25
8245,ORD18244,PROD108,4,229
8246,ORD18245,PROD102,4,199
8247,ORD18246,PROD102,4,199
8248,ORD18247,PROD113,1,149
8249,ORD18248,PROD111,3,59
8250,ORD18249,PROD100,5,999
8251,ORD18250,PROD108,4,229
8252,ORD18251,PROD100,4,999
8253,ORD18252,PROD106,5,99
8254,ORD18253,PROD107,4,399
8255,ORD18254,PROD101,4,899
8256,ORD18255,PROD106,4,99
8257,ORD18256,PROD113,2,149
8258,ORD18257,PROD102,2,199
8259,ORD18258,PROD107,3,399
8260,ORD18259,PROD112,1,199
8261,ORD18260,PROD102,3,199
8262,ORD18261,PROD105,3,110
8263,ORD18262,PROD101,2,899
8264,ORD18263,PROD104,4,120
8265,ORD18264,PROD111,4,59
8266,ORD18265,PROD103,4,59
8267,ORD18266,PROD101,2,899
8268,ORD18267,PROD110,5,80
8269,ORD18268,PROD104,5,120
8270,ORD18269,PROD111,3,59
8271,ORD18270,PROD101,5,899
8272,ORD18271,PROD103,2,59
8273,ORD18272,PROD103,3,59
8274,ORD18273,PROD100,3,999
8275,ORD18274,PROD114,3,25
8276,ORD18275,PROD101,2,899
8277,ORD18276,PROD108,5,229
8278,ORD18277,PROD111,1,59
8279,ORD18278,PROD110,2,80
8280,ORD18279,PROD109,4,129
8281,ORD18280,PROD109,4,129
8282,ORD18281,PROD104,3,120
8283,ORD18282,PROD107,5,399
8284,ORD18283,PROD113,3,149
8285,ORD18284,PROD112,1,199
8286,ORD18285,PROD101,5,899
8287,ORD18286,PROD105,3,110
8288,ORD18287,PROD100,4,999
8289,ORD18288,PROD114,5,25
8290,ORD18289,PROD101,4,899
8291,ORD18290,PROD108,3,229
8292,ORD18291,PROD102,5,199
8293,ORD18292,PROD111,4,59
8294,ORD18293,PROD105,1,110
8295,ORD18294,PROD111,5,59
8296,ORD18295,PROD104,1,120
8297,ORD18296,PROD112,4,199
8298,ORD18297,PROD104,1,120
8299,ORD18298,PROD112,1,199
8300,ORD18299,PROD103,5,59
8301,ORD18300,PROD109,3,129
8302,ORD18301,PROD101,4,899
8303,ORD18302,PROD112,3,199
8304,ORD18303,PROD103,1,59
8305,ORD18304,PROD105,4,110
8306,ORD18305,PROD112,5,199
8307,ORD18306,PROD106,5,99
8308,ORD18307,PROD112,3,199
8309,ORD18308,PROD102,3,199
8310,ORD18309,PROD104,4,120
8311,ORD18310,PROD113,4,149
8312,ORD18311,PROD114,4,25
8313,ORD18312,PROD104,5,120
8314,ORD18313,PROD105,1,110
8315,ORD18314,PROD102,5,199
8316,ORD18315,PROD106,4,99
8317,ORD18316,PROD104,3,120
8318,ORD18317,PROD113,1,149
8319,ORD18318,PROD114,4,25
8320,ORD18319,PROD101,4,899
8321,ORD18320,PROD113,5,149
8322,ORD18321,PROD114,5,25
8323,ORD18322,PROD114,5,25
8324,ORD18323,PROD113,2,149
8325,ORD18324,PROD108,4,229
8326,ORD18325,PROD114,1,25
8327,ORD18326,PROD107,5,399
8328,ORD18327,PROD103,4,59
8329,ORD18328,PROD110,5,80
8330,ORD18329,PROD103,2,59
8331,ORD18330,PROD113,3,149
8332,ORD18331,PROD108,4,229
8333,ORD18332,PROD107,4,399
8334,ORD18333,PROD105,4,110
8335,ORD18334,PROD114,1,25
8336,ORD18335,PROD111,1,59
8337,ORD18336,PROD110,5,80
8338,ORD18337,PROD114,3,25
8339,ORD18338,PROD114,3,25
8340,ORD18339,PROD102,4,199
8341,ORD18340,PROD101,1,899
8342,ORD18341,PROD107,3,399
8343,ORD18342,PROD112,1,199
8344,ORD18343,PROD111,4,59
8345,ORD18344,PROD114,1,25
8346,ORD18345,PROD101,3,899
8347,ORD18346,PROD109,5,129
8348,ORD18347,PROD108,2,229
8349,ORD18348,PROD102,4,199
8350,ORD18349,PROD110,4,80
8351,ORD18350,PROD101,5,899
8352,ORD18351,PROD102,3,199
8353,ORD18352,PROD112,5,199
8354,ORD18353,PROD104,1,120
8355,ORD18354,PROD113,3,149
8356,ORD18355,PROD108,5,229
8357,ORD18356,PROD100,3,999
8358,ORD18357,PROD109,4,129
8359,ORD18358,PROD112,3,199
8360,ORD18359,PROD106,2,99
8361,ORD18360,PROD114,3,25
8362,ORD18361,PROD102,2,199
8363,ORD18362,PROD102,4,199
8364,ORD18363,PROD100,3,999
8365,ORD18364,PROD113,3,149
8366,ORD18365,PROD102,4,199
8367,ORD18366,PROD102,4,199
8368,ORD18367,PROD113,4,149
8369,ORD18368,PROD105,3,110
8370,ORD18369,PROD111,1,59
8371,ORD18370,PROD101,5,899
8372,ORD18371,PROD112,2,199
8373,ORD18372,PROD107,5,399
8374,ORD18373,PROD110,4,80
8375,ORD18374,PROD103,5,59
8376,ORD18375,PROD103,4,59
8377,ORD18376,PROD111,5,59
8378,ORD18377,PROD113,4,149
8379,ORD18378,PROD108,1,229
8380,ORD18379,PROD114,3,25
8381,ORD18380,PROD104,5,120
8382,ORD18381,PROD114,4,25
8383,ORD18382,PROD111,5,59
8384,ORD18383,PROD114,3,25
8385,ORD18384,PROD102,1,199
8386,ORD18385,PROD113,1,149
8387,ORD18386,PROD107,5,399
8388,ORD18387,PROD108,3,229
8389,ORD18388,PROD111,5,59
8390,ORD18389,PROD111,3,59
8391,ORD18390,PROD113,5,149
8392,ORD18391,PROD113,3,149
8393,ORD18392,PROD106,3,99
8394,ORD18393,PROD114,5,25
8395,ORD18394,PROD114,3,25
8396,ORD18395,PROD106,2,99
8397,ORD18396,PROD112,3,199
8398,ORD18397,PROD100,3,999
8399,ORD18398,PROD102,4,199
8400,ORD18399,PROD107,4,399
8401,ORD18400,PROD114,1,25
8402,ORD18401,PROD112,2,199
8403,ORD18402,PROD107,5,399
8404,ORD18403,PROD109,1,129
8405,ORD18404,PROD103,4,59
8406,ORD18405,PROD101,1,899
8407,ORD18406,PROD107,5,399
8408,ORD18407,PROD111,4,59
8409,ORD18408,PROD103,1,59
8410,ORD18409,PROD106,5,99
8411,ORD18410,PROD101,5,899
8412,ORD18411,PROD114,3,25
8413,ORD18412,PROD100,5,999
8414,ORD18413,PROD109,3,129
8415,ORD18414,PROD104,5,120
8416,ORD18415,PROD114,3,25
8417,ORD18416,PROD108,4,229
8418,ORD18417,PROD108,2,229
8419,ORD18418,PROD106,3,99
8420,ORD18419,PROD100,2,999
8421,ORD18420,PROD105,4,110
8422,ORD18421,PROD114,2,25
8423,ORD18422,PROD104,2,120
8424,ORD18423,PROD107,3,399
8425,ORD18424,PROD105,1,110
8426,ORD18425,PROD112,1,199
8427,ORD18426,PROD112,1,199
8428,ORD18427,PROD100,4,999
8429,ORD18428,PROD110,4,80
8430,ORD18429,PROD103,4,59
8431,ORD18430,PROD105,5,110
8432,ORD18431,PROD114,2,25
8433,ORD18432,PROD103,1,59
8434,ORD18433,PROD113,5,149
8435,ORD18434,PROD101,3,899
8436,ORD18435,PROD103,4,59
8437,ORD18436,PROD106,1,99
8438,ORD18437,PROD100,4,999
8439,ORD18438,PROD105,5,110
8440,ORD18439,PROD103,1,59
8441,ORD18440,PROD114,5,25
8442,ORD18441,PROD108,3,229
8443,ORD18442,PROD107,1,399
8444,ORD18443,PROD108,2,229
8445,ORD18444,PROD107,3,399
8446,ORD18445,PROD104,5,120
8447,ORD18446,PROD110,1,80
8448,ORD18447,PROD113,5,149
8449,ORD18448,PROD113,3,149
8450,ORD18449,PROD114,5,25
8451,ORD18450,PROD105,5,110
8452,ORD18451,PROD104,2,120
8453,ORD18452,PROD105,2,110
8454,ORD18453,PROD106,2,99
8455,ORD18454,PROD100,4,999
8456,ORD18455,PROD106,3,99
8457,ORD18456,PROD107,1,399
8458,ORD18457,PROD113,4,149
8459,ORD18458,PROD102,1,199
8460,ORD18459,PROD106,4,99
8461,ORD18460,PROD110,1,80
8462,ORD18461,PROD109,5,129
8463,ORD18462,PROD107,1,399
8464,ORD18463,PROD106,2,99
8465,ORD18464,PROD103,3,59
8466,ORD18465,PROD102,3,199
8467,ORD18466,PROD106,2,99
8468,ORD18467,PROD106,3,99
8469,ORD18468,PROD113,3,149
8470,ORD18469,PROD101,4,899
8471,ORD18470,PROD113,5,149
8472,ORD18471,PROD114,1,25
8473,ORD18472,PROD103,3,59
8474,ORD18473,PROD107,3,399
8475,ORD18474,PROD114,1,25
8476,ORD18475,PROD110,5,80
8477,ORD18476,PROD103,2,59
8478,ORD18477,PROD107,5,399
8479,ORD18478,PROD112,3,199
8480,ORD18479,PROD101,3,899
8481,ORD18480,PROD109,5,129
8482,ORD18481,PROD111,3,59
8483,ORD18482,PROD108,4,229
8484,ORD18483,PROD106,3,99
8485,ORD18484,PROD114,5,25
8486,ORD18485,PROD100,1,999
8487,ORD18486,PROD102,4,199
8488,ORD18487,PROD106,1,99
8489,ORD18488,PROD111,5,59
8490,ORD18489,PROD109,5,129
8491,ORD18490,PROD104,4,120
8492,ORD18491,PROD112,2,199
8493,ORD18492,PROD101,5,899
8494,ORD18493,PROD110,3,80
8495,ORD18494,PROD114,1,25
8496,ORD18495,PROD114,5,25
8497,ORD18496,PROD101,1,899
8498,ORD18497,PROD110,3,80
8499,ORD18498,PROD113,4,149
8500,ORD18499,PROD108,1,229
8501,ORD18500,PROD113,4,149
8502,ORD18501,PROD103,1,59
8503,ORD18502,PROD106,1,99
8504,ORD18503,PROD112,2,199
8505,ORD18504,PROD113,5,149
8506,ORD18505,PROD113,1,149
8507,ORD18506,PROD110,2,80
8508,ORD18507,PROD111,4,59
8509,ORD18508,PROD107,5,399
8510,ORD18509,PROD107,4,399
8511,ORD18510,PROD105,5,110
8512,ORD18511,PROD104,2,120
8513,ORD18512,PROD103,2,59
8514,ORD18513,PROD107,1,399
8515,ORD18514,PROD103,3,59
8516,ORD18515,PROD103,1,59
8517,ORD18516,PROD107,2,399
8518,ORD18517,PROD110,3,80
8519,ORD18518,PROD101,4,899
8520,ORD18519,PROD109,1,129
8521,ORD18520,PROD101,3,899
8522,ORD18521,PROD110,4,80
8523,ORD18522,PROD108,2,229
8524,ORD18523,PROD110,4,80
8525,ORD18524,PROD114,3,25
8526,ORD18525,PROD105,5,110
8527,ORD18526,PROD100,4,999
8528,ORD18527,PROD108,2,229
8529,ORD18528,PROD113,4,149
8530,ORD18529,PROD100,5,999
8531,ORD18530,PROD114,3,25
8532,ORD18531,PROD106,2,99
8533,ORD18532,PROD110,2,80
8534,ORD18533,PROD101,4,899
8535,ORD18534,PROD108,5,229
8536,ORD18535,PROD109,5,129
8537,ORD18536,PROD107,3,399
8538,ORD18537,PROD107,3,399
8539,ORD18538,PROD106,3,99
8540,ORD18539,PROD102,5,199
8541,ORD18540,PROD102,2,199
8542,ORD18541,PROD114,2,25
8543,ORD18542,PROD104,5,120
8544,ORD18543,PROD110,5,80
8545,ORD18544,PROD109,1,129
8546,ORD18545,PROD108,2,229
8547,ORD18546,PROD105,3,110
8548,ORD18547,PROD114,5,25
8549,ORD18548,PROD112,2,199
8550,ORD18549,PROD108,4,229
8551,ORD18550,PROD101,3,899
8552,ORD18551,PROD112,4,199
8553,ORD18552,PROD111,2,59
8554,ORD18553,PROD112,3,199
8555,ORD18554,PROD106,4,99
8556,ORD18555,PROD106,5,99
8557,ORD18556,PROD102,3,199
8558,ORD18557,PROD104,2,120
8559,ORD18558,PROD114,4,25
8560,ORD18559,PROD108,1,229
8561,ORD18560,PROD112,2,199
8562,ORD18561,PROD103,2,59
8563,ORD18562,PROD108,4,229
8564,ORD18563,PROD103,3,59
8565,ORD18564,PROD112,1,199
8566,ORD18565,PROD109,2,129
8567,ORD18566,PROD109,5,129
8568,ORD18567,PROD109,1,129
8569,ORD18568,PROD107,3,399
8570,ORD18569,PROD106,2,99
8571,ORD18570,PROD112,1,199
8572,ORD18571,PROD111,5,59
8573,ORD18572,PROD111,3,59
8574,ORD18573,PROD105,2,110
8575,ORD18574,PROD108,2,229
8576,ORD18575,PROD112,5,199
8577,ORD18576,PROD107,3,399
8578,ORD18577,PROD110,4,80
8579,ORD18578,PROD107,4,399
8580,ORD18579,PROD100,2,999
8581,ORD18580,PROD113,1,149
8582,ORD18581,PROD102,1,199
8583,ORD18582,PROD114,4,25
8584,ORD18583,PROD101,3,899
8585,ORD18584,PROD114,1,25
8586,ORD18585,PROD102,2,199
8587,ORD18586,PROD105,4,110
8588,ORD18587,PROD111,5,59
8589,ORD18588,PROD103,5,59
8590,ORD18589,PROD114,5,25
8591,ORD18590,PROD112,3,199
8592,ORD18591,PROD103,5,59
8593,ORD18592,PROD102,4,199
8594,ORD18593,PROD101,2,899
8595,ORD18594,PROD112,4,199
8596,ORD18595,PROD111,3,59
8597,ORD18596,PROD108,5,229
8598,ORD18597,PROD103,4,59
8599,ORD18598,PROD101,1,899
8600,ORD18599,PROD100,1,999
8601,ORD18600,PROD112,4,199
8602,ORD18601,PROD113,4,149
8603,ORD18602,PROD110,5,80
8604,ORD18603,PROD102,4,199
8605,ORD18604,PROD112,5,199
8606,ORD18605,PROD104,1,120
8607,ORD18606,PROD105,4,110
8608,ORD18607,PROD110,3,80
8609,ORD18608,PROD106,5,99
8610,ORD18609,PROD106,4,99
8611,ORD18610,PROD102,4,199
8612,ORD18611,PROD107,1,399
8613,ORD18612,PROD101,4,899
8614,ORD18613,PROD101,3,899
8615,ORD18614,PROD107,5,399
8616,ORD18615,PROD107,2,399
8617,ORD18616,PROD102,4,199
8618,ORD18617,PROD110,3,80
8619,ORD18618,PROD111,3,59
8620,ORD18619,PROD100,3,999
8621,ORD18620,PROD111,2,59
8622,ORD18621,PROD110,4,80
8623,ORD18622,PROD106,5,99
8624,ORD18623,PROD107,3,399
8625,ORD18624,PROD109,5,129
8626,ORD18625,PROD102,5,199
8627,ORD18626,PROD111,4,59
8628,ORD18627,PROD102,5,199
8629,ORD18628,PROD110,3,80
8630,ORD18629,PROD103,3,59
8631,ORD18630,PROD110,5,80
8632,ORD18631,PROD111,4,59
8633,ORD18632,PROD106,1,99
8634,ORD18633,PROD102,5,199
8635,ORD18634,PROD107,5,399
8636,ORD18635,PROD110,1,80
8637,ORD18636,PROD104,3,120
8638,ORD18637,PROD109,4,129
8639,ORD18638,PROD102,2,199
8640,ORD18639,PROD103,1,59
8641,ORD18640,PROD101,4,899
8642,ORD18641,PROD102,2,199
8643,ORD18642,PROD107,3,399
8644,ORD18643,PROD112,3,199
8645,ORD18644,PROD107,1,399
8646,ORD18645,PROD104,4,120
8647,ORD18646,PROD113,1,149
8648,ORD18647,PROD101,4,899
8649,ORD18648,PROD102,2,199
8650,ORD18649,PROD101,3,899
8651,ORD18650,PROD113,3,149
8652,ORD18651,PROD113,3,149
8653,ORD18652,PROD105,1,110
8654,ORD18653,PROD108,1,229
8655,ORD18654,PROD106,2,99
8656,ORD18655,PROD109,5,129
8657,ORD18656,PROD107,5,399
8658,ORD18657,PROD113,3,149
8659,ORD18658,PROD103,2,59
8660,ORD18659,PROD109,5,129
8661,ORD18660,PROD105,4,110
8662,ORD18661,PROD112,1,199
8663,ORD18662,PROD107,1,399
8664,ORD18663,PROD112,5,199
8665,ORD18664,PROD100,2,999
8666,ORD18665,PROD101,1,899
8667,ORD18666,PROD106,1,99
8668,ORD18667,PROD109,2,129
8669,ORD18668,PROD112,2,199
8670,ORD18669,PROD107,3,399
8671,ORD18670,PROD101,2,899
8672,ORD18671,PROD113,5,149
8673,ORD18672,PROD110,3,80
8674,ORD18673,PROD114,5,25
8675,ORD18674,PROD107,4,399
8676,ORD18675,PROD104,5,120
8677,ORD18676,PROD109,2,129
8678,ORD18677,PROD103,3,59
8679,ORD18678,PROD110,4,80
8680,ORD18679,PROD107,2,399
8681,ORD18680,PROD106,1,99
8682,ORD18681,PROD114,5,25
8683,ORD18682,PROD101,4,899
8684,ORD18683,PROD106,1,99
8685,ORD18684,PROD107,4,399
8686,ORD18685,PROD103,5,59
8687,ORD18686,PROD110,4,80
8688,ORD18687,PROD106,3,99
8689,ORD18688,PROD114,5,25
8690,ORD18689,PROD102,1,199
8691,ORD18690,PROD112,4,199
8692,ORD18691,PROD107,4,399
8693,ORD18692,PROD108,2,229
8694,ORD18693,PROD108,4,229
8695,ORD18694,PROD105,1,110
8696,ORD18695,PROD103,4,59
8697,ORD18696,PROD104,2,120
8698,ORD18697,PROD107,3,399
8699,ORD18698,PROD112,1,199
8700,ORD18699,PROD100,5,999
8701,ORD18700,PROD114,2,25
8702,ORD18701,PROD103,3,59
8703,ORD18702,PROD105,2,110
8704,ORD18703,PROD105,3,110
8705,ORD18704,PROD111,1,59
8706,ORD18705,PROD109,4,129
8707,ORD18706,PROD104,3,120
8708,ORD18707,PROD100,1,999
8709,ORD18708,PROD106,3,99
8710,ORD18709,PROD105,2,110
8711,ORD18710,PROD104,5,120
8712,ORD18711,PROD102,2,199
8713,ORD18712,PROD108,3,229
8714,ORD18713,PROD109,2,129
8715,ORD18714,PROD106,4,99
8716,ORD18715,PROD101,3,899
8717,ORD18716,PROD105,2,110
8718,ORD18717,PROD107,4,399
8719,ORD18718,PROD113,1,149
8720,ORD18719,PROD104,2,120
8721,ORD18720,PROD103,2,59
8722,ORD18721,PROD106,1,99
8723,ORD18722,PROD112,2,199
8724,ORD18723,PROD110,1,80
8725,ORD18724,PROD110,2,80
8726,ORD18725,PROD104,4,120
8727,ORD18726,PROD102,2,199
8728,ORD18727,PROD106,3,99
8729,ORD18728,PROD104,1,120
8730,ORD18729,PROD109,2,129
8731,ORD18730,PROD105,1,110
8732,ORD18731,PROD107,4,399
8733,ORD18732,PROD110,4,80
8734,ORD18733,PROD107,4,399
8735,ORD18734,PROD109,4,129
8736,ORD18735,PROD110,3,80
8737,ORD18736,PROD110,3,80
8738,ORD18737,PROD102,1,199
8739,ORD18738,PROD113,4,149
8740,ORD18739,PROD102,4,199
8741,ORD18740,PROD102,5,199
8742,ORD18741,PROD105,3,110
8743,ORD18742,PROD103,5,59
8744,ORD18743,PROD102,5,199
8745,ORD18744,PROD112,4,199
8746,ORD18745,PROD106,1,99
8747,ORD18746,PROD104,1,120
8748,ORD18747,PROD108,3,229
8749,ORD18748,PROD110,1,80
8750,ORD18749,PROD106,3,99
8751,ORD18750,PROD104,1,120
8752,ORD18751,PROD104,5,120
8753,ORD18752,PROD114,5,25
8754,ORD18753,PROD113,4,149
8755,ORD18754,PROD110,1,80
8756,ORD18755,PROD106,3,99
8757,ORD18756,PROD113,2,149
8758,ORD18757,PROD104,4,120
8759,ORD18758,PROD100,4,999
8760,ORD18759,PROD109,4,129
8761,ORD18760,PROD111,1,59
8762,ORD18761,PROD102,2,199
8763,ORD18762,PROD107,2,399
8764,ORD18763,PROD114,1,25
8765,ORD18764,PROD105,5,110
8766,ORD18765,PROD112,4,199
8767,ORD18766,PROD110,2,80
8768,ORD18767,PROD112,5,199
8769,ORD18768,PROD101,2,899
8770,ORD18769,PROD111,5,59
8771,ORD18770,PROD107,3,399
8772,ORD18771,PROD102,4,199
8773,ORD18772,PROD103,4,59
8774,ORD18773,PROD111,5,59
8775,ORD18774,PROD114,5,25
8776,ORD18775,PROD101,5,899
8777,ORD18776,PROD103,3,59
8778,ORD18777,PROD108,3,229
8779,ORD18778,PROD103,5,59
8780,ORD18779,PROD100,4,999
8781,ORD18780,PROD107,3,399
8782,ORD18781,PROD113,1,149
8783,ORD18782,PROD111,1,59
8784,ORD18783,PROD100,3,999
8785,ORD18784,PROD104,2,120
8786,ORD18785,PROD103,1,59
8787,ORD18786,PROD109,4,129
8788,ORD18787,PROD110,5,80
8789,ORD18788,PROD113,4,149
8790,ORD18789,PROD109,5,129
8791,ORD18790,PROD113,2,149
8792,ORD18791,PROD108,1,229
8793,ORD18792,PROD111,4,59
8794,ORD18793,PROD102,2,199
8795,ORD18794,PROD108,1,229
8796,ORD18795,PROD101,1,899
8797,ORD18796,PROD101,4,899
8798,ORD18797,PROD105,5,110
8799,ORD18798,PROD113,2,149
8800,ORD18799,PROD100,2,999
8801,ORD18800,PROD111,2,59
8802,ORD18801,PROD102,4,199
8803,ORD18802,PROD106,4,99
8804,ORD18803,PROD103,5,59
8805,ORD18804,PROD101,3,899
8806,ORD18805,PROD110,1,80
8807,ORD18806,PROD110,4,80
8808,ORD18807,PROD100,1,999
8809,ORD18808,PROD109,5,129
8810,ORD18809,PROD109,3,129
8811,ORD18810,PROD101,4,899
8812,ORD18811,PROD105,2,110
8813,ORD18812,PROD102,4,199
8814,ORD18813,PROD106,3,99
8815,ORD18814,PROD101,4,899
8816,ORD18815,PROD108,2,229
8817,ORD18816,PROD106,1,99
8818,ORD18817,PROD111,3,59
8819,ORD18818,PROD101,2,899
8820,ORD18819,PROD108,3,229
8821,ORD18820,PROD107,4,399
8822,ORD18821,PROD111,1,59
8823,ORD18822,PROD111,5,59
8824,ORD18823,PROD100,2,999
8825,ORD18824,PROD109,4,129
8826,ORD18825,PROD114,2,25
8827,ORD18826,PROD112,3,199
8828,ORD18827,PROD103,1,59
8829,ORD18828,PROD101,4,899
8830,ORD18829,PROD105,2,110
8831,ORD18830,PROD114,2,25
8832,ORD18831,PROD100,5,999
8833,ORD18832,PROD104,4,120
8834,ORD18833,PROD100,4,999
8835,ORD18834,PROD109,5,129
8836,ORD18835,PROD104,2,120
8837,ORD18836,PROD100,2,999
8838,ORD18837,PROD110,1,80
8839,ORD18838,PROD112,3,199
8840,ORD18839,PROD114,4,25
8841,ORD18840,PROD100,1,999
8842,ORD18841,PROD113,3,149
8843,ORD18842,PROD106,3,99
8844,ORD18843,PROD113,5,149
8845,ORD18844,PROD108,4,229
8846,ORD18845,PROD109,4,129
8847,ORD18846,PROD109,4,129
8848,ORD18847,PROD108,1,229
8849,ORD18848,PROD105,5,110
8850,ORD18849,PROD111,4,59
8851,ORD18850,PROD108,1,229
8852,ORD18851,PROD110,5,80
8853,ORD18852,PROD108,4,229
8854,ORD18853,PROD102,5,199
8855,ORD18854,PROD106,4,99
8856,ORD18855,PROD114,2,25
8857,ORD18856,PROD113,3,149
8858,ORD18857,PROD103,2,59
8859,ORD18858,PROD109,5,129
8860,ORD18859,PROD110,1,80
8861,ORD18860,PROD100,4,999
8862,ORD18861,PROD112,1,199
8863,ORD18862,PROD107,4,399
8864,ORD18863,PROD104,4,120
8865,ORD18864,PROD101,3,899
8866,ORD18865,PROD100,2,999
8867,ORD18866,PROD105,2,110
8868,ORD18867,PROD108,1,229
8869,ORD18868,PROD101,3,899
8870,ORD18869,PROD112,3,199
8871,ORD18870,PROD101,1,899
8872,ORD18871,PROD103,5,59
8873,ORD18872,PROD114,1,25
8874,ORD18873,PROD100,1,999
8875,ORD18874,PROD109,1,129
8876,ORD18875,PROD105,1,110
8877,ORD18876,PROD112,1,199
8878,ORD18877,PROD114,1,25
8879,ORD18878,PROD106,2,99
8880,ORD18879,PROD101,5,899
8881,ORD18880,PROD102,3,199
8882,ORD18881,PROD112,5,199
8883,ORD18882,PROD107,3,399
8884,ORD18883,PROD102,3,199
8885,ORD18884,PROD112,4,199
8886,ORD18885,PROD105,4,110
8887,ORD18886,PROD101,3,899
8888,ORD18887,PROD109,1,129
8889,ORD18888,PROD106,4,99
8890,ORD18889,PROD101,1,899
8891,ORD18890,PROD101,5,899
8892,ORD18891,PROD112,4,199
8893,ORD18892,PROD102,4,199
8894,ORD18893,PROD114,3,25
8895,ORD18894,PROD101,4,899
8896,ORD18895,PROD113,3,149
8897,ORD18896,PROD105,2,110
8898,ORD18897,PROD103,2,59
8899,ORD18898,PROD106,3,99
8900,ORD18899,PROD108,4,229
8901,ORD18900,PROD100,1,999
8902,ORD18901,PROD104,1,120
8903,ORD18902,PROD107,1,399
8904,ORD18903,PROD102,4,199
8905,ORD18904,PROD112,4,199
8906,ORD18905,PROD106,2,99
8907,ORD18906,PROD105,1,110
8908,ORD18907,PROD109,4,129
8909,ORD18908,PROD100,1,999
8910,ORD18909,PROD100,5,999
8911,ORD18910,PROD104,5,120
8912,ORD18911,PROD103,3,59
8913,ORD18912,PROD102,5,199
8914,ORD18913,PROD113,2,149
8915,ORD18914,PROD100,4,999
8916,ORD18915,PROD111,4,59
8917,ORD18916,PROD102,5,199
8918,ORD18917,PROD113,3,149
8919,ORD18918,PROD108,1,229
8920,ORD18919,PROD109,3,129
8921,ORD18920,PROD111,4,59
8922,ORD18921,PROD109,5,129
8923,ORD18922,PROD108,3,229
8924,ORD18923,PROD104,1,120
8925,ORD18924,PROD111,3,59
8926,ORD18925,PROD112,1,199
8927,ORD18926,PROD108,3,229
8928,ORD18927,PROD106,4,99
8929,ORD18928,PROD114,4,25
8930,ORD18929,PROD104,4,120
8931,ORD18930,PROD107,2,399
8932,ORD18931,PROD105,1,110
8933,ORD18932,PROD106,4,99
8934,ORD18933,PROD114,2,25
8935,ORD18934,PROD105,1,110
8936,ORD18935,PROD114,1,25
8937,ORD18936,PROD114,5,25
8938,ORD18937,PROD111,1,59
8939,ORD18938,PROD104,5,120
8940,ORD18939,PROD102,4,199
8941,ORD18940,PROD108,5,229
8942,ORD18941,PROD107,5,399
8943,ORD18942,PROD111,1,59
8944,ORD18943,PROD112,3,199
8945,ORD18944,PROD109,1,129
8946,ORD18945,PROD103,4,59
8947,ORD18946,PROD109,5,129
8948,ORD18947,PROD113,3,149
8949,ORD18948,PROD111,1,59
8950,ORD18949,PROD102,1,199
8951,ORD18950,PROD107,1,399
8952,ORD18951,PROD113,4,149
8953,ORD18952,PROD100,4,999
8954,ORD18953,PROD111,4,59
8955,ORD18954,PROD102,3,199
8956,ORD18955,PROD110,3,80
8957,ORD18956,PROD109,1,129
8958,ORD18957,PROD112,1,199
8959,ORD18958,PROD100,4,999
8960,ORD18959,PROD109,3,129
8961,ORD18960,PROD110,3,80
8962,ORD18961,PROD106,2,99
8963,ORD18962,PROD113,5,149
8964,ORD18963,PROD111,1,59
8965,ORD18964,PROD110,1,80
8966,ORD18965,PROD112,3,199
8967,ORD18966,PROD101,3,899
8968,ORD18967,PROD108,5,229
8969,ORD18968,PROD106,2,99
8970,ORD18969,PROD105,1,110
8971,ORD18970,PROD100,5,999
8972,ORD18971,PROD104,5,120
8973,ORD18972,PROD112,2,199
8974,ORD18973,PROD112,1,199
8975,ORD18974,PROD108,4,229
8976,ORD18975,PROD105,4,110
8977,ORD18976,PROD101,3,899
8978,ORD18977,PROD108,1,229
8979,ORD18978,PROD106,2,99
8980,ORD18979,PROD105,4,110
8981,ORD18980,PROD114,1,25
8982,ORD18981,PROD104,3,120
8983,ORD18982,PROD114,2,25
8984,ORD18983,PROD108,1,229
8985,ORD18984,PROD111,5,59
8986,ORD18985,PROD103,3,59
8987,ORD18986,PROD102,1,199
8988,ORD18987,PROD110,2,80
8989,ORD18988,PROD104,4,120
8990,ORD18989,PROD112,3,199
8991,ORD18990,PROD109,5,129
8992,ORD18991,PROD102,4,199
8993,ORD18992,PROD100,5,999
8994,ORD18993,PROD101,5,899
8995,ORD18994,PROD104,5,120
8996,ORD18995,PROD109,5,129
8997,ORD18996,PROD102,3,199
8998,ORD18997,PROD114,3,25
8999,ORD18998,PROD111,1,59
9000,ORD18999,PROD114,4,25
9001,ORD19000,PROD105,5,110
9002,ORD19001,PROD111,4,59
9003,ORD19002,PROD100,4,999
9004,ORD19003,PROD107,5,399
9005,ORD19004,PROD109,1,129
9006,ORD19005,PROD111,1,59
9007,ORD19006,PROD110,3,80
9008,ORD19007,PROD105,2,110
9009,ORD19008,PROD112,4,199
9010,ORD19009,PROD109,3,129
9011,ORD19010,PROD106,3,99
9012,ORD19011,PROD101,3,899
9013,ORD19012,PROD107,5,399
9014,ORD19013,PROD109,2,129
9015,ORD19014,PROD105,1,110
9016,ORD19015,PROD103,5,59
9017,ORD19016,PROD112,1,199
9018,ORD19017,PROD114,5,25
9019,ORD19018,PROD106,2,99
9020,ORD19019,PROD111,1,59
9021,ORD19020,PROD107,5,399
9022,ORD19021,PROD102,4,199
9023,ORD19022,PROD102,2,199
9024,ORD19023,PROD107,5,399
9025,ORD19024,PROD100,1,999
9026,ORD19025,PROD107,5,399
9027,ORD19026,PROD110,4,80
9028,ORD19027,PROD112,5,199
9029,ORD19028,PROD107,2,399
9030,ORD19029,PROD114,1,25
9031,ORD19030,PROD100,1,999
9032,ORD19031,PROD105,4,110
9033,ORD19032,PROD111,4,59
9034,ORD19033,PROD108,3,229
9035,ORD19034,PROD110,2,80
9036,ORD19035,PROD100,4,999
9037,ORD19036,PROD114,5,25
9038,ORD19037,PROD114,1,25
9039,ORD19038,PROD113,1,149
9040,ORD19039,PROD112,5,199
9041,ORD19040,PROD104,3,120
9042,ORD19041,PROD109,4,129
9043,ORD19042,PROD114,2,25
9044,ORD19043,PROD110,4,80
9045,ORD19044,PROD107,2,399
9046,ORD19045,PROD107,5,399
9047,ORD19046,PROD113,5,149
9048,ORD19047,PROD100,1,999
9049,ORD19048,PROD105,3,110
9050,ORD19049,PROD106,2,99
9051,ORD19050,PROD112,5,199
9052,ORD19051,PROD109,3,129
9053,ORD19052,PROD101,2,899
9054,ORD19053,PROD101,1,899
9055,ORD19054,PROD100,4,999
9056,ORD19055,PROD111,5,59
9057,ORD19056,PROD107,1,399
9058,ORD19057,PROD110,1,80
9059,ORD19058,PROD102,1,199
9060,ORD19059,PROD114,1,25
9061,ORD19060,PROD104,3,120
9062,ORD19061,PROD102,2,199
9063,ORD19062,PROD114,2,25
9064,ORD19063,PROD105,5,110
9065,ORD19064,PROD114,2,25
9066,ORD19065,PROD108,3,229
9067,ORD19066,PROD105,5,110
9068,ORD19067,PROD111,3,59
9069,ORD19068,PROD112,5,199
9070,ORD19069,PROD107,5,399
9071,ORD19070,PROD107,2,399
9072,ORD19071,PROD105,1,110
9073,ORD19072,PROD110,2,80
9074,ORD19073,PROD113,5,149
9075,ORD19074,PROD111,1,59
9076,ORD19075,PROD105,4,110
9077,ORD19076,PROD103,2,59
9078,ORD19077,PROD105,5,110
9079,ORD19078,PROD103,5,59
9080,ORD19079,PROD109,2,129
9081,ORD19080,PROD114,1,25
9082,ORD19081,PROD103,3,59
9083,ORD19082,PROD109,2,129
9084,ORD19083,PROD113,3,149
9085,ORD19084,PROD104,1,120
9086,ORD19085,PROD111,4,59
9087,ORD19086,PROD113,1,149
9088,ORD19087,PROD103,4,59
9089,ORD19088,PROD105,2,110
9090,ORD19089,PROD101,5,899
9091,ORD19090,PROD107,1,399
9092,ORD19091,PROD105,5,110
9093,ORD19092,PROD104,1,120
9094,ORD19093,PROD101,5,899
9095,ORD19094,PROD105,4,110
9096,ORD19095,PROD110,2,80
9097,ORD19096,PROD112,5,199
9098,ORD19097,PROD106,1,99
9099,ORD19098,PROD102,2,199
9100,ORD19099,PROD113,3,149
9101,ORD19100,PROD111,2,59
9102,ORD19101,PROD113,4,149
9103,ORD19102,PROD114,5,25
9104,ORD19103,PROD103,1,59
9105,ORD19104,PROD107,2,399
9106,ORD19105,PROD111,3,59
9107,ORD19106,PROD113,2,149
9108,ORD19107,PROD113,4,149
9109,ORD19108,PROD107,1,399
9110,ORD19109,PROD112,2,199
9111,ORD19110,PROD110,3,80
9112,ORD19111,PROD100,3,999
9113,ORD19112,PROD109,4,129
9114,ORD19113,PROD102,5,199
9115,ORD19114,PROD101,1,899
9116,ORD19115,PROD104,5,120
9117,ORD19116,PROD108,2,229
9118,ORD19117,PROD111,4,59
9119,ORD19118,PROD107,3,399
9120,ORD19119,PROD107,1,399
9121,ORD19120,PROD101,1,899
9122,ORD19121,PROD105,1,110
9123,ORD19122,PROD114,4,25
9124,ORD19123,PROD112,1,199
9125,ORD19124,PROD109,1,129
9126,ORD19125,PROD105,5,110
9127,ORD19126,PROD109,3,129
9128,ORD19127,PROD100,4,999
9129,ORD19128,PROD107,4,399
9130,ORD19129,PROD109,3,129
9131,ORD19130,PROD109,5,129
9132,ORD19131,PROD111,5,59
9133,ORD19132,PROD110,1,80
9134,ORD19133,PROD110,4,80
9135,ORD19134,PROD105,1,110
9136,ORD19135,PROD112,3,199
9137,ORD19136,PROD113,5,149
9138,ORD19137,PROD106,1,99
9139,ORD19138,PROD106,2,99
9140,ORD19139,PROD104,2,120
9141,ORD19140,PROD108,1,229
9142,ORD19141,PROD114,4,25
9143,ORD19142,PROD102,1,199
9144,ORD19143,PROD100,3,999
9145,ORD19144,PROD111,5,59
9146,ORD19145,PROD107,3,399
9147,ORD19146,PROD109,4,129
9148,ORD19147,PROD107,5,399
9149,ORD19148,PROD100,3,999
9150,ORD19149,PROD103,2,59
9151,ORD19150,PROD101,1,899
9152,ORD19151,PROD102,3,199
9153,ORD19152,PROD104,3,120
9154,ORD19153,PROD108,1,229
9155,ORD19154,PROD114,4,25
9156,ORD19155,PROD105,4,110
9157,ORD19156,PROD105,1,110
9158,ORD19157,PROD104,5,120
9159,ORD19158,PROD103,1,59
9160,ORD19159,PROD114,1,25
9161,ORD19160,PROD113,1,149
9162,ORD19161,PROD103,2,59
9163,ORD19162,PROD110,1,80
9164,ORD19163,PROD107,1,399
9165,ORD19164,PROD106,3,99
9166,ORD19165,PROD103,4,59
9167,ORD19166,PROD104,1,120
9168,ORD19167,PROD106,5,99
9169,ORD19168,PROD112,2,199
9170,ORD19169,PROD101,3,899
9171,ORD19170,PROD105,1,110
9172,ORD19171,PROD105,5,110
9173,ORD19172,PROD103,2,59
9174,ORD19173,PROD106,1,99
9175,ORD19174,PROD104,3,120
9176,ORD19175,PROD102,4,199
9177,ORD19176,PROD106,1,99
9178,ORD19177,PROD107,1,399
9179,ORD19178,PROD114,2,25
9180,ORD19179,PROD104,2,120
9181,ORD19180,PROD104,3,120
9182,ORD19181,PROD104,5,120
9183,ORD19182,PROD109,1,129
9184,ORD19183,PROD112,4,199
9185,ORD19184,PROD107,1,399
9186,ORD19185,PROD104,4,120
9187,ORD19186,PROD112,1,199
9188,ORD19187,PROD103,3,59
9189,ORD19188,PROD101,1,899
9190,ORD19189,PROD100,1,999
9191,ORD19190,PROD111,2,59
9192,ORD19191,PROD100,1,999
9193,ORD19192,PROD114,4,25
9194,ORD19193,PROD107,1,399
9195,ORD19194,PROD109,1,129
9196,ORD19195,PROD104,3,120
9197,ORD19196,PROD112,4,199
9198,ORD19197,PROD104,4,120
9199,ORD19198,PROD105,2,110
9200,ORD19199,PROD104,4,120
9201,ORD19200,PROD113,4,149
9202,ORD19201,PROD112,3,199
9203,ORD19202,PROD107,5,399
9204,ORD19203,PROD114,5,25
9205,ORD19204,PROD107,4,399
9206,ORD19205,PROD112,2,199
9207,ORD19206,PROD104,5,120
9208,ORD19207,PROD102,1,199
9209,ORD19208,PROD108,3,229
9210,ORD19209,PROD104,5,120
9211,ORD19210,PROD114,5,25
9212,ORD19211,PROD107,1,399
9213,ORD19212,PROD114,4,25
9214,ORD19213,PROD100,2,999
9215,ORD19214,PROD112,1,199
9216,ORD19215,PROD103,3,59
9217,ORD19216,PROD106,3,99
9218,ORD19217,PROD113,1,149
9219,ORD19218,PROD106,3,99
9220,ORD19219,PROD111,1,59
9221,ORD19220,PROD111,3,59
9222,ORD19221,PROD104,3,120
9223,ORD19222,PROD100,4,999
9224,ORD19223,PROD111,5,59
9225,ORD19224,PROD113,4,149
9226,ORD19225,PROD112,1,199
9227,ORD19226,PROD100,5,999
9228,ORD19227,PROD105,1,110
9229,ORD19228,PROD111,1,59
9230,ORD19229,PROD110,3,80
9231,ORD19230,PROD112,2,199
9232,ORD19231,PROD114,5,25
9233,ORD19232,PROD105,2,110
9234,ORD19233,PROD114,5,25
9235,ORD19234,PROD107,4,399
9236,ORD19235,PROD105,5,110
9237,ORD19236,PROD108,3,229
9238,ORD19237,PROD110,3,80
9239,ORD19238,PROD112,1,199
9240,ORD19239,PROD109,5,129
9241,ORD19240,PROD110,2,80
9242,ORD19241,PROD104,3,120
9243,ORD19242,PROD114,3,25
9244,ORD19243,PROD114,2,25
9245,ORD19244,PROD114,4,25
9246,ORD19245,PROD103,1,59
9247,ORD19246,PROD106,3,99
9248,ORD19247,PROD113,4,149
9249,ORD19248,PROD114,2,25
9250,ORD19249,PROD110,4,80
9251,ORD19250,PROD112,1,199
9252,ORD19251,PROD101,5,899
9253,ORD19252,PROD109,2,129
9254,ORD19253,PROD105,1,110
9255,ORD19254,PROD107,2,399
9256,ORD19255,PROD102,3,199
9257,ORD19256,PROD100,4,999
9258,ORD19257,PROD106,1,99
9259,ORD19258,PROD114,2,25
9260,ORD19259,PROD113,4,149
9261,ORD19260,PROD101,1,899
9262,ORD19261,PROD109,4,129
9263,ORD19262,PROD110,4,80
9264,ORD19263,PROD104,1,120
9265,ORD19264,PROD113,4,149
9266,ORD19265,PROD102,3,199
9267,ORD19266,PROD114,1,25
9268,ORD19267,PROD107,3,399
9269,ORD19268,PROD110,5,80
9270,ORD19269,PROD109,5,129
9271,ORD19270,PROD101,2,899
9272,ORD19271,PROD109,1,129
9273,ORD19272,PROD111,1,59
9274,ORD19273,PROD109,2,129
9275,ORD19274,PROD107,1,399
9276,ORD19275,PROD112,3,199
9277,ORD19276,PROD110,3,80
9278,ORD19277,PROD101,2,899
9279,ORD19278,PROD102,5,199
9280,ORD19279,PROD104,4,120
9281,ORD19280,PROD108,4,229
9282,ORD19281,PROD100,5,999
9283,ORD19282,PROD111,1,59
9284,ORD19283,PROD103,3,59
9285,ORD19284,PROD111,3,59
9286,ORD19285,PROD100,5,999
9287,ORD19286,PROD100,2,999
9288,ORD19287,PROD100,4,999
9289,ORD19288,PROD104,2,120
9290,ORD19289,PROD112,1,199
9291,ORD19290,PROD105,5,110
9292,ORD19291,PROD112,2,199
9293,ORD19292,PROD103,1,59
9294,ORD19293,PROD105,2,110
9295,ORD19294,PROD105,1,110
9296,ORD19295,PROD103,4,59
9297,ORD19296,PROD100,5,999
9298,ORD19297,PROD103,5,59
9299,ORD19298,PROD104,3,120
9300,ORD19299,PROD110,5,80
9301,ORD19300,PROD106,5,99
9302,ORD19301,PROD105,2,110
9303,ORD19302,PROD100,4,999
9304,ORD19303,PROD101,5,899
9305,ORD19304,PROD103,4,59
9306,ORD19305,PROD113,3,149
9307,ORD19306,PROD111,5,59
9308,ORD19307,PROD114,2,25
9309,ORD19308,PROD102,1,199
9310,ORD19309,PROD114,1,25
9311,ORD19310,PROD113,3,149
9312,ORD19311,PROD109,5,129
9313,ORD19312,PROD105,1,110
9314,ORD19313,PROD107,3,399
9315,ORD19314,PROD109,2,129
9316,ORD19315,PROD102,4,199
9317,ORD19316,PROD107,4,399
9318,ORD19317,PROD109,3,129
9319,ORD19318,PROD103,2,59
9320,ORD19319,PROD103,4,59
9321,ORD19320,PROD107,4,399
9322,ORD19321,PROD111,1,59
9323,ORD19322,PROD101,4,899
9324,ORD19323,PROD114,4,25
9325,ORD19324,PROD105,4,110
9326,ORD19325,PROD108,4,229
9327,ORD19326,PROD104,5,120
9328,ORD19327,PROD112,3,199
9329,ORD19328,PROD101,5,899
9330,ORD19329,PROD103,1,59
9331,ORD19330,PROD100,5,999
9332,ORD19331,PROD107,5,399
9333,ORD19332,PROD112,3,199
9334,ORD19333,PROD106,3,99
9335,ORD19334,PROD106,2,99
9336,ORD19335,PROD100,2,999
9337,ORD19336,PROD102,5,199
9338,ORD19337,PROD108,4,229
9339,ORD19338,PROD109,3,129
9340,ORD19339,PROD109,1,129
9341,ORD19340,PROD101,4,899
9342,ORD19341,PROD112,2,199
9343,ORD19342,PROD107,1,399
9344,ORD19343,PROD101,5,899
9345,ORD19344,PROD104,3,120
9346,ORD19345,PROD101,2,899
9347,ORD19346,PROD104,5,120
9348,ORD19347,PROD102,5,199
9349,ORD19348,PROD102,5,199
9350,ORD19349,PROD111,2,59
9351,ORD19350,PROD106,2,99
9352,ORD19351,PROD100,4,999
9353,ORD19352,PROD103,2,59
9354,ORD19353,PROD110,5,80
9355,ORD19354,PROD108,1,229
9356,ORD19355,PROD107,5,399
9357,ORD19356,PROD108,1,229
9358,ORD19357,PROD104,3,120
9359,ORD19358,PROD107,2,399
9360,ORD19359,PROD107,1,399
9361,ORD19360,PROD112,2,199
9362,ORD19361,PROD102,1,199
9363,ORD19362,PROD103,3,59
9364,ORD19363,PROD114,3,25
9365,ORD19364,PROD108,1,229
9366,ORD19365,PROD112,5,199
9367,ORD19366,PROD111,5,59
9368,ORD19367,PROD114,3,25
9369,ORD19368,PROD113,1,149
9370,ORD19369,PROD113,5,149
9371,ORD19370,PROD110,4,80
9372,ORD19371,PROD113,3,149
9373,ORD19372,PROD103,5,59
9374,ORD19373,PROD106,4,99
9375,ORD19374,PROD103,3,59
9376,ORD19375,PROD113,3,149
9377,ORD19376,PROD109,2,129
9378,ORD19377,PROD100,5,999
9379,ORD19378,PROD102,2,199
9380,ORD19379,PROD109,1,129
9381,ORD19380,PROD100,1,999
9382,ORD19381,PROD113,2,149
9383,ORD19382,PROD104,5,120
9384,ORD19383,PROD100,2,999
9385,ORD19384,PROD104,1,120
9386,ORD19385,PROD111,3,59
9387,ORD19386,PROD114,4,25
9388,ORD19387,PROD105,2,110
9389,ORD19388,PROD108,3,229
9390,ORD19389,PROD102,4,199
9391,ORD19390,PROD111,2,59
9392,ORD19391,PROD102,1,199
9393,ORD19392,PROD101,4,899
9394,ORD19393,PROD111,2,59
9395,ORD19394,PROD100,5,999
9396,ORD19395,PROD106,2,99
9397,ORD19396,PROD102,4,199
9398,ORD19397,PROD114,1,25
9399,ORD19398,PROD104,3,120
9400,ORD19399,PROD107,4,399
9401,ORD19400,PROD100,5,999
9402,ORD19401,PROD102,4,199
9403,ORD19402,PROD114,3,25
9404,ORD19403,PROD106,4,99
9405,ORD19404,PROD114,3,25
9406,ORD19405,PROD114,4,25
9407,ORD19406,PROD108,5,229
9408,ORD19407,PROD110,4,80
9409,ORD19408,PROD104,2,120
9410,ORD19409,PROD108,5,229
9411,ORD19410,PROD103,1,59
9412,ORD19411,PROD103,2,59
9413,ORD19412,PROD105,4,110
9414,ORD19413,PROD109,5,129
9415,ORD19414,PROD106,4,99
9416,ORD19415,PROD107,2,399
9417,ORD19416,PROD100,1,999
9418,ORD19417,PROD106,3,99
9419,ORD19418,PROD109,4,129
9420,ORD19419,PROD113,2,149
9421,ORD19420,PROD105,3,110
9422,ORD19421,PROD109,5,129
9423,ORD19422,PROD104,5,120
9424,ORD19423,PROD101,4,899
9425,ORD19424,PROD107,5,399
9426,ORD19425,PROD107,4,399
9427,ORD19426,PROD112,5,199
9428,ORD19427,PROD114,3,25
9429,ORD19428,PROD112,5,199
9430,ORD19429,PROD109,2,129
9431,ORD19430,PROD113,5,149
9432,ORD19431,PROD111,5,59
9433,ORD19432,PROD113,4,149
9434,ORD19433,PROD102,5,199
9435,ORD19434,PROD102,5,199
9436,ORD19435,PROD106,2,99
9437,ORD19436,PROD113,1,149
9438,ORD19437,PROD107,3,399
9439,ORD19438,PROD107,4,399
9440,ORD19439,PROD100,1,999
9441,ORD19440,PROD107,2,399
9442,ORD19441,PROD102,4,199
9443,ORD19442,PROD112,2,199
9444,ORD19443,PROD105,1,110
9445,ORD19444,PROD111,2,59
9446,ORD19445,PROD107,2,399
9447,ORD19446,PROD113,1,149
9448,ORD19447,PROD113,5,149
9449,ORD19448,PROD114,4,25
9450,ORD19449,PROD105,2,110
9451,ORD19450,PROD110,1,80
9452,ORD19451,PROD109,1,129
9453,ORD19452,PROD101,2,899
9454,ORD19453,PROD112,2,199
9455,ORD19454,PROD103,4,59
9456,ORD19455,PROD106,2,99
9457,ORD19456,PROD106,1,99
9458,ORD19457,PROD105,1,110
9459,ORD19458,PROD104,3,120
9460,ORD19459,PROD113,5,149
9461,ORD19460,PROD103,2,59
9462,ORD19461,PROD109,3,129
9463,ORD19462,PROD102,2,199
9464,ORD19463,PROD106,2,99
9465,ORD19464,PROD100,4,999
9466,ORD19465,PROD114,3,25
9467,ORD19466,PROD104,4,120
9468,ORD19467,PROD113,4,149
9469,ORD19468,PROD105,2,110
9470,ORD19469,PROD100,2,999
9471,ORD19470,PROD104,4,120
9472,ORD19471,PROD103,4,59
9473,ORD19472,PROD103,1,59
9474,ORD19473,PROD106,4,99
9475,ORD19474,PROD102,2,199
9476,ORD19475,PROD114,2,25
9477,ORD19476,PROD104,2,120
9478,ORD19477,PROD104,1,120
9479,ORD19478,PROD105,5,110
9480,ORD19479,PROD107,3,399
9481,ORD19480,PROD103,5,59
9482,ORD19481,PROD108,3,229
9483,ORD19482,PROD114,2,25
9484,ORD19483,PROD101,3,899
9485,ORD19484,PROD112,5,199
9486,ORD19485,PROD107,1,399
9487,ORD19486,PROD107,2,399
9488,ORD19487,PROD106,3,99
9489,ORD19488,PROD107,4,399
9490,ORD19489,PROD101,3,899
9491,ORD19490,PROD110,5,80
9492,ORD19491,PROD102,2,199
9493,ORD19492,PROD112,2,199
9494,ORD19493,PROD114,2,25
9495,ORD19494,PROD101,5,899
9496,ORD19495,PROD108,2,229
9497,ORD19496,PROD100,3,999
9498,ORD19497,PROD107,5,399
9499,ORD19498,PROD107,4,399
9500,ORD19499,PROD111,5,59
9501,ORD19500,PROD103,4,59
9502,ORD19501,PROD111,4,59
9503,ORD19502,PROD114,5,25
9504,ORD19503,PROD105,1,110
9505,ORD19504,PROD105,2,110
9506,ORD19505,PROD104,2,120
9507,ORD19506,PROD108,4,229
9508,ORD19507,PROD101,3,899
9509,ORD19508,PROD102,4,199
9510,ORD19509,PROD114,5,25
9511,ORD19510,PROD108,5,229
9512,ORD19511,PROD104,3,120
9513,ORD19512,PROD100,4,999
9514,ORD19513,PROD107,3,399
9515,ORD19514,PROD103,3,59
9516,ORD19515,PROD107,1,399
9517,ORD19516,PROD103,2,59
9518,ORD19517,PROD101,2,899
9519,ORD19518,PROD113,2,149
9520,ORD19519,PROD112,1,199
9521,ORD19520,PROD108,1,229
9522,ORD19521,PROD106,1,99
9523,ORD19522,PROD113,3,149
9524,ORD19523,PROD109,5,129
9525,ORD19524,PROD114,2,25
9526,ORD19525,PROD108,5,229
9527,ORD19526,PROD102,5,199
9528,ORD19527,PROD114,2,25
9529,ORD19528,PROD111,1,59
9530,ORD19529,PROD114,2,25
9531,ORD19530,PROD108,2,229
9532,ORD19531,PROD110,5,80
9533,ORD19532,PROD104,1,120
9534,ORD19533,PROD112,1,199
9535,ORD19534,PROD113,5,149
9536,ORD19535,PROD101,5,899
9537,ORD19536,PROD102,5,199
9538,ORD19537,PROD106,1,99
9539,ORD19538,PROD113,3,149
9540,ORD19539,PROD109,2,129
9541,ORD19540,PROD109,3,129
9542,ORD19541,PROD104,5,120
9543,ORD19542,PROD112,2,199
9544,ORD19543,PROD111,5,59
9545,ORD19544,PROD111,3,59
9546,ORD19545,PROD100,4,999
9547,ORD19546,PROD102,4,199
9548,ORD19547,PROD109,2,129
9549,ORD19548,PROD101,5,899
9550,ORD19549,PROD112,2,199
9551,ORD19550,PROD110,2,80
9552,ORD19551,PROD104,4,120
9553,ORD19552,PROD106,4,99
9554,ORD19553,PROD110,4,80
9555,ORD19554,PROD109,1,129
9556,ORD19555,PROD104,2,120
9557,ORD19556,PROD108,2,229
9558,ORD19557,PROD111,1,59
9559,ORD19558,PROD101,5,899
9560,ORD19559,PROD111,1,59
9561,ORD19560,PROD112,5,199
9562,ORD19561,PROD107,4,399
9563,ORD19562,PROD106,1,99
9564,ORD19563,PROD105,5,110
9565,ORD19564,PROD111,1,59
9566,ORD19565,PROD107,4,399
9567,ORD19566,PROD112,2,199
9568,ORD19567,PROD108,2,229
9569,ORD19568,PROD105,5,110
9570,ORD19569,PROD113,4,149
9571,ORD19570,PROD104,4,120
9572,ORD19571,PROD108,2,229
9573,ORD19572,PROD103,1,59
9574,ORD19573,PROD100,5,999
9575,ORD19574,PROD102,5,199
9576,ORD19575,PROD113,2,149
9577,ORD19576,PROD102,2,199
9578,ORD19577,PROD108,2,229
9579,ORD19578,PROD100,5,999
9580,ORD19579,PROD101,2,899
9581,ORD19580,PROD111,3,59
9582,ORD19581,PROD108,4,229
9583,ORD19582,PROD109,1,129
9584,ORD19583,PROD108,4,229
9585,ORD19584,PROD106,2,99
9586,ORD19585,PROD110,5,80
9587,ORD19586,PROD104,4,120
9588,ORD19587,PROD106,3,99
9589,ORD19588,PROD112,2,199
9590,ORD19589,PROD108,2,229
9591,ORD19590,PROD104,1,120
9592,ORD19591,PROD109,1,129
9593,ORD19592,PROD100,4,999
9594,ORD19593,PROD106,2,99
9595,ORD19594,PROD100,4,999
9596,ORD19595,PROD108,5,229
9597,ORD19596,PROD111,5,59
9598,ORD19597,PROD108,4,229
9599,ORD19598,PROD103,4,59
9600,ORD19599,PROD112,5,199
9601,ORD19600,PROD107,1,399
9602,ORD19601,PROD112,3,199
9603,ORD19602,PROD107,3,399
9604,ORD19603,PROD108,5,229
9605,ORD19604,PROD113,1,149
9606,ORD19605,PROD110,3,80
9607,ORD19606,PROD107,3,399
9608,ORD19607,PROD111,3,59
9609,ORD19608,PROD100,5,999
9610,ORD19609,PROD113,4,149
9611,ORD19610,PROD114,3,25
9612,ORD19611,PROD106,5,99
9613,ORD19612,PROD106,1,99
9614,ORD19613,PROD109,4,129
9615,ORD19614,PROD102,4,199
9616,ORD19615,PROD100,5,999
9617,ORD19616,PROD109,5,129
9618,ORD19617,PROD103,3,59
9619,ORD19618,PROD110,4,80
9620,ORD19619,PROD105,4,110
9621,ORD19620,PROD106,3,99
9622,ORD19621,PROD113,3,149
9623,ORD19622,PROD114,2,25
9624,ORD19623,PROD113,3,149
9625,ORD19624,PROD112,3,199
9626,ORD19625,PROD106,3,99
9627,ORD19626,PROD114,2,25
9628,ORD19627,PROD100,1,999
9629,ORD19628,PROD110,1,80
9630,ORD19629,PROD100,4,999
9631,ORD19630,PROD113,5,149
9632,ORD19631,PROD109,3,129
9633,ORD19632,PROD102,2,199
9634,ORD19633,PROD110,3,80
9635,ORD19634,PROD101,4,899
9636,ORD19635,PROD110,3,80
9637,ORD19636,PROD113,1,149
9638,ORD19637,PROD107,4,399
9639,ORD19638,PROD110,4,80
9640,ORD19639,PROD113,5,149
9641,ORD19640,PROD102,4,199
9642,ORD19641,PROD103,5,59
9643,ORD19642,PROD111,3,59
9644,ORD19643,PROD110,2,80
9645,ORD19644,PROD102,3,199
9646,ORD19645,PROD101,4,899
9647,ORD19646,PROD113,5,149
9648,ORD19647,PROD107,2,399
9649,ORD19648,PROD103,1,59
9650,ORD19649,PROD111,3,59
9651,ORD19650,PROD111,5,59
9652,ORD19651,PROD108,3,229
9653,ORD19652,PROD113,1,149
9654,ORD19653,PROD102,3,199
9655,ORD19654,PROD106,1,99
9656,ORD19655,PROD113,1,149
9657,ORD19656,PROD112,4,199
9658,ORD19657,PROD101,2,899
9659,ORD19658,PROD110,5,80
9660,ORD19659,PROD100,4,999
9661,ORD19660,PROD103,5,59
9662,ORD19661,PROD102,1,199
9663,ORD19662,PROD101,2,899
9664,ORD19663,PROD102,1,199
9665,ORD19664,PROD104,4,120
9666,ORD19665,PROD110,5,80
9667,ORD19666,PROD100,1,999
9668,ORD19667,PROD105,1,110
9669,ORD19668,PROD102,5,199
9670,ORD19669,PROD110,3,80
9671,ORD19670,PROD105,3,110
9672,ORD19671,PROD109,5,129
9673,ORD19672,PROD107,1,399
9674,ORD19673,PROD104,3,120
9675,ORD19674,PROD103,5,59
9676,ORD19675,PROD114,5,25
9677,ORD19676,PROD112,5,199
9678,ORD19677,PROD108,1,229
9679,ORD19678,PROD113,2,149
9680,ORD19679,PROD102,2,199
9681,ORD19680,PROD113,4,149
9682,ORD19681,PROD103,1,59
9683,ORD19682,PROD106,3,99
9684,ORD19683,PROD112,3,199
9685,ORD19684,PROD114,2,25
9686,ORD19685,PROD111,5,59
9687,ORD19686,PROD111,2,59
9688,ORD19687,PROD114,2,25
9689,ORD19688,PROD111,3,59
9690,ORD19689,PROD112,5,199
9691,ORD19690,PROD110,2,80
9692,ORD19691,PROD102,4,199
9693,ORD19692,PROD106,1,99
9694,ORD19693,PROD105,5,110
9695,ORD19694,PROD107,2,399
9696,ORD19695,PROD109,2,129
9697,ORD19696,PROD100,2,999
9698,ORD19697,PROD100,2,999
9699,ORD19698,PROD105,3,110
9700,ORD19699,PROD101,2,899
9701,ORD19700,PROD112,3,199
9702,ORD19701,PROD103,3,59
9703,ORD19702,PROD111,3,59
9704,ORD19703,PROD102,2,199
9705,ORD19704,PROD109,5,129
9706,ORD19705,PROD114,3,25
9707,ORD19706,PROD108,3,229
9708,ORD19707,PROD109,2,129
9709,ORD19708,PROD106,5,99
9710,ORD19709,PROD103,4,59
9711,ORD19710,PROD110,1,80
9712,ORD19711,PROD103,5,59
9713,ORD19712,PROD101,3,899
9714,ORD19713,PROD112,2,199
9715,ORD19714,PROD100,2,999
9716,ORD19715,PROD102,5,199
9717,ORD19716,PROD100,3,999
9718,ORD19717,PROD107,2,399
9719,ORD19718,PROD109,3,129
9720,ORD19719,PROD114,2,25
9721,ORD19720,PROD111,2,59
9722,ORD19721,PROD108,2,229
9723,ORD19722,PROD108,5,229
9724,ORD19723,PROD102,2,199
9725,ORD19724,PROD114,5,25
9726,ORD19725,PROD100,3,999
9727,ORD19726,PROD110,3,80
9728,ORD19727,PROD106,4,99
9729,ORD19728,PROD101,5,899
9730,ORD19729,PROD103,3,59
9731,ORD19730,PROD112,3,199
9732,ORD19731,PROD112,2,199
9733,ORD19732,PROD108,3,229
9734,ORD19733,PROD114,3,25
9735,ORD19734,PROD107,4,399
9736,ORD19735,PROD104,1,120
9737,ORD19736,PROD103,2,59
9738,ORD19737,PROD105,4,110
9739,ORD19738,PROD109,3,129
9740,ORD19739,PROD107,3,399
9741,ORD19740,PROD107,3,399
9742,ORD19741,PROD112,5,199
9743,ORD19742,PROD110,3,80
9744,ORD19743,PROD107,1,399
9745,ORD19744,PROD111,1,59
9746,ORD19745,PROD109,1,129
9747,ORD19746,PROD109,1,129
9748,ORD19747,PROD114,2,25
9749,ORD19748,PROD105,5,110
9750,ORD19749,PROD103,5,59
9751,ORD19750,PROD101,3,899
9752,ORD19751,PROD107,2,399
9753,ORD19752,PROD103,4,59
9754,ORD19753,PROD101,4,899
9755,ORD19754,PROD103,1,59
9756,ORD19755,PROD105,5,110
9757,ORD19756,PROD110,4,80
9758,ORD19757,PROD104,2,120
9759,ORD19758,PROD107,5,399
9760,ORD19759,PROD106,4,99
9761,ORD19760,PROD109,4,129
9762,ORD19761,PROD100,4,999
9763,ORD19762,PROD103,3,59
9764,ORD19763,PROD114,1,25
9765,ORD19764,PROD110,4,80
9766,ORD19765,PROD104,5,120
9767,ORD19766,PROD105,3,110
9768,ORD19767,PROD104,3,120
9769,ORD19768,PROD104,4,120
9770,ORD19769,PROD105,2,110
9771,ORD19770,PROD107,2,399
9772,ORD19771,PROD109,3,129
9773,ORD19772,PROD102,4,199
9774,ORD19773,PROD104,5,120
9775,ORD19774,PROD111,2,59
9776,ORD19775,PROD102,5,199
9777,ORD19776,PROD106,5,99
9778,ORD19777,PROD112,1,199
9779,ORD19778,PROD114,3,25
9780,ORD19779,PROD103,1,59
9781,ORD19780,PROD104,3,120
9782,ORD19781,PROD103,2,59
9783,ORD19782,PROD111,3,59
9784,ORD19783,PROD103,2,59
9785,ORD19784,PROD108,2,229
9786,ORD19785,PROD112,3,199
9787,ORD19786,PROD112,3,199
9788,ORD19787,PROD113,1,149
9789,ORD19788,PROD113,3,149
9790,ORD19789,PROD105,5,110
9791,ORD19790,PROD111,1,59
9792,ORD19791,PROD101,3,899
9793,ORD19792,PROD109,1,129
9794,ORD19793,PROD102,3,199
9795,ORD19794,PROD104,5,120
9796,ORD19795,PROD112,2,199
9797,ORD19796,PROD100,2,999
9798,ORD19797,PROD100,5,999
9799,ORD19798,PROD113,5,149
9800,ORD19799,PROD106,4,99
9801,ORD19800,PROD105,5,110
9802,ORD19801,PROD111,1,59
9803,ORD19802,PROD112,1,199
9804,ORD19803,PROD102,5,199
9805,ORD19804,PROD105,5,110
9806,ORD19805,PROD108,5,229
9807,ORD19806,PROD104,1,120
9808,ORD19807,PROD104,3,120
9809,ORD19808,PROD104,2,120
9810,ORD19809,PROD100,5,999
9811,ORD19810,PROD104,5,120
9812,ORD19811,PROD110,3,80
9813,ORD19812,PROD102,4,199
9814,ORD19813,PROD108,5,229
9815,ORD19814,PROD111,3,59
9816,ORD19815,PROD105,3,110
9817,ORD19816,PROD111,4,59
9818,ORD19817,PROD104,3,120
9819,ORD19818,PROD104,5,120
9820,ORD19819,PROD102,3,199
9821,ORD19820,PROD108,2,229
9822,ORD19821,PROD102,1,199
9823,ORD19822,PROD105,3,110
9824,ORD19823,PROD101,2,899
9825,ORD19824,PROD113,4,149
9826,ORD19825,PROD103,1,59
9827,ORD19826,PROD107,5,399
9828,ORD19827,PROD106,1,99
9829,ORD19828,PROD104,1,120
9830,ORD19829,PROD113,1,149
9831,ORD19830,PROD110,2,80
9832,ORD19831,PROD112,2,199
9833,ORD19832,PROD112,5,199
9834,ORD19833,PROD109,4,129
9835,ORD19834,PROD109,3,129
9836,ORD19835,PROD104,1,120
9837,ORD19836,PROD110,4,80
9838,ORD19837,PROD108,5,229
9839,ORD19838,PROD112,5,199
9840,ORD19839,PROD103,5,59
9841,ORD19840,PROD109,5,129
9842,ORD19841,PROD104,4,120
9843,ORD19842,PROD103,4,59
9844,ORD19843,PROD105,1,110
9845,ORD19844,PROD105,5,110
9846,ORD19845,PROD102,5,199
9847,ORD19846,PROD106,2,99
9848,ORD19847,PROD114,2,25
9849,ORD19848,PROD102,5,199
9850,ORD19849,PROD111,2,59
9851,ORD19850,PROD106,4,99
9852,ORD19851,PROD102,4,199
9853,ORD19852,PROD105,5,110
9854,ORD19853,PROD102,5,199
9855,ORD19854,PROD100,3,999
9856,ORD19855,PROD102,5,199
9857,ORD19856,PROD111,5,59
9858,ORD19857,PROD111,3,59
9859,ORD19858,PROD109,2,129
9860,ORD19859,PROD107,3,399
9861,ORD19860,PROD101,4,899
9862,ORD19861,PROD106,1,99
9863,ORD19862,PROD106,3,99
9864,ORD19863,PROD104,2,120
9865,ORD19864,PROD102,4,199
9866,ORD19865,PROD103,5,59
9867,ORD19866,PROD104,4,120
9868,ORD19867,PROD104,3,120
9869,ORD19868,PROD104,2,120
9870,ORD19869,PROD112,2,199
9871,ORD19870,PROD110,5,80
9872,ORD19871,PROD104,5,120
9873,ORD19872,PROD111,4,59
9874,ORD19873,PROD108,5,229
9875,ORD19874,PROD111,5,59
9876,ORD19875,PROD109,2,129
9877,ORD19876,PROD104,4,120
9878,ORD19877,PROD113,1,149
9879,ORD19878,PROD104,1,120
9880,ORD19879,PROD111,2,59
9881,ORD19880,PROD108,1,229
9882,ORD19881,PROD101,1,899
9883,ORD19882,PROD103,1,59
9884,ORD19883,PROD103,4,59
9885,ORD19884,PROD104,5,120
9886,ORD19885,PROD108,4,229
9887,ORD19886,PROD114,3,25
9888,ORD19887,PROD107,3,399
9889,ORD19888,PROD103,1,59
9890,ORD19889,PROD100,1,999
9891,ORD19890,PROD113,2,149
9892,ORD19891,PROD101,5,899
9893,ORD19892,PROD108,5,229
9894,ORD19893,PROD111,4,59
9895,ORD19894,PROD107,3,399
9896,ORD19895,PROD104,2,120
9897,ORD19896,PROD100,4,999
9898,ORD19897,PROD108,1,229
9899,ORD19898,PROD105,5,110
9900,ORD19899,PROD113,3,149
9901,ORD19900,PROD113,1,149
9902,ORD19901,PROD109,5,129
9903,ORD19902,PROD100,1,999
9904,ORD19903,PROD104,3,120
9905,ORD19904,PROD112,5,199
9906,ORD19905,PROD106,4,99
9907,ORD19906,PROD102,4,199
9908,ORD19907,PROD107,2,399
9909,ORD19908,PROD112,2,199
9910,ORD19909,PROD109,3,129
9911,ORD19910,PROD105,4,110
9912,ORD19911,PROD114,2,25
9913,ORD19912,PROD103,2,59
9914,ORD19913,PROD105,3,110
9915,ORD19914,PROD112,2,199
9916,ORD19915,PROD112,3,199
9917,ORD19916,PROD113,1,149
9918,ORD19917,PROD104,3,120
9919,ORD19918,PROD100,1,999
9920,ORD19919,PROD103,3,59
9921,ORD19920,PROD105,1,110
9922,ORD19921,PROD105,5,110
9923,ORD19922,PROD107,1,399
9924,ORD19923,PROD111,5,59
9925,ORD19924,PROD113,3,149
9926,ORD19925,PROD113,3,149
9927,ORD19926,PROD107,5,399
9928,ORD19927,PROD114,4,25
9929,ORD19928,PROD103,3,59
9930,ORD19929,PROD104,5,120
9931,ORD19930,PROD106,5,99
9932,ORD19931,PROD108,5,229
9933,ORD19932,PROD103,1,59
9934,ORD19933,PROD114,5,25
9935,ORD19934,PROD105,5,110
9936,ORD19935,PROD100,1,999
9937,ORD19936,PROD103,1,59
9938,ORD19937,PROD108,1,229
9939,ORD19938,PROD114,1,25
9940,ORD19939,PROD105,1,110
9941,ORD19940,PROD103,5,59
9942,ORD19941,PROD111,2,59
9943,ORD19942,PROD111,1,59
9944,ORD19943,PROD107,4,399
9945,ORD19944,PROD105,3,110
9946,ORD19945,PROD104,1,120
9947,ORD19946,PROD104,5,120
9948,ORD19947,PROD100,5,999
9949,ORD19948,PROD105,3,110
9950,ORD19949,PROD103,5,59
9951,ORD19950,PROD105,2,110
9952,ORD19951,PROD101,1,899
9953,ORD19952,PROD112,2,199
9954,ORD19953,PROD108,2,229
9955,ORD19954,PROD105,2,110
9956,ORD19955,PROD110,3,80
9957,ORD19956,PROD114,5,25
9958,ORD19957,PROD111,5,59
9959,ORD19958,PROD112,1,199
9960,ORD19959,PROD108,5,229
9961,ORD19960,PROD110,2,80
9962,ORD19961,PROD103,5,59
9963,ORD19962,PROD111,2,59
9964,ORD19963,PROD105,2,110
9965,ORD19964,PROD113,2,149
9966,ORD19965,PROD101,5,899
9967,ORD19966,PROD105,4,110
9968,ORD19967,PROD104,2,120
9969,ORD19968,PROD106,3,99
9970,ORD19969,PROD114,5,25
9971,ORD19970,PROD114,2,25
9972,ORD19971,PROD113,4,149
9973,ORD19972,PROD107,3,399
9974,ORD19973,PROD110,4,80
9975,ORD19974,PROD111,4,59
9976,ORD19975,PROD114,1,25
9977,ORD19976,PROD108,4,229
9978,ORD19977,PROD103,1,59
9979,ORD19978,PROD101,3,899
9980,ORD19979,PROD108,2,229
9981,ORD19980,PROD109,1,129
9982,ORD19981,PROD113,5,149
9983,ORD19982,PROD106,5,99
9984,ORD19983,PROD102,5,199
9985,ORD19984,PROD103,4,59
9986,ORD19985,PROD111,4,59
9987,ORD19986,PROD114,3,25
9988,ORD19987,PROD100,1,999
9989,ORD19988,PROD111,4,59
9990,ORD19989,PROD112,1,199
9991,ORD19990,PROD105,4,110
9992,ORD19991,PROD112,4,199
9993,ORD19992,PROD110,3,80
9994,ORD19993,PROD111,1,59
9995,ORD19994,PROD112,1,199
9996,ORD19995,PROD109,5,129
9997,ORD19996,PROD109,5,129
9998,ORD19997,PROD107,5,399
9999,ORD19998,PROD107,3,399
10000,ORD19999,PROD109,5,129
