order_id,customer_id,order_date,order_status,payment_method
ORD10000,CUST2353,2023-07-13,Pending,Credit Card
ORD10001,CUST4463,2024-08-12,Pending,PayPal
ORD10002,CUST4512,2024-08-04,Delivered,Cash on Delivery
ORD10003,CUST5711,2025-05-23,Delivered,Cash on Delivery
ORD10004,CUST1296,2023-07-02,Returned,Cash on Delivery
ORD10005,CUST2790,2023-04-13,Returned,PayPal
ORD10006,CUST2442,2023-12-31,Returned,Credit Card
ORD10007,CUST2451,2024-01-29,Pending,Credit Card
ORD10008,CUST2364,2022-11-30,Shipped,Credit Card
ORD10009,CUST4713,2025-05-16,Cancelled,PayPal
ORD10010,CUST1469,2024-04-24,Returned,Credit Card
ORD10011,CUST5953,2025-01-15,Returned,Credit Card
ORD10012,CUST1438,2024-05-15,Shipped,Credit Card
ORD10013,CUST2488,2023-11-22,Delivered,Credit Card
ORD10014,CUST1413,2024-05-30,Cancelled,Credit Card
ORD10015,CUST2160,2023-03-30,Shipped,Credit Card
ORD10016,CUST3830,2025-05-22,Cancelled,Credit Card
ORD10017,CUST4174,2022-12-29,Delivered,PayPal
ORD10018,CUST3281,2022-08-31,Delivered,Cash on Delivery
ORD10019,CUST3410,2024-10-21,Cancelled,Cash on Delivery
ORD10020,CUST3147,2024-06-02,Pending,Cash on Delivery
ORD10021,CUST4051,2025-07-20,Returned,PayPal
ORD10022,CUST1089,2022-12-06,Delivered,PayPal
ORD10023,CUST2314,2023-02-17,Pending,Cash on Delivery
ORD10024,CUST5205,2024-09-11,Pending,Cash on Delivery
ORD10025,CUST2997,2024-05-21,Pending,Cash on Delivery
ORD10026,CUST2945,2022-11-15,Returned,Cash on Delivery
ORD10027,CUST3650,2023-05-28,Shipped,Cash on Delivery
ORD10028,CUST5755,2023-12-26,Pending,Credit Card
ORD10029,CUST2895,2024-12-31,Cancelled,Credit Card
ORD10030,CUST3589,2023-12-01,Returned,PayPal
ORD10031,CUST5161,2024-08-16,Returned,PayPal
ORD10032,CUST2370,2023-05-08,Cancelled,Credit Card
ORD10033,CUST4430,2024-03-07,Returned,Credit Card
ORD10034,CUST3021,2025-06-07,Returned,Cash on Delivery
ORD10035,CUST1182,2022-12-11,Cancelled,PayPal
ORD10036,CUST4791,2023-02-14,Delivered,Cash on Delivery
ORD10037,CUST3310,2025-02-11,Returned,PayPal
ORD10038,CUST3661,2024-04-29,Cancelled,Credit Card
ORD10039,CUST1500,2025-05-22,Shipped,PayPal
ORD10040,CUST5684,2025-05-27,Pending,Credit Card
ORD10041,CUST1186,2023-07-26,Shipped,PayPal
ORD10042,CUST1241,2023-12-16,Pending,Cash on Delivery
ORD10043,CUST4082,2025-01-05,Returned,PayPal
ORD10044,CUST3728,2023-03-18,Delivered,Cash on Delivery
ORD10045,CUST1742,2023-04-26,Returned,Cash on Delivery
ORD10046,CUST3349,2025-02-26,Pending,Cash on Delivery
ORD10047,CUST4751,2024-12-28,Cancelled,Credit Card
ORD10048,CUST2954,2023-11-10,Returned,Credit Card
ORD10049,CUST4905,2025-03-17,Delivered,Credit Card
ORD10050,CUST4613,2025-01-03,Pending,Cash on Delivery
ORD10051,CUST1209,2023-06-14,Returned,Cash on Delivery
ORD10052,CUST5685,2023-05-07,Cancelled,PayPal
ORD10053,CUST2016,2023-09-04,Pending,Credit Card
ORD10054,CUST5282,2025-06-10,Pending,Cash on Delivery
ORD10055,CUST5144,2025-02-09,Delivered,Credit Card
ORD10056,CUST2871,2025-08-15,Shipped,Cash on Delivery
ORD10057,CUST4853,2024-02-07,Returned,Credit Card
ORD10058,CUST3810,2024-10-21,Pending,Cash on Delivery
ORD10059,CUST4294,2023-05-10,Delivered,Credit Card
ORD10060,CUST3033,2024-06-17,Returned,Credit Card
ORD10061,CUST3784,2025-02-03,Shipped,Cash on Delivery
ORD10062,CUST2808,2023-07-17,Returned,Credit Card
ORD10063,CUST2357,2023-05-02,Pending,PayPal
ORD10064,CUST2617,2023-03-08,Delivered,Credit Card
ORD10065,CUST4265,2024-11-08,Delivered,Cash on Delivery
ORD10066,CUST3414,2022-11-05,Pending,PayPal
ORD10067,CUST3933,2024-04-19,Pending,Cash on Delivery
ORD10068,CUST3963,2024-07-27,Returned,Cash on Delivery
ORD10069,CUST3029,2025-01-22,Pending,Credit Card
ORD10070,CUST2383,2024-03-10,Pending,Cash on Delivery
ORD10071,CUST1138,2022-10-05,Returned,Cash on Delivery
ORD10072,CUST4400,2023-08-01,Cancelled,Cash on Delivery
ORD10073,CUST1693,2024-05-02,Shipped,PayPal
ORD10074,CUST1371,2022-10-06,Returned,Cash on Delivery
ORD10075,CUST5445,2023-11-25,Cancelled,PayPal
ORD10076,CUST1539,2025-08-21,Shipped,Credit Card
ORD10077,CUST1892,2025-06-14,Cancelled,Credit Card
ORD10078,CUST5088,2023-04-07,Pending,PayPal
ORD10079,CUST3422,2025-07-09,Returned,Credit Card
ORD10080,CUST2079,2023-02-10,Returned,Credit Card
ORD10081,CUST1624,2023-03-27,Returned,Cash on Delivery
ORD10082,CUST4048,2025-03-04,Delivered,PayPal
ORD10083,CUST2089,2023-10-09,Shipped,Cash on Delivery
ORD10084,CUST4354,2023-04-05,Delivered,Cash on Delivery
ORD10085,CUST5300,2023-06-21,Pending,Cash on Delivery
ORD10086,CUST3660,2025-07-30,Returned,PayPal
ORD10087,CUST5297,2022-09-25,Shipped,Credit Card
ORD10088,CUST4458,2025-07-21,Cancelled,Cash on Delivery
ORD10089,CUST2896,2025-08-13,Pending,Cash on Delivery
ORD10090,CUST3739,2025-08-12,Returned,PayPal
ORD10091,CUST1832,2023-09-14,Delivered,Credit Card
ORD10092,CUST1647,2024-01-09,Cancelled,PayPal
ORD10093,CUST1807,2023-07-07,Returned,Credit Card
ORD10094,CUST4296,2023-12-30,Pending,Credit Card
ORD10095,CUST1254,2024-06-30,Shipped,Credit Card
ORD10096,CUST1033,2023-07-10,Shipped,Credit Card
ORD10097,CUST1698,2024-05-03,Returned,Credit Card
ORD10098,CUST2386,2024-12-28,Cancelled,Credit Card
ORD10099,CUST3511,2024-10-19,Shipped,PayPal
ORD10100,CUST4247,2023-01-27,Shipped,Cash on Delivery
ORD10101,CUST1711,2024-08-24,Pending,Credit Card
ORD10102,CUST4202,2025-05-17,Returned,Credit Card
ORD10103,CUST2644,2023-12-21,Cancelled,Credit Card
ORD10104,CUST4536,2022-09-20,Shipped,Cash on Delivery
ORD10105,CUST4165,2024-08-10,Delivered,Credit Card
ORD10106,CUST1925,2023-10-06,Cancelled,Credit Card
ORD10107,CUST4417,2024-07-19,Returned,PayPal
ORD10108,CUST2226,2023-01-11,Delivered,Credit Card
ORD10109,CUST3865,2023-11-07,Shipped,Credit Card
ORD10110,CUST4945,2023-04-02,Cancelled,PayPal
ORD10111,CUST2427,2024-11-02,Shipped,Cash on Delivery
ORD10112,CUST4196,2024-06-29,Pending,Cash on Delivery
ORD10113,CUST3804,2024-06-13,Delivered,PayPal
ORD10114,CUST4589,2023-08-01,Shipped,PayPal
ORD10115,CUST4582,2025-06-04,Returned,Credit Card
ORD10116,CUST5308,2024-01-09,Cancelled,PayPal
ORD10117,CUST5920,2025-03-14,Shipped,PayPal
ORD10118,CUST5795,2023-03-19,Pending,Credit Card
ORD10119,CUST1585,2023-04-05,Delivered,PayPal
ORD10120,CUST4058,2025-07-15,Cancelled,Cash on Delivery
ORD10121,CUST1287,2023-08-01,Cancelled,PayPal
ORD10122,CUST3404,2023-07-25,Shipped,Cash on Delivery
ORD10123,CUST4226,2024-03-04,Pending,Cash on Delivery
ORD10124,CUST5542,2024-05-08,Pending,Cash on Delivery
ORD10125,CUST4004,2025-06-14,Pending,PayPal
ORD10126,CUST1197,2025-02-20,Delivered,PayPal
ORD10127,CUST4677,2023-04-23,Shipped,Credit Card
ORD10128,CUST4076,2023-08-23,Pending,PayPal
ORD10129,CUST4734,2025-05-15,Pending,Cash on Delivery
ORD10130,CUST2380,2024-08-26,Returned,PayPal
ORD10131,CUST2688,2023-10-10,Shipped,Cash on Delivery
ORD10132,CUST4943,2023-03-16,Pending,Credit Card
ORD10133,CUST1648,2024-09-23,Cancelled,PayPal
ORD10134,CUST1340,2024-06-16,Shipped,PayPal
ORD10135,CUST4603,2025-04-16,Shipped,Credit Card
ORD10136,CUST4267,2023-10-28,Cancelled,Cash on Delivery
ORD10137,CUST1974,2024-01-12,Cancelled,PayPal
ORD10138,CUST5305,2024-06-12,Shipped,Cash on Delivery
ORD10139,CUST4964,2024-06-21,Returned,PayPal
ORD10140,CUST4916,2023-10-24,Cancelled,Credit Card
ORD10141,CUST2328,2025-04-10,Delivered,Credit Card
ORD10142,CUST1192,2025-01-30,Delivered,Cash on Delivery
ORD10143,CUST5839,2024-06-22,Pending,Credit Card
ORD10144,CUST4245,2023-08-13,Delivered,Credit Card
ORD10145,CUST4244,2024-12-31,Delivered,Credit Card
ORD10146,CUST4733,2023-05-18,Returned,Credit Card
ORD10147,CUST2820,2024-11-25,Delivered,Credit Card
ORD10148,CUST5014,2023-03-11,Returned,Credit Card
ORD10149,CUST1716,2025-03-14,Pending,Cash on Delivery
ORD10150,CUST1987,2025-06-10,Shipped,PayPal
ORD10151,CUST4033,2024-11-07,Cancelled,Credit Card
ORD10152,CUST1292,2024-08-05,Pending,PayPal
ORD10153,CUST1200,2025-01-28,Shipped,PayPal
ORD10154,CUST5230,2023-02-06,Delivered,Cash on Delivery
ORD10155,CUST5498,2023-07-04,Returned,Cash on Delivery
ORD10156,CUST3570,2023-06-02,Returned,Cash on Delivery
ORD10157,CUST3430,2023-01-18,Shipped,PayPal
ORD10158,CUST1422,2023-04-15,Pending,Credit Card
ORD10159,CUST3247,2024-09-15,Cancelled,PayPal
ORD10160,CUST1148,2023-07-24,Cancelled,Credit Card
ORD10161,CUST4993,2023-03-06,Pending,Credit Card
ORD10162,CUST5481,2023-05-18,Pending,Credit Card
ORD10163,CUST3163,2025-01-03,Cancelled,Credit Card
ORD10164,CUST2223,2023-05-30,Returned,PayPal
ORD10165,CUST3450,2023-05-18,Pending,PayPal
ORD10166,CUST5229,2023-08-26,Delivered,Credit Card
ORD10167,CUST4120,2024-08-07,Shipped,Credit Card
ORD10168,CUST3343,2025-01-12,Cancelled,PayPal
ORD10169,CUST5255,2023-08-10,Pending,Cash on Delivery
ORD10170,CUST1552,2024-04-07,Shipped,Cash on Delivery
ORD10171,CUST5599,2025-04-07,Delivered,Credit Card
ORD10172,CUST3400,2025-04-26,Pending,Cash on Delivery
ORD10173,CUST4387,2025-02-20,Returned,Cash on Delivery
ORD10174,CUST1562,2023-05-12,Shipped,Cash on Delivery
ORD10175,CUST5652,2022-09-05,Delivered,Credit Card
ORD10176,CUST5448,2022-11-21,Pending,Credit Card
ORD10177,CUST5125,2023-04-22,Pending,Cash on Delivery
ORD10178,CUST4573,2023-10-19,Shipped,Credit Card
ORD10179,CUST2946,2024-09-05,Shipped,PayPal
ORD10180,CUST2644,2024-10-17,Cancelled,PayPal
ORD10181,CUST3372,2022-11-18,Returned,PayPal
ORD10182,CUST5534,2022-11-19,Returned,PayPal
ORD10183,CUST5286,2025-02-28,Delivered,PayPal
ORD10184,CUST4941,2023-09-19,Returned,PayPal
ORD10185,CUST5175,2023-08-15,Delivered,Credit Card
ORD10186,CUST2193,2022-09-26,Pending,PayPal
ORD10187,CUST2784,2024-08-16,Delivered,Cash on Delivery
ORD10188,CUST3466,2023-06-15,Delivered,PayPal
ORD10189,CUST4591,2022-10-24,Cancelled,PayPal
ORD10190,CUST3835,2025-06-22,Shipped,PayPal
ORD10191,CUST2840,2023-12-28,Returned,Cash on Delivery
ORD10192,CUST4438,2025-04-23,Pending,Credit Card
ORD10193,CUST4442,2024-05-11,Pending,PayPal
ORD10194,CUST2982,2024-03-21,Returned,Credit Card
ORD10195,CUST1710,2024-12-21,Shipped,Cash on Delivery
ORD10196,CUST4662,2023-03-23,Returned,Cash on Delivery
ORD10197,CUST5602,2024-08-18,Cancelled,Cash on Delivery
ORD10198,CUST5363,2025-05-30,Shipped,Cash on Delivery
ORD10199,CUST5530,2023-02-28,Delivered,Credit Card
ORD10200,CUST5616,2022-10-03,Returned,Credit Card
ORD10201,CUST4600,2025-03-31,Returned,Credit Card
ORD10202,CUST3934,2025-02-04,Cancelled,Credit Card
ORD10203,CUST4591,2024-10-04,Delivered,PayPal
ORD10204,CUST3190,2024-04-13,Shipped,Credit Card
ORD10205,CUST3490,2025-07-14,Delivered,Cash on Delivery
ORD10206,CUST1558,2025-05-30,Returned,PayPal
ORD10207,CUST5416,2022-08-30,Delivered,Cash on Delivery
ORD10208,CUST2812,2023-10-14,Shipped,PayPal
ORD10209,CUST3492,2025-05-17,Cancelled,Credit Card
ORD10210,CUST2367,2024-04-28,Cancelled,PayPal
ORD10211,CUST2702,2024-03-22,Delivered,Credit Card
ORD10212,CUST5639,2024-08-23,Shipped,Cash on Delivery
ORD10213,CUST4161,2025-04-24,Pending,Cash on Delivery
ORD10214,CUST5048,2025-04-02,Returned,PayPal
ORD10215,CUST1907,2023-01-19,Cancelled,PayPal
ORD10216,CUST3149,2024-02-29,Returned,Credit Card
ORD10217,CUST4951,2022-12-30,Shipped,Cash on Delivery
ORD10218,CUST3317,2024-02-27,Pending,PayPal
ORD10219,CUST1776,2023-07-12,Returned,Cash on Delivery
ORD10220,CUST2634,2025-02-20,Returned,PayPal
ORD10221,CUST2081,2023-02-15,Cancelled,Credit Card
ORD10222,CUST1379,2023-03-06,Pending,Credit Card
ORD10223,CUST5727,2023-04-01,Delivered,Cash on Delivery
ORD10224,CUST1654,2024-03-23,Delivered,PayPal
ORD10225,CUST5054,2023-03-13,Returned,PayPal
ORD10226,CUST2263,2023-04-27,Shipped,Cash on Delivery
ORD10227,CUST5922,2025-05-11,Delivered,PayPal
ORD10228,CUST5769,2025-01-04,Returned,PayPal
ORD10229,CUST1948,2023-06-15,Pending,Credit Card
ORD10230,CUST3153,2025-01-14,Returned,Credit Card
ORD10231,CUST2188,2024-09-21,Delivered,Credit Card
ORD10232,CUST2162,2024-05-23,Delivered,Credit Card
ORD10233,CUST3181,2022-11-23,Pending,PayPal
ORD10234,CUST1011,2022-10-10,Delivered,Credit Card
ORD10235,CUST1587,2022-10-15,Cancelled,Credit Card
ORD10236,CUST3656,2025-05-09,Shipped,Credit Card
ORD10237,CUST1366,2024-04-10,Delivered,PayPal
ORD10238,CUST2406,2024-04-18,Returned,PayPal
ORD10239,CUST2944,2025-04-10,Pending,Credit Card
ORD10240,CUST2640,2024-08-13,Delivered,PayPal
ORD10241,CUST5457,2023-05-25,Delivered,Credit Card
ORD10242,CUST1395,2022-10-18,Returned,Credit Card
ORD10243,CUST5595,2025-06-26,Cancelled,Cash on Delivery
ORD10244,CUST2500,2023-04-07,Returned,PayPal
ORD10245,CUST3649,2023-08-14,Returned,PayPal
ORD10246,CUST4988,2025-01-04,Shipped,PayPal
ORD10247,CUST5522,2025-03-24,Delivered,Cash on Delivery
ORD10248,CUST3766,2023-06-28,Delivered,Credit Card
ORD10249,CUST2332,2023-06-19,Cancelled,Credit Card
ORD10250,CUST5409,2024-08-19,Cancelled,Credit Card
ORD10251,CUST1101,2023-01-29,Returned,PayPal
ORD10252,CUST4425,2025-07-12,Delivered,PayPal
ORD10253,CUST4623,2024-05-24,Shipped,Cash on Delivery
ORD10254,CUST1872,2022-12-01,Returned,Credit Card
ORD10255,CUST3649,2022-09-09,Returned,Cash on Delivery
ORD10256,CUST1662,2023-07-30,Pending,PayPal
ORD10257,CUST2020,2024-02-29,Shipped,Cash on Delivery
ORD10258,CUST1954,2024-08-10,Cancelled,Cash on Delivery
ORD10259,CUST3325,2024-05-06,Pending,PayPal
ORD10260,CUST1133,2025-06-29,Returned,Credit Card
ORD10261,CUST1762,2024-09-11,Returned,PayPal
ORD10262,CUST1518,2025-04-17,Shipped,PayPal
ORD10263,CUST4258,2024-05-05,Cancelled,PayPal
ORD10264,CUST3773,2025-01-20,Shipped,PayPal
ORD10265,CUST4410,2024-12-15,Shipped,PayPal
ORD10266,CUST1103,2023-02-04,Cancelled,Credit Card
ORD10267,CUST3327,2023-03-13,Cancelled,PayPal
ORD10268,CUST2917,2025-01-24,Cancelled,Credit Card
ORD10269,CUST3174,2024-01-25,Cancelled,PayPal
ORD10270,CUST5419,2025-04-06,Pending,PayPal
ORD10271,CUST4068,2023-08-12,Returned,Credit Card
ORD10272,CUST3909,2024-12-13,Cancelled,PayPal
ORD10273,CUST5886,2025-08-02,Pending,PayPal
ORD10274,CUST5198,2023-04-13,Delivered,Credit Card
ORD10275,CUST2961,2022-11-17,Shipped,PayPal
ORD10276,CUST3245,2023-12-06,Cancelled,PayPal
ORD10277,CUST4040,2022-09-04,Shipped,PayPal
ORD10278,CUST1375,2023-07-15,Cancelled,PayPal
ORD10279,CUST4647,2023-08-18,Pending,Cash on Delivery
ORD10280,CUST4359,2024-01-24,Returned,Credit Card
ORD10281,CUST5540,2023-02-10,Returned,Cash on Delivery
ORD10282,CUST3904,2025-08-16,Delivered,Cash on Delivery
ORD10283,CUST1742,2024-06-15,Pending,Credit Card
ORD10284,CUST4273,2024-06-22,Delivered,Cash on Delivery
ORD10285,CUST5346,2023-11-20,Pending,Cash on Delivery
ORD10286,CUST5324,2023-11-19,Returned,Cash on Delivery
ORD10287,CUST2838,2023-06-29,Cancelled,Credit Card
ORD10288,CUST1581,2023-08-12,Shipped,PayPal
ORD10289,CUST1579,2025-07-18,Returned,Credit Card
ORD10290,CUST3487,2024-02-14,Cancelled,PayPal
ORD10291,CUST5561,2022-11-17,Delivered,Credit Card
ORD10292,CUST5616,2023-11-28,Returned,PayPal
ORD10293,CUST4708,2023-04-29,Cancelled,Credit Card
ORD10294,CUST5644,2022-11-23,Pending,Cash on Delivery
ORD10295,CUST2957,2024-09-29,Delivered,PayPal
ORD10296,CUST2019,2024-09-09,Delivered,PayPal
ORD10297,CUST5221,2024-10-20,Returned,Credit Card
ORD10298,CUST4237,2024-10-19,Delivered,Cash on Delivery
ORD10299,CUST3172,2022-10-10,Returned,Credit Card
ORD10300,CUST2321,2023-06-29,Pending,Cash on Delivery
ORD10301,CUST5839,2023-08-21,Shipped,Cash on Delivery
ORD10302,CUST2117,2023-07-09,Shipped,PayPal
ORD10303,CUST1544,2023-12-06,Returned,Credit Card
ORD10304,CUST3146,2022-10-13,Cancelled,Credit Card
ORD10305,CUST5063,2022-10-18,Pending,PayPal
ORD10306,CUST2522,2023-03-21,Returned,Credit Card
ORD10307,CUST2928,2025-02-18,Returned,PayPal
ORD10308,CUST1953,2022-10-24,Pending,PayPal
ORD10309,CUST5329,2023-05-27,Cancelled,Cash on Delivery
ORD10310,CUST2734,2023-07-19,Pending,Cash on Delivery
ORD10311,CUST3282,2023-08-24,Shipped,PayPal
ORD10312,CUST2894,2023-11-22,Delivered,Credit Card
ORD10313,CUST3453,2025-06-05,Pending,Cash on Delivery
ORD10314,CUST1359,2024-03-12,Returned,Cash on Delivery
ORD10315,CUST2179,2023-06-06,Delivered,Cash on Delivery
ORD10316,CUST5812,2023-12-03,Shipped,Cash on Delivery
ORD10317,CUST3746,2022-11-16,Returned,Credit Card
ORD10318,CUST5966,2024-03-27,Cancelled,Credit Card
ORD10319,CUST3175,2024-01-16,Pending,Credit Card
ORD10320,CUST1430,2023-03-14,Delivered,Cash on Delivery
ORD10321,CUST1731,2023-12-25,Pending,PayPal
ORD10322,CUST2874,2022-09-09,Shipped,Cash on Delivery
ORD10323,CUST1224,2024-05-12,Delivered,Credit Card
ORD10324,CUST1180,2024-08-30,Pending,Cash on Delivery
ORD10325,CUST1139,2025-03-23,Shipped,Credit Card
ORD10326,CUST2404,2022-09-27,Shipped,Cash on Delivery
ORD10327,CUST3438,2024-11-01,Pending,Credit Card
ORD10328,CUST2854,2025-05-07,Cancelled,Credit Card
ORD10329,CUST1434,2023-01-25,Shipped,Cash on Delivery
ORD10330,CUST1829,2023-08-04,Pending,Credit Card
ORD10331,CUST5677,2024-11-07,Delivered,Cash on Delivery
ORD10332,CUST1782,2023-05-06,Pending,Credit Card
ORD10333,CUST5827,2022-10-23,Returned,PayPal
ORD10334,CUST1318,2025-01-16,Returned,PayPal
ORD10335,CUST1802,2024-10-01,Delivered,Credit Card
ORD10336,CUST3346,2024-08-21,Cancelled,Credit Card
ORD10337,CUST4417,2025-01-23,Shipped,Cash on Delivery
ORD10338,CUST4516,2023-03-15,Cancelled,PayPal
ORD10339,CUST5739,2022-12-08,Pending,Cash on Delivery
ORD10340,CUST2638,2024-02-28,Cancelled,Credit Card
ORD10341,CUST3037,2024-12-08,Delivered,PayPal
ORD10342,CUST5246,2025-06-10,Delivered,PayPal
ORD10343,CUST1008,2023-11-21,Shipped,Credit Card
ORD10344,CUST4854,2022-11-20,Pending,PayPal
ORD10345,CUST4085,2025-08-17,Cancelled,PayPal
ORD10346,CUST4964,2023-07-02,Shipped,Cash on Delivery
ORD10347,CUST5752,2023-02-15,Cancelled,Credit Card
ORD10348,CUST2923,2024-12-27,Pending,PayPal
ORD10349,CUST1509,2025-06-19,Delivered,Credit Card
ORD10350,CUST5722,2022-10-24,Cancelled,Credit Card
ORD10351,CUST4191,2023-07-10,Shipped,PayPal
ORD10352,CUST5111,2023-10-17,Shipped,PayPal
ORD10353,CUST1363,2025-02-09,Delivered,PayPal
ORD10354,CUST5665,2022-10-18,Shipped,PayPal
ORD10355,CUST5925,2023-03-31,Cancelled,Cash on Delivery
ORD10356,CUST4949,2025-01-15,Delivered,Cash on Delivery
ORD10357,CUST3141,2023-03-21,Delivered,Cash on Delivery
ORD10358,CUST5435,2022-11-21,Cancelled,Credit Card
ORD10359,CUST3978,2025-02-26,Pending,PayPal
ORD10360,CUST2181,2024-03-18,Returned,Cash on Delivery
ORD10361,CUST4101,2025-03-25,Pending,Credit Card
ORD10362,CUST1859,2025-06-27,Cancelled,Credit Card
ORD10363,CUST5637,2024-01-21,Returned,Credit Card
ORD10364,CUST1950,2024-01-13,Cancelled,Credit Card
ORD10365,CUST4958,2023-09-29,Returned,Credit Card
ORD10366,CUST1603,2023-04-15,Delivered,PayPal
ORD10367,CUST5529,2024-07-13,Returned,PayPal
ORD10368,CUST1183,2024-02-23,Cancelled,PayPal
ORD10369,CUST3931,2023-06-13,Pending,Cash on Delivery
ORD10370,CUST2238,2024-03-30,Shipped,Cash on Delivery
ORD10371,CUST2696,2024-08-05,Cancelled,Credit Card
ORD10372,CUST4530,2023-06-25,Returned,Credit Card
ORD10373,CUST2419,2024-06-25,Shipped,Cash on Delivery
ORD10374,CUST2592,2024-05-10,Cancelled,Cash on Delivery
ORD10375,CUST2547,2023-04-30,Delivered,Credit Card
ORD10376,CUST4021,2024-02-26,Delivered,Credit Card
ORD10377,CUST3733,2023-04-18,Cancelled,Cash on Delivery
ORD10378,CUST3098,2024-07-29,Shipped,PayPal
ORD10379,CUST5183,2024-11-10,Shipped,PayPal
ORD10380,CUST5023,2025-01-13,Cancelled,Credit Card
ORD10381,CUST2257,2023-07-13,Returned,PayPal
ORD10382,CUST4986,2024-05-20,Pending,Cash on Delivery
ORD10383,CUST2361,2022-10-13,Delivered,Credit Card
ORD10384,CUST1205,2024-10-23,Shipped,Credit Card
ORD10385,CUST1388,2024-12-16,Pending,PayPal
ORD10386,CUST4534,2025-08-06,Returned,Credit Card
ORD10387,CUST3643,2025-05-23,Delivered,Cash on Delivery
ORD10388,CUST3031,2024-07-28,Cancelled,PayPal
ORD10389,CUST5243,2024-11-25,Shipped,Credit Card
ORD10390,CUST5050,2023-06-07,Shipped,Cash on Delivery
ORD10391,CUST1064,2024-04-17,Cancelled,Cash on Delivery
ORD10392,CUST5014,2025-06-23,Pending,PayPal
ORD10393,CUST2633,2022-11-19,Pending,Credit Card
ORD10394,CUST5678,2024-06-09,Shipped,Cash on Delivery
ORD10395,CUST2954,2023-10-30,Delivered,Credit Card
ORD10396,CUST3737,2024-06-16,Cancelled,PayPal
ORD10397,CUST3060,2025-03-01,Cancelled,Cash on Delivery
ORD10398,CUST3332,2023-06-30,Shipped,Credit Card
ORD10399,CUST2985,2024-01-02,Delivered,PayPal
ORD10400,CUST1707,2022-10-17,Returned,PayPal
ORD10401,CUST4239,2024-10-15,Cancelled,PayPal
ORD10402,CUST2686,2023-11-21,Pending,Cash on Delivery
ORD10403,CUST3774,2024-06-29,Shipped,Credit Card
ORD10404,CUST3392,2022-10-17,Shipped,PayPal
ORD10405,CUST1541,2024-07-02,Delivered,Credit Card
ORD10406,CUST4678,2022-10-15,Pending,Cash on Delivery
ORD10407,CUST2438,2022-08-27,Pending,PayPal
ORD10408,CUST2206,2023-05-25,Pending,Credit Card
ORD10409,CUST1976,2025-07-12,Returned,PayPal
ORD10410,CUST2742,2024-02-24,Returned,Cash on Delivery
ORD10411,CUST5251,2024-05-28,Returned,Credit Card
ORD10412,CUST1319,2024-09-29,Cancelled,Cash on Delivery
ORD10413,CUST5318,2023-09-23,Delivered,Cash on Delivery
ORD10414,CUST5441,2025-01-03,Delivered,PayPal
ORD10415,CUST1637,2022-08-25,Returned,Cash on Delivery
ORD10416,CUST3096,2025-03-09,Cancelled,Cash on Delivery
ORD10417,CUST5619,2024-03-20,Delivered,PayPal
ORD10418,CUST3497,2023-10-19,Returned,Cash on Delivery
ORD10419,CUST1281,2023-01-16,Shipped,Cash on Delivery
ORD10420,CUST3502,2024-04-25,Pending,Credit Card
ORD10421,CUST4671,2023-11-17,Pending,PayPal
ORD10422,CUST1258,2024-10-18,Delivered,PayPal
ORD10423,CUST1204,2025-02-03,Returned,Cash on Delivery
ORD10424,CUST2988,2023-10-25,Cancelled,Cash on Delivery
ORD10425,CUST3225,2025-06-30,Shipped,Credit Card
ORD10426,CUST4090,2023-03-23,Returned,Cash on Delivery
ORD10427,CUST5919,2023-03-11,Pending,Cash on Delivery
ORD10428,CUST3221,2023-11-22,Pending,PayPal
ORD10429,CUST5306,2024-09-27,Cancelled,Credit Card
ORD10430,CUST4192,2025-02-13,Shipped,Cash on Delivery
ORD10431,CUST3839,2024-12-25,Returned,PayPal
ORD10432,CUST2436,2024-01-05,Shipped,Credit Card
ORD10433,CUST1857,2024-09-24,Cancelled,Cash on Delivery
ORD10434,CUST3958,2023-12-23,Shipped,PayPal
ORD10435,CUST1640,2023-05-24,Shipped,PayPal
ORD10436,CUST1302,2024-12-10,Cancelled,Cash on Delivery
ORD10437,CUST5366,2023-11-23,Cancelled,Credit Card
ORD10438,CUST3808,2024-09-08,Returned,PayPal
ORD10439,CUST5610,2024-02-27,Shipped,Cash on Delivery
ORD10440,CUST1875,2023-09-07,Pending,PayPal
ORD10441,CUST5811,2025-04-01,Delivered,PayPal
ORD10442,CUST1939,2025-03-20,Cancelled,Credit Card
ORD10443,CUST1083,2023-06-20,Returned,Credit Card
ORD10444,CUST5627,2025-07-19,Delivered,Credit Card
ORD10445,CUST2216,2025-04-22,Shipped,PayPal
ORD10446,CUST4396,2023-04-12,Pending,PayPal
ORD10447,CUST2220,2024-03-11,Delivered,Credit Card
ORD10448,CUST2713,2025-04-02,Shipped,PayPal
ORD10449,CUST4346,2023-12-20,Returned,Credit Card
ORD10450,CUST4118,2022-12-22,Returned,PayPal
ORD10451,CUST5325,2022-09-12,Cancelled,Cash on Delivery
ORD10452,CUST5462,2024-04-27,Pending,Credit Card
ORD10453,CUST4364,2024-04-09,Returned,Cash on Delivery
ORD10454,CUST1389,2024-06-23,Cancelled,PayPal
ORD10455,CUST3346,2025-07-18,Returned,Credit Card
ORD10456,CUST1029,2025-01-16,Pending,Cash on Delivery
ORD10457,CUST4080,2023-04-30,Pending,PayPal
ORD10458,CUST4995,2024-12-23,Returned,Credit Card
ORD10459,CUST1350,2024-03-24,Cancelled,PayPal
ORD10460,CUST5182,2024-06-17,Shipped,PayPal
ORD10461,CUST1917,2023-01-06,Delivered,PayPal
ORD10462,CUST4543,2023-12-21,Cancelled,PayPal
ORD10463,CUST3612,2025-05-25,Cancelled,Cash on Delivery
ORD10464,CUST3254,2022-10-09,Delivered,PayPal
ORD10465,CUST1111,2025-08-18,Pending,Cash on Delivery
ORD10466,CUST5028,2022-12-20,Pending,Cash on Delivery
ORD10467,CUST4624,2022-09-24,Pending,Credit Card
ORD10468,CUST1129,2025-03-10,Pending,Cash on Delivery
ORD10469,CUST3819,2023-11-26,Shipped,PayPal
ORD10470,CUST1320,2024-09-26,Shipped,PayPal
ORD10471,CUST5048,2024-11-04,Shipped,PayPal
ORD10472,CUST4573,2024-10-07,Delivered,Credit Card
ORD10473,CUST1275,2024-05-02,Shipped,PayPal
ORD10474,CUST1178,2025-08-10,Shipped,Credit Card
ORD10475,CUST2576,2023-04-17,Cancelled,Cash on Delivery
ORD10476,CUST5203,2022-12-07,Shipped,Credit Card
ORD10477,CUST4408,2023-05-18,Pending,PayPal
ORD10478,CUST5597,2024-07-27,Pending,Cash on Delivery
ORD10479,CUST3832,2024-11-25,Pending,Cash on Delivery
ORD10480,CUST4407,2025-07-29,Pending,Credit Card
ORD10481,CUST3790,2024-04-21,Shipped,Credit Card
ORD10482,CUST3995,2024-05-07,Delivered,Credit Card
ORD10483,CUST3692,2023-01-22,Returned,Cash on Delivery
ORD10484,CUST2626,2023-10-18,Returned,PayPal
ORD10485,CUST2201,2024-11-12,Returned,PayPal
ORD10486,CUST1182,2024-12-04,Cancelled,Credit Card
ORD10487,CUST1168,2025-07-30,Returned,PayPal
ORD10488,CUST4686,2025-03-02,Delivered,Cash on Delivery
ORD10489,CUST4145,2024-07-25,Pending,Credit Card
ORD10490,CUST2679,2024-12-21,Delivered,Cash on Delivery
ORD10491,CUST2683,2023-02-03,Returned,Credit Card
ORD10492,CUST4112,2024-03-21,Delivered,Cash on Delivery
ORD10493,CUST1241,2024-10-09,Delivered,PayPal
ORD10494,CUST4208,2024-10-26,Cancelled,PayPal
ORD10495,CUST1283,2023-04-03,Pending,Cash on Delivery
ORD10496,CUST4981,2025-02-21,Cancelled,Credit Card
ORD10497,CUST3974,2025-07-27,Pending,PayPal
ORD10498,CUST5518,2024-07-10,Cancelled,Credit Card
ORD10499,CUST5274,2023-05-09,Cancelled,Credit Card
ORD10500,CUST4009,2025-01-10,Cancelled,Cash on Delivery
ORD10501,CUST3002,2023-02-08,Delivered,PayPal
ORD10502,CUST4137,2025-01-06,Cancelled,PayPal
ORD10503,CUST4045,2025-02-12,Shipped,Credit Card
ORD10504,CUST1438,2024-07-15,Shipped,Credit Card
ORD10505,CUST3891,2025-03-28,Delivered,PayPal
ORD10506,CUST5045,2024-09-22,Pending,Cash on Delivery
ORD10507,CUST4757,2023-04-09,Returned,Credit Card
ORD10508,CUST4304,2024-06-13,Pending,PayPal
ORD10509,CUST2578,2022-11-20,Cancelled,Cash on Delivery
ORD10510,CUST2993,2022-10-22,Returned,PayPal
ORD10511,CUST1839,2025-05-12,Returned,Credit Card
ORD10512,CUST3325,2024-05-27,Shipped,PayPal
ORD10513,CUST3598,2023-04-21,Returned,Credit Card
ORD10514,CUST5513,2023-06-11,Delivered,Cash on Delivery
ORD10515,CUST1691,2024-05-26,Pending,Cash on Delivery
ORD10516,CUST2811,2022-09-21,Pending,PayPal
ORD10517,CUST5594,2023-12-28,Pending,Credit Card
ORD10518,CUST3060,2024-07-22,Shipped,Credit Card
ORD10519,CUST4924,2023-10-28,Returned,Cash on Delivery
ORD10520,CUST1747,2024-12-30,Pending,Credit Card
ORD10521,CUST2929,2024-07-04,Shipped,Credit Card
ORD10522,CUST3695,2024-05-14,Delivered,Cash on Delivery
ORD10523,CUST2710,2024-08-22,Delivered,Credit Card
ORD10524,CUST4288,2024-01-23,Returned,PayPal
ORD10525,CUST5402,2025-05-27,Pending,Cash on Delivery
ORD10526,CUST4088,2023-09-30,Pending,Cash on Delivery
ORD10527,CUST4586,2022-12-03,Delivered,Credit Card
ORD10528,CUST4363,2025-02-17,Shipped,PayPal
ORD10529,CUST5356,2024-01-31,Cancelled,Credit Card
ORD10530,CUST4338,2022-10-03,Delivered,Cash on Delivery
ORD10531,CUST5427,2022-12-26,Pending,Credit Card
ORD10532,CUST1332,2023-07-13,Delivered,Credit Card
ORD10533,CUST3940,2024-07-13,Pending,Cash on Delivery
ORD10534,CUST2137,2023-06-02,Delivered,Cash on Delivery
ORD10535,CUST2896,2025-02-25,Pending,PayPal
ORD10536,CUST3610,2025-03-20,Cancelled,Cash on Delivery
ORD10537,CUST5478,2024-08-09,Shipped,Cash on Delivery
ORD10538,CUST1033,2023-07-06,Returned,Cash on Delivery
ORD10539,CUST4858,2023-09-05,Shipped,Credit Card
ORD10540,CUST1064,2022-10-04,Pending,Cash on Delivery
ORD10541,CUST4237,2022-11-11,Returned,Cash on Delivery
ORD10542,CUST3262,2024-11-19,Pending,Credit Card
ORD10543,CUST2712,2024-08-18,Cancelled,Cash on Delivery
ORD10544,CUST4085,2023-12-14,Pending,Credit Card
ORD10545,CUST2758,2024-02-04,Delivered,Cash on Delivery
ORD10546,CUST4659,2022-12-29,Returned,Credit Card
ORD10547,CUST3740,2023-10-25,Delivered,Cash on Delivery
ORD10548,CUST3925,2025-07-08,Returned,Cash on Delivery
ORD10549,CUST2203,2024-09-28,Cancelled,Cash on Delivery
ORD10550,CUST2170,2022-10-03,Pending,Cash on Delivery
ORD10551,CUST4541,2025-05-09,Pending,Credit Card
ORD10552,CUST2467,2023-08-25,Cancelled,Credit Card
ORD10553,CUST3889,2022-10-30,Shipped,Cash on Delivery
ORD10554,CUST5093,2025-03-13,Delivered,Cash on Delivery
ORD10555,CUST5355,2022-11-23,Pending,PayPal
ORD10556,CUST3542,2024-07-28,Pending,Cash on Delivery
ORD10557,CUST3229,2024-02-25,Returned,PayPal
ORD10558,CUST2552,2024-06-01,Pending,Cash on Delivery
ORD10559,CUST2740,2023-04-07,Cancelled,Credit Card
ORD10560,CUST3412,2023-06-14,Delivered,Credit Card
ORD10561,CUST2384,2024-06-07,Returned,Credit Card
ORD10562,CUST2535,2023-05-06,Returned,PayPal
ORD10563,CUST2289,2024-06-27,Shipped,PayPal
ORD10564,CUST5618,2022-10-07,Returned,Cash on Delivery
ORD10565,CUST2207,2023-04-04,Delivered,Cash on Delivery
ORD10566,CUST5319,2023-10-10,Pending,Credit Card
ORD10567,CUST2896,2023-01-15,Shipped,Cash on Delivery
ORD10568,CUST1461,2025-06-22,Returned,PayPal
ORD10569,CUST3977,2023-12-08,Pending,PayPal
ORD10570,CUST3240,2023-09-03,Returned,Cash on Delivery
ORD10571,CUST4516,2023-10-17,Delivered,Credit Card
ORD10572,CUST4822,2022-09-21,Delivered,Cash on Delivery
ORD10573,CUST2050,2024-12-11,Returned,PayPal
ORD10574,CUST3308,2024-04-14,Delivered,Cash on Delivery
ORD10575,CUST1399,2024-10-07,Returned,Cash on Delivery
ORD10576,CUST3343,2023-12-08,Returned,Credit Card
ORD10577,CUST5003,2023-01-31,Cancelled,Credit Card
ORD10578,CUST3483,2023-02-05,Delivered,PayPal
ORD10579,CUST2725,2025-07-05,Pending,Cash on Delivery
ORD10580,CUST5866,2025-05-27,Shipped,PayPal
ORD10581,CUST4646,2024-01-11,Pending,Cash on Delivery
ORD10582,CUST1981,2024-01-03,Pending,Credit Card
ORD10583,CUST3185,2023-12-31,Shipped,Cash on Delivery
ORD10584,CUST1473,2023-10-06,Shipped,PayPal
ORD10585,CUST5278,2022-11-13,Returned,Credit Card
ORD10586,CUST2432,2024-06-01,Cancelled,PayPal
ORD10587,CUST5767,2025-02-27,Delivered,Cash on Delivery
ORD10588,CUST4450,2024-05-05,Shipped,Cash on Delivery
ORD10589,CUST4081,2024-02-17,Returned,Cash on Delivery
ORD10590,CUST5693,2022-12-27,Returned,PayPal
ORD10591,CUST5540,2024-10-27,Pending,Cash on Delivery
ORD10592,CUST4306,2024-08-03,Delivered,Cash on Delivery
ORD10593,CUST1089,2024-10-15,Pending,Cash on Delivery
ORD10594,CUST2457,2024-06-15,Returned,Cash on Delivery
ORD10595,CUST4150,2023-11-22,Delivered,Cash on Delivery
ORD10596,CUST1824,2025-02-05,Returned,PayPal
ORD10597,CUST1339,2024-09-15,Shipped,Cash on Delivery
ORD10598,CUST4129,2023-07-24,Returned,Credit Card
ORD10599,CUST2130,2023-08-12,Delivered,Credit Card
ORD10600,CUST5653,2023-01-31,Returned,Cash on Delivery
ORD10601,CUST5101,2024-02-29,Returned,Credit Card
ORD10602,CUST5284,2025-04-07,Cancelled,Cash on Delivery
ORD10603,CUST1411,2024-10-29,Pending,PayPal
ORD10604,CUST3590,2024-04-21,Cancelled,PayPal
ORD10605,CUST2641,2022-11-05,Cancelled,Cash on Delivery
ORD10606,CUST1400,2024-11-08,Returned,Cash on Delivery
ORD10607,CUST5215,2023-04-01,Returned,Credit Card
ORD10608,CUST3248,2025-06-03,Returned,PayPal
ORD10609,CUST2706,2025-02-20,Returned,PayPal
ORD10610,CUST1342,2024-02-15,Shipped,Cash on Delivery
ORD10611,CUST2332,2024-11-14,Returned,Cash on Delivery
ORD10612,CUST5254,2024-10-25,Shipped,Credit Card
ORD10613,CUST2708,2024-02-02,Returned,PayPal
ORD10614,CUST2047,2023-04-09,Delivered,PayPal
ORD10615,CUST1092,2024-04-10,Pending,PayPal
ORD10616,CUST1058,2023-12-03,Shipped,Cash on Delivery
ORD10617,CUST2249,2024-04-02,Cancelled,PayPal
ORD10618,CUST1008,2024-09-27,Shipped,Credit Card
ORD10619,CUST2352,2023-02-20,Delivered,Credit Card
ORD10620,CUST2210,2023-04-18,Cancelled,Cash on Delivery
ORD10621,CUST2783,2025-07-22,Pending,PayPal
ORD10622,CUST2728,2023-03-22,Cancelled,PayPal
ORD10623,CUST3232,2023-05-06,Pending,PayPal
ORD10624,CUST3494,2023-09-13,Shipped,PayPal
ORD10625,CUST2541,2025-01-30,Shipped,PayPal
ORD10626,CUST2055,2025-07-19,Returned,Credit Card
ORD10627,CUST2595,2024-01-13,Shipped,Credit Card
ORD10628,CUST4760,2023-06-06,Pending,Cash on Delivery
ORD10629,CUST3203,2024-11-02,Cancelled,Credit Card
ORD10630,CUST3484,2024-03-05,Cancelled,Credit Card
ORD10631,CUST2913,2024-09-27,Shipped,Credit Card
ORD10632,CUST1109,2023-07-19,Cancelled,Cash on Delivery
ORD10633,CUST2479,2023-03-10,Pending,Credit Card
ORD10634,CUST1358,2022-09-08,Delivered,Credit Card
ORD10635,CUST2213,2024-03-24,Shipped,Credit Card
ORD10636,CUST3302,2023-03-14,Shipped,PayPal
ORD10637,CUST5809,2024-09-22,Cancelled,Cash on Delivery
ORD10638,CUST1021,2025-07-18,Shipped,Credit Card
ORD10639,CUST4481,2024-03-16,Delivered,Credit Card
ORD10640,CUST5783,2024-04-30,Cancelled,Cash on Delivery
ORD10641,CUST1376,2025-07-19,Delivered,Credit Card
ORD10642,CUST3122,2025-05-01,Cancelled,PayPal
ORD10643,CUST1274,2022-10-16,Returned,Credit Card
ORD10644,CUST4847,2023-12-21,Shipped,Credit Card
ORD10645,CUST5175,2023-04-14,Cancelled,Cash on Delivery
ORD10646,CUST1359,2023-02-16,Cancelled,Cash on Delivery
ORD10647,CUST5207,2024-05-19,Returned,Credit Card
ORD10648,CUST5136,2022-12-18,Shipped,PayPal
ORD10649,CUST1025,2025-02-08,Returned,Cash on Delivery
ORD10650,CUST3996,2022-08-30,Returned,Credit Card
ORD10651,CUST5500,2024-02-17,Pending,Credit Card
ORD10652,CUST4781,2025-01-26,Pending,Cash on Delivery
ORD10653,CUST1566,2024-01-07,Shipped,Cash on Delivery
ORD10654,CUST2959,2023-07-25,Delivered,Credit Card
ORD10655,CUST2943,2024-07-03,Delivered,Credit Card
ORD10656,CUST5285,2025-04-12,Delivered,Cash on Delivery
ORD10657,CUST5619,2024-11-14,Shipped,PayPal
ORD10658,CUST2076,2024-08-09,Delivered,PayPal
ORD10659,CUST3663,2022-12-22,Delivered,PayPal
ORD10660,CUST2919,2023-06-05,Shipped,PayPal
ORD10661,CUST4399,2025-01-06,Shipped,Cash on Delivery
ORD10662,CUST5430,2024-11-29,Pending,PayPal
ORD10663,CUST3877,2022-11-28,Shipped,Cash on Delivery
ORD10664,CUST4868,2023-11-18,Shipped,Credit Card
ORD10665,CUST1628,2024-10-25,Delivered,PayPal
ORD10666,CUST5497,2023-01-31,Shipped,Credit Card
ORD10667,CUST1988,2024-06-05,Returned,PayPal
ORD10668,CUST4865,2023-11-25,Shipped,Credit Card
ORD10669,CUST2822,2023-12-10,Cancelled,Cash on Delivery
ORD10670,CUST1580,2023-01-06,Cancelled,Credit Card
ORD10671,CUST5962,2025-02-12,Delivered,Credit Card
ORD10672,CUST2527,2022-11-11,Cancelled,Cash on Delivery
ORD10673,CUST3877,2023-11-02,Pending,Cash on Delivery
ORD10674,CUST3469,2023-03-29,Pending,Credit Card
ORD10675,CUST5576,2025-02-27,Shipped,Cash on Delivery
ORD10676,CUST4385,2023-06-23,Shipped,PayPal
ORD10677,CUST1499,2025-02-21,Cancelled,Credit Card
ORD10678,CUST3692,2023-06-23,Pending,Cash on Delivery
ORD10679,CUST2913,2025-05-31,Shipped,PayPal
ORD10680,CUST3597,2024-04-07,Delivered,Credit Card
ORD10681,CUST2381,2024-05-31,Delivered,PayPal
ORD10682,CUST2474,2025-06-13,Delivered,PayPal
ORD10683,CUST4517,2025-03-16,Shipped,PayPal
ORD10684,CUST3560,2023-12-15,Delivered,PayPal
ORD10685,CUST3858,2023-05-26,Cancelled,Cash on Delivery
ORD10686,CUST5461,2022-11-13,Cancelled,Cash on Delivery
ORD10687,CUST4955,2025-07-13,Returned,Cash on Delivery
ORD10688,CUST1107,2022-11-21,Pending,Cash on Delivery
ORD10689,CUST3150,2023-12-17,Cancelled,Cash on Delivery
ORD10690,CUST4905,2025-04-02,Pending,PayPal
ORD10691,CUST3304,2024-05-16,Delivered,Cash on Delivery
ORD10692,CUST4053,2025-04-18,Returned,Cash on Delivery
ORD10693,CUST2685,2023-10-15,Shipped,Cash on Delivery
ORD10694,CUST2999,2025-05-26,Shipped,PayPal
ORD10695,CUST3235,2022-09-27,Shipped,Credit Card
ORD10696,CUST4764,2022-11-22,Shipped,Credit Card
ORD10697,CUST5744,2024-04-16,Returned,Cash on Delivery
ORD10698,CUST1902,2024-11-18,Returned,Credit Card
ORD10699,CUST2226,2023-10-23,Cancelled,Cash on Delivery
ORD10700,CUST2310,2025-04-21,Delivered,Credit Card
ORD10701,CUST2605,2025-02-16,Returned,Cash on Delivery
ORD10702,CUST3948,2024-12-27,Pending,Cash on Delivery
ORD10703,CUST4044,2025-06-29,Pending,PayPal
ORD10704,CUST3035,2025-06-17,Returned,PayPal
ORD10705,CUST4826,2023-07-23,Cancelled,Cash on Delivery
ORD10706,CUST1977,2025-04-01,Shipped,Credit Card
ORD10707,CUST5818,2025-04-26,Pending,Cash on Delivery
ORD10708,CUST4096,2024-11-08,Delivered,Credit Card
ORD10709,CUST3379,2024-03-20,Delivered,Credit Card
ORD10710,CUST4892,2022-12-26,Pending,Credit Card
ORD10711,CUST4649,2022-10-22,Cancelled,Cash on Delivery
ORD10712,CUST5229,2024-06-10,Returned,Credit Card
ORD10713,CUST5172,2022-11-07,Shipped,PayPal
ORD10714,CUST5721,2023-05-17,Cancelled,Credit Card
ORD10715,CUST2798,2024-11-28,Returned,Cash on Delivery
ORD10716,CUST5392,2023-12-12,Returned,PayPal
ORD10717,CUST2664,2024-12-08,Delivered,Cash on Delivery
ORD10718,CUST5482,2023-05-01,Shipped,Cash on Delivery
ORD10719,CUST5405,2024-10-13,Pending,Credit Card
ORD10720,CUST5945,2023-05-01,Shipped,Credit Card
ORD10721,CUST2695,2024-10-24,Pending,PayPal
ORD10722,CUST3954,2024-12-01,Returned,Cash on Delivery
ORD10723,CUST2577,2025-05-24,Delivered,Credit Card
ORD10724,CUST5064,2024-11-18,Returned,PayPal
ORD10725,CUST1255,2023-11-23,Delivered,Credit Card
ORD10726,CUST5777,2025-08-10,Returned,Cash on Delivery
ORD10727,CUST1332,2024-03-21,Delivered,PayPal
ORD10728,CUST4239,2022-11-24,Pending,PayPal
ORD10729,CUST5981,2023-02-13,Delivered,Credit Card
ORD10730,CUST4309,2025-04-14,Pending,Credit Card
ORD10731,CUST5022,2024-07-13,Cancelled,Cash on Delivery
ORD10732,CUST3307,2024-01-03,Pending,Cash on Delivery
ORD10733,CUST2955,2022-11-27,Delivered,Credit Card
ORD10734,CUST4709,2024-10-11,Pending,Credit Card
ORD10735,CUST5279,2023-04-04,Delivered,PayPal
ORD10736,CUST5825,2024-03-23,Delivered,Cash on Delivery
ORD10737,CUST1515,2024-02-19,Delivered,PayPal
ORD10738,CUST4458,2025-01-15,Returned,Credit Card
ORD10739,CUST2134,2024-12-24,Shipped,Credit Card
ORD10740,CUST3982,2023-09-30,Returned,Credit Card
ORD10741,CUST4658,2024-08-06,Delivered,Credit Card
ORD10742,CUST2298,2023-02-12,Shipped,Cash on Delivery
ORD10743,CUST5561,2023-08-31,Cancelled,Cash on Delivery
ORD10744,CUST2983,2023-10-08,Shipped,Cash on Delivery
ORD10745,CUST2294,2022-11-09,Cancelled,Credit Card
ORD10746,CUST2532,2025-02-02,Returned,Credit Card
ORD10747,CUST5221,2025-04-27,Delivered,PayPal
ORD10748,CUST5661,2025-02-19,Pending,Cash on Delivery
ORD10749,CUST2991,2022-10-19,Delivered,Credit Card
ORD10750,CUST2131,2024-06-05,Pending,PayPal
ORD10751,CUST1863,2023-12-01,Pending,Cash on Delivery
ORD10752,CUST4020,2023-08-02,Returned,Cash on Delivery
ORD10753,CUST2826,2023-07-06,Delivered,Credit Card
ORD10754,CUST3732,2024-07-09,Shipped,Credit Card
ORD10755,CUST1724,2022-09-18,Pending,Cash on Delivery
ORD10756,CUST3966,2025-06-18,Delivered,PayPal
ORD10757,CUST3347,2024-04-23,Shipped,Cash on Delivery
ORD10758,CUST5254,2024-03-15,Pending,Credit Card
ORD10759,CUST1348,2024-06-14,Shipped,PayPal
ORD10760,CUST5766,2024-03-14,Shipped,PayPal
ORD10761,CUST1708,2024-05-29,Shipped,Credit Card
ORD10762,CUST2841,2024-09-29,Shipped,PayPal
ORD10763,CUST2138,2024-05-05,Pending,PayPal
ORD10764,CUST4168,2024-04-14,Cancelled,PayPal
ORD10765,CUST1719,2024-07-03,Pending,Credit Card
ORD10766,CUST3346,2023-11-06,Pending,Cash on Delivery
ORD10767,CUST5195,2024-10-14,Delivered,Cash on Delivery
ORD10768,CUST2732,2025-07-17,Shipped,PayPal
ORD10769,CUST5441,2024-05-04,Shipped,Cash on Delivery
ORD10770,CUST1981,2025-04-14,Cancelled,Credit Card
ORD10771,CUST1655,2023-07-08,Cancelled,Credit Card
ORD10772,CUST1951,2025-05-07,Returned,Cash on Delivery
ORD10773,CUST4294,2023-10-29,Shipped,Credit Card
ORD10774,CUST5494,2023-12-31,Returned,Cash on Delivery
ORD10775,CUST5027,2024-02-27,Returned,Cash on Delivery
ORD10776,CUST4851,2025-07-31,Shipped,PayPal
ORD10777,CUST1297,2025-03-10,Pending,Credit Card
ORD10778,CUST4717,2024-08-22,Delivered,PayPal
ORD10779,CUST4582,2022-10-05,Delivered,Cash on Delivery
ORD10780,CUST5832,2024-09-24,Returned,Credit Card
ORD10781,CUST2111,2024-05-19,Shipped,Credit Card
ORD10782,CUST2413,2023-01-07,Delivered,Cash on Delivery
ORD10783,CUST1917,2023-01-05,Delivered,Credit Card
ORD10784,CUST2100,2023-02-03,Delivered,Cash on Delivery
ORD10785,CUST5394,2024-02-15,Cancelled,Credit Card
ORD10786,CUST3574,2025-06-22,Delivered,PayPal
ORD10787,CUST1310,2022-10-30,Cancelled,Credit Card
ORD10788,CUST1521,2025-04-09,Pending,Cash on Delivery
ORD10789,CUST2301,2023-09-09,Delivered,Cash on Delivery
ORD10790,CUST4376,2023-12-23,Delivered,Cash on Delivery
ORD10791,CUST2700,2024-11-03,Returned,PayPal
ORD10792,CUST4127,2024-04-09,Shipped,PayPal
ORD10793,CUST4522,2025-07-11,Cancelled,Cash on Delivery
ORD10794,CUST5065,2024-08-23,Shipped,Credit Card
ORD10795,CUST4930,2023-11-30,Cancelled,PayPal
ORD10796,CUST4066,2023-02-10,Shipped,Cash on Delivery
ORD10797,CUST1103,2023-10-21,Cancelled,Credit Card
ORD10798,CUST4049,2024-07-05,Delivered,PayPal
ORD10799,CUST4174,2023-04-21,Shipped,Credit Card
ORD10800,CUST5628,2024-10-16,Delivered,Credit Card
ORD10801,CUST5987,2022-11-11,Shipped,PayPal
ORD10802,CUST5056,2024-02-25,Shipped,Cash on Delivery
ORD10803,CUST2067,2024-03-17,Pending,Cash on Delivery
ORD10804,CUST1059,2023-07-08,Returned,PayPal
ORD10805,CUST5544,2023-07-05,Cancelled,Credit Card
ORD10806,CUST3363,2022-11-20,Pending,PayPal
ORD10807,CUST5578,2023-01-16,Delivered,PayPal
ORD10808,CUST1765,2024-11-15,Returned,PayPal
ORD10809,CUST1605,2024-11-13,Returned,Credit Card
ORD10810,CUST3524,2024-03-14,Pending,Cash on Delivery
ORD10811,CUST1982,2023-08-11,Returned,Cash on Delivery
ORD10812,CUST2693,2024-01-08,Returned,PayPal
ORD10813,CUST1317,2024-05-20,Returned,Credit Card
ORD10814,CUST5096,2024-09-11,Pending,Cash on Delivery
ORD10815,CUST2305,2022-09-13,Returned,Cash on Delivery
ORD10816,CUST5274,2024-01-12,Pending,Credit Card
ORD10817,CUST1023,2024-04-19,Pending,Credit Card
ORD10818,CUST1722,2024-07-28,Returned,Cash on Delivery
ORD10819,CUST4746,2025-03-20,Shipped,PayPal
ORD10820,CUST1031,2023-04-07,Returned,Cash on Delivery
ORD10821,CUST3633,2023-03-25,Delivered,Cash on Delivery
ORD10822,CUST4786,2023-09-14,Shipped,PayPal
ORD10823,CUST3229,2023-02-23,Returned,PayPal
ORD10824,CUST4456,2024-08-11,Returned,PayPal
ORD10825,CUST4920,2024-07-29,Shipped,Credit Card
ORD10826,CUST3438,2025-01-06,Returned,PayPal
ORD10827,CUST5441,2024-10-29,Delivered,PayPal
ORD10828,CUST5670,2023-09-28,Delivered,PayPal
ORD10829,CUST1453,2022-08-28,Delivered,Cash on Delivery
ORD10830,CUST2020,2025-01-17,Pending,Credit Card
ORD10831,CUST2898,2025-04-20,Pending,Credit Card
ORD10832,CUST1788,2023-08-11,Cancelled,Credit Card
ORD10833,CUST4732,2025-02-20,Pending,PayPal
ORD10834,CUST3140,2023-04-05,Pending,Cash on Delivery
ORD10835,CUST4717,2024-05-11,Shipped,PayPal
ORD10836,CUST5392,2024-05-19,Cancelled,PayPal
ORD10837,CUST5026,2022-12-27,Cancelled,PayPal
ORD10838,CUST3182,2024-12-13,Shipped,Cash on Delivery
ORD10839,CUST4826,2023-06-27,Pending,Credit Card
ORD10840,CUST2114,2022-12-28,Delivered,Credit Card
ORD10841,CUST5920,2022-12-09,Cancelled,Cash on Delivery
ORD10842,CUST1294,2023-07-27,Cancelled,Cash on Delivery
ORD10843,CUST5624,2023-08-15,Delivered,Credit Card
ORD10844,CUST2832,2025-07-11,Pending,PayPal
ORD10845,CUST2130,2023-01-04,Cancelled,PayPal
ORD10846,CUST5766,2023-02-26,Returned,Credit Card
ORD10847,CUST1958,2024-02-18,Pending,Cash on Delivery
ORD10848,CUST3620,2022-09-03,Shipped,PayPal
ORD10849,CUST3136,2023-11-01,Returned,PayPal
ORD10850,CUST1959,2024-09-13,Cancelled,Credit Card
ORD10851,CUST5211,2023-05-15,Shipped,Credit Card
ORD10852,CUST1756,2023-11-13,Shipped,Cash on Delivery
ORD10853,CUST3219,2023-06-22,Shipped,Credit Card
ORD10854,CUST5507,2024-09-02,Delivered,PayPal
ORD10855,CUST1952,2023-03-31,Pending,PayPal
ORD10856,CUST5187,2024-06-11,Returned,PayPal
ORD10857,CUST2850,2025-04-01,Cancelled,Cash on Delivery
ORD10858,CUST2948,2024-08-03,Pending,Cash on Delivery
ORD10859,CUST1333,2023-11-20,Cancelled,Cash on Delivery
ORD10860,CUST2244,2025-02-06,Returned,Cash on Delivery
ORD10861,CUST5679,2023-11-21,Cancelled,Cash on Delivery
ORD10862,CUST1800,2023-02-01,Delivered,PayPal
ORD10863,CUST4492,2023-08-06,Delivered,Cash on Delivery
ORD10864,CUST5637,2024-07-10,Cancelled,Credit Card
ORD10865,CUST2356,2023-08-03,Delivered,Credit Card
ORD10866,CUST2099,2023-02-13,Pending,Cash on Delivery
ORD10867,CUST2913,2022-10-11,Cancelled,Cash on Delivery
ORD10868,CUST4191,2024-03-05,Delivered,PayPal
ORD10869,CUST2412,2023-10-31,Shipped,Credit Card
ORD10870,CUST3231,2024-05-17,Pending,PayPal
ORD10871,CUST3167,2025-02-17,Shipped,Cash on Delivery
ORD10872,CUST3967,2023-08-08,Delivered,PayPal
ORD10873,CUST3700,2024-09-05,Returned,Cash on Delivery
ORD10874,CUST3683,2025-03-18,Pending,Cash on Delivery
ORD10875,CUST2693,2025-04-24,Cancelled,PayPal
ORD10876,CUST3598,2024-05-30,Shipped,Cash on Delivery
ORD10877,CUST2574,2024-02-07,Cancelled,Cash on Delivery
ORD10878,CUST4793,2024-06-16,Shipped,PayPal
ORD10879,CUST3134,2024-09-30,Pending,PayPal
ORD10880,CUST1047,2025-06-04,Shipped,PayPal
ORD10881,CUST5168,2022-10-18,Pending,Credit Card
ORD10882,CUST2982,2022-09-13,Pending,Cash on Delivery
ORD10883,CUST2367,2024-03-15,Cancelled,Cash on Delivery
ORD10884,CUST5992,2024-05-19,Cancelled,Credit Card
ORD10885,CUST2915,2024-10-13,Shipped,Cash on Delivery
ORD10886,CUST4131,2024-01-18,Cancelled,Credit Card
ORD10887,CUST4828,2023-10-16,Returned,Cash on Delivery
ORD10888,CUST1837,2022-11-11,Pending,PayPal
ORD10889,CUST2263,2022-12-04,Shipped,Cash on Delivery
ORD10890,CUST4987,2025-06-01,Returned,PayPal
ORD10891,CUST2908,2024-07-20,Pending,Cash on Delivery
ORD10892,CUST1454,2025-05-01,Cancelled,Cash on Delivery
ORD10893,CUST1483,2025-08-15,Returned,PayPal
ORD10894,CUST5895,2024-10-12,Delivered,PayPal
ORD10895,CUST5101,2024-02-20,Pending,PayPal
ORD10896,CUST3566,2024-12-03,Pending,Credit Card
ORD10897,CUST2173,2023-01-18,Delivered,PayPal
ORD10898,CUST1086,2023-04-25,Shipped,Cash on Delivery
ORD10899,CUST3888,2024-04-25,Cancelled,Credit Card
ORD10900,CUST4502,2025-02-25,Delivered,PayPal
ORD10901,CUST5987,2023-02-06,Cancelled,Cash on Delivery
ORD10902,CUST2333,2024-01-07,Shipped,PayPal
ORD10903,CUST5830,2025-06-30,Pending,Credit Card
ORD10904,CUST4210,2023-03-29,Pending,PayPal
ORD10905,CUST2845,2025-04-27,Pending,PayPal
ORD10906,CUST1704,2022-12-16,Cancelled,Cash on Delivery
ORD10907,CUST1335,2023-07-27,Returned,PayPal
ORD10908,CUST3173,2024-10-18,Shipped,Cash on Delivery
ORD10909,CUST1223,2025-05-31,Returned,PayPal
ORD10910,CUST1052,2023-09-21,Shipped,Cash on Delivery
ORD10911,CUST1687,2024-08-25,Cancelled,Cash on Delivery
ORD10912,CUST4978,2025-02-04,Shipped,Credit Card
ORD10913,CUST4850,2022-11-16,Delivered,Cash on Delivery
ORD10914,CUST1491,2025-03-17,Returned,PayPal
ORD10915,CUST1431,2022-11-02,Delivered,Credit Card
ORD10916,CUST2458,2024-08-14,Shipped,Cash on Delivery
ORD10917,CUST1957,2023-08-13,Cancelled,PayPal
ORD10918,CUST2140,2023-02-05,Cancelled,Cash on Delivery
ORD10919,CUST4881,2023-01-11,Pending,PayPal
ORD10920,CUST2149,2024-08-10,Cancelled,Cash on Delivery
ORD10921,CUST1234,2024-08-20,Delivered,Cash on Delivery
ORD10922,CUST1123,2024-11-22,Shipped,Cash on Delivery
ORD10923,CUST4931,2024-10-21,Delivered,PayPal
ORD10924,CUST5450,2025-07-08,Cancelled,Cash on Delivery
ORD10925,CUST5087,2023-10-22,Delivered,PayPal
ORD10926,CUST5856,2025-03-12,Returned,Cash on Delivery
ORD10927,CUST1764,2025-08-03,Shipped,Credit Card
ORD10928,CUST3422,2024-07-31,Delivered,Credit Card
ORD10929,CUST3589,2023-05-24,Returned,Credit Card
ORD10930,CUST5222,2024-05-29,Returned,PayPal
ORD10931,CUST3548,2023-05-21,Returned,Credit Card
ORD10932,CUST2902,2025-01-10,Returned,PayPal
ORD10933,CUST4410,2024-11-30,Shipped,Credit Card
ORD10934,CUST2315,2024-03-11,Returned,Cash on Delivery
ORD10935,CUST5669,2025-01-22,Returned,Credit Card
ORD10936,CUST3122,2022-11-30,Pending,PayPal
ORD10937,CUST5422,2025-03-24,Delivered,Credit Card
ORD10938,CUST1473,2022-09-15,Cancelled,Credit Card
ORD10939,CUST2596,2022-11-06,Pending,PayPal
ORD10940,CUST2324,2022-10-05,Returned,Credit Card
ORD10941,CUST1040,2023-02-04,Delivered,PayPal
ORD10942,CUST4580,2023-11-14,Returned,Credit Card
ORD10943,CUST2596,2024-08-13,Cancelled,Credit Card
ORD10944,CUST2656,2024-10-18,Delivered,PayPal
ORD10945,CUST3471,2025-06-23,Delivered,Credit Card
ORD10946,CUST5491,2024-06-02,Returned,PayPal
ORD10947,CUST4909,2024-07-22,Cancelled,Cash on Delivery
ORD10948,CUST5548,2022-10-20,Returned,PayPal
ORD10949,CUST4995,2024-09-09,Delivered,Cash on Delivery
ORD10950,CUST1957,2024-08-18,Shipped,Cash on Delivery
ORD10951,CUST4186,2023-01-14,Shipped,Credit Card
ORD10952,CUST1532,2023-01-17,Pending,PayPal
ORD10953,CUST5948,2023-05-11,Pending,Cash on Delivery
ORD10954,CUST3970,2024-12-07,Delivered,PayPal
ORD10955,CUST5736,2023-11-21,Shipped,PayPal
ORD10956,CUST4261,2025-05-02,Returned,Cash on Delivery
ORD10957,CUST5128,2022-09-24,Pending,Cash on Delivery
ORD10958,CUST2050,2023-02-01,Cancelled,Credit Card
ORD10959,CUST1400,2025-07-04,Cancelled,PayPal
ORD10960,CUST4885,2025-02-08,Cancelled,Cash on Delivery
ORD10961,CUST3946,2023-06-07,Shipped,PayPal
ORD10962,CUST5180,2024-10-20,Cancelled,Cash on Delivery
ORD10963,CUST1608,2025-05-27,Delivered,Cash on Delivery
ORD10964,CUST2923,2024-02-11,Shipped,Credit Card
ORD10965,CUST5043,2024-02-09,Shipped,Credit Card
ORD10966,CUST1108,2025-04-19,Shipped,PayPal
ORD10967,CUST2715,2023-10-13,Returned,Credit Card
ORD10968,CUST1439,2023-10-05,Shipped,Cash on Delivery
ORD10969,CUST4728,2024-07-21,Shipped,PayPal
ORD10970,CUST4857,2022-11-13,Pending,Credit Card
ORD10971,CUST5982,2024-07-06,Delivered,PayPal
ORD10972,CUST5979,2024-06-10,Cancelled,Credit Card
ORD10973,CUST3660,2022-09-19,Pending,Cash on Delivery
ORD10974,CUST3873,2022-11-15,Pending,Cash on Delivery
ORD10975,CUST1117,2022-09-23,Returned,Credit Card
ORD10976,CUST1209,2023-09-21,Delivered,Cash on Delivery
ORD10977,CUST2974,2023-07-27,Returned,PayPal
ORD10978,CUST1400,2023-05-24,Delivered,Cash on Delivery
ORD10979,CUST4931,2023-03-13,Delivered,Credit Card
ORD10980,CUST2133,2024-09-16,Delivered,PayPal
ORD10981,CUST1543,2023-09-22,Pending,Credit Card
ORD10982,CUST1165,2022-12-07,Pending,Cash on Delivery
ORD10983,CUST2341,2023-10-04,Shipped,Cash on Delivery
ORD10984,CUST4121,2023-12-15,Delivered,Credit Card
ORD10985,CUST3926,2022-11-22,Cancelled,PayPal
ORD10986,CUST5739,2023-01-15,Delivered,Credit Card
ORD10987,CUST4507,2024-03-28,Shipped,Credit Card
ORD10988,CUST5821,2025-06-13,Pending,Credit Card
ORD10989,CUST4445,2024-08-24,Pending,Credit Card
ORD10990,CUST4041,2023-08-13,Delivered,PayPal
ORD10991,CUST4091,2024-11-03,Returned,PayPal
ORD10992,CUST4905,2023-03-12,Pending,Cash on Delivery
ORD10993,CUST4284,2025-05-04,Cancelled,PayPal
ORD10994,CUST4052,2024-11-15,Delivered,Credit Card
ORD10995,CUST2033,2025-02-10,Pending,Credit Card
ORD10996,CUST2812,2024-10-20,Cancelled,Cash on Delivery
ORD10997,CUST2694,2023-09-23,Returned,Credit Card
ORD10998,CUST2413,2025-05-06,Returned,Credit Card
ORD10999,CUST1215,2025-02-05,Shipped,Cash on Delivery
ORD11000,CUST5212,2023-05-15,Shipped,PayPal
ORD11001,CUST4954,2025-07-21,Pending,PayPal
ORD11002,CUST4311,2023-07-31,Shipped,Credit Card
ORD11003,CUST2827,2023-08-19,Delivered,PayPal
ORD11004,CUST5601,2024-12-20,Cancelled,PayPal
ORD11005,CUST1530,2024-02-18,Cancelled,Credit Card
ORD11006,CUST5804,2024-12-29,Cancelled,Credit Card
ORD11007,CUST3087,2024-08-27,Pending,PayPal
ORD11008,CUST4918,2025-01-12,Pending,PayPal
ORD11009,CUST5781,2023-01-12,Returned,PayPal
ORD11010,CUST4595,2024-04-01,Delivered,PayPal
ORD11011,CUST3282,2023-04-14,Pending,Cash on Delivery
ORD11012,CUST4948,2023-11-20,Shipped,Credit Card
ORD11013,CUST2805,2022-11-03,Delivered,Cash on Delivery
ORD11014,CUST2348,2024-02-16,Returned,Credit Card
ORD11015,CUST1014,2022-12-28,Delivered,Credit Card
ORD11016,CUST2335,2024-04-26,Returned,PayPal
ORD11017,CUST3199,2024-04-09,Delivered,Credit Card
ORD11018,CUST1668,2024-11-02,Delivered,PayPal
ORD11019,CUST4862,2022-11-05,Cancelled,PayPal
ORD11020,CUST4392,2024-08-12,Cancelled,Cash on Delivery
ORD11021,CUST5464,2024-07-17,Shipped,PayPal
ORD11022,CUST3473,2023-04-12,Returned,Cash on Delivery
ORD11023,CUST4656,2023-08-28,Delivered,Credit Card
ORD11024,CUST4245,2023-03-03,Returned,Cash on Delivery
ORD11025,CUST5012,2022-12-16,Returned,Credit Card
ORD11026,CUST3262,2025-03-04,Delivered,Cash on Delivery
ORD11027,CUST1846,2022-11-18,Delivered,Credit Card
ORD11028,CUST3453,2023-11-25,Delivered,PayPal
ORD11029,CUST3759,2022-09-10,Pending,PayPal
ORD11030,CUST3612,2023-05-03,Pending,PayPal
ORD11031,CUST4637,2023-11-04,Cancelled,Credit Card
ORD11032,CUST4656,2024-11-28,Pending,Cash on Delivery
ORD11033,CUST5130,2024-06-25,Shipped,Cash on Delivery
ORD11034,CUST2792,2024-11-20,Pending,Cash on Delivery
ORD11035,CUST5754,2023-03-16,Delivered,PayPal
ORD11036,CUST2483,2025-08-10,Cancelled,Credit Card
ORD11037,CUST2045,2024-07-01,Pending,Cash on Delivery
ORD11038,CUST4471,2023-01-09,Pending,Credit Card
ORD11039,CUST4459,2023-10-12,Shipped,PayPal
ORD11040,CUST3259,2024-06-22,Shipped,PayPal
ORD11041,CUST1391,2023-01-22,Pending,Credit Card
ORD11042,CUST1591,2024-04-08,Delivered,Credit Card
ORD11043,CUST3122,2022-10-13,Pending,Credit Card
ORD11044,CUST4211,2024-11-19,Shipped,Credit Card
ORD11045,CUST2451,2024-11-09,Pending,PayPal
ORD11046,CUST4906,2025-06-16,Delivered,Cash on Delivery
ORD11047,CUST2354,2024-10-02,Shipped,Credit Card
ORD11048,CUST3840,2022-11-25,Cancelled,Credit Card
ORD11049,CUST1291,2023-03-20,Cancelled,Credit Card
ORD11050,CUST5672,2023-03-29,Pending,Credit Card
ORD11051,CUST4180,2023-05-28,Delivered,Cash on Delivery
ORD11052,CUST2674,2025-04-07,Pending,PayPal
ORD11053,CUST4199,2023-01-13,Pending,Cash on Delivery
ORD11054,CUST4471,2022-10-18,Returned,PayPal
ORD11055,CUST2819,2024-06-06,Delivered,Cash on Delivery
ORD11056,CUST4574,2023-10-20,Shipped,Credit Card
ORD11057,CUST3740,2024-10-17,Delivered,Credit Card
ORD11058,CUST1349,2024-07-09,Shipped,Credit Card
ORD11059,CUST5565,2024-04-05,Returned,Credit Card
ORD11060,CUST3107,2024-07-23,Delivered,Cash on Delivery
ORD11061,CUST5208,2024-01-01,Shipped,PayPal
ORD11062,CUST4415,2024-12-15,Returned,Credit Card
ORD11063,CUST3716,2024-07-10,Pending,Cash on Delivery
ORD11064,CUST5126,2024-09-05,Delivered,PayPal
ORD11065,CUST4132,2024-03-18,Pending,Credit Card
ORD11066,CUST5872,2023-05-26,Shipped,Cash on Delivery
ORD11067,CUST3230,2024-04-27,Cancelled,Credit Card
ORD11068,CUST3410,2023-11-19,Shipped,Credit Card
ORD11069,CUST1882,2024-06-02,Pending,Credit Card
ORD11070,CUST1118,2024-06-22,Cancelled,Cash on Delivery
ORD11071,CUST2429,2024-01-24,Delivered,Credit Card
ORD11072,CUST2410,2024-03-27,Returned,Credit Card
ORD11073,CUST1104,2023-06-11,Shipped,Cash on Delivery
ORD11074,CUST3105,2024-08-24,Cancelled,PayPal
ORD11075,CUST4728,2023-09-30,Returned,Credit Card
ORD11076,CUST5756,2024-07-18,Returned,Credit Card
ORD11077,CUST5720,2024-09-28,Shipped,Cash on Delivery
ORD11078,CUST2715,2022-12-17,Pending,Cash on Delivery
ORD11079,CUST4610,2023-06-05,Pending,PayPal
ORD11080,CUST2979,2023-12-02,Cancelled,Cash on Delivery
ORD11081,CUST1656,2023-03-03,Pending,Cash on Delivery
ORD11082,CUST1882,2025-01-31,Pending,PayPal
ORD11083,CUST1343,2023-10-28,Delivered,Cash on Delivery
ORD11084,CUST1453,2024-04-21,Shipped,Cash on Delivery
ORD11085,CUST5548,2024-12-31,Delivered,Cash on Delivery
ORD11086,CUST2871,2024-03-14,Shipped,Cash on Delivery
ORD11087,CUST5748,2025-04-21,Returned,Credit Card
ORD11088,CUST5126,2024-08-13,Pending,PayPal
ORD11089,CUST1448,2023-01-20,Cancelled,Credit Card
ORD11090,CUST2149,2024-07-28,Delivered,Cash on Delivery
ORD11091,CUST5253,2023-07-29,Returned,Credit Card
ORD11092,CUST4219,2024-12-17,Shipped,Credit Card
ORD11093,CUST2067,2025-07-14,Delivered,Credit Card
ORD11094,CUST4016,2025-06-17,Shipped,PayPal
ORD11095,CUST2061,2024-05-13,Delivered,Cash on Delivery
ORD11096,CUST2699,2023-12-27,Returned,PayPal
ORD11097,CUST1050,2025-04-19,Pending,PayPal
ORD11098,CUST3174,2023-04-25,Delivered,PayPal
ORD11099,CUST3099,2023-12-23,Returned,Cash on Delivery
ORD11100,CUST1760,2023-02-05,Shipped,Credit Card
ORD11101,CUST4079,2023-03-13,Pending,Credit Card
ORD11102,CUST1606,2022-10-19,Cancelled,PayPal
ORD11103,CUST3179,2024-10-05,Pending,Credit Card
ORD11104,CUST3024,2025-01-14,Cancelled,PayPal
ORD11105,CUST2199,2025-03-26,Pending,Cash on Delivery
ORD11106,CUST3421,2024-04-08,Shipped,Credit Card
ORD11107,CUST2223,2025-08-09,Cancelled,Cash on Delivery
ORD11108,CUST2630,2024-03-20,Delivered,PayPal
ORD11109,CUST4104,2025-05-08,Pending,Cash on Delivery
ORD11110,CUST4253,2023-09-07,Returned,PayPal
ORD11111,CUST1230,2024-10-23,Pending,Credit Card
ORD11112,CUST1384,2025-02-28,Delivered,Credit Card
ORD11113,CUST1282,2024-01-07,Pending,PayPal
ORD11114,CUST3770,2022-10-31,Pending,Cash on Delivery
ORD11115,CUST1210,2023-12-11,Pending,Credit Card
ORD11116,CUST4090,2025-07-24,Shipped,PayPal
ORD11117,CUST3897,2023-11-27,Cancelled,PayPal
ORD11118,CUST4718,2023-06-01,Cancelled,Credit Card
ORD11119,CUST5540,2023-08-22,Delivered,Credit Card
ORD11120,CUST2538,2023-09-30,Cancelled,Cash on Delivery
ORD11121,CUST2208,2023-07-09,Shipped,Cash on Delivery
ORD11122,CUST5000,2024-06-25,Returned,Credit Card
ORD11123,CUST4148,2022-09-20,Cancelled,Credit Card
ORD11124,CUST5600,2023-06-22,Pending,Cash on Delivery
ORD11125,CUST2880,2024-04-14,Delivered,Cash on Delivery
ORD11126,CUST4380,2022-09-29,Shipped,Credit Card
ORD11127,CUST3879,2024-11-14,Shipped,Credit Card
ORD11128,CUST3572,2024-08-07,Returned,Credit Card
ORD11129,CUST5868,2024-09-26,Cancelled,Credit Card
ORD11130,CUST1033,2023-03-28,Pending,Credit Card
ORD11131,CUST1260,2023-03-07,Shipped,Cash on Delivery
ORD11132,CUST2679,2024-11-14,Delivered,Cash on Delivery
ORD11133,CUST5982,2023-11-21,Returned,Cash on Delivery
ORD11134,CUST5868,2023-06-09,Returned,PayPal
ORD11135,CUST3442,2025-05-13,Pending,Credit Card
ORD11136,CUST4150,2022-12-10,Shipped,PayPal
ORD11137,CUST1522,2025-07-21,Shipped,PayPal
ORD11138,CUST4602,2024-03-20,Delivered,PayPal
ORD11139,CUST2329,2025-02-08,Delivered,Cash on Delivery
ORD11140,CUST3917,2023-12-26,Pending,Cash on Delivery
ORD11141,CUST1827,2025-07-08,Shipped,Cash on Delivery
ORD11142,CUST1079,2025-01-03,Returned,Credit Card
ORD11143,CUST2937,2024-12-05,Returned,PayPal
ORD11144,CUST4379,2022-12-16,Shipped,Cash on Delivery
ORD11145,CUST2444,2023-01-14,Cancelled,PayPal
ORD11146,CUST2416,2024-12-13,Delivered,Cash on Delivery
ORD11147,CUST5359,2023-04-19,Cancelled,PayPal
ORD11148,CUST3078,2023-11-30,Pending,Credit Card
ORD11149,CUST5741,2023-03-31,Delivered,PayPal
ORD11150,CUST4131,2024-12-20,Shipped,Credit Card
ORD11151,CUST5055,2023-11-09,Cancelled,Credit Card
ORD11152,CUST5404,2023-12-17,Cancelled,Cash on Delivery
ORD11153,CUST5412,2023-08-08,Pending,Cash on Delivery
ORD11154,CUST4960,2022-11-19,Delivered,Cash on Delivery
ORD11155,CUST4158,2025-07-18,Returned,Credit Card
ORD11156,CUST5708,2023-07-15,Delivered,PayPal
ORD11157,CUST5300,2023-12-29,Shipped,Credit Card
ORD11158,CUST3152,2024-12-07,Cancelled,Credit Card
ORD11159,CUST4459,2024-05-13,Cancelled,Credit Card
ORD11160,CUST1614,2024-01-30,Shipped,Cash on Delivery
ORD11161,CUST5893,2024-03-21,Cancelled,PayPal
ORD11162,CUST4495,2025-07-04,Cancelled,PayPal
ORD11163,CUST3737,2023-01-24,Shipped,Credit Card
ORD11164,CUST4214,2023-09-15,Pending,PayPal
ORD11165,CUST3138,2024-10-03,Cancelled,Cash on Delivery
ORD11166,CUST3465,2024-08-18,Cancelled,Credit Card
ORD11167,CUST1125,2023-09-25,Pending,Credit Card
ORD11168,CUST3958,2025-02-05,Pending,Credit Card
ORD11169,CUST1307,2025-05-02,Delivered,Credit Card
ORD11170,CUST3689,2025-06-16,Delivered,Credit Card
ORD11171,CUST5817,2024-09-12,Returned,PayPal
ORD11172,CUST1050,2023-12-11,Cancelled,Credit Card
ORD11173,CUST4509,2025-06-19,Pending,Credit Card
ORD11174,CUST1696,2025-05-13,Pending,PayPal
ORD11175,CUST5413,2025-07-15,Returned,Cash on Delivery
ORD11176,CUST1193,2024-08-22,Returned,PayPal
ORD11177,CUST5262,2023-01-31,Shipped,Cash on Delivery
ORD11178,CUST4635,2024-03-07,Returned,Cash on Delivery
ORD11179,CUST5922,2022-09-20,Cancelled,Credit Card
ORD11180,CUST5635,2025-04-25,Cancelled,Credit Card
ORD11181,CUST3788,2025-02-04,Cancelled,PayPal
ORD11182,CUST1944,2024-08-09,Cancelled,Credit Card
ORD11183,CUST4335,2023-11-13,Shipped,Credit Card
ORD11184,CUST1332,2023-09-23,Pending,Credit Card
ORD11185,CUST5489,2022-10-11,Cancelled,PayPal
ORD11186,CUST5226,2025-05-07,Pending,Cash on Delivery
ORD11187,CUST1125,2024-03-08,Shipped,PayPal
ORD11188,CUST5832,2023-08-23,Shipped,Credit Card
ORD11189,CUST5650,2023-10-31,Returned,Cash on Delivery
ORD11190,CUST3711,2023-01-06,Shipped,Cash on Delivery
ORD11191,CUST1690,2024-08-29,Pending,PayPal
ORD11192,CUST3877,2024-04-10,Returned,Cash on Delivery
ORD11193,CUST2523,2022-11-10,Cancelled,PayPal
ORD11194,CUST5060,2022-11-12,Shipped,PayPal
ORD11195,CUST5165,2024-06-23,Pending,Credit Card
ORD11196,CUST3452,2023-04-13,Delivered,PayPal
ORD11197,CUST1461,2023-06-09,Cancelled,Credit Card
ORD11198,CUST4568,2024-11-05,Returned,Cash on Delivery
ORD11199,CUST3703,2023-11-24,Cancelled,Credit Card
ORD11200,CUST5740,2025-07-03,Returned,PayPal
ORD11201,CUST2807,2025-06-03,Pending,Credit Card
ORD11202,CUST1068,2024-11-13,Returned,Credit Card
ORD11203,CUST2356,2022-12-24,Cancelled,Credit Card
ORD11204,CUST1143,2025-02-15,Shipped,Cash on Delivery
ORD11205,CUST4692,2024-10-10,Pending,Credit Card
ORD11206,CUST1216,2023-03-04,Returned,PayPal
ORD11207,CUST2613,2024-12-28,Delivered,Credit Card
ORD11208,CUST5750,2025-02-12,Shipped,PayPal
ORD11209,CUST4551,2023-06-22,Delivered,Credit Card
ORD11210,CUST3299,2025-06-12,Cancelled,Cash on Delivery
ORD11211,CUST5603,2024-12-31,Shipped,PayPal
ORD11212,CUST5952,2024-06-23,Pending,Credit Card
ORD11213,CUST2661,2024-12-18,Cancelled,PayPal
ORD11214,CUST4676,2024-05-30,Returned,Credit Card
ORD11215,CUST5200,2022-09-28,Cancelled,Credit Card
ORD11216,CUST3761,2023-05-17,Returned,PayPal
ORD11217,CUST2010,2023-12-15,Delivered,Credit Card
ORD11218,CUST3817,2025-06-23,Returned,Cash on Delivery
ORD11219,CUST4383,2023-08-03,Shipped,PayPal
ORD11220,CUST5774,2025-06-29,Pending,Cash on Delivery
ORD11221,CUST1921,2025-04-01,Returned,PayPal
ORD11222,CUST3552,2023-12-23,Shipped,Cash on Delivery
ORD11223,CUST2128,2025-01-10,Shipped,Cash on Delivery
ORD11224,CUST5017,2023-03-24,Cancelled,Cash on Delivery
ORD11225,CUST4076,2024-06-20,Returned,PayPal
ORD11226,CUST1351,2024-04-26,Pending,Credit Card
ORD11227,CUST4911,2025-07-20,Shipped,Credit Card
ORD11228,CUST5790,2025-02-21,Cancelled,PayPal
ORD11229,CUST5165,2024-03-17,Pending,PayPal
ORD11230,CUST4259,2024-02-17,Delivered,PayPal
ORD11231,CUST4688,2022-12-25,Pending,PayPal
ORD11232,CUST1196,2023-03-17,Shipped,Cash on Delivery
ORD11233,CUST1739,2025-04-12,Shipped,Cash on Delivery
ORD11234,CUST5473,2025-06-25,Shipped,Cash on Delivery
ORD11235,CUST1268,2024-06-06,Shipped,Cash on Delivery
ORD11236,CUST2778,2025-02-13,Delivered,PayPal
ORD11237,CUST3180,2022-09-02,Cancelled,Cash on Delivery
ORD11238,CUST2192,2022-12-13,Shipped,PayPal
ORD11239,CUST2119,2023-05-27,Shipped,Cash on Delivery
ORD11240,CUST4188,2024-03-12,Shipped,PayPal
ORD11241,CUST2352,2025-04-05,Cancelled,PayPal
ORD11242,CUST2947,2025-02-13,Returned,PayPal
ORD11243,CUST1555,2022-09-06,Delivered,Cash on Delivery
ORD11244,CUST4484,2025-05-03,Pending,Credit Card
ORD11245,CUST5093,2023-08-22,Shipped,PayPal
ORD11246,CUST2919,2023-03-23,Cancelled,PayPal
ORD11247,CUST2133,2023-12-29,Pending,Credit Card
ORD11248,CUST5217,2023-03-20,Returned,PayPal
ORD11249,CUST5802,2024-09-12,Returned,Cash on Delivery
ORD11250,CUST4344,2025-07-09,Pending,Cash on Delivery
ORD11251,CUST5979,2023-06-16,Delivered,PayPal
ORD11252,CUST3414,2025-07-31,Pending,Cash on Delivery
ORD11253,CUST3562,2025-06-24,Cancelled,Cash on Delivery
ORD11254,CUST3507,2024-05-21,Cancelled,Cash on Delivery
ORD11255,CUST4201,2023-02-09,Cancelled,Cash on Delivery
ORD11256,CUST3331,2023-07-15,Delivered,PayPal
ORD11257,CUST5991,2025-02-17,Pending,Credit Card
ORD11258,CUST4561,2025-08-21,Delivered,Credit Card
ORD11259,CUST3868,2024-07-18,Pending,PayPal
ORD11260,CUST4634,2023-09-17,Returned,PayPal
ORD11261,CUST4670,2022-09-22,Cancelled,PayPal
ORD11262,CUST4724,2024-03-17,Returned,Credit Card
ORD11263,CUST5079,2022-09-20,Delivered,Credit Card
ORD11264,CUST4590,2025-01-01,Delivered,Cash on Delivery
ORD11265,CUST2758,2024-09-06,Returned,PayPal
ORD11266,CUST3933,2024-01-17,Shipped,PayPal
ORD11267,CUST3210,2024-10-22,Pending,Cash on Delivery
ORD11268,CUST4130,2025-03-25,Cancelled,Credit Card
ORD11269,CUST2892,2022-11-06,Delivered,Credit Card
ORD11270,CUST2473,2025-06-25,Returned,Credit Card
ORD11271,CUST2311,2024-09-20,Returned,Credit Card
ORD11272,CUST5636,2025-01-13,Shipped,Cash on Delivery
ORD11273,CUST4954,2023-02-28,Shipped,PayPal
ORD11274,CUST1137,2023-12-18,Shipped,Credit Card
ORD11275,CUST2620,2023-03-17,Returned,Cash on Delivery
ORD11276,CUST1164,2023-04-07,Returned,Credit Card
ORD11277,CUST2341,2023-11-21,Delivered,PayPal
ORD11278,CUST4326,2025-07-20,Cancelled,Cash on Delivery
ORD11279,CUST2434,2024-07-15,Returned,Credit Card
ORD11280,CUST5196,2022-12-11,Cancelled,Credit Card
ORD11281,CUST3320,2023-11-30,Returned,Credit Card
ORD11282,CUST3314,2022-09-22,Pending,Credit Card
ORD11283,CUST3566,2025-04-15,Delivered,Credit Card
ORD11284,CUST4977,2024-10-07,Shipped,Credit Card
ORD11285,CUST2614,2023-08-25,Returned,PayPal
ORD11286,CUST2963,2025-07-28,Pending,PayPal
ORD11287,CUST4665,2024-03-01,Returned,Cash on Delivery
ORD11288,CUST2452,2025-01-01,Delivered,Cash on Delivery
ORD11289,CUST2861,2024-08-20,Delivered,Cash on Delivery
ORD11290,CUST5161,2025-04-02,Cancelled,Credit Card
ORD11291,CUST4506,2025-07-20,Delivered,PayPal
ORD11292,CUST5994,2023-01-01,Delivered,PayPal
ORD11293,CUST1666,2023-11-25,Cancelled,Credit Card
ORD11294,CUST5500,2023-09-08,Shipped,Cash on Delivery
ORD11295,CUST1322,2025-01-14,Returned,PayPal
ORD11296,CUST4246,2023-08-22,Pending,PayPal
ORD11297,CUST3726,2023-06-11,Delivered,Cash on Delivery
ORD11298,CUST5156,2024-06-26,Cancelled,PayPal
ORD11299,CUST1704,2023-05-15,Delivered,Credit Card
ORD11300,CUST4860,2023-01-04,Returned,PayPal
ORD11301,CUST1309,2025-05-22,Returned,Cash on Delivery
ORD11302,CUST3684,2023-09-27,Shipped,Credit Card
ORD11303,CUST4467,2022-10-23,Delivered,Cash on Delivery
ORD11304,CUST1659,2025-04-18,Pending,Cash on Delivery
ORD11305,CUST4847,2023-10-04,Cancelled,Credit Card
ORD11306,CUST2375,2024-09-23,Returned,Cash on Delivery
ORD11307,CUST1358,2025-04-11,Cancelled,Cash on Delivery
ORD11308,CUST2685,2023-11-08,Returned,Credit Card
ORD11309,CUST2393,2023-05-04,Delivered,Cash on Delivery
ORD11310,CUST5705,2023-03-08,Cancelled,PayPal
ORD11311,CUST2069,2024-04-13,Cancelled,Cash on Delivery
ORD11312,CUST4655,2024-10-17,Pending,PayPal
ORD11313,CUST4203,2025-04-11,Delivered,Cash on Delivery
ORD11314,CUST2241,2023-04-06,Pending,Credit Card
ORD11315,CUST4050,2023-10-11,Returned,Credit Card
ORD11316,CUST5885,2023-08-30,Shipped,PayPal
ORD11317,CUST5889,2024-09-24,Pending,Credit Card
ORD11318,CUST5655,2024-10-15,Pending,Cash on Delivery
ORD11319,CUST2305,2024-06-10,Pending,Cash on Delivery
ORD11320,CUST3809,2023-11-11,Returned,PayPal
ORD11321,CUST1886,2022-10-05,Shipped,Cash on Delivery
ORD11322,CUST5430,2023-06-30,Shipped,Credit Card
ORD11323,CUST3121,2024-03-30,Pending,PayPal
ORD11324,CUST2548,2022-11-24,Returned,PayPal
ORD11325,CUST4040,2024-11-14,Cancelled,Cash on Delivery
ORD11326,CUST4999,2024-10-27,Delivered,Credit Card
ORD11327,CUST2750,2023-12-08,Delivered,PayPal
ORD11328,CUST2160,2024-12-31,Delivered,Cash on Delivery
ORD11329,CUST4607,2024-07-20,Returned,Cash on Delivery
ORD11330,CUST5880,2024-06-23,Pending,PayPal
ORD11331,CUST5422,2024-12-25,Delivered,Credit Card
ORD11332,CUST1674,2022-10-12,Cancelled,Cash on Delivery
ORD11333,CUST2476,2023-08-24,Delivered,Cash on Delivery
ORD11334,CUST3027,2025-03-17,Cancelled,Cash on Delivery
ORD11335,CUST2684,2024-09-01,Shipped,Cash on Delivery
ORD11336,CUST5035,2023-12-15,Returned,Cash on Delivery
ORD11337,CUST2429,2023-10-12,Cancelled,PayPal
ORD11338,CUST1793,2023-05-19,Delivered,Credit Card
ORD11339,CUST3763,2024-10-26,Delivered,Cash on Delivery
ORD11340,CUST4358,2022-10-26,Pending,Cash on Delivery
ORD11341,CUST3731,2024-04-05,Delivered,PayPal
ORD11342,CUST3479,2023-05-08,Cancelled,Cash on Delivery
ORD11343,CUST5937,2025-05-10,Returned,PayPal
ORD11344,CUST2119,2024-10-03,Delivered,PayPal
ORD11345,CUST1624,2023-02-15,Returned,Credit Card
ORD11346,CUST5605,2022-11-07,Shipped,PayPal
ORD11347,CUST2234,2025-02-21,Shipped,Cash on Delivery
ORD11348,CUST3967,2023-05-26,Cancelled,Credit Card
ORD11349,CUST4718,2025-01-22,Pending,Credit Card
ORD11350,CUST5410,2023-04-01,Shipped,PayPal
ORD11351,CUST2352,2025-07-21,Cancelled,Cash on Delivery
ORD11352,CUST1355,2023-11-05,Cancelled,Credit Card
ORD11353,CUST1631,2024-07-02,Returned,Cash on Delivery
ORD11354,CUST5606,2024-08-10,Pending,Cash on Delivery
ORD11355,CUST4647,2024-01-23,Cancelled,PayPal
ORD11356,CUST3619,2023-09-09,Returned,Credit Card
ORD11357,CUST1115,2025-04-26,Cancelled,Cash on Delivery
ORD11358,CUST1928,2025-01-04,Returned,PayPal
ORD11359,CUST2962,2024-12-09,Cancelled,Cash on Delivery
ORD11360,CUST3373,2024-08-24,Shipped,Credit Card
ORD11361,CUST3868,2024-02-17,Pending,Cash on Delivery
ORD11362,CUST5969,2023-10-18,Cancelled,Credit Card
ORD11363,CUST1267,2025-07-05,Delivered,Credit Card
ORD11364,CUST3716,2022-10-07,Returned,Cash on Delivery
ORD11365,CUST4568,2022-09-09,Delivered,Credit Card
ORD11366,CUST2971,2023-08-17,Returned,PayPal
ORD11367,CUST2318,2024-01-19,Cancelled,Cash on Delivery
ORD11368,CUST4123,2024-07-17,Cancelled,Credit Card
ORD11369,CUST5745,2023-10-08,Delivered,PayPal
ORD11370,CUST5147,2023-07-09,Cancelled,Credit Card
ORD11371,CUST2158,2024-02-08,Pending,Credit Card
ORD11372,CUST2896,2022-10-09,Pending,Credit Card
ORD11373,CUST4642,2024-03-16,Cancelled,Cash on Delivery
ORD11374,CUST2674,2023-08-13,Shipped,PayPal
ORD11375,CUST4473,2023-01-28,Delivered,PayPal
ORD11376,CUST2186,2025-04-07,Returned,Cash on Delivery
ORD11377,CUST3525,2023-05-22,Shipped,Credit Card
ORD11378,CUST4953,2025-07-23,Cancelled,Credit Card
ORD11379,CUST3719,2022-09-19,Cancelled,PayPal
ORD11380,CUST1098,2023-07-20,Shipped,Cash on Delivery
ORD11381,CUST3784,2024-01-08,Returned,PayPal
ORD11382,CUST1958,2024-03-05,Pending,Credit Card
ORD11383,CUST1214,2025-01-16,Pending,Cash on Delivery
ORD11384,CUST5258,2023-05-07,Returned,Cash on Delivery
ORD11385,CUST1762,2024-08-17,Pending,Credit Card
ORD11386,CUST3421,2022-11-07,Returned,Credit Card
ORD11387,CUST5604,2024-05-04,Shipped,Cash on Delivery
ORD11388,CUST5375,2025-04-13,Delivered,PayPal
ORD11389,CUST2382,2022-09-21,Returned,Credit Card
ORD11390,CUST2231,2022-12-28,Cancelled,PayPal
ORD11391,CUST3151,2023-01-31,Returned,PayPal
ORD11392,CUST5627,2025-05-17,Cancelled,PayPal
ORD11393,CUST4949,2025-04-04,Shipped,Cash on Delivery
ORD11394,CUST5309,2024-01-14,Shipped,Credit Card
ORD11395,CUST3006,2023-11-15,Cancelled,Cash on Delivery
ORD11396,CUST3279,2024-03-28,Cancelled,PayPal
ORD11397,CUST2987,2024-05-27,Returned,PayPal
ORD11398,CUST1155,2023-08-08,Pending,Cash on Delivery
ORD11399,CUST2366,2024-08-07,Cancelled,PayPal
ORD11400,CUST2930,2022-11-21,Pending,PayPal
ORD11401,CUST1301,2025-07-27,Pending,Credit Card
ORD11402,CUST3541,2023-04-24,Shipped,Cash on Delivery
ORD11403,CUST5539,2025-05-06,Pending,PayPal
ORD11404,CUST4581,2024-01-30,Pending,Cash on Delivery
ORD11405,CUST4689,2024-12-27,Delivered,PayPal
ORD11406,CUST5892,2025-07-17,Shipped,Credit Card
ORD11407,CUST1940,2023-12-24,Shipped,Credit Card
ORD11408,CUST3743,2023-06-29,Cancelled,Credit Card
ORD11409,CUST4510,2025-04-14,Delivered,Cash on Delivery
ORD11410,CUST4156,2024-11-23,Returned,Cash on Delivery
ORD11411,CUST5695,2024-10-20,Cancelled,PayPal
ORD11412,CUST3560,2023-04-03,Cancelled,PayPal
ORD11413,CUST4137,2024-07-31,Returned,Credit Card
ORD11414,CUST4356,2022-10-11,Shipped,Cash on Delivery
ORD11415,CUST4441,2025-08-20,Cancelled,Credit Card
ORD11416,CUST4049,2023-04-30,Pending,Cash on Delivery
ORD11417,CUST3574,2025-05-27,Pending,Cash on Delivery
ORD11418,CUST4704,2023-02-14,Returned,Cash on Delivery
ORD11419,CUST3698,2024-07-04,Shipped,PayPal
ORD11420,CUST4635,2024-03-15,Delivered,Credit Card
ORD11421,CUST4068,2025-06-09,Cancelled,Credit Card
ORD11422,CUST4556,2023-06-17,Shipped,Credit Card
ORD11423,CUST5258,2025-02-20,Pending,PayPal
ORD11424,CUST2276,2025-03-19,Delivered,Credit Card
ORD11425,CUST1810,2023-11-24,Delivered,Cash on Delivery
ORD11426,CUST1605,2022-09-14,Delivered,Cash on Delivery
ORD11427,CUST2268,2022-11-08,Cancelled,Cash on Delivery
ORD11428,CUST3108,2023-12-11,Returned,Cash on Delivery
ORD11429,CUST2628,2022-10-18,Cancelled,Credit Card
ORD11430,CUST5022,2024-06-18,Pending,Cash on Delivery
ORD11431,CUST5057,2023-04-06,Delivered,Credit Card
ORD11432,CUST2054,2024-10-10,Shipped,Cash on Delivery
ORD11433,CUST2601,2025-03-16,Cancelled,Cash on Delivery
ORD11434,CUST1617,2024-03-26,Delivered,Credit Card
ORD11435,CUST3436,2022-10-26,Cancelled,Cash on Delivery
ORD11436,CUST4341,2023-10-07,Returned,Cash on Delivery
ORD11437,CUST3347,2025-03-22,Shipped,PayPal
ORD11438,CUST4369,2023-04-27,Shipped,Cash on Delivery
ORD11439,CUST4987,2024-01-05,Returned,Credit Card
ORD11440,CUST1911,2024-12-15,Shipped,Credit Card
ORD11441,CUST5129,2022-09-11,Cancelled,Credit Card
ORD11442,CUST5837,2023-04-20,Shipped,Cash on Delivery
ORD11443,CUST4406,2023-01-06,Delivered,Credit Card
ORD11444,CUST4169,2025-01-03,Pending,PayPal
ORD11445,CUST1797,2024-03-15,Cancelled,Credit Card
ORD11446,CUST2708,2025-07-11,Shipped,Cash on Delivery
ORD11447,CUST1769,2025-01-25,Delivered,PayPal
ORD11448,CUST2580,2023-02-11,Returned,Cash on Delivery
ORD11449,CUST5850,2023-08-02,Pending,Cash on Delivery
ORD11450,CUST5813,2025-02-01,Delivered,Credit Card
ORD11451,CUST2021,2024-02-07,Cancelled,Cash on Delivery
ORD11452,CUST1833,2023-10-13,Delivered,PayPal
ORD11453,CUST4491,2023-06-13,Pending,Credit Card
ORD11454,CUST3237,2023-06-21,Cancelled,Credit Card
ORD11455,CUST5598,2023-01-12,Cancelled,Cash on Delivery
ORD11456,CUST1402,2022-09-17,Pending,PayPal
ORD11457,CUST1945,2024-07-24,Shipped,PayPal
ORD11458,CUST2063,2025-03-18,Returned,Credit Card
ORD11459,CUST4943,2025-08-01,Cancelled,Cash on Delivery
ORD11460,CUST1820,2022-10-20,Pending,PayPal
ORD11461,CUST1010,2025-08-24,Delivered,Credit Card
ORD11462,CUST3502,2023-06-07,Delivered,Cash on Delivery
ORD11463,CUST3426,2024-03-26,Pending,Cash on Delivery
ORD11464,CUST2096,2023-12-29,Cancelled,Credit Card
ORD11465,CUST5756,2025-05-01,Returned,PayPal
ORD11466,CUST5814,2023-05-29,Cancelled,PayPal
ORD11467,CUST1383,2025-06-01,Delivered,PayPal
ORD11468,CUST3956,2025-07-30,Delivered,PayPal
ORD11469,CUST4939,2023-07-29,Shipped,Cash on Delivery
ORD11470,CUST1425,2022-10-16,Pending,Credit Card
ORD11471,CUST3817,2023-09-27,Returned,PayPal
ORD11472,CUST3386,2024-08-27,Cancelled,Credit Card
ORD11473,CUST4037,2022-10-08,Pending,Credit Card
ORD11474,CUST4937,2024-05-14,Shipped,PayPal
ORD11475,CUST2630,2025-03-19,Shipped,Cash on Delivery
ORD11476,CUST4889,2022-10-09,Pending,Cash on Delivery
ORD11477,CUST4178,2023-09-13,Cancelled,PayPal
ORD11478,CUST4614,2025-05-29,Shipped,Cash on Delivery
ORD11479,CUST1839,2023-09-15,Pending,Cash on Delivery
ORD11480,CUST4767,2024-05-27,Cancelled,PayPal
ORD11481,CUST3287,2025-08-07,Returned,Cash on Delivery
ORD11482,CUST3207,2025-05-21,Cancelled,PayPal
ORD11483,CUST3246,2025-07-09,Cancelled,Credit Card
ORD11484,CUST2332,2024-09-21,Cancelled,Cash on Delivery
ORD11485,CUST2925,2024-04-04,Returned,Cash on Delivery
ORD11486,CUST3174,2025-05-21,Delivered,Cash on Delivery
ORD11487,CUST5110,2023-04-13,Pending,PayPal
ORD11488,CUST3812,2025-05-07,Cancelled,Cash on Delivery
ORD11489,CUST1423,2024-10-20,Delivered,PayPal
ORD11490,CUST2684,2023-07-10,Shipped,PayPal
ORD11491,CUST4704,2024-12-25,Cancelled,Cash on Delivery
ORD11492,CUST4053,2024-10-31,Delivered,Credit Card
ORD11493,CUST1703,2023-05-11,Pending,Cash on Delivery
ORD11494,CUST4243,2023-11-05,Delivered,Credit Card
ORD11495,CUST3168,2024-06-08,Shipped,PayPal
ORD11496,CUST5155,2024-01-10,Shipped,Credit Card
ORD11497,CUST3965,2023-07-25,Delivered,Cash on Delivery
ORD11498,CUST4807,2024-12-08,Delivered,Credit Card
ORD11499,CUST2876,2022-11-07,Cancelled,Credit Card
ORD11500,CUST5799,2022-11-13,Pending,Credit Card
ORD11501,CUST5443,2024-12-24,Shipped,Credit Card
ORD11502,CUST1097,2024-02-29,Delivered,PayPal
ORD11503,CUST4038,2024-06-26,Shipped,PayPal
ORD11504,CUST4497,2024-09-02,Pending,Credit Card
ORD11505,CUST2382,2024-04-01,Delivered,Credit Card
ORD11506,CUST4926,2023-12-02,Returned,PayPal
ORD11507,CUST5445,2022-11-03,Cancelled,PayPal
ORD11508,CUST2192,2023-03-21,Pending,PayPal
ORD11509,CUST5670,2023-07-18,Shipped,Cash on Delivery
ORD11510,CUST2620,2025-03-04,Shipped,Credit Card
ORD11511,CUST2686,2024-04-05,Delivered,PayPal
ORD11512,CUST2525,2025-02-03,Returned,PayPal
ORD11513,CUST5779,2024-09-17,Pending,PayPal
ORD11514,CUST1727,2024-06-24,Delivered,PayPal
ORD11515,CUST4866,2025-05-30,Returned,Cash on Delivery
ORD11516,CUST4301,2024-01-25,Returned,Credit Card
ORD11517,CUST4055,2024-02-28,Returned,PayPal
ORD11518,CUST3476,2024-05-19,Shipped,Cash on Delivery
ORD11519,CUST5513,2024-10-21,Returned,Credit Card
ORD11520,CUST3271,2023-04-08,Cancelled,Cash on Delivery
ORD11521,CUST3441,2024-10-31,Shipped,PayPal
ORD11522,CUST3745,2024-12-22,Shipped,Cash on Delivery
ORD11523,CUST2805,2025-04-08,Pending,Cash on Delivery
ORD11524,CUST4333,2025-08-01,Shipped,Credit Card
ORD11525,CUST3428,2025-07-09,Returned,PayPal
ORD11526,CUST5736,2024-01-25,Cancelled,Credit Card
ORD11527,CUST1541,2025-05-09,Shipped,Credit Card
ORD11528,CUST3424,2025-03-28,Shipped,Credit Card
ORD11529,CUST5040,2023-08-18,Pending,Credit Card
ORD11530,CUST2178,2022-09-15,Delivered,Cash on Delivery
ORD11531,CUST2258,2024-05-10,Shipped,Credit Card
ORD11532,CUST4194,2023-06-21,Pending,PayPal
ORD11533,CUST2162,2024-04-29,Shipped,Credit Card
ORD11534,CUST1244,2023-11-22,Cancelled,Cash on Delivery
ORD11535,CUST2579,2022-12-25,Delivered,Credit Card
ORD11536,CUST3589,2023-04-13,Returned,PayPal
ORD11537,CUST5524,2025-03-04,Shipped,Cash on Delivery
ORD11538,CUST4006,2025-01-24,Shipped,Cash on Delivery
ORD11539,CUST3882,2024-05-31,Cancelled,PayPal
ORD11540,CUST4961,2024-06-30,Returned,Credit Card
ORD11541,CUST3798,2025-01-26,Shipped,Cash on Delivery
ORD11542,CUST2833,2022-11-09,Shipped,Cash on Delivery
ORD11543,CUST5543,2023-12-19,Returned,Cash on Delivery
ORD11544,CUST4925,2025-05-30,Shipped,PayPal
ORD11545,CUST2718,2023-05-12,Pending,Cash on Delivery
ORD11546,CUST3403,2023-01-27,Returned,Credit Card
ORD11547,CUST2302,2024-06-20,Delivered,Credit Card
ORD11548,CUST3002,2023-12-22,Delivered,PayPal
ORD11549,CUST3801,2023-03-12,Shipped,PayPal
ORD11550,CUST5876,2022-09-19,Delivered,Cash on Delivery
ORD11551,CUST1678,2024-11-03,Delivered,Credit Card
ORD11552,CUST1274,2024-06-12,Delivered,Cash on Delivery
ORD11553,CUST5332,2023-08-04,Returned,Credit Card
ORD11554,CUST1099,2024-12-13,Cancelled,Cash on Delivery
ORD11555,CUST4925,2023-10-22,Pending,PayPal
ORD11556,CUST5160,2025-07-03,Delivered,Cash on Delivery
ORD11557,CUST4503,2022-12-08,Returned,Credit Card
ORD11558,CUST2053,2024-01-05,Delivered,Credit Card
ORD11559,CUST4533,2024-08-11,Pending,Cash on Delivery
ORD11560,CUST4904,2025-06-04,Shipped,PayPal
ORD11561,CUST1859,2024-01-30,Pending,Credit Card
ORD11562,CUST1533,2025-03-30,Shipped,PayPal
ORD11563,CUST2045,2025-02-13,Returned,Credit Card
ORD11564,CUST5523,2023-09-25,Delivered,PayPal
ORD11565,CUST4565,2024-12-12,Returned,PayPal
ORD11566,CUST1094,2023-06-16,Shipped,Credit Card
ORD11567,CUST5024,2024-12-30,Delivered,Credit Card
ORD11568,CUST5984,2024-10-25,Delivered,Cash on Delivery
ORD11569,CUST1575,2024-06-27,Pending,PayPal
ORD11570,CUST2494,2025-03-13,Shipped,Cash on Delivery
ORD11571,CUST1648,2024-05-29,Delivered,PayPal
ORD11572,CUST3465,2024-05-28,Delivered,PayPal
ORD11573,CUST5045,2023-04-14,Cancelled,PayPal
ORD11574,CUST5805,2025-05-01,Pending,Cash on Delivery
ORD11575,CUST1280,2024-01-28,Pending,Credit Card
ORD11576,CUST3633,2023-01-09,Returned,Credit Card
ORD11577,CUST1007,2023-12-10,Delivered,Cash on Delivery
ORD11578,CUST4534,2023-02-01,Pending,Cash on Delivery
ORD11579,CUST2883,2023-03-24,Shipped,Cash on Delivery
ORD11580,CUST3335,2023-10-14,Returned,Cash on Delivery
ORD11581,CUST5027,2023-10-21,Delivered,Cash on Delivery
ORD11582,CUST5616,2023-08-14,Delivered,Cash on Delivery
ORD11583,CUST4921,2025-02-14,Delivered,Credit Card
ORD11584,CUST2236,2024-06-05,Delivered,Credit Card
ORD11585,CUST1609,2024-08-02,Returned,Credit Card
ORD11586,CUST4745,2023-09-03,Cancelled,PayPal
ORD11587,CUST1699,2023-05-28,Pending,PayPal
ORD11588,CUST1952,2023-06-29,Delivered,Credit Card
ORD11589,CUST1636,2022-11-20,Cancelled,PayPal
ORD11590,CUST5005,2024-04-14,Returned,Credit Card
ORD11591,CUST3266,2022-10-20,Cancelled,PayPal
ORD11592,CUST2109,2024-12-28,Pending,PayPal
ORD11593,CUST2201,2024-05-05,Cancelled,PayPal
ORD11594,CUST5983,2025-04-30,Shipped,PayPal
ORD11595,CUST4342,2025-01-24,Pending,Cash on Delivery
ORD11596,CUST1387,2024-10-28,Delivered,PayPal
ORD11597,CUST2254,2025-08-20,Shipped,PayPal
ORD11598,CUST1292,2023-06-12,Pending,Cash on Delivery
ORD11599,CUST5939,2024-10-26,Pending,Credit Card
ORD11600,CUST5156,2023-07-07,Pending,PayPal
ORD11601,CUST1739,2024-10-31,Cancelled,PayPal
ORD11602,CUST3394,2024-01-12,Returned,Cash on Delivery
ORD11603,CUST3436,2022-12-12,Pending,Cash on Delivery
ORD11604,CUST1628,2023-04-16,Pending,Credit Card
ORD11605,CUST2168,2022-10-22,Shipped,PayPal
ORD11606,CUST1282,2025-05-23,Cancelled,Cash on Delivery
ORD11607,CUST1220,2024-07-20,Delivered,Credit Card
ORD11608,CUST4485,2022-10-09,Pending,Credit Card
ORD11609,CUST3609,2025-04-16,Delivered,Credit Card
ORD11610,CUST4780,2024-11-18,Returned,Cash on Delivery
ORD11611,CUST3763,2023-12-26,Cancelled,Credit Card
ORD11612,CUST4836,2025-06-11,Pending,Cash on Delivery
ORD11613,CUST4679,2022-10-03,Returned,PayPal
ORD11614,CUST5302,2024-04-03,Cancelled,Credit Card
ORD11615,CUST4568,2024-11-02,Cancelled,PayPal
ORD11616,CUST2723,2025-05-31,Returned,PayPal
ORD11617,CUST3305,2024-07-20,Shipped,Credit Card
ORD11618,CUST5185,2024-06-03,Cancelled,Cash on Delivery
ORD11619,CUST5726,2024-08-09,Delivered,Credit Card
ORD11620,CUST5498,2024-12-07,Delivered,Credit Card
ORD11621,CUST2576,2023-12-20,Shipped,PayPal
ORD11622,CUST2977,2023-02-14,Cancelled,Cash on Delivery
ORD11623,CUST3029,2023-05-22,Returned,Credit Card
ORD11624,CUST3431,2023-04-28,Cancelled,Credit Card
ORD11625,CUST4090,2024-01-06,Returned,Cash on Delivery
ORD11626,CUST5324,2025-08-12,Returned,Cash on Delivery
ORD11627,CUST4282,2025-06-09,Cancelled,PayPal
ORD11628,CUST5066,2025-03-23,Pending,PayPal
ORD11629,CUST3295,2023-01-06,Returned,Credit Card
ORD11630,CUST3398,2025-08-13,Shipped,PayPal
ORD11631,CUST3355,2025-05-17,Cancelled,Cash on Delivery
ORD11632,CUST4526,2025-05-08,Cancelled,Credit Card
ORD11633,CUST2913,2023-07-30,Shipped,Cash on Delivery
ORD11634,CUST2209,2025-01-30,Cancelled,Credit Card
ORD11635,CUST2735,2025-06-21,Delivered,Cash on Delivery
ORD11636,CUST1494,2024-06-28,Pending,PayPal
ORD11637,CUST1425,2022-11-15,Delivered,Cash on Delivery
ORD11638,CUST2601,2023-06-12,Shipped,Cash on Delivery
ORD11639,CUST5764,2025-04-07,Shipped,Cash on Delivery
ORD11640,CUST1029,2024-01-30,Returned,PayPal
ORD11641,CUST5625,2023-05-17,Delivered,PayPal
ORD11642,CUST5636,2023-11-05,Returned,PayPal
ORD11643,CUST5131,2023-04-05,Pending,Cash on Delivery
ORD11644,CUST3633,2025-03-22,Shipped,Credit Card
ORD11645,CUST2811,2022-12-03,Pending,PayPal
ORD11646,CUST4206,2023-01-31,Pending,Credit Card
ORD11647,CUST3442,2024-06-28,Shipped,Credit Card
ORD11648,CUST1141,2024-11-26,Pending,Cash on Delivery
ORD11649,CUST4688,2023-06-14,Returned,PayPal
ORD11650,CUST2883,2024-01-23,Pending,Credit Card
ORD11651,CUST2788,2024-07-31,Returned,PayPal
ORD11652,CUST4420,2024-11-09,Returned,Cash on Delivery
ORD11653,CUST1655,2023-03-09,Returned,Cash on Delivery
ORD11654,CUST1839,2024-07-11,Delivered,Credit Card
ORD11655,CUST2112,2025-05-23,Delivered,PayPal
ORD11656,CUST3306,2025-06-28,Pending,Credit Card
ORD11657,CUST2129,2024-09-01,Shipped,Cash on Delivery
ORD11658,CUST4955,2024-09-06,Shipped,PayPal
ORD11659,CUST4075,2023-10-25,Cancelled,PayPal
ORD11660,CUST1182,2024-09-14,Shipped,PayPal
ORD11661,CUST4905,2023-09-20,Shipped,PayPal
ORD11662,CUST4220,2022-09-15,Cancelled,Cash on Delivery
ORD11663,CUST4241,2025-04-07,Delivered,PayPal
ORD11664,CUST1895,2022-11-30,Delivered,Credit Card
ORD11665,CUST4480,2024-10-23,Shipped,PayPal
ORD11666,CUST3946,2023-03-26,Shipped,Credit Card
ORD11667,CUST3911,2022-11-30,Cancelled,PayPal
ORD11668,CUST5388,2024-04-22,Cancelled,PayPal
ORD11669,CUST2445,2024-03-26,Delivered,Cash on Delivery
ORD11670,CUST3352,2023-04-18,Returned,Cash on Delivery
ORD11671,CUST5046,2022-12-10,Returned,Cash on Delivery
ORD11672,CUST1257,2022-11-16,Delivered,PayPal
ORD11673,CUST4383,2023-06-12,Pending,Cash on Delivery
ORD11674,CUST3377,2024-02-04,Cancelled,Credit Card
ORD11675,CUST1623,2023-03-28,Shipped,PayPal
ORD11676,CUST4240,2023-06-22,Delivered,Cash on Delivery
ORD11677,CUST5395,2024-06-10,Returned,PayPal
ORD11678,CUST5827,2022-12-10,Returned,PayPal
ORD11679,CUST5564,2022-09-15,Shipped,Cash on Delivery
ORD11680,CUST3193,2024-11-03,Delivered,Credit Card
ORD11681,CUST5461,2022-12-11,Cancelled,PayPal
ORD11682,CUST1524,2024-01-28,Cancelled,Cash on Delivery
ORD11683,CUST5650,2025-03-17,Shipped,Cash on Delivery
ORD11684,CUST4827,2025-04-24,Delivered,Credit Card
ORD11685,CUST4272,2024-11-05,Delivered,Credit Card
ORD11686,CUST4117,2023-11-15,Pending,Cash on Delivery
ORD11687,CUST2352,2023-02-02,Pending,PayPal
ORD11688,CUST3665,2023-11-23,Delivered,PayPal
ORD11689,CUST2919,2024-01-28,Pending,Credit Card
ORD11690,CUST4516,2024-09-06,Delivered,PayPal
ORD11691,CUST2060,2023-03-18,Shipped,PayPal
ORD11692,CUST1697,2024-04-08,Cancelled,PayPal
ORD11693,CUST1063,2023-03-17,Returned,Cash on Delivery
ORD11694,CUST1084,2024-02-02,Delivered,PayPal
ORD11695,CUST3011,2023-04-07,Cancelled,PayPal
ORD11696,CUST1451,2024-11-18,Returned,PayPal
ORD11697,CUST2585,2023-06-04,Delivered,Cash on Delivery
ORD11698,CUST2029,2023-07-07,Returned,Credit Card
ORD11699,CUST1991,2024-06-10,Returned,Credit Card
ORD11700,CUST2330,2025-08-23,Shipped,PayPal
ORD11701,CUST4164,2024-11-24,Shipped,PayPal
ORD11702,CUST5813,2023-01-01,Shipped,Cash on Delivery
ORD11703,CUST5148,2025-02-15,Shipped,Credit Card
ORD11704,CUST1354,2025-03-15,Delivered,Credit Card
ORD11705,CUST4056,2023-01-19,Pending,PayPal
ORD11706,CUST4315,2024-01-29,Returned,PayPal
ORD11707,CUST4376,2024-06-30,Pending,Cash on Delivery
ORD11708,CUST1977,2025-08-20,Delivered,Credit Card
ORD11709,CUST2269,2025-07-20,Shipped,PayPal
ORD11710,CUST4872,2022-09-23,Pending,PayPal
ORD11711,CUST5382,2025-07-11,Delivered,Cash on Delivery
ORD11712,CUST2716,2025-04-26,Pending,Credit Card
ORD11713,CUST3420,2024-08-04,Delivered,Credit Card
ORD11714,CUST1086,2025-06-12,Shipped,PayPal
ORD11715,CUST5096,2024-06-14,Pending,PayPal
ORD11716,CUST4071,2022-10-31,Delivered,Credit Card
ORD11717,CUST2197,2022-12-03,Returned,Cash on Delivery
ORD11718,CUST1166,2024-01-24,Delivered,Cash on Delivery
ORD11719,CUST1382,2023-09-05,Shipped,Cash on Delivery
ORD11720,CUST4725,2023-07-24,Delivered,Credit Card
ORD11721,CUST2431,2024-05-22,Pending,Cash on Delivery
ORD11722,CUST1717,2023-07-27,Returned,Credit Card
ORD11723,CUST3853,2024-07-28,Cancelled,Credit Card
ORD11724,CUST2179,2024-09-22,Shipped,Cash on Delivery
ORD11725,CUST4730,2024-01-10,Cancelled,Cash on Delivery
ORD11726,CUST3554,2025-03-08,Returned,Cash on Delivery
ORD11727,CUST4742,2024-11-03,Pending,Cash on Delivery
ORD11728,CUST2492,2025-05-04,Pending,Credit Card
ORD11729,CUST3042,2024-02-10,Returned,Cash on Delivery
ORD11730,CUST5054,2022-10-22,Shipped,PayPal
ORD11731,CUST1579,2023-06-08,Shipped,PayPal
ORD11732,CUST4657,2023-09-29,Shipped,Cash on Delivery
ORD11733,CUST2507,2025-04-19,Pending,PayPal
ORD11734,CUST1826,2022-09-30,Pending,PayPal
ORD11735,CUST4208,2024-10-21,Pending,PayPal
ORD11736,CUST5065,2025-03-15,Delivered,Credit Card
ORD11737,CUST5737,2023-03-13,Pending,Credit Card
ORD11738,CUST4079,2022-12-23,Pending,Credit Card
ORD11739,CUST4594,2024-04-01,Pending,Cash on Delivery
ORD11740,CUST5487,2025-08-24,Delivered,PayPal
ORD11741,CUST5519,2022-12-30,Cancelled,PayPal
ORD11742,CUST3666,2023-12-03,Pending,PayPal
ORD11743,CUST1702,2024-08-03,Delivered,PayPal
ORD11744,CUST5091,2022-11-17,Shipped,PayPal
ORD11745,CUST1127,2022-11-09,Cancelled,PayPal
ORD11746,CUST1688,2025-01-20,Delivered,Credit Card
ORD11747,CUST2989,2025-02-17,Returned,PayPal
ORD11748,CUST2061,2023-06-28,Returned,Credit Card
ORD11749,CUST2477,2024-01-21,Cancelled,PayPal
ORD11750,CUST5291,2023-10-17,Returned,Cash on Delivery
ORD11751,CUST2327,2025-05-06,Delivered,PayPal
ORD11752,CUST5912,2023-04-14,Returned,PayPal
ORD11753,CUST2645,2024-01-13,Pending,Cash on Delivery
ORD11754,CUST3768,2024-09-23,Returned,PayPal
ORD11755,CUST3192,2024-04-04,Delivered,Credit Card
ORD11756,CUST1013,2023-04-29,Delivered,Cash on Delivery
ORD11757,CUST4956,2025-08-07,Pending,PayPal
ORD11758,CUST1926,2025-05-21,Shipped,PayPal
ORD11759,CUST2156,2025-02-20,Pending,Cash on Delivery
ORD11760,CUST2557,2023-05-09,Shipped,PayPal
ORD11761,CUST1411,2022-11-20,Pending,Credit Card
ORD11762,CUST3999,2024-07-28,Delivered,Credit Card
ORD11763,CUST4878,2025-05-30,Shipped,Credit Card
ORD11764,CUST2211,2025-03-23,Shipped,Credit Card
ORD11765,CUST2185,2023-12-19,Returned,Cash on Delivery
ORD11766,CUST2311,2023-10-19,Shipped,Credit Card
ORD11767,CUST4941,2022-09-01,Pending,Credit Card
ORD11768,CUST2733,2023-12-28,Returned,Credit Card
ORD11769,CUST3039,2023-09-06,Pending,Cash on Delivery
ORD11770,CUST4797,2024-01-22,Delivered,PayPal
ORD11771,CUST5373,2022-09-30,Cancelled,Cash on Delivery
ORD11772,CUST4696,2023-06-30,Pending,PayPal
ORD11773,CUST1804,2024-01-24,Shipped,PayPal
ORD11774,CUST2580,2023-08-09,Delivered,Cash on Delivery
ORD11775,CUST3685,2024-10-06,Cancelled,Credit Card
ORD11776,CUST5799,2024-05-16,Cancelled,Cash on Delivery
ORD11777,CUST3216,2025-02-23,Returned,PayPal
ORD11778,CUST5135,2023-11-30,Cancelled,Cash on Delivery
ORD11779,CUST2093,2024-11-18,Returned,Cash on Delivery
ORD11780,CUST4626,2024-03-10,Shipped,PayPal
ORD11781,CUST4337,2025-08-02,Returned,Cash on Delivery
ORD11782,CUST5781,2024-01-03,Cancelled,PayPal
ORD11783,CUST4453,2025-08-05,Returned,Credit Card
ORD11784,CUST4351,2024-03-25,Pending,PayPal
ORD11785,CUST3492,2025-06-26,Cancelled,PayPal
ORD11786,CUST4424,2023-10-14,Returned,Credit Card
ORD11787,CUST1809,2024-05-07,Cancelled,PayPal
ORD11788,CUST2258,2024-02-13,Delivered,Credit Card
ORD11789,CUST2859,2023-04-27,Cancelled,Credit Card
ORD11790,CUST3991,2023-03-22,Cancelled,Credit Card
ORD11791,CUST5758,2024-03-08,Delivered,PayPal
ORD11792,CUST4130,2025-02-14,Shipped,Cash on Delivery
ORD11793,CUST2603,2024-10-21,Shipped,Cash on Delivery
ORD11794,CUST5018,2025-05-13,Shipped,Credit Card
ORD11795,CUST4016,2023-07-13,Cancelled,Credit Card
ORD11796,CUST4817,2024-06-01,Pending,PayPal
ORD11797,CUST3427,2024-01-08,Shipped,PayPal
ORD11798,CUST4290,2024-10-16,Returned,Credit Card
ORD11799,CUST4006,2023-11-26,Returned,Cash on Delivery
ORD11800,CUST4204,2025-02-21,Shipped,PayPal
ORD11801,CUST1988,2023-05-27,Pending,Cash on Delivery
ORD11802,CUST1804,2024-05-19,Shipped,PayPal
ORD11803,CUST4714,2025-05-08,Cancelled,PayPal
ORD11804,CUST1823,2025-05-11,Shipped,PayPal
ORD11805,CUST4665,2022-10-05,Cancelled,PayPal
ORD11806,CUST3429,2024-05-26,Returned,Credit Card
ORD11807,CUST2079,2024-09-13,Cancelled,Cash on Delivery
ORD11808,CUST1972,2024-04-08,Delivered,PayPal
ORD11809,CUST3206,2024-11-11,Delivered,PayPal
ORD11810,CUST1369,2024-11-18,Returned,Cash on Delivery
ORD11811,CUST1946,2024-09-14,Delivered,PayPal
ORD11812,CUST4691,2025-07-19,Returned,Credit Card
ORD11813,CUST3718,2024-03-25,Delivered,Credit Card
ORD11814,CUST2000,2024-03-13,Returned,PayPal
ORD11815,CUST3381,2022-09-15,Shipped,Cash on Delivery
ORD11816,CUST4991,2025-04-16,Delivered,Credit Card
ORD11817,CUST5719,2024-12-28,Cancelled,Credit Card
ORD11818,CUST2909,2022-11-03,Delivered,PayPal
ORD11819,CUST5426,2025-06-13,Delivered,Credit Card
ORD11820,CUST2176,2024-07-27,Delivered,Credit Card
ORD11821,CUST1324,2022-10-31,Shipped,PayPal
ORD11822,CUST1101,2024-02-06,Shipped,Credit Card
ORD11823,CUST1850,2023-05-22,Pending,Credit Card
ORD11824,CUST3433,2024-07-16,Returned,Cash on Delivery
ORD11825,CUST2362,2023-12-16,Returned,PayPal
ORD11826,CUST4642,2025-02-16,Pending,PayPal
ORD11827,CUST2505,2025-07-29,Shipped,PayPal
ORD11828,CUST3401,2025-05-02,Cancelled,Cash on Delivery
ORD11829,CUST3995,2024-10-13,Shipped,Cash on Delivery
ORD11830,CUST3860,2022-10-27,Cancelled,Credit Card
ORD11831,CUST4771,2025-06-12,Returned,Credit Card
ORD11832,CUST1235,2024-12-01,Cancelled,Cash on Delivery
ORD11833,CUST3778,2023-07-11,Returned,Credit Card
ORD11834,CUST3257,2023-07-24,Cancelled,Credit Card
ORD11835,CUST5128,2025-02-12,Shipped,Credit Card
ORD11836,CUST5463,2022-09-29,Cancelled,Credit Card
ORD11837,CUST4247,2023-04-29,Pending,Credit Card
ORD11838,CUST3943,2023-02-21,Shipped,PayPal
ORD11839,CUST1830,2024-08-14,Delivered,Cash on Delivery
ORD11840,CUST4871,2024-02-06,Shipped,PayPal
ORD11841,CUST3637,2024-01-11,Returned,Credit Card
ORD11842,CUST5654,2023-07-01,Pending,PayPal
ORD11843,CUST2637,2024-03-11,Cancelled,Cash on Delivery
ORD11844,CUST4921,2025-05-15,Cancelled,Credit Card
ORD11845,CUST5403,2024-02-04,Delivered,PayPal
ORD11846,CUST3043,2023-08-24,Shipped,PayPal
ORD11847,CUST4989,2024-02-24,Cancelled,Cash on Delivery
ORD11848,CUST3476,2022-12-08,Pending,Cash on Delivery
ORD11849,CUST2660,2023-04-30,Returned,PayPal
ORD11850,CUST1163,2022-12-12,Pending,Credit Card
ORD11851,CUST4682,2025-02-06,Shipped,PayPal
ORD11852,CUST2940,2024-02-23,Returned,PayPal
ORD11853,CUST1386,2023-06-17,Cancelled,Credit Card
ORD11854,CUST4227,2023-10-07,Returned,Cash on Delivery
ORD11855,CUST3159,2024-11-17,Returned,Credit Card
ORD11856,CUST4706,2024-09-19,Shipped,PayPal
ORD11857,CUST2412,2022-12-12,Cancelled,Cash on Delivery
ORD11858,CUST5026,2024-09-08,Delivered,PayPal
ORD11859,CUST4853,2024-10-21,Pending,Credit Card
ORD11860,CUST5010,2023-05-20,Returned,Credit Card
ORD11861,CUST1144,2024-09-22,Pending,Cash on Delivery
ORD11862,CUST1001,2024-11-08,Pending,Credit Card
ORD11863,CUST3401,2024-08-30,Cancelled,Credit Card
ORD11864,CUST4705,2024-04-30,Delivered,PayPal
ORD11865,CUST3998,2024-06-15,Cancelled,Cash on Delivery
ORD11866,CUST2678,2022-10-13,Delivered,PayPal
ORD11867,CUST3218,2023-02-03,Pending,Credit Card
ORD11868,CUST3863,2023-09-17,Delivered,Cash on Delivery
ORD11869,CUST2100,2023-09-16,Returned,PayPal
ORD11870,CUST5347,2025-04-26,Returned,PayPal
ORD11871,CUST1510,2025-05-31,Pending,PayPal
ORD11872,CUST4516,2023-11-07,Cancelled,Credit Card
ORD11873,CUST2296,2023-03-05,Shipped,PayPal
ORD11874,CUST1517,2025-07-29,Delivered,Credit Card
ORD11875,CUST3082,2025-06-20,Returned,Credit Card
ORD11876,CUST4503,2024-04-17,Returned,PayPal
ORD11877,CUST1821,2024-04-08,Shipped,Cash on Delivery
ORD11878,CUST1733,2023-03-10,Pending,Credit Card
ORD11879,CUST1070,2025-06-29,Delivered,PayPal
ORD11880,CUST2842,2025-05-21,Pending,Credit Card
ORD11881,CUST5074,2024-05-18,Delivered,Credit Card
ORD11882,CUST1026,2024-06-20,Pending,PayPal
ORD11883,CUST4317,2024-04-21,Delivered,Cash on Delivery
ORD11884,CUST3739,2025-03-16,Cancelled,Cash on Delivery
ORD11885,CUST2787,2022-10-24,Returned,Credit Card
ORD11886,CUST4327,2025-04-25,Returned,Credit Card
ORD11887,CUST2526,2023-07-16,Pending,Cash on Delivery
ORD11888,CUST3926,2023-01-06,Delivered,Credit Card
ORD11889,CUST2454,2025-08-15,Pending,Cash on Delivery
ORD11890,CUST1690,2023-11-23,Delivered,Cash on Delivery
ORD11891,CUST5854,2024-12-06,Cancelled,PayPal
ORD11892,CUST5706,2024-12-28,Pending,Cash on Delivery
ORD11893,CUST4886,2024-01-31,Pending,Cash on Delivery
ORD11894,CUST2939,2023-09-09,Cancelled,Cash on Delivery
ORD11895,CUST4204,2023-12-21,Shipped,PayPal
ORD11896,CUST2695,2025-07-24,Delivered,Cash on Delivery
ORD11897,CUST3456,2025-05-23,Cancelled,Credit Card
ORD11898,CUST4329,2024-02-25,Pending,Cash on Delivery
ORD11899,CUST5005,2024-07-02,Returned,Cash on Delivery
ORD11900,CUST4464,2024-08-18,Shipped,Cash on Delivery
ORD11901,CUST3760,2023-06-20,Cancelled,PayPal
ORD11902,CUST2989,2025-01-19,Pending,Credit Card
ORD11903,CUST3577,2022-09-28,Returned,PayPal
ORD11904,CUST4008,2023-12-01,Shipped,Cash on Delivery
ORD11905,CUST3855,2025-01-13,Delivered,Credit Card
ORD11906,CUST3126,2023-01-02,Delivered,PayPal
ORD11907,CUST5406,2024-01-24,Returned,Cash on Delivery
ORD11908,CUST1671,2022-10-13,Delivered,Credit Card
ORD11909,CUST4581,2025-04-03,Returned,PayPal
ORD11910,CUST3669,2024-06-16,Delivered,Credit Card
ORD11911,CUST5918,2023-10-25,Pending,Cash on Delivery
ORD11912,CUST2182,2023-05-07,Cancelled,Cash on Delivery
ORD11913,CUST5850,2024-07-19,Pending,PayPal
ORD11914,CUST3105,2023-01-18,Returned,Cash on Delivery
ORD11915,CUST2080,2023-10-22,Cancelled,PayPal
ORD11916,CUST2192,2024-07-21,Pending,Credit Card
ORD11917,CUST3794,2023-05-18,Pending,Cash on Delivery
ORD11918,CUST5265,2024-02-16,Cancelled,Credit Card
ORD11919,CUST4394,2024-10-27,Cancelled,Credit Card
ORD11920,CUST2457,2023-10-11,Delivered,PayPal
ORD11921,CUST4004,2024-04-22,Cancelled,Cash on Delivery
ORD11922,CUST5869,2023-05-17,Pending,PayPal
ORD11923,CUST3528,2022-10-29,Cancelled,PayPal
ORD11924,CUST2292,2025-06-20,Shipped,Cash on Delivery
ORD11925,CUST5035,2022-12-07,Pending,PayPal
ORD11926,CUST1164,2023-12-21,Returned,Cash on Delivery
ORD11927,CUST3673,2023-05-13,Delivered,PayPal
ORD11928,CUST4855,2023-08-29,Delivered,PayPal
ORD11929,CUST2213,2022-10-14,Returned,PayPal
ORD11930,CUST5327,2024-09-13,Pending,PayPal
ORD11931,CUST1189,2023-11-03,Shipped,PayPal
ORD11932,CUST2946,2025-01-11,Returned,Cash on Delivery
ORD11933,CUST5910,2024-05-01,Cancelled,Cash on Delivery
ORD11934,CUST5639,2024-08-06,Delivered,Credit Card
ORD11935,CUST1992,2025-04-20,Pending,Cash on Delivery
ORD11936,CUST2018,2025-05-14,Cancelled,Cash on Delivery
ORD11937,CUST1609,2024-06-22,Shipped,Credit Card
ORD11938,CUST4445,2023-08-18,Cancelled,Cash on Delivery
ORD11939,CUST3150,2024-02-04,Pending,PayPal
ORD11940,CUST5904,2023-12-25,Pending,PayPal
ORD11941,CUST5481,2025-02-21,Shipped,Cash on Delivery
ORD11942,CUST2525,2024-10-14,Cancelled,Credit Card
ORD11943,CUST3247,2023-06-13,Returned,PayPal
ORD11944,CUST5044,2025-05-04,Pending,Credit Card
ORD11945,CUST1651,2024-06-09,Returned,Cash on Delivery
ORD11946,CUST3027,2024-08-27,Shipped,Cash on Delivery
ORD11947,CUST2316,2024-04-03,Cancelled,Credit Card
ORD11948,CUST2132,2023-11-05,Shipped,Credit Card
ORD11949,CUST5905,2023-04-16,Returned,Credit Card
ORD11950,CUST2965,2024-10-08,Shipped,Credit Card
ORD11951,CUST5761,2024-04-11,Shipped,Cash on Delivery
ORD11952,CUST3784,2023-09-27,Cancelled,PayPal
ORD11953,CUST5016,2024-10-22,Shipped,Credit Card
ORD11954,CUST1199,2023-03-11,Pending,PayPal
ORD11955,CUST2549,2025-07-29,Shipped,PayPal
ORD11956,CUST5774,2023-11-19,Shipped,PayPal
ORD11957,CUST1981,2023-10-19,Returned,PayPal
ORD11958,CUST1026,2023-03-22,Returned,Credit Card
ORD11959,CUST3710,2023-05-15,Delivered,Credit Card
ORD11960,CUST4828,2024-05-20,Shipped,Credit Card
ORD11961,CUST3619,2023-01-27,Shipped,Cash on Delivery
ORD11962,CUST2765,2023-03-29,Shipped,PayPal
ORD11963,CUST2495,2023-06-03,Cancelled,Cash on Delivery
ORD11964,CUST3521,2023-03-29,Shipped,Credit Card
ORD11965,CUST5178,2023-06-07,Cancelled,Credit Card
ORD11966,CUST4844,2023-10-31,Cancelled,Cash on Delivery
ORD11967,CUST2909,2024-09-07,Pending,Cash on Delivery
ORD11968,CUST5550,2023-10-30,Returned,Credit Card
ORD11969,CUST4924,2022-10-08,Cancelled,PayPal
ORD11970,CUST1914,2024-11-01,Returned,PayPal
ORD11971,CUST5506,2023-02-21,Cancelled,PayPal
ORD11972,CUST4255,2023-11-14,Delivered,Credit Card
ORD11973,CUST2736,2023-11-27,Cancelled,PayPal
ORD11974,CUST2252,2022-11-04,Cancelled,Credit Card
ORD11975,CUST3521,2022-12-14,Cancelled,PayPal
ORD11976,CUST1959,2024-09-29,Returned,Cash on Delivery
ORD11977,CUST1930,2023-04-29,Returned,PayPal
ORD11978,CUST1122,2025-06-13,Shipped,Credit Card
ORD11979,CUST1830,2023-12-08,Shipped,Cash on Delivery
ORD11980,CUST1490,2025-02-13,Cancelled,Credit Card
ORD11981,CUST5563,2024-09-09,Shipped,Cash on Delivery
ORD11982,CUST1142,2024-09-12,Returned,Credit Card
ORD11983,CUST1980,2024-07-10,Shipped,Cash on Delivery
ORD11984,CUST4776,2025-04-21,Pending,Credit Card
ORD11985,CUST4061,2023-11-05,Cancelled,Credit Card
ORD11986,CUST1021,2023-02-17,Pending,PayPal
ORD11987,CUST3978,2023-04-28,Delivered,Credit Card
ORD11988,CUST3150,2023-11-27,Shipped,PayPal
ORD11989,CUST1488,2025-05-14,Returned,PayPal
ORD11990,CUST4324,2025-06-27,Cancelled,PayPal
ORD11991,CUST4412,2023-08-11,Cancelled,Cash on Delivery
ORD11992,CUST4083,2025-03-28,Cancelled,PayPal
ORD11993,CUST1261,2023-08-06,Shipped,Credit Card
ORD11994,CUST4041,2023-08-25,Shipped,Credit Card
ORD11995,CUST3402,2024-02-24,Delivered,Cash on Delivery
ORD11996,CUST3186,2023-05-12,Cancelled,PayPal
ORD11997,CUST3139,2025-04-19,Cancelled,Credit Card
ORD11998,CUST2655,2024-09-13,Cancelled,PayPal
ORD11999,CUST3295,2024-11-19,Shipped,Credit Card
ORD12000,CUST1285,2022-08-25,Returned,PayPal
ORD12001,CUST2415,2023-09-19,Delivered,Cash on Delivery
ORD12002,CUST3012,2024-12-24,Cancelled,Cash on Delivery
ORD12003,CUST1729,2023-03-12,Cancelled,Cash on Delivery
ORD12004,CUST4452,2025-02-05,Delivered,PayPal
ORD12005,CUST4931,2024-06-09,Shipped,Credit Card
ORD12006,CUST5445,2025-05-14,Shipped,PayPal
ORD12007,CUST5018,2025-05-05,Shipped,PayPal
ORD12008,CUST4213,2023-08-21,Pending,Cash on Delivery
ORD12009,CUST4454,2023-12-22,Pending,Credit Card
ORD12010,CUST4122,2025-02-22,Shipped,PayPal
ORD12011,CUST3866,2024-06-21,Returned,Credit Card
ORD12012,CUST1862,2024-09-13,Returned,Cash on Delivery
ORD12013,CUST4820,2025-06-12,Returned,Cash on Delivery
ORD12014,CUST2215,2023-08-02,Delivered,PayPal
ORD12015,CUST2344,2025-04-03,Delivered,Cash on Delivery
ORD12016,CUST4868,2025-05-20,Pending,Credit Card
ORD12017,CUST2334,2024-08-19,Pending,PayPal
ORD12018,CUST1964,2023-12-22,Shipped,Credit Card
ORD12019,CUST1959,2022-09-29,Delivered,Cash on Delivery
ORD12020,CUST1594,2024-04-12,Delivered,Credit Card
ORD12021,CUST4479,2023-04-24,Returned,Cash on Delivery
ORD12022,CUST3082,2025-04-24,Shipped,Credit Card
ORD12023,CUST1763,2025-05-04,Shipped,Credit Card
ORD12024,CUST2977,2024-06-13,Shipped,Credit Card
ORD12025,CUST5391,2023-10-05,Cancelled,PayPal
ORD12026,CUST2938,2023-10-22,Delivered,PayPal
ORD12027,CUST3063,2023-07-10,Shipped,Credit Card
ORD12028,CUST2202,2024-04-13,Pending,Credit Card
ORD12029,CUST4494,2024-05-05,Cancelled,Cash on Delivery
ORD12030,CUST2304,2023-08-19,Cancelled,PayPal
ORD12031,CUST4139,2025-04-08,Delivered,Cash on Delivery
ORD12032,CUST4447,2023-04-01,Shipped,Cash on Delivery
ORD12033,CUST1333,2024-02-29,Delivered,PayPal
ORD12034,CUST5579,2025-08-06,Cancelled,PayPal
ORD12035,CUST1116,2023-04-21,Shipped,Cash on Delivery
ORD12036,CUST3897,2024-03-24,Delivered,PayPal
ORD12037,CUST4234,2023-09-04,Pending,Credit Card
ORD12038,CUST1586,2023-06-28,Cancelled,Credit Card
ORD12039,CUST4607,2025-03-01,Pending,Credit Card
ORD12040,CUST1203,2024-05-11,Cancelled,PayPal
ORD12041,CUST5756,2022-12-29,Pending,PayPal
ORD12042,CUST2278,2023-06-28,Returned,Cash on Delivery
ORD12043,CUST4019,2023-12-20,Cancelled,Credit Card
ORD12044,CUST1879,2024-04-06,Delivered,PayPal
ORD12045,CUST1627,2024-02-18,Cancelled,Credit Card
ORD12046,CUST2889,2022-10-12,Returned,PayPal
ORD12047,CUST4375,2025-02-15,Shipped,PayPal
ORD12048,CUST5267,2024-07-04,Shipped,Cash on Delivery
ORD12049,CUST5601,2024-03-10,Cancelled,PayPal
ORD12050,CUST3310,2022-12-05,Pending,Credit Card
ORD12051,CUST4636,2024-09-14,Pending,Credit Card
ORD12052,CUST1981,2024-10-09,Delivered,Credit Card
ORD12053,CUST3668,2024-08-26,Pending,Credit Card
ORD12054,CUST1898,2023-11-30,Delivered,Cash on Delivery
ORD12055,CUST3877,2024-12-27,Returned,PayPal
ORD12056,CUST3985,2023-06-11,Shipped,Cash on Delivery
ORD12057,CUST4039,2022-12-25,Cancelled,Credit Card
ORD12058,CUST5661,2022-08-25,Delivered,Cash on Delivery
ORD12059,CUST3462,2024-05-17,Returned,PayPal
ORD12060,CUST2187,2024-12-14,Shipped,Credit Card
ORD12061,CUST5697,2024-06-01,Cancelled,Cash on Delivery
ORD12062,CUST5981,2023-06-23,Cancelled,PayPal
ORD12063,CUST3790,2024-08-07,Shipped,Credit Card
ORD12064,CUST2635,2025-07-23,Delivered,PayPal
ORD12065,CUST4356,2024-02-06,Returned,PayPal
ORD12066,CUST3096,2025-02-04,Delivered,Credit Card
ORD12067,CUST4588,2024-05-29,Delivered,Cash on Delivery
ORD12068,CUST5163,2022-09-28,Pending,Credit Card
ORD12069,CUST5694,2025-08-05,Delivered,Cash on Delivery
ORD12070,CUST3393,2025-03-14,Shipped,Credit Card
ORD12071,CUST1697,2023-05-27,Shipped,PayPal
ORD12072,CUST5819,2023-11-21,Shipped,PayPal
ORD12073,CUST2759,2024-06-05,Pending,Credit Card
ORD12074,CUST2323,2023-06-30,Delivered,Credit Card
ORD12075,CUST3990,2023-05-07,Delivered,Cash on Delivery
ORD12076,CUST2732,2025-04-16,Shipped,PayPal
ORD12077,CUST4588,2024-07-04,Cancelled,PayPal
ORD12078,CUST1500,2025-08-05,Cancelled,Credit Card
ORD12079,CUST5696,2025-01-10,Pending,Cash on Delivery
ORD12080,CUST2648,2025-04-28,Delivered,Credit Card
ORD12081,CUST4017,2023-03-25,Pending,Credit Card
ORD12082,CUST5040,2024-10-10,Pending,PayPal
ORD12083,CUST1924,2024-05-02,Delivered,Credit Card
ORD12084,CUST1667,2025-04-08,Delivered,Cash on Delivery
ORD12085,CUST1198,2023-08-02,Pending,Cash on Delivery
ORD12086,CUST2077,2022-09-20,Returned,Credit Card
ORD12087,CUST2420,2025-07-07,Returned,Cash on Delivery
ORD12088,CUST5991,2023-11-05,Pending,PayPal
ORD12089,CUST4074,2023-06-27,Delivered,Cash on Delivery
ORD12090,CUST1577,2025-07-03,Cancelled,Credit Card
ORD12091,CUST4342,2025-06-18,Cancelled,Cash on Delivery
ORD12092,CUST2475,2024-01-01,Shipped,Cash on Delivery
ORD12093,CUST5328,2023-11-17,Returned,Cash on Delivery
ORD12094,CUST2256,2024-07-29,Shipped,Cash on Delivery
ORD12095,CUST2243,2024-09-27,Delivered,Cash on Delivery
ORD12096,CUST1399,2025-08-10,Pending,Credit Card
ORD12097,CUST2322,2024-02-05,Cancelled,Cash on Delivery
ORD12098,CUST5125,2023-10-03,Delivered,Cash on Delivery
ORD12099,CUST5082,2024-01-16,Shipped,Credit Card
ORD12100,CUST2378,2022-10-18,Delivered,Credit Card
ORD12101,CUST2110,2025-08-04,Cancelled,Credit Card
ORD12102,CUST3240,2023-02-12,Returned,Cash on Delivery
ORD12103,CUST5552,2024-02-02,Delivered,Credit Card
ORD12104,CUST1200,2024-01-04,Shipped,PayPal
ORD12105,CUST4881,2023-11-17,Delivered,PayPal
ORD12106,CUST3372,2023-02-06,Pending,Cash on Delivery
ORD12107,CUST1248,2024-05-06,Shipped,Cash on Delivery
ORD12108,CUST1717,2023-09-11,Returned,Credit Card
ORD12109,CUST5094,2024-12-14,Pending,PayPal
ORD12110,CUST1319,2024-02-05,Returned,Credit Card
ORD12111,CUST1285,2024-03-16,Shipped,Cash on Delivery
ORD12112,CUST3592,2023-02-07,Shipped,Cash on Delivery
ORD12113,CUST4688,2025-06-08,Shipped,PayPal
ORD12114,CUST2462,2023-11-05,Cancelled,PayPal
ORD12115,CUST5782,2024-05-11,Delivered,Credit Card
ORD12116,CUST5125,2024-07-30,Cancelled,PayPal
ORD12117,CUST2385,2024-04-28,Cancelled,PayPal
ORD12118,CUST4757,2023-04-24,Cancelled,PayPal
ORD12119,CUST4643,2023-06-24,Shipped,PayPal
ORD12120,CUST5045,2023-01-07,Cancelled,Cash on Delivery
ORD12121,CUST2638,2023-10-22,Shipped,Cash on Delivery
ORD12122,CUST1458,2024-08-05,Delivered,PayPal
ORD12123,CUST3286,2023-10-26,Pending,PayPal
ORD12124,CUST1741,2024-06-24,Pending,PayPal
ORD12125,CUST1863,2024-06-16,Shipped,PayPal
ORD12126,CUST3550,2023-02-07,Cancelled,PayPal
ORD12127,CUST1659,2024-02-12,Returned,PayPal
ORD12128,CUST1357,2023-09-04,Delivered,PayPal
ORD12129,CUST4896,2023-01-26,Pending,Credit Card
ORD12130,CUST3016,2025-06-12,Cancelled,Cash on Delivery
ORD12131,CUST3660,2023-10-20,Delivered,Cash on Delivery
ORD12132,CUST4520,2023-01-22,Delivered,Credit Card
ORD12133,CUST3841,2023-11-20,Cancelled,Cash on Delivery
ORD12134,CUST5743,2024-09-15,Returned,PayPal
ORD12135,CUST2363,2022-11-08,Cancelled,Credit Card
ORD12136,CUST2888,2024-12-28,Cancelled,Cash on Delivery
ORD12137,CUST3174,2024-06-11,Delivered,PayPal
ORD12138,CUST1438,2024-08-15,Pending,PayPal
ORD12139,CUST2429,2023-11-04,Pending,PayPal
ORD12140,CUST5398,2023-04-22,Shipped,Credit Card
ORD12141,CUST2330,2022-10-04,Pending,Credit Card
ORD12142,CUST4917,2024-05-09,Delivered,Credit Card
ORD12143,CUST3063,2024-05-25,Shipped,Credit Card
ORD12144,CUST1982,2023-10-27,Returned,Credit Card
ORD12145,CUST3696,2025-07-16,Returned,Cash on Delivery
ORD12146,CUST1990,2022-11-15,Returned,Cash on Delivery
ORD12147,CUST1456,2023-05-01,Delivered,PayPal
ORD12148,CUST4899,2025-06-03,Cancelled,PayPal
ORD12149,CUST1754,2022-09-15,Delivered,Credit Card
ORD12150,CUST3421,2023-07-16,Cancelled,Cash on Delivery
ORD12151,CUST2340,2022-11-27,Returned,Cash on Delivery
ORD12152,CUST4977,2024-12-03,Delivered,PayPal
ORD12153,CUST5010,2023-05-21,Returned,Credit Card
ORD12154,CUST1000,2023-11-30,Returned,PayPal
ORD12155,CUST5003,2025-04-04,Pending,Cash on Delivery
ORD12156,CUST3381,2025-06-06,Cancelled,Cash on Delivery
ORD12157,CUST5811,2024-12-12,Delivered,Cash on Delivery
ORD12158,CUST5165,2023-01-04,Cancelled,Cash on Delivery
ORD12159,CUST5206,2025-07-21,Pending,Cash on Delivery
ORD12160,CUST1243,2024-07-12,Delivered,Credit Card
ORD12161,CUST4837,2023-09-13,Cancelled,Cash on Delivery
ORD12162,CUST2424,2025-02-21,Pending,PayPal
ORD12163,CUST3135,2024-10-16,Shipped,Credit Card
ORD12164,CUST4229,2024-04-20,Cancelled,PayPal
ORD12165,CUST3621,2024-11-17,Returned,Cash on Delivery
ORD12166,CUST4024,2022-12-02,Shipped,Credit Card
ORD12167,CUST5361,2022-11-22,Pending,PayPal
ORD12168,CUST4744,2024-01-20,Returned,Cash on Delivery
ORD12169,CUST5529,2022-09-08,Returned,PayPal
ORD12170,CUST1969,2023-04-11,Shipped,Cash on Delivery
ORD12171,CUST5148,2024-02-21,Shipped,Credit Card
ORD12172,CUST1387,2023-08-11,Shipped,Credit Card
ORD12173,CUST3783,2023-01-26,Returned,PayPal
ORD12174,CUST1103,2024-02-13,Shipped,PayPal
ORD12175,CUST3050,2025-01-09,Shipped,PayPal
ORD12176,CUST3242,2023-12-18,Delivered,Cash on Delivery
ORD12177,CUST2633,2024-06-29,Cancelled,Cash on Delivery
ORD12178,CUST1104,2024-04-10,Shipped,Cash on Delivery
ORD12179,CUST4723,2025-01-19,Shipped,Cash on Delivery
ORD12180,CUST1446,2022-12-24,Pending,Cash on Delivery
ORD12181,CUST2342,2024-08-11,Cancelled,PayPal
ORD12182,CUST4057,2024-06-28,Shipped,PayPal
ORD12183,CUST3886,2024-04-27,Delivered,Cash on Delivery
ORD12184,CUST3620,2023-02-10,Returned,Credit Card
ORD12185,CUST1053,2022-10-02,Cancelled,Credit Card
ORD12186,CUST5520,2025-07-10,Pending,Cash on Delivery
ORD12187,CUST4552,2022-10-18,Cancelled,PayPal
ORD12188,CUST5050,2023-05-14,Shipped,Credit Card
ORD12189,CUST2438,2023-03-23,Returned,PayPal
ORD12190,CUST5519,2025-03-16,Returned,PayPal
ORD12191,CUST1364,2022-12-06,Pending,Credit Card
ORD12192,CUST2797,2024-09-09,Shipped,Cash on Delivery
ORD12193,CUST1478,2024-11-23,Shipped,Credit Card
ORD12194,CUST4753,2023-03-28,Pending,PayPal
ORD12195,CUST4177,2023-11-24,Pending,PayPal
ORD12196,CUST5415,2023-06-21,Pending,Cash on Delivery
ORD12197,CUST1195,2023-09-13,Pending,PayPal
ORD12198,CUST2109,2023-02-06,Pending,PayPal
ORD12199,CUST5763,2022-11-02,Cancelled,PayPal
ORD12200,CUST1392,2024-11-11,Pending,PayPal
ORD12201,CUST2851,2023-01-06,Returned,Cash on Delivery
ORD12202,CUST4143,2024-12-23,Delivered,Cash on Delivery
ORD12203,CUST2368,2022-12-12,Delivered,PayPal
ORD12204,CUST5532,2023-08-27,Returned,PayPal
ORD12205,CUST1035,2024-09-07,Shipped,PayPal
ORD12206,CUST4022,2023-01-04,Pending,Cash on Delivery
ORD12207,CUST3271,2025-06-11,Returned,PayPal
ORD12208,CUST2792,2023-01-12,Pending,Credit Card
ORD12209,CUST3076,2024-06-05,Pending,PayPal
ORD12210,CUST4769,2023-03-21,Returned,Credit Card
ORD12211,CUST1232,2024-12-09,Pending,Credit Card
ORD12212,CUST5780,2023-07-24,Shipped,Credit Card
ORD12213,CUST4885,2025-04-04,Delivered,Cash on Delivery
ORD12214,CUST1252,2023-05-21,Pending,Cash on Delivery
ORD12215,CUST4523,2025-03-29,Cancelled,PayPal
ORD12216,CUST3801,2023-01-27,Delivered,Cash on Delivery
ORD12217,CUST2325,2022-12-16,Cancelled,PayPal
ORD12218,CUST5316,2024-12-30,Returned,Cash on Delivery
ORD12219,CUST5114,2023-02-26,Returned,PayPal
ORD12220,CUST5966,2025-02-08,Returned,Cash on Delivery
ORD12221,CUST2945,2023-10-16,Pending,Cash on Delivery
ORD12222,CUST5783,2024-07-04,Pending,PayPal
ORD12223,CUST4546,2023-10-19,Shipped,PayPal
ORD12224,CUST3217,2023-05-26,Returned,Cash on Delivery
ORD12225,CUST3120,2023-09-09,Delivered,Cash on Delivery
ORD12226,CUST3198,2023-04-03,Returned,Cash on Delivery
ORD12227,CUST2928,2025-06-04,Cancelled,Cash on Delivery
ORD12228,CUST1413,2023-11-05,Shipped,PayPal
ORD12229,CUST2595,2023-06-27,Shipped,PayPal
ORD12230,CUST2754,2023-10-24,Returned,Cash on Delivery
ORD12231,CUST1395,2023-07-08,Delivered,PayPal
ORD12232,CUST3900,2023-11-25,Shipped,Cash on Delivery
ORD12233,CUST5404,2025-06-17,Delivered,Cash on Delivery
ORD12234,CUST5391,2024-10-03,Cancelled,Cash on Delivery
ORD12235,CUST1681,2025-01-15,Returned,Cash on Delivery
ORD12236,CUST1405,2023-05-25,Pending,PayPal
ORD12237,CUST5681,2023-06-30,Shipped,Cash on Delivery
ORD12238,CUST3407,2023-06-06,Returned,PayPal
ORD12239,CUST2434,2024-04-03,Returned,PayPal
ORD12240,CUST5485,2024-04-04,Returned,PayPal
ORD12241,CUST4835,2023-05-10,Delivered,PayPal
ORD12242,CUST3272,2022-11-06,Cancelled,PayPal
ORD12243,CUST2794,2023-07-15,Pending,Cash on Delivery
ORD12244,CUST2559,2022-12-06,Shipped,Credit Card
ORD12245,CUST4859,2024-01-04,Shipped,Cash on Delivery
ORD12246,CUST4410,2024-06-14,Delivered,Credit Card
ORD12247,CUST5101,2023-03-26,Delivered,Cash on Delivery
ORD12248,CUST2483,2024-02-28,Shipped,Cash on Delivery
ORD12249,CUST1538,2025-07-12,Returned,Cash on Delivery
ORD12250,CUST3288,2023-09-22,Returned,Credit Card
ORD12251,CUST5079,2024-02-06,Pending,Cash on Delivery
ORD12252,CUST5103,2024-07-13,Returned,Cash on Delivery
ORD12253,CUST4697,2024-01-20,Pending,PayPal
ORD12254,CUST1242,2022-09-06,Shipped,PayPal
ORD12255,CUST5384,2024-11-16,Returned,PayPal
ORD12256,CUST1232,2025-07-30,Shipped,Cash on Delivery
ORD12257,CUST2731,2024-10-29,Returned,PayPal
ORD12258,CUST5445,2024-10-29,Cancelled,Credit Card
ORD12259,CUST2286,2023-05-12,Cancelled,Cash on Delivery
ORD12260,CUST1428,2024-01-19,Delivered,Credit Card
ORD12261,CUST3755,2024-10-17,Cancelled,Cash on Delivery
ORD12262,CUST4016,2025-03-09,Cancelled,Credit Card
ORD12263,CUST4122,2023-09-03,Shipped,PayPal
ORD12264,CUST4924,2024-08-05,Shipped,Cash on Delivery
ORD12265,CUST1416,2024-11-25,Delivered,Cash on Delivery
ORD12266,CUST5060,2022-09-23,Cancelled,Cash on Delivery
ORD12267,CUST2383,2023-05-10,Delivered,Credit Card
ORD12268,CUST1274,2025-03-22,Shipped,PayPal
ORD12269,CUST3440,2023-02-13,Shipped,Credit Card
ORD12270,CUST1619,2025-07-04,Shipped,Credit Card
ORD12271,CUST5028,2025-01-04,Delivered,PayPal
ORD12272,CUST3937,2024-01-01,Cancelled,Cash on Delivery
ORD12273,CUST4997,2024-06-07,Delivered,Credit Card
ORD12274,CUST4323,2023-05-24,Delivered,Cash on Delivery
ORD12275,CUST3166,2023-05-01,Pending,Credit Card
ORD12276,CUST2010,2023-04-18,Cancelled,Credit Card
ORD12277,CUST3331,2024-05-15,Shipped,Cash on Delivery
ORD12278,CUST3135,2024-11-12,Shipped,Credit Card
ORD12279,CUST4765,2023-10-20,Returned,PayPal
ORD12280,CUST5744,2025-08-20,Delivered,Credit Card
ORD12281,CUST2586,2023-11-05,Pending,Credit Card
ORD12282,CUST2745,2024-08-24,Pending,PayPal
ORD12283,CUST5091,2022-10-21,Pending,Credit Card
ORD12284,CUST1376,2024-05-15,Returned,PayPal
ORD12285,CUST5093,2023-01-13,Shipped,Cash on Delivery
ORD12286,CUST1512,2024-09-20,Returned,Credit Card
ORD12287,CUST2403,2025-02-17,Shipped,Credit Card
ORD12288,CUST5999,2025-07-21,Shipped,Credit Card
ORD12289,CUST2290,2023-05-11,Returned,Cash on Delivery
ORD12290,CUST2112,2023-05-21,Pending,PayPal
ORD12291,CUST1120,2025-03-08,Delivered,PayPal
ORD12292,CUST5153,2024-12-02,Delivered,Credit Card
ORD12293,CUST5758,2025-05-24,Cancelled,Cash on Delivery
ORD12294,CUST2933,2025-08-03,Delivered,Cash on Delivery
ORD12295,CUST1177,2024-12-17,Pending,Credit Card
ORD12296,CUST2160,2025-02-15,Cancelled,PayPal
ORD12297,CUST3643,2024-07-12,Returned,PayPal
ORD12298,CUST1767,2024-10-28,Delivered,Credit Card
ORD12299,CUST4243,2024-05-26,Cancelled,Credit Card
ORD12300,CUST5842,2024-03-05,Returned,PayPal
ORD12301,CUST4983,2023-04-25,Pending,Credit Card
ORD12302,CUST2012,2024-05-07,Returned,PayPal
ORD12303,CUST1176,2023-09-21,Shipped,Credit Card
ORD12304,CUST1185,2022-10-11,Shipped,Credit Card
ORD12305,CUST3303,2022-09-03,Pending,Credit Card
ORD12306,CUST5529,2023-11-05,Delivered,PayPal
ORD12307,CUST1618,2025-04-01,Shipped,PayPal
ORD12308,CUST4459,2023-11-20,Shipped,Cash on Delivery
ORD12309,CUST1240,2024-05-07,Shipped,PayPal
ORD12310,CUST5694,2024-04-09,Shipped,Cash on Delivery
ORD12311,CUST1459,2023-09-14,Delivered,Credit Card
ORD12312,CUST4924,2023-09-20,Shipped,Cash on Delivery
ORD12313,CUST1488,2025-03-23,Returned,Credit Card
ORD12314,CUST5753,2023-02-07,Cancelled,PayPal
ORD12315,CUST5445,2022-11-10,Returned,Credit Card
ORD12316,CUST1406,2023-05-22,Shipped,Cash on Delivery
ORD12317,CUST1031,2024-05-17,Cancelled,Cash on Delivery
ORD12318,CUST4383,2023-12-09,Delivered,PayPal
ORD12319,CUST2532,2025-03-28,Cancelled,PayPal
ORD12320,CUST1938,2025-03-27,Pending,PayPal
ORD12321,CUST1049,2024-05-13,Cancelled,Credit Card
ORD12322,CUST4303,2023-10-11,Pending,Credit Card
ORD12323,CUST3589,2022-10-18,Returned,PayPal
ORD12324,CUST1178,2023-02-26,Pending,Cash on Delivery
ORD12325,CUST5448,2023-09-20,Delivered,Credit Card
ORD12326,CUST2572,2025-06-12,Pending,Cash on Delivery
ORD12327,CUST5176,2023-03-08,Cancelled,Cash on Delivery
ORD12328,CUST3625,2024-01-07,Cancelled,Cash on Delivery
ORD12329,CUST3916,2024-04-14,Cancelled,Cash on Delivery
ORD12330,CUST2789,2023-06-11,Returned,PayPal
ORD12331,CUST3324,2024-09-04,Delivered,PayPal
ORD12332,CUST3331,2025-08-12,Returned,Credit Card
ORD12333,CUST1651,2023-03-21,Pending,PayPal
ORD12334,CUST5273,2025-04-20,Cancelled,Credit Card
ORD12335,CUST4986,2024-03-21,Shipped,PayPal
ORD12336,CUST2835,2022-12-04,Returned,Cash on Delivery
ORD12337,CUST4209,2023-04-27,Cancelled,Cash on Delivery
ORD12338,CUST1156,2025-05-11,Returned,PayPal
ORD12339,CUST5998,2024-06-28,Delivered,PayPal
ORD12340,CUST1186,2025-08-02,Pending,Cash on Delivery
ORD12341,CUST4353,2024-05-01,Shipped,PayPal
ORD12342,CUST4118,2023-12-01,Pending,Cash on Delivery
ORD12343,CUST3354,2023-08-29,Delivered,Cash on Delivery
ORD12344,CUST5086,2023-09-03,Cancelled,Cash on Delivery
ORD12345,CUST4693,2024-09-02,Pending,Cash on Delivery
ORD12346,CUST5194,2023-09-25,Delivered,Credit Card
ORD12347,CUST2881,2023-05-06,Returned,PayPal
ORD12348,CUST1085,2024-04-25,Pending,Credit Card
ORD12349,CUST1332,2023-02-26,Pending,PayPal
ORD12350,CUST3647,2024-12-30,Cancelled,Credit Card
ORD12351,CUST3465,2022-09-30,Returned,Credit Card
ORD12352,CUST2058,2025-01-23,Shipped,PayPal
ORD12353,CUST3985,2022-09-18,Cancelled,PayPal
ORD12354,CUST2326,2023-12-29,Shipped,PayPal
ORD12355,CUST2991,2024-08-15,Pending,Cash on Delivery
ORD12356,CUST2767,2023-05-22,Pending,Cash on Delivery
ORD12357,CUST5051,2023-03-02,Pending,Cash on Delivery
ORD12358,CUST2447,2023-07-30,Delivered,PayPal
ORD12359,CUST1987,2023-05-16,Cancelled,Cash on Delivery
ORD12360,CUST1489,2023-12-20,Cancelled,PayPal
ORD12361,CUST5464,2025-08-20,Cancelled,Credit Card
ORD12362,CUST4026,2022-11-11,Returned,PayPal
ORD12363,CUST3702,2025-08-08,Returned,Cash on Delivery
ORD12364,CUST1531,2024-02-12,Delivered,Cash on Delivery
ORD12365,CUST2457,2024-10-28,Delivered,PayPal
ORD12366,CUST2079,2025-05-10,Delivered,Cash on Delivery
ORD12367,CUST1208,2024-11-14,Delivered,Cash on Delivery
ORD12368,CUST2668,2023-10-26,Shipped,PayPal
ORD12369,CUST2948,2023-11-10,Shipped,Credit Card
ORD12370,CUST5779,2023-11-20,Pending,Cash on Delivery
ORD12371,CUST3438,2023-10-31,Delivered,PayPal
ORD12372,CUST3159,2024-12-05,Shipped,Cash on Delivery
ORD12373,CUST1333,2023-05-09,Cancelled,Credit Card
ORD12374,CUST3759,2023-08-29,Delivered,Credit Card
ORD12375,CUST1782,2023-02-23,Delivered,PayPal
ORD12376,CUST4194,2023-12-29,Cancelled,Cash on Delivery
ORD12377,CUST4428,2022-10-24,Delivered,PayPal
ORD12378,CUST2824,2024-01-02,Pending,PayPal
ORD12379,CUST2540,2024-12-04,Shipped,Credit Card
ORD12380,CUST5298,2025-02-27,Delivered,Cash on Delivery
ORD12381,CUST1576,2022-09-04,Cancelled,Credit Card
ORD12382,CUST2586,2025-04-02,Returned,Credit Card
ORD12383,CUST4479,2024-08-01,Cancelled,PayPal
ORD12384,CUST3006,2023-04-12,Shipped,PayPal
ORD12385,CUST4635,2024-04-16,Pending,PayPal
ORD12386,CUST5610,2024-01-07,Delivered,Cash on Delivery
ORD12387,CUST5271,2025-02-11,Delivered,Credit Card
ORD12388,CUST3006,2024-09-05,Cancelled,Credit Card
ORD12389,CUST1700,2023-02-26,Delivered,PayPal
ORD12390,CUST3490,2022-10-29,Cancelled,Credit Card
ORD12391,CUST1535,2023-05-14,Delivered,Cash on Delivery
ORD12392,CUST3596,2024-08-26,Cancelled,PayPal
ORD12393,CUST4452,2024-06-04,Cancelled,Cash on Delivery
ORD12394,CUST5587,2024-10-22,Delivered,Credit Card
ORD12395,CUST2916,2023-02-08,Shipped,PayPal
ORD12396,CUST2843,2024-12-06,Returned,Cash on Delivery
ORD12397,CUST5135,2024-03-31,Cancelled,PayPal
ORD12398,CUST3079,2024-03-15,Delivered,Credit Card
ORD12399,CUST1573,2024-12-14,Shipped,PayPal
ORD12400,CUST1418,2023-06-27,Cancelled,Cash on Delivery
ORD12401,CUST2794,2023-06-01,Returned,Cash on Delivery
ORD12402,CUST1622,2024-09-19,Returned,Credit Card
ORD12403,CUST2492,2024-03-07,Pending,Credit Card
ORD12404,CUST5596,2025-04-09,Returned,PayPal
ORD12405,CUST3398,2023-04-14,Shipped,Cash on Delivery
ORD12406,CUST1354,2025-03-24,Returned,PayPal
ORD12407,CUST3434,2022-12-31,Returned,Credit Card
ORD12408,CUST4760,2025-03-30,Cancelled,Credit Card
ORD12409,CUST5514,2025-03-11,Delivered,Credit Card
ORD12410,CUST4144,2024-12-28,Pending,PayPal
ORD12411,CUST2406,2025-07-22,Shipped,PayPal
ORD12412,CUST3470,2023-02-11,Shipped,Credit Card
ORD12413,CUST3387,2022-08-25,Shipped,PayPal
ORD12414,CUST1768,2022-08-27,Cancelled,Credit Card
ORD12415,CUST2983,2022-10-12,Returned,Credit Card
ORD12416,CUST5364,2025-05-26,Cancelled,Cash on Delivery
ORD12417,CUST5086,2022-12-04,Cancelled,PayPal
ORD12418,CUST4533,2025-01-25,Pending,Cash on Delivery
ORD12419,CUST4441,2024-06-25,Shipped,PayPal
ORD12420,CUST1001,2025-04-08,Pending,Cash on Delivery
ORD12421,CUST2951,2023-12-15,Shipped,PayPal
ORD12422,CUST3132,2025-01-28,Shipped,PayPal
ORD12423,CUST5472,2024-11-22,Shipped,Cash on Delivery
ORD12424,CUST2100,2024-11-04,Returned,Credit Card
ORD12425,CUST2366,2024-04-21,Pending,Cash on Delivery
ORD12426,CUST2047,2025-04-23,Delivered,PayPal
ORD12427,CUST1085,2025-01-15,Pending,Cash on Delivery
ORD12428,CUST4013,2023-11-28,Delivered,Cash on Delivery
ORD12429,CUST1232,2023-07-04,Shipped,Cash on Delivery
ORD12430,CUST2217,2024-01-29,Delivered,Credit Card
ORD12431,CUST3164,2024-09-27,Shipped,Cash on Delivery
ORD12432,CUST3708,2024-03-14,Delivered,Credit Card
ORD12433,CUST1769,2023-07-15,Delivered,PayPal
ORD12434,CUST5505,2025-06-08,Shipped,Cash on Delivery
ORD12435,CUST2533,2025-06-29,Cancelled,Credit Card
ORD12436,CUST3063,2025-01-18,Returned,PayPal
ORD12437,CUST2293,2023-04-20,Pending,Cash on Delivery
ORD12438,CUST5408,2023-06-12,Pending,Cash on Delivery
ORD12439,CUST2401,2025-03-05,Shipped,Credit Card
ORD12440,CUST4507,2023-09-29,Cancelled,PayPal
ORD12441,CUST3909,2024-12-17,Cancelled,Cash on Delivery
ORD12442,CUST5873,2024-11-06,Returned,Credit Card
ORD12443,CUST1180,2024-06-19,Delivered,Cash on Delivery
ORD12444,CUST5097,2022-09-21,Pending,Cash on Delivery
ORD12445,CUST3330,2024-04-17,Returned,PayPal
ORD12446,CUST2269,2025-02-27,Cancelled,Credit Card
ORD12447,CUST2176,2024-10-24,Cancelled,Credit Card
ORD12448,CUST4765,2025-07-29,Cancelled,Cash on Delivery
ORD12449,CUST4083,2025-03-24,Returned,PayPal
ORD12450,CUST4793,2024-10-13,Pending,Credit Card
ORD12451,CUST3233,2023-11-01,Cancelled,Cash on Delivery
ORD12452,CUST2231,2023-03-18,Pending,Credit Card
ORD12453,CUST2766,2024-07-03,Returned,Credit Card
ORD12454,CUST4834,2024-02-13,Pending,Credit Card
ORD12455,CUST2065,2022-12-14,Pending,PayPal
ORD12456,CUST2073,2025-06-30,Delivered,Cash on Delivery
ORD12457,CUST3288,2023-04-23,Shipped,PayPal
ORD12458,CUST5612,2024-02-12,Cancelled,Cash on Delivery
ORD12459,CUST5050,2023-06-27,Delivered,Credit Card
ORD12460,CUST5880,2024-04-27,Pending,Credit Card
ORD12461,CUST4525,2023-01-03,Cancelled,Credit Card
ORD12462,CUST4053,2024-01-21,Pending,PayPal
ORD12463,CUST5298,2024-02-02,Returned,Cash on Delivery
ORD12464,CUST4225,2024-03-05,Shipped,PayPal
ORD12465,CUST1701,2022-12-10,Shipped,PayPal
ORD12466,CUST2684,2024-01-20,Cancelled,PayPal
ORD12467,CUST3887,2024-01-12,Delivered,PayPal
ORD12468,CUST5342,2022-10-26,Delivered,Cash on Delivery
ORD12469,CUST4493,2024-07-07,Returned,Credit Card
ORD12470,CUST2699,2024-12-23,Returned,Credit Card
ORD12471,CUST3350,2024-03-04,Pending,PayPal
ORD12472,CUST4922,2025-05-16,Delivered,PayPal
ORD12473,CUST2804,2023-07-31,Cancelled,Cash on Delivery
ORD12474,CUST2477,2023-05-14,Shipped,Credit Card
ORD12475,CUST5267,2023-09-02,Shipped,Credit Card
ORD12476,CUST4245,2023-06-10,Returned,PayPal
ORD12477,CUST2981,2023-12-05,Delivered,Cash on Delivery
ORD12478,CUST4573,2023-06-16,Returned,Cash on Delivery
ORD12479,CUST5902,2022-10-24,Cancelled,Cash on Delivery
ORD12480,CUST4903,2025-02-01,Cancelled,PayPal
ORD12481,CUST2417,2023-04-30,Shipped,Credit Card
ORD12482,CUST5048,2025-02-18,Shipped,PayPal
ORD12483,CUST5933,2022-09-05,Cancelled,Cash on Delivery
ORD12484,CUST5005,2025-04-06,Returned,Cash on Delivery
ORD12485,CUST5234,2024-10-04,Cancelled,Credit Card
ORD12486,CUST3863,2023-07-31,Returned,Cash on Delivery
ORD12487,CUST3756,2023-07-23,Shipped,Credit Card
ORD12488,CUST2064,2025-08-03,Pending,Credit Card
ORD12489,CUST4539,2024-07-02,Shipped,Cash on Delivery
ORD12490,CUST2406,2023-01-07,Delivered,PayPal
ORD12491,CUST3780,2024-02-18,Cancelled,PayPal
ORD12492,CUST4789,2025-05-08,Shipped,Cash on Delivery
ORD12493,CUST1199,2025-03-03,Delivered,Cash on Delivery
ORD12494,CUST1401,2024-12-02,Returned,Credit Card
ORD12495,CUST2909,2023-08-13,Returned,PayPal
ORD12496,CUST2588,2024-11-24,Cancelled,Cash on Delivery
ORD12497,CUST3383,2024-12-04,Pending,Cash on Delivery
ORD12498,CUST2485,2023-08-16,Delivered,Cash on Delivery
ORD12499,CUST2877,2024-04-20,Shipped,Credit Card
ORD12500,CUST3491,2024-04-28,Pending,PayPal
ORD12501,CUST4296,2024-01-16,Returned,Credit Card
ORD12502,CUST3922,2023-02-12,Shipped,Cash on Delivery
ORD12503,CUST3876,2023-03-03,Pending,Credit Card
ORD12504,CUST1881,2023-09-09,Cancelled,PayPal
ORD12505,CUST3497,2022-10-26,Shipped,Credit Card
ORD12506,CUST4389,2023-09-09,Returned,PayPal
ORD12507,CUST5079,2023-08-02,Pending,Credit Card
ORD12508,CUST1761,2023-09-04,Pending,Credit Card
ORD12509,CUST2595,2023-04-06,Cancelled,Cash on Delivery
ORD12510,CUST4352,2022-12-11,Returned,Cash on Delivery
ORD12511,CUST3626,2024-08-26,Returned,Credit Card
ORD12512,CUST1103,2025-06-18,Cancelled,PayPal
ORD12513,CUST2859,2023-01-02,Shipped,PayPal
ORD12514,CUST4005,2023-04-20,Cancelled,Credit Card
ORD12515,CUST1837,2025-03-31,Returned,Credit Card
ORD12516,CUST5314,2024-04-05,Returned,Cash on Delivery
ORD12517,CUST5805,2023-09-15,Pending,Credit Card
ORD12518,CUST2612,2023-02-23,Delivered,Credit Card
ORD12519,CUST5874,2025-08-23,Delivered,Credit Card
ORD12520,CUST1478,2024-07-14,Pending,Credit Card
ORD12521,CUST4223,2025-02-01,Delivered,Credit Card
ORD12522,CUST1323,2024-01-11,Shipped,Cash on Delivery
ORD12523,CUST2587,2024-02-01,Returned,Cash on Delivery
ORD12524,CUST4565,2023-07-28,Delivered,Credit Card
ORD12525,CUST4379,2025-03-02,Delivered,Credit Card
ORD12526,CUST1634,2022-11-30,Returned,Cash on Delivery
ORD12527,CUST4630,2024-06-14,Shipped,Credit Card
ORD12528,CUST3827,2023-01-27,Delivered,PayPal
ORD12529,CUST1089,2024-06-09,Shipped,PayPal
ORD12530,CUST3483,2024-09-13,Shipped,PayPal
ORD12531,CUST2445,2024-03-12,Delivered,Cash on Delivery
ORD12532,CUST2169,2025-06-02,Pending,PayPal
ORD12533,CUST5410,2024-09-02,Returned,PayPal
ORD12534,CUST2208,2023-12-13,Pending,Cash on Delivery
ORD12535,CUST1239,2023-01-27,Cancelled,Credit Card
ORD12536,CUST2901,2023-08-26,Returned,PayPal
ORD12537,CUST2597,2024-09-06,Shipped,Credit Card
ORD12538,CUST2653,2025-05-14,Delivered,Cash on Delivery
ORD12539,CUST3605,2022-11-26,Returned,Cash on Delivery
ORD12540,CUST4514,2023-08-19,Cancelled,Credit Card
ORD12541,CUST3945,2024-04-21,Pending,Cash on Delivery
ORD12542,CUST2389,2023-04-17,Cancelled,PayPal
ORD12543,CUST5856,2024-08-20,Returned,Cash on Delivery
ORD12544,CUST4831,2024-03-14,Pending,Credit Card
ORD12545,CUST1612,2023-08-14,Cancelled,Credit Card
ORD12546,CUST2670,2024-09-04,Cancelled,Cash on Delivery
ORD12547,CUST2272,2023-03-27,Returned,Credit Card
ORD12548,CUST1686,2023-10-31,Shipped,Cash on Delivery
ORD12549,CUST5889,2023-07-19,Pending,Credit Card
ORD12550,CUST2387,2024-05-29,Shipped,Credit Card
ORD12551,CUST2055,2024-09-20,Delivered,Credit Card
ORD12552,CUST3788,2024-10-12,Shipped,Credit Card
ORD12553,CUST2605,2025-02-21,Returned,PayPal
ORD12554,CUST4320,2025-01-13,Returned,Credit Card
ORD12555,CUST2391,2022-10-17,Returned,PayPal
ORD12556,CUST1377,2023-10-15,Returned,Credit Card
ORD12557,CUST2312,2025-07-26,Shipped,Cash on Delivery
ORD12558,CUST2501,2023-09-29,Cancelled,Credit Card
ORD12559,CUST5047,2025-03-31,Returned,Cash on Delivery
ORD12560,CUST3152,2023-01-14,Pending,Cash on Delivery
ORD12561,CUST2302,2024-08-14,Delivered,Cash on Delivery
ORD12562,CUST2021,2024-02-15,Shipped,Cash on Delivery
ORD12563,CUST5775,2023-05-02,Cancelled,PayPal
ORD12564,CUST2372,2025-03-13,Cancelled,Credit Card
ORD12565,CUST2544,2022-11-04,Returned,Credit Card
ORD12566,CUST4930,2025-03-12,Shipped,Cash on Delivery
ORD12567,CUST1912,2024-04-28,Pending,Credit Card
ORD12568,CUST3895,2023-10-28,Cancelled,Credit Card
ORD12569,CUST3090,2025-05-09,Delivered,Credit Card
ORD12570,CUST3099,2024-03-29,Shipped,Cash on Delivery
ORD12571,CUST4027,2023-07-18,Delivered,PayPal
ORD12572,CUST5916,2024-07-26,Cancelled,PayPal
ORD12573,CUST4823,2024-05-09,Delivered,Cash on Delivery
ORD12574,CUST3747,2024-02-09,Cancelled,Credit Card
ORD12575,CUST1105,2024-03-20,Shipped,Credit Card
ORD12576,CUST1901,2025-06-02,Cancelled,Credit Card
ORD12577,CUST2664,2024-05-29,Shipped,Cash on Delivery
ORD12578,CUST4909,2024-11-14,Returned,Cash on Delivery
ORD12579,CUST4409,2023-10-19,Pending,Credit Card
ORD12580,CUST4786,2023-12-05,Cancelled,Credit Card
ORD12581,CUST2430,2025-06-26,Pending,Credit Card
ORD12582,CUST2968,2023-11-18,Pending,Credit Card
ORD12583,CUST1357,2024-04-24,Pending,Cash on Delivery
ORD12584,CUST3904,2023-04-02,Cancelled,Cash on Delivery
ORD12585,CUST1439,2024-07-17,Returned,Cash on Delivery
ORD12586,CUST2689,2023-12-20,Pending,PayPal
ORD12587,CUST1862,2025-04-24,Cancelled,Cash on Delivery
ORD12588,CUST2165,2024-07-02,Delivered,Credit Card
ORD12589,CUST4763,2024-11-13,Cancelled,Cash on Delivery
ORD12590,CUST3906,2023-09-18,Shipped,Cash on Delivery
ORD12591,CUST4366,2023-03-19,Shipped,PayPal
ORD12592,CUST5808,2025-05-20,Cancelled,PayPal
ORD12593,CUST3894,2023-04-09,Pending,Cash on Delivery
ORD12594,CUST2225,2023-02-19,Pending,Credit Card
ORD12595,CUST4868,2024-07-31,Delivered,Credit Card
ORD12596,CUST4872,2023-10-02,Shipped,Cash on Delivery
ORD12597,CUST3635,2023-07-28,Shipped,PayPal
ORD12598,CUST5907,2024-02-29,Delivered,Credit Card
ORD12599,CUST1978,2023-09-06,Pending,Cash on Delivery
ORD12600,CUST4863,2023-05-23,Shipped,Credit Card
ORD12601,CUST2031,2025-04-07,Returned,PayPal
ORD12602,CUST3247,2025-05-05,Returned,Credit Card
ORD12603,CUST4377,2025-06-29,Delivered,Cash on Delivery
ORD12604,CUST5324,2022-09-07,Delivered,Cash on Delivery
ORD12605,CUST2600,2024-03-13,Delivered,Credit Card
ORD12606,CUST2329,2024-01-01,Pending,PayPal
ORD12607,CUST2668,2023-10-25,Shipped,PayPal
ORD12608,CUST5771,2023-03-22,Shipped,Cash on Delivery
ORD12609,CUST4549,2024-02-06,Shipped,Cash on Delivery
ORD12610,CUST3195,2024-09-11,Cancelled,Cash on Delivery
ORD12611,CUST3837,2022-12-18,Shipped,PayPal
ORD12612,CUST1060,2022-08-25,Shipped,Credit Card
ORD12613,CUST5909,2023-09-26,Returned,PayPal
ORD12614,CUST4777,2023-03-04,Pending,Credit Card
ORD12615,CUST2771,2023-11-01,Delivered,Cash on Delivery
ORD12616,CUST1587,2023-10-14,Delivered,Cash on Delivery
ORD12617,CUST5377,2025-01-09,Delivered,PayPal
ORD12618,CUST4998,2023-07-29,Shipped,PayPal
ORD12619,CUST5187,2024-10-21,Shipped,Credit Card
ORD12620,CUST1163,2023-05-07,Shipped,Cash on Delivery
ORD12621,CUST2658,2025-01-16,Cancelled,Credit Card
ORD12622,CUST5840,2024-01-10,Returned,Cash on Delivery
ORD12623,CUST2747,2025-07-19,Cancelled,PayPal
ORD12624,CUST1347,2025-07-16,Cancelled,Cash on Delivery
ORD12625,CUST3333,2023-05-16,Returned,Credit Card
ORD12626,CUST1192,2023-10-17,Shipped,Cash on Delivery
ORD12627,CUST2370,2024-08-25,Shipped,Cash on Delivery
ORD12628,CUST1716,2025-08-12,Delivered,Cash on Delivery
ORD12629,CUST5848,2024-02-24,Returned,Cash on Delivery
ORD12630,CUST4383,2025-08-08,Returned,Cash on Delivery
ORD12631,CUST2137,2023-07-16,Delivered,Cash on Delivery
ORD12632,CUST1209,2024-07-12,Pending,PayPal
ORD12633,CUST5539,2024-03-23,Shipped,PayPal
ORD12634,CUST4141,2024-05-01,Pending,PayPal
ORD12635,CUST1569,2024-03-29,Cancelled,PayPal
ORD12636,CUST1842,2024-04-26,Cancelled,PayPal
ORD12637,CUST1000,2024-12-30,Cancelled,PayPal
ORD12638,CUST1259,2023-07-18,Shipped,Credit Card
ORD12639,CUST5282,2024-12-26,Delivered,PayPal
ORD12640,CUST1268,2022-10-07,Delivered,PayPal
ORD12641,CUST3607,2023-04-26,Pending,PayPal
ORD12642,CUST5656,2025-02-13,Cancelled,Credit Card
ORD12643,CUST1356,2023-09-23,Delivered,PayPal
ORD12644,CUST2843,2025-04-25,Delivered,Cash on Delivery
ORD12645,CUST2404,2025-04-30,Pending,Credit Card
ORD12646,CUST2868,2023-05-09,Delivered,Cash on Delivery
ORD12647,CUST2168,2025-07-14,Returned,Credit Card
ORD12648,CUST4305,2022-10-08,Pending,Credit Card
ORD12649,CUST1733,2023-05-31,Delivered,Cash on Delivery
ORD12650,CUST1080,2022-08-26,Shipped,PayPal
ORD12651,CUST1517,2024-07-12,Returned,Credit Card
ORD12652,CUST1232,2025-03-07,Returned,Cash on Delivery
ORD12653,CUST4803,2025-06-21,Returned,PayPal
ORD12654,CUST3365,2025-02-09,Returned,Credit Card
ORD12655,CUST5530,2023-02-20,Pending,PayPal
ORD12656,CUST2628,2022-12-26,Cancelled,Cash on Delivery
ORD12657,CUST4264,2022-11-04,Shipped,Cash on Delivery
ORD12658,CUST3618,2022-10-12,Shipped,Credit Card
ORD12659,CUST1847,2025-03-13,Shipped,PayPal
ORD12660,CUST5852,2024-03-10,Pending,Cash on Delivery
ORD12661,CUST5256,2023-07-06,Shipped,Cash on Delivery
ORD12662,CUST5726,2025-02-20,Delivered,Credit Card
ORD12663,CUST2224,2025-02-02,Delivered,Credit Card
ORD12664,CUST2120,2024-03-12,Returned,Cash on Delivery
ORD12665,CUST4876,2024-01-10,Returned,PayPal
ORD12666,CUST2285,2022-12-13,Pending,PayPal
ORD12667,CUST4521,2025-07-15,Returned,PayPal
ORD12668,CUST4807,2025-03-16,Returned,Cash on Delivery
ORD12669,CUST5722,2024-09-14,Returned,PayPal
ORD12670,CUST5001,2023-05-16,Delivered,Cash on Delivery
ORD12671,CUST2499,2023-12-31,Delivered,PayPal
ORD12672,CUST4102,2022-11-04,Delivered,Credit Card
ORD12673,CUST5104,2022-12-18,Shipped,PayPal
ORD12674,CUST4859,2024-07-02,Delivered,PayPal
ORD12675,CUST1779,2024-06-01,Shipped,PayPal
ORD12676,CUST1279,2024-08-17,Delivered,PayPal
ORD12677,CUST1586,2023-12-09,Cancelled,PayPal
ORD12678,CUST5808,2023-12-08,Cancelled,Cash on Delivery
ORD12679,CUST3955,2025-07-24,Delivered,Credit Card
ORD12680,CUST1204,2025-04-16,Returned,PayPal
ORD12681,CUST3326,2023-10-27,Returned,Cash on Delivery
ORD12682,CUST1480,2023-10-20,Returned,PayPal
ORD12683,CUST3558,2024-01-12,Delivered,Credit Card
ORD12684,CUST1726,2024-12-04,Cancelled,PayPal
ORD12685,CUST5020,2023-10-01,Shipped,PayPal
ORD12686,CUST2621,2023-07-09,Delivered,PayPal
ORD12687,CUST1819,2025-07-12,Delivered,Cash on Delivery
ORD12688,CUST5201,2024-11-16,Returned,Credit Card
ORD12689,CUST5916,2023-04-09,Shipped,Credit Card
ORD12690,CUST3960,2025-04-02,Pending,Cash on Delivery
ORD12691,CUST4236,2024-11-29,Returned,Credit Card
ORD12692,CUST1204,2024-03-07,Shipped,Cash on Delivery
ORD12693,CUST1305,2023-07-06,Cancelled,Cash on Delivery
ORD12694,CUST5116,2024-09-08,Shipped,PayPal
ORD12695,CUST5792,2023-08-20,Returned,Cash on Delivery
ORD12696,CUST3702,2024-08-01,Delivered,Cash on Delivery
ORD12697,CUST5701,2023-03-01,Shipped,Cash on Delivery
ORD12698,CUST3837,2024-10-12,Delivered,Cash on Delivery
ORD12699,CUST1095,2024-11-25,Delivered,PayPal
ORD12700,CUST2760,2023-09-28,Pending,Credit Card
ORD12701,CUST2922,2023-12-23,Shipped,Cash on Delivery
ORD12702,CUST3306,2024-11-13,Returned,Credit Card
ORD12703,CUST4155,2024-05-12,Returned,Cash on Delivery
ORD12704,CUST5277,2025-03-26,Pending,Cash on Delivery
ORD12705,CUST4921,2024-11-23,Cancelled,Credit Card
ORD12706,CUST3717,2024-02-10,Shipped,PayPal
ORD12707,CUST1729,2024-12-03,Returned,PayPal
ORD12708,CUST1020,2024-07-23,Shipped,Credit Card
ORD12709,CUST3089,2022-10-13,Shipped,Cash on Delivery
ORD12710,CUST5315,2025-03-19,Pending,Credit Card
ORD12711,CUST2759,2023-04-10,Delivered,PayPal
ORD12712,CUST5384,2025-05-31,Cancelled,Credit Card
ORD12713,CUST2067,2024-08-02,Cancelled,Credit Card
ORD12714,CUST4347,2025-02-28,Cancelled,Cash on Delivery
ORD12715,CUST1833,2024-02-01,Returned,Credit Card
ORD12716,CUST3274,2024-10-09,Delivered,Cash on Delivery
ORD12717,CUST3049,2024-10-22,Cancelled,Cash on Delivery
ORD12718,CUST4327,2024-01-16,Returned,Credit Card
ORD12719,CUST5422,2024-09-08,Shipped,Cash on Delivery
ORD12720,CUST5173,2025-07-01,Returned,Cash on Delivery
ORD12721,CUST2868,2024-06-04,Shipped,Credit Card
ORD12722,CUST5972,2023-10-05,Pending,Cash on Delivery
ORD12723,CUST4382,2023-01-07,Cancelled,PayPal
ORD12724,CUST4017,2024-07-22,Cancelled,Cash on Delivery
ORD12725,CUST2554,2022-10-02,Shipped,PayPal
ORD12726,CUST5713,2025-05-20,Cancelled,Cash on Delivery
ORD12727,CUST4283,2023-07-26,Cancelled,Cash on Delivery
ORD12728,CUST3939,2023-03-09,Pending,Credit Card
ORD12729,CUST2846,2023-06-22,Delivered,Credit Card
ORD12730,CUST4193,2023-12-06,Delivered,Cash on Delivery
ORD12731,CUST2948,2024-12-15,Delivered,PayPal
ORD12732,CUST2481,2023-11-20,Returned,Credit Card
ORD12733,CUST4398,2024-02-27,Delivered,PayPal
ORD12734,CUST2080,2022-10-23,Pending,Cash on Delivery
ORD12735,CUST2962,2022-08-30,Shipped,Cash on Delivery
ORD12736,CUST3022,2023-04-24,Pending,Credit Card
ORD12737,CUST1712,2025-03-12,Pending,PayPal
ORD12738,CUST1348,2024-03-05,Cancelled,PayPal
ORD12739,CUST5418,2023-08-28,Cancelled,PayPal
ORD12740,CUST3433,2024-10-20,Delivered,Cash on Delivery
ORD12741,CUST5176,2024-07-09,Cancelled,Cash on Delivery
ORD12742,CUST5217,2023-04-09,Returned,PayPal
ORD12743,CUST2149,2024-01-23,Cancelled,PayPal
ORD12744,CUST2677,2025-06-03,Shipped,Cash on Delivery
ORD12745,CUST2055,2024-11-15,Delivered,Cash on Delivery
ORD12746,CUST1724,2024-07-04,Delivered,Credit Card
ORD12747,CUST5034,2022-12-25,Pending,PayPal
ORD12748,CUST1945,2025-02-08,Returned,PayPal
ORD12749,CUST3052,2025-08-07,Delivered,PayPal
ORD12750,CUST2444,2023-11-10,Delivered,Cash on Delivery
ORD12751,CUST5104,2023-08-09,Pending,Cash on Delivery
ORD12752,CUST5172,2023-07-15,Returned,Cash on Delivery
ORD12753,CUST2897,2023-08-01,Delivered,Cash on Delivery
ORD12754,CUST5009,2023-07-03,Returned,Cash on Delivery
ORD12755,CUST4757,2024-02-04,Delivered,Credit Card
ORD12756,CUST1342,2023-04-18,Pending,PayPal
ORD12757,CUST4335,2024-06-12,Pending,Credit Card
ORD12758,CUST1048,2024-08-20,Cancelled,Credit Card
ORD12759,CUST2581,2023-04-25,Delivered,PayPal
ORD12760,CUST1953,2023-07-05,Cancelled,Credit Card
ORD12761,CUST2485,2022-12-24,Pending,PayPal
ORD12762,CUST4592,2022-11-01,Cancelled,Credit Card
ORD12763,CUST1616,2025-03-08,Returned,PayPal
ORD12764,CUST1459,2023-05-15,Delivered,Credit Card
ORD12765,CUST3845,2025-04-06,Returned,Cash on Delivery
ORD12766,CUST1556,2025-06-30,Pending,Cash on Delivery
ORD12767,CUST4033,2023-05-05,Shipped,Cash on Delivery
ORD12768,CUST5362,2022-12-20,Returned,Cash on Delivery
ORD12769,CUST4266,2024-01-16,Shipped,PayPal
ORD12770,CUST3260,2024-11-12,Returned,Credit Card
ORD12771,CUST5684,2022-09-15,Cancelled,Credit Card
ORD12772,CUST5262,2025-01-13,Returned,Credit Card
ORD12773,CUST3721,2025-08-02,Pending,PayPal
ORD12774,CUST1069,2024-11-07,Shipped,Cash on Delivery
ORD12775,CUST4178,2022-12-23,Pending,Cash on Delivery
ORD12776,CUST1839,2024-02-21,Pending,PayPal
ORD12777,CUST1846,2022-12-24,Delivered,Cash on Delivery
ORD12778,CUST1444,2023-02-05,Shipped,Credit Card
ORD12779,CUST3485,2024-11-26,Cancelled,Credit Card
ORD12780,CUST1024,2024-05-16,Cancelled,Credit Card
ORD12781,CUST5962,2023-01-31,Shipped,PayPal
ORD12782,CUST1753,2024-04-24,Delivered,PayPal
ORD12783,CUST3195,2024-02-23,Returned,Credit Card
ORD12784,CUST1160,2024-01-09,Cancelled,Cash on Delivery
ORD12785,CUST3152,2025-01-21,Shipped,Credit Card
ORD12786,CUST3837,2024-12-17,Returned,Cash on Delivery
ORD12787,CUST4535,2022-10-25,Shipped,PayPal
ORD12788,CUST4561,2023-09-19,Pending,Cash on Delivery
ORD12789,CUST2033,2023-11-14,Returned,Credit Card
ORD12790,CUST4737,2024-04-17,Delivered,Credit Card
ORD12791,CUST2139,2024-08-29,Pending,PayPal
ORD12792,CUST1465,2025-07-12,Shipped,Cash on Delivery
ORD12793,CUST3325,2024-08-17,Pending,PayPal
ORD12794,CUST1133,2023-05-03,Pending,PayPal
ORD12795,CUST3757,2025-06-27,Delivered,Cash on Delivery
ORD12796,CUST4013,2022-12-10,Pending,PayPal
ORD12797,CUST3222,2023-03-05,Shipped,Credit Card
ORD12798,CUST3993,2023-09-25,Shipped,Cash on Delivery
ORD12799,CUST4789,2024-01-19,Pending,PayPal
ORD12800,CUST4028,2024-01-23,Delivered,PayPal
ORD12801,CUST3582,2024-10-20,Cancelled,Credit Card
ORD12802,CUST5151,2023-08-23,Shipped,Cash on Delivery
ORD12803,CUST3688,2025-07-30,Delivered,Cash on Delivery
ORD12804,CUST3279,2023-02-05,Shipped,PayPal
ORD12805,CUST4996,2022-12-24,Delivered,PayPal
ORD12806,CUST1053,2023-03-11,Pending,PayPal
ORD12807,CUST3002,2025-03-14,Delivered,PayPal
ORD12808,CUST4732,2024-10-22,Delivered,Cash on Delivery
ORD12809,CUST3984,2025-02-03,Shipped,Cash on Delivery
ORD12810,CUST2284,2023-09-04,Delivered,Credit Card
ORD12811,CUST1107,2025-04-05,Returned,Credit Card
ORD12812,CUST1642,2023-07-24,Cancelled,Credit Card
ORD12813,CUST2632,2022-12-10,Delivered,PayPal
ORD12814,CUST2268,2024-08-24,Cancelled,PayPal
ORD12815,CUST1357,2022-09-19,Pending,Credit Card
ORD12816,CUST4425,2025-07-13,Pending,Credit Card
ORD12817,CUST2529,2023-12-24,Delivered,PayPal
ORD12818,CUST3766,2025-08-21,Delivered,Credit Card
ORD12819,CUST4005,2024-10-16,Shipped,Credit Card
ORD12820,CUST1681,2025-04-29,Pending,PayPal
ORD12821,CUST3517,2022-12-30,Cancelled,PayPal
ORD12822,CUST5817,2023-05-25,Delivered,PayPal
ORD12823,CUST2794,2023-05-02,Pending,Credit Card
ORD12824,CUST3172,2024-05-06,Returned,Credit Card
ORD12825,CUST5366,2024-10-19,Delivered,Cash on Delivery
ORD12826,CUST3238,2022-12-07,Cancelled,Credit Card
ORD12827,CUST3984,2025-03-06,Delivered,Cash on Delivery
ORD12828,CUST3051,2023-03-24,Cancelled,Credit Card
ORD12829,CUST3696,2024-07-25,Pending,PayPal
ORD12830,CUST2112,2023-11-07,Cancelled,PayPal
ORD12831,CUST4098,2022-11-05,Pending,Credit Card
ORD12832,CUST4245,2023-10-02,Cancelled,PayPal
ORD12833,CUST1471,2025-04-13,Shipped,PayPal
ORD12834,CUST1096,2024-04-09,Returned,Cash on Delivery
ORD12835,CUST1926,2023-11-30,Pending,Credit Card
ORD12836,CUST5183,2022-11-14,Returned,Credit Card
ORD12837,CUST5542,2023-03-11,Pending,PayPal
ORD12838,CUST2163,2024-10-14,Delivered,Cash on Delivery
ORD12839,CUST2053,2025-06-06,Shipped,PayPal
ORD12840,CUST5772,2024-11-17,Returned,PayPal
ORD12841,CUST1784,2025-05-28,Delivered,PayPal
ORD12842,CUST5652,2024-02-11,Returned,Cash on Delivery
ORD12843,CUST3815,2024-09-11,Pending,Cash on Delivery
ORD12844,CUST3932,2022-10-13,Delivered,Credit Card
ORD12845,CUST4964,2023-03-16,Pending,Credit Card
ORD12846,CUST3751,2025-07-08,Delivered,Credit Card
ORD12847,CUST5345,2024-04-13,Pending,Credit Card
ORD12848,CUST4130,2025-06-26,Delivered,Cash on Delivery
ORD12849,CUST2270,2025-08-05,Returned,Cash on Delivery
ORD12850,CUST1253,2023-12-05,Shipped,Cash on Delivery
ORD12851,CUST4660,2024-07-03,Shipped,Cash on Delivery
ORD12852,CUST1972,2022-09-16,Delivered,Cash on Delivery
ORD12853,CUST2501,2024-12-08,Shipped,Cash on Delivery
ORD12854,CUST5400,2023-08-31,Delivered,Cash on Delivery
ORD12855,CUST1520,2023-01-09,Delivered,PayPal
ORD12856,CUST1201,2023-12-14,Shipped,PayPal
ORD12857,CUST4467,2023-01-02,Delivered,PayPal
ORD12858,CUST5173,2022-09-15,Pending,Credit Card
ORD12859,CUST2794,2023-06-29,Shipped,PayPal
ORD12860,CUST2866,2023-05-16,Pending,Cash on Delivery
ORD12861,CUST5884,2025-07-17,Pending,PayPal
ORD12862,CUST4639,2025-08-10,Pending,PayPal
ORD12863,CUST5468,2023-03-26,Delivered,PayPal
ORD12864,CUST1658,2024-04-17,Delivered,Credit Card
ORD12865,CUST1860,2023-01-19,Returned,Cash on Delivery
ORD12866,CUST5263,2025-08-12,Shipped,Cash on Delivery
ORD12867,CUST3621,2023-05-06,Cancelled,Credit Card
ORD12868,CUST4169,2024-09-16,Cancelled,Cash on Delivery
ORD12869,CUST1139,2025-01-23,Returned,Cash on Delivery
ORD12870,CUST3798,2024-01-15,Shipped,PayPal
ORD12871,CUST2854,2025-01-23,Returned,PayPal
ORD12872,CUST4307,2023-06-10,Shipped,Credit Card
ORD12873,CUST5502,2024-08-27,Shipped,PayPal
ORD12874,CUST4593,2025-06-29,Shipped,Cash on Delivery
ORD12875,CUST1920,2023-11-05,Returned,PayPal
ORD12876,CUST5500,2024-08-17,Delivered,Credit Card
ORD12877,CUST5066,2022-12-03,Shipped,Credit Card
ORD12878,CUST2310,2024-09-23,Cancelled,PayPal
ORD12879,CUST3415,2023-07-20,Shipped,Cash on Delivery
ORD12880,CUST4554,2023-04-14,Returned,Cash on Delivery
ORD12881,CUST4001,2024-11-08,Pending,Cash on Delivery
ORD12882,CUST1898,2023-04-03,Cancelled,Credit Card
ORD12883,CUST1787,2023-03-28,Shipped,Cash on Delivery
ORD12884,CUST3927,2023-04-09,Cancelled,Cash on Delivery
ORD12885,CUST2390,2025-01-04,Pending,Cash on Delivery
ORD12886,CUST4018,2024-11-18,Cancelled,Cash on Delivery
ORD12887,CUST4646,2024-09-30,Cancelled,PayPal
ORD12888,CUST2973,2025-07-15,Cancelled,PayPal
ORD12889,CUST1575,2023-03-31,Returned,Cash on Delivery
ORD12890,CUST4538,2023-04-13,Returned,Credit Card
ORD12891,CUST2781,2023-12-12,Cancelled,Cash on Delivery
ORD12892,CUST4756,2024-11-12,Shipped,PayPal
ORD12893,CUST2107,2023-06-02,Pending,Cash on Delivery
ORD12894,CUST3442,2024-09-25,Pending,PayPal
ORD12895,CUST4076,2024-12-19,Returned,Cash on Delivery
ORD12896,CUST1716,2024-09-23,Pending,Credit Card
ORD12897,CUST2857,2023-11-28,Cancelled,PayPal
ORD12898,CUST4366,2024-09-05,Delivered,Cash on Delivery
ORD12899,CUST5856,2023-06-03,Returned,Cash on Delivery
ORD12900,CUST2965,2023-08-22,Pending,Credit Card
ORD12901,CUST3800,2024-11-21,Returned,Credit Card
ORD12902,CUST1385,2024-12-24,Shipped,Cash on Delivery
ORD12903,CUST4967,2023-08-23,Returned,Credit Card
ORD12904,CUST4524,2023-05-02,Cancelled,PayPal
ORD12905,CUST1271,2024-12-18,Pending,Cash on Delivery
ORD12906,CUST5881,2023-05-07,Shipped,Cash on Delivery
ORD12907,CUST1038,2023-05-02,Shipped,Credit Card
ORD12908,CUST5516,2024-07-27,Cancelled,PayPal
ORD12909,CUST4739,2022-11-28,Pending,PayPal
ORD12910,CUST5734,2022-10-18,Cancelled,PayPal
ORD12911,CUST5601,2023-04-12,Cancelled,Cash on Delivery
ORD12912,CUST1742,2023-08-01,Cancelled,Credit Card
ORD12913,CUST4673,2022-12-19,Cancelled,Cash on Delivery
ORD12914,CUST3776,2024-09-20,Returned,PayPal
ORD12915,CUST1630,2025-06-07,Shipped,PayPal
ORD12916,CUST4073,2022-12-04,Delivered,Credit Card
ORD12917,CUST2456,2023-03-26,Pending,PayPal
ORD12918,CUST4533,2022-10-24,Shipped,Cash on Delivery
ORD12919,CUST3652,2023-05-31,Pending,PayPal
ORD12920,CUST5039,2024-05-15,Delivered,Cash on Delivery
ORD12921,CUST4953,2023-03-21,Cancelled,Cash on Delivery
ORD12922,CUST4574,2022-09-05,Shipped,Credit Card
ORD12923,CUST2250,2022-10-19,Shipped,PayPal
ORD12924,CUST2045,2022-10-21,Returned,Cash on Delivery
ORD12925,CUST2167,2023-12-28,Returned,Cash on Delivery
ORD12926,CUST4195,2024-10-25,Delivered,Credit Card
ORD12927,CUST1084,2025-02-03,Returned,Credit Card
ORD12928,CUST1454,2024-01-28,Shipped,Credit Card
ORD12929,CUST4559,2023-08-31,Shipped,Cash on Delivery
ORD12930,CUST5147,2024-07-26,Cancelled,Credit Card
ORD12931,CUST5194,2024-01-30,Returned,Cash on Delivery
ORD12932,CUST2206,2025-03-04,Shipped,Credit Card
ORD12933,CUST3355,2025-02-02,Shipped,PayPal
ORD12934,CUST4086,2022-08-27,Cancelled,PayPal
ORD12935,CUST4482,2024-08-20,Cancelled,Cash on Delivery
ORD12936,CUST2902,2025-08-12,Delivered,Credit Card
ORD12937,CUST2488,2023-06-20,Delivered,Credit Card
ORD12938,CUST1315,2022-08-26,Delivered,Cash on Delivery
ORD12939,CUST4375,2022-09-10,Shipped,Cash on Delivery
ORD12940,CUST4289,2024-11-27,Returned,PayPal
ORD12941,CUST2021,2025-02-13,Pending,Cash on Delivery
ORD12942,CUST2470,2023-06-30,Cancelled,Credit Card
ORD12943,CUST4698,2024-01-11,Delivered,Cash on Delivery
ORD12944,CUST3482,2025-07-01,Returned,Credit Card
ORD12945,CUST3134,2023-09-17,Shipped,PayPal
ORD12946,CUST2148,2023-06-07,Delivered,Credit Card
ORD12947,CUST3411,2025-04-10,Delivered,PayPal
ORD12948,CUST2427,2023-12-17,Shipped,Credit Card
ORD12949,CUST4559,2024-10-17,Cancelled,Cash on Delivery
ORD12950,CUST1943,2024-08-14,Shipped,PayPal
ORD12951,CUST3692,2025-04-24,Cancelled,Cash on Delivery
ORD12952,CUST4807,2024-11-08,Shipped,Credit Card
ORD12953,CUST2724,2023-04-14,Pending,Cash on Delivery
ORD12954,CUST3240,2023-09-15,Returned,Cash on Delivery
ORD12955,CUST5424,2022-12-11,Pending,Credit Card
ORD12956,CUST1465,2023-06-09,Shipped,PayPal
ORD12957,CUST3564,2024-03-21,Shipped,Credit Card
ORD12958,CUST1919,2025-04-22,Shipped,Cash on Delivery
ORD12959,CUST2896,2023-11-15,Delivered,PayPal
ORD12960,CUST3102,2024-06-19,Delivered,Cash on Delivery
ORD12961,CUST1896,2022-10-04,Shipped,PayPal
ORD12962,CUST1349,2023-03-01,Returned,Cash on Delivery
ORD12963,CUST4830,2023-11-18,Delivered,PayPal
ORD12964,CUST2489,2024-06-25,Cancelled,Credit Card
ORD12965,CUST5084,2022-11-08,Shipped,Cash on Delivery
ORD12966,CUST3175,2023-08-22,Returned,Credit Card
ORD12967,CUST5954,2023-09-12,Pending,Cash on Delivery
ORD12968,CUST2742,2022-12-08,Returned,Credit Card
ORD12969,CUST1444,2022-12-20,Delivered,PayPal
ORD12970,CUST2853,2023-07-13,Pending,Credit Card
ORD12971,CUST5730,2022-10-22,Cancelled,Cash on Delivery
ORD12972,CUST5921,2023-08-30,Pending,Credit Card
ORD12973,CUST1359,2025-05-18,Delivered,Cash on Delivery
ORD12974,CUST3156,2022-11-22,Returned,Credit Card
ORD12975,CUST3296,2023-01-18,Shipped,Credit Card
ORD12976,CUST3323,2025-02-25,Returned,Cash on Delivery
ORD12977,CUST1725,2022-10-31,Shipped,Cash on Delivery
ORD12978,CUST1849,2023-01-07,Cancelled,PayPal
ORD12979,CUST3931,2023-07-01,Returned,Credit Card
ORD12980,CUST5630,2023-04-25,Cancelled,Credit Card
ORD12981,CUST5041,2022-12-09,Delivered,PayPal
ORD12982,CUST1456,2022-12-13,Pending,PayPal
ORD12983,CUST5449,2023-06-17,Cancelled,Credit Card
ORD12984,CUST2947,2022-12-30,Delivered,PayPal
ORD12985,CUST1193,2023-09-11,Pending,Credit Card
ORD12986,CUST2501,2024-01-13,Shipped,Credit Card
ORD12987,CUST2098,2025-06-14,Returned,PayPal
ORD12988,CUST1328,2023-10-15,Pending,Cash on Delivery
ORD12989,CUST3418,2024-06-25,Delivered,Credit Card
ORD12990,CUST3555,2023-08-20,Delivered,Cash on Delivery
ORD12991,CUST1055,2023-05-27,Shipped,Cash on Delivery
ORD12992,CUST1079,2025-05-08,Pending,Cash on Delivery
ORD12993,CUST2306,2023-06-12,Pending,Credit Card
ORD12994,CUST2716,2024-03-13,Shipped,Credit Card
ORD12995,CUST1145,2024-11-03,Returned,Cash on Delivery
ORD12996,CUST1730,2025-02-10,Delivered,PayPal
ORD12997,CUST3438,2025-04-30,Returned,PayPal
ORD12998,CUST4021,2025-03-27,Delivered,PayPal
ORD12999,CUST4217,2025-05-25,Delivered,Cash on Delivery
ORD13000,CUST3647,2022-09-14,Shipped,Credit Card
ORD13001,CUST1095,2024-05-17,Cancelled,PayPal
ORD13002,CUST2921,2025-01-31,Delivered,Cash on Delivery
ORD13003,CUST2596,2025-05-31,Cancelled,PayPal
ORD13004,CUST3137,2024-04-11,Returned,Cash on Delivery
ORD13005,CUST3431,2023-12-09,Shipped,Cash on Delivery
ORD13006,CUST3065,2023-04-19,Cancelled,Cash on Delivery
ORD13007,CUST3003,2024-03-29,Cancelled,PayPal
ORD13008,CUST5242,2023-08-21,Cancelled,Cash on Delivery
ORD13009,CUST3174,2025-03-25,Pending,Cash on Delivery
ORD13010,CUST1504,2024-08-10,Returned,Credit Card
ORD13011,CUST2410,2024-05-25,Pending,PayPal
ORD13012,CUST1698,2023-11-25,Shipped,PayPal
ORD13013,CUST5435,2025-04-13,Returned,Cash on Delivery
ORD13014,CUST2354,2023-09-22,Pending,Credit Card
ORD13015,CUST4752,2025-05-14,Cancelled,Cash on Delivery
ORD13016,CUST4086,2024-07-05,Returned,Credit Card
ORD13017,CUST5411,2023-09-10,Pending,Cash on Delivery
ORD13018,CUST5930,2025-06-25,Returned,Cash on Delivery
ORD13019,CUST4219,2025-07-02,Cancelled,Credit Card
ORD13020,CUST3505,2024-06-24,Shipped,PayPal
ORD13021,CUST4606,2024-09-29,Returned,Cash on Delivery
ORD13022,CUST1878,2022-09-23,Shipped,PayPal
ORD13023,CUST1961,2023-08-29,Shipped,Cash on Delivery
ORD13024,CUST1337,2022-11-09,Delivered,PayPal
ORD13025,CUST5446,2023-05-17,Shipped,PayPal
ORD13026,CUST4114,2024-01-23,Shipped,Cash on Delivery
ORD13027,CUST2460,2023-02-03,Cancelled,Credit Card
ORD13028,CUST4492,2023-07-24,Returned,Credit Card
ORD13029,CUST5547,2024-01-28,Returned,PayPal
ORD13030,CUST5371,2025-04-23,Delivered,Cash on Delivery
ORD13031,CUST2930,2024-08-30,Shipped,Cash on Delivery
ORD13032,CUST2540,2023-12-02,Pending,Credit Card
ORD13033,CUST3083,2025-01-16,Cancelled,PayPal
ORD13034,CUST4497,2025-02-15,Delivered,PayPal
ORD13035,CUST4636,2023-06-24,Cancelled,Credit Card
ORD13036,CUST4824,2024-07-06,Shipped,PayPal
ORD13037,CUST5663,2022-09-26,Delivered,Credit Card
ORD13038,CUST5956,2025-08-07,Delivered,PayPal
ORD13039,CUST4928,2025-01-17,Cancelled,PayPal
ORD13040,CUST3547,2023-05-06,Returned,Credit Card
ORD13041,CUST4326,2024-01-05,Delivered,Credit Card
ORD13042,CUST5928,2023-04-08,Pending,Credit Card
ORD13043,CUST1647,2025-06-02,Pending,PayPal
ORD13044,CUST1015,2024-10-10,Returned,Cash on Delivery
ORD13045,CUST5457,2025-01-26,Cancelled,Cash on Delivery
ORD13046,CUST2622,2024-08-23,Cancelled,Cash on Delivery
ORD13047,CUST4387,2023-06-08,Pending,PayPal
ORD13048,CUST3727,2024-11-29,Returned,Cash on Delivery
ORD13049,CUST4678,2024-12-15,Pending,PayPal
ORD13050,CUST3801,2024-02-29,Shipped,Cash on Delivery
ORD13051,CUST5523,2024-02-10,Cancelled,Credit Card
ORD13052,CUST2687,2023-06-08,Shipped,Credit Card
ORD13053,CUST5001,2023-12-25,Pending,Cash on Delivery
ORD13054,CUST4828,2025-07-14,Cancelled,Credit Card
ORD13055,CUST2524,2024-04-14,Returned,Credit Card
ORD13056,CUST2713,2023-04-03,Returned,PayPal
ORD13057,CUST4313,2024-03-03,Returned,Credit Card
ORD13058,CUST3263,2024-02-18,Returned,PayPal
ORD13059,CUST2109,2024-06-10,Cancelled,PayPal
ORD13060,CUST3411,2023-11-11,Cancelled,PayPal
ORD13061,CUST3114,2024-01-27,Pending,Cash on Delivery
ORD13062,CUST1646,2023-01-08,Shipped,Credit Card
ORD13063,CUST4969,2022-11-22,Delivered,Credit Card
ORD13064,CUST1358,2024-10-20,Cancelled,PayPal
ORD13065,CUST5184,2024-11-06,Shipped,Credit Card
ORD13066,CUST5768,2023-11-21,Returned,PayPal
ORD13067,CUST5217,2025-03-20,Returned,Credit Card
ORD13068,CUST5785,2022-10-23,Pending,PayPal
ORD13069,CUST4345,2023-11-26,Delivered,Cash on Delivery
ORD13070,CUST4173,2022-09-14,Delivered,Credit Card
ORD13071,CUST2716,2023-02-28,Pending,Credit Card
ORD13072,CUST4499,2025-07-07,Shipped,PayPal
ORD13073,CUST2653,2023-05-05,Cancelled,Credit Card
ORD13074,CUST2185,2023-03-31,Returned,Credit Card
ORD13075,CUST3961,2023-05-08,Returned,Credit Card
ORD13076,CUST2251,2023-06-24,Pending,Credit Card
ORD13077,CUST5299,2022-10-26,Delivered,PayPal
ORD13078,CUST4271,2023-01-24,Pending,Credit Card
ORD13079,CUST1850,2023-10-24,Delivered,Cash on Delivery
ORD13080,CUST1693,2024-07-29,Pending,Credit Card
ORD13081,CUST3202,2023-09-12,Cancelled,PayPal
ORD13082,CUST5418,2023-08-19,Returned,Cash on Delivery
ORD13083,CUST1307,2023-10-10,Pending,Cash on Delivery
ORD13084,CUST3678,2024-01-03,Pending,Cash on Delivery
ORD13085,CUST2348,2023-09-02,Pending,Cash on Delivery
ORD13086,CUST5813,2025-01-11,Shipped,Credit Card
ORD13087,CUST2977,2024-06-05,Cancelled,PayPal
ORD13088,CUST3551,2024-07-06,Delivered,PayPal
ORD13089,CUST1496,2023-12-28,Delivered,Cash on Delivery
ORD13090,CUST4771,2023-07-01,Cancelled,Cash on Delivery
ORD13091,CUST3453,2024-04-06,Delivered,Cash on Delivery
ORD13092,CUST3904,2023-08-10,Shipped,Credit Card
ORD13093,CUST5775,2023-01-28,Returned,PayPal
ORD13094,CUST1664,2024-07-09,Cancelled,PayPal
ORD13095,CUST3792,2023-02-20,Returned,Cash on Delivery
ORD13096,CUST5140,2023-03-07,Cancelled,Credit Card
ORD13097,CUST2860,2023-05-01,Pending,PayPal
ORD13098,CUST4413,2022-10-29,Pending,Cash on Delivery
ORD13099,CUST4948,2023-12-26,Cancelled,Credit Card
ORD13100,CUST4874,2023-07-21,Returned,Credit Card
ORD13101,CUST3711,2024-03-30,Returned,PayPal
ORD13102,CUST1754,2024-12-08,Returned,Cash on Delivery
ORD13103,CUST1671,2024-11-03,Returned,PayPal
ORD13104,CUST1381,2025-01-24,Delivered,Credit Card
ORD13105,CUST2928,2025-07-21,Cancelled,Cash on Delivery
ORD13106,CUST2294,2025-06-23,Delivered,Cash on Delivery
ORD13107,CUST1179,2024-06-02,Pending,Cash on Delivery
ORD13108,CUST2456,2023-02-09,Returned,Credit Card
ORD13109,CUST4418,2022-09-15,Returned,Credit Card
ORD13110,CUST3703,2025-06-11,Delivered,Cash on Delivery
ORD13111,CUST3302,2024-04-09,Shipped,PayPal
ORD13112,CUST2827,2023-04-15,Pending,PayPal
ORD13113,CUST5915,2022-11-24,Pending,Credit Card
ORD13114,CUST1612,2024-12-22,Delivered,PayPal
ORD13115,CUST3533,2022-09-24,Pending,PayPal
ORD13116,CUST2158,2022-12-10,Delivered,Credit Card
ORD13117,CUST3421,2025-01-13,Returned,Cash on Delivery
ORD13118,CUST1671,2025-07-23,Delivered,PayPal
ORD13119,CUST5639,2023-05-16,Delivered,Cash on Delivery
ORD13120,CUST2270,2025-05-08,Cancelled,Cash on Delivery
ORD13121,CUST1500,2024-03-12,Delivered,PayPal
ORD13122,CUST1380,2025-07-11,Cancelled,PayPal
ORD13123,CUST3675,2025-07-01,Shipped,PayPal
ORD13124,CUST5429,2024-08-14,Returned,PayPal
ORD13125,CUST2656,2024-11-30,Delivered,Credit Card
ORD13126,CUST5814,2025-06-29,Cancelled,Credit Card
ORD13127,CUST5905,2024-03-23,Pending,Credit Card
ORD13128,CUST5052,2024-10-28,Cancelled,Credit Card
ORD13129,CUST1652,2025-04-10,Delivered,Cash on Delivery
ORD13130,CUST4000,2023-03-12,Returned,Cash on Delivery
ORD13131,CUST2308,2024-12-03,Shipped,Cash on Delivery
ORD13132,CUST1180,2024-01-10,Delivered,Cash on Delivery
ORD13133,CUST3441,2022-10-09,Pending,Credit Card
ORD13134,CUST1176,2023-06-14,Returned,Cash on Delivery
ORD13135,CUST3311,2022-11-06,Cancelled,PayPal
ORD13136,CUST5619,2024-07-31,Cancelled,Cash on Delivery
ORD13137,CUST3487,2024-05-01,Delivered,PayPal
ORD13138,CUST1875,2023-08-30,Returned,PayPal
ORD13139,CUST4884,2022-11-18,Delivered,PayPal
ORD13140,CUST5144,2022-11-19,Pending,Cash on Delivery
ORD13141,CUST1309,2022-11-10,Pending,Credit Card
ORD13142,CUST4603,2024-09-18,Cancelled,Cash on Delivery
ORD13143,CUST2484,2024-01-24,Shipped,Credit Card
ORD13144,CUST3652,2024-09-05,Pending,Cash on Delivery
ORD13145,CUST1651,2023-03-28,Cancelled,Credit Card
ORD13146,CUST1171,2025-06-12,Delivered,Credit Card
ORD13147,CUST5635,2024-09-16,Pending,Cash on Delivery
ORD13148,CUST3792,2023-04-27,Pending,Cash on Delivery
ORD13149,CUST3211,2022-08-31,Returned,Credit Card
ORD13150,CUST1150,2023-10-05,Delivered,Credit Card
ORD13151,CUST1028,2025-04-04,Shipped,PayPal
ORD13152,CUST5908,2023-11-13,Returned,PayPal
ORD13153,CUST2102,2024-03-14,Returned,Cash on Delivery
ORD13154,CUST5045,2023-12-08,Cancelled,PayPal
ORD13155,CUST3284,2023-11-17,Returned,PayPal
ORD13156,CUST4716,2023-11-07,Returned,Credit Card
ORD13157,CUST3694,2025-02-22,Pending,PayPal
ORD13158,CUST4753,2022-10-26,Delivered,Cash on Delivery
ORD13159,CUST2442,2023-09-21,Delivered,Credit Card
ORD13160,CUST5706,2023-04-28,Cancelled,Cash on Delivery
ORD13161,CUST1377,2022-08-27,Returned,Credit Card
ORD13162,CUST2148,2022-12-02,Delivered,PayPal
ORD13163,CUST3909,2025-08-05,Delivered,PayPal
ORD13164,CUST3842,2023-05-31,Shipped,Credit Card
ORD13165,CUST5865,2024-05-04,Pending,PayPal
ORD13166,CUST2540,2023-10-25,Delivered,Cash on Delivery
ORD13167,CUST1608,2025-01-20,Cancelled,PayPal
ORD13168,CUST3072,2024-11-22,Returned,Credit Card
ORD13169,CUST2657,2023-05-08,Cancelled,Cash on Delivery
ORD13170,CUST1477,2024-03-05,Shipped,PayPal
ORD13171,CUST4121,2024-03-31,Returned,Cash on Delivery
ORD13172,CUST5001,2025-06-25,Pending,PayPal
ORD13173,CUST3900,2024-02-08,Cancelled,Cash on Delivery
ORD13174,CUST4179,2024-08-16,Pending,Cash on Delivery
ORD13175,CUST1401,2024-09-08,Shipped,Credit Card
ORD13176,CUST1977,2023-01-06,Pending,Credit Card
ORD13177,CUST2965,2025-04-23,Delivered,Credit Card
ORD13178,CUST3992,2025-03-28,Delivered,Credit Card
ORD13179,CUST5689,2022-10-25,Pending,Cash on Delivery
ORD13180,CUST5006,2022-09-08,Returned,Cash on Delivery
ORD13181,CUST4866,2023-04-02,Pending,Credit Card
ORD13182,CUST4047,2024-09-22,Pending,Credit Card
ORD13183,CUST4192,2023-01-26,Delivered,Credit Card
ORD13184,CUST1712,2025-03-28,Shipped,Credit Card
ORD13185,CUST2830,2024-07-04,Pending,Cash on Delivery
ORD13186,CUST4693,2024-03-27,Pending,PayPal
ORD13187,CUST4894,2023-07-15,Shipped,PayPal
ORD13188,CUST1412,2024-08-22,Delivered,Cash on Delivery
ORD13189,CUST2261,2025-05-27,Cancelled,Cash on Delivery
ORD13190,CUST1590,2023-11-24,Returned,Credit Card
ORD13191,CUST4681,2023-04-26,Returned,PayPal
ORD13192,CUST4045,2023-09-16,Delivered,Cash on Delivery
ORD13193,CUST2274,2024-05-09,Returned,Cash on Delivery
ORD13194,CUST2694,2023-05-30,Delivered,PayPal
ORD13195,CUST4389,2024-09-21,Pending,Cash on Delivery
ORD13196,CUST5874,2024-10-25,Returned,PayPal
ORD13197,CUST2552,2025-01-20,Cancelled,Cash on Delivery
ORD13198,CUST1825,2022-11-22,Returned,Credit Card
ORD13199,CUST1560,2025-01-01,Cancelled,PayPal
ORD13200,CUST2454,2024-10-05,Cancelled,Credit Card
ORD13201,CUST4890,2025-06-10,Delivered,Credit Card
ORD13202,CUST4819,2023-08-21,Pending,Credit Card
ORD13203,CUST3585,2022-10-13,Pending,PayPal
ORD13204,CUST1724,2024-09-29,Returned,PayPal
ORD13205,CUST5915,2024-09-04,Cancelled,Credit Card
ORD13206,CUST1648,2022-11-26,Cancelled,PayPal
ORD13207,CUST3260,2024-11-14,Returned,Credit Card
ORD13208,CUST5596,2024-01-16,Delivered,Cash on Delivery
ORD13209,CUST2520,2022-11-24,Returned,Cash on Delivery
ORD13210,CUST2192,2025-03-02,Pending,Cash on Delivery
ORD13211,CUST2304,2023-03-10,Returned,Cash on Delivery
ORD13212,CUST2721,2023-05-31,Pending,Cash on Delivery
ORD13213,CUST3043,2024-12-06,Pending,PayPal
ORD13214,CUST1612,2023-02-16,Pending,Cash on Delivery
ORD13215,CUST1241,2022-10-03,Delivered,PayPal
ORD13216,CUST2681,2023-08-06,Cancelled,Credit Card
ORD13217,CUST4173,2023-07-13,Shipped,Cash on Delivery
ORD13218,CUST1650,2024-10-12,Shipped,Cash on Delivery
ORD13219,CUST1962,2025-07-20,Pending,PayPal
ORD13220,CUST1529,2023-08-23,Returned,PayPal
ORD13221,CUST2262,2024-02-21,Returned,PayPal
ORD13222,CUST1061,2024-08-18,Delivered,PayPal
ORD13223,CUST3360,2024-10-05,Pending,Cash on Delivery
ORD13224,CUST4994,2024-12-20,Pending,Cash on Delivery
ORD13225,CUST5378,2025-06-04,Returned,Cash on Delivery
ORD13226,CUST1285,2024-03-19,Cancelled,PayPal
ORD13227,CUST2693,2023-03-09,Shipped,Credit Card
ORD13228,CUST5266,2022-12-26,Returned,Credit Card
ORD13229,CUST3960,2022-10-19,Returned,Credit Card
ORD13230,CUST5767,2022-11-21,Shipped,Cash on Delivery
ORD13231,CUST3132,2022-12-02,Pending,Cash on Delivery
ORD13232,CUST5348,2023-03-19,Cancelled,PayPal
ORD13233,CUST2535,2023-06-15,Pending,PayPal
ORD13234,CUST3614,2023-06-24,Pending,Cash on Delivery
ORD13235,CUST5264,2023-10-11,Shipped,Cash on Delivery
ORD13236,CUST2459,2022-10-05,Pending,Cash on Delivery
ORD13237,CUST5467,2025-07-26,Returned,PayPal
ORD13238,CUST5135,2023-10-15,Shipped,Credit Card
ORD13239,CUST5408,2024-02-10,Returned,PayPal
ORD13240,CUST2730,2025-08-14,Delivered,Credit Card
ORD13241,CUST1429,2023-09-16,Shipped,Cash on Delivery
ORD13242,CUST5758,2024-03-24,Returned,Cash on Delivery
ORD13243,CUST2443,2025-01-23,Returned,Credit Card
ORD13244,CUST4968,2022-11-30,Delivered,Credit Card
ORD13245,CUST3435,2025-02-14,Delivered,Credit Card
ORD13246,CUST5735,2025-01-20,Shipped,PayPal
ORD13247,CUST5472,2023-11-16,Delivered,Credit Card
ORD13248,CUST2180,2023-02-05,Returned,PayPal
ORD13249,CUST2162,2023-05-07,Returned,PayPal
ORD13250,CUST2984,2023-12-16,Cancelled,PayPal
ORD13251,CUST5282,2023-01-09,Cancelled,Credit Card
ORD13252,CUST1406,2023-10-04,Returned,Credit Card
ORD13253,CUST4622,2023-12-13,Cancelled,PayPal
ORD13254,CUST2477,2023-01-05,Delivered,Credit Card
ORD13255,CUST2146,2024-03-05,Returned,Credit Card
ORD13256,CUST4846,2023-08-20,Delivered,Credit Card
ORD13257,CUST1880,2023-05-09,Delivered,Credit Card
ORD13258,CUST5795,2024-10-19,Returned,Cash on Delivery
ORD13259,CUST4881,2023-06-27,Cancelled,PayPal
ORD13260,CUST4872,2023-10-10,Delivered,Cash on Delivery
ORD13261,CUST4168,2022-09-22,Pending,Credit Card
ORD13262,CUST5875,2023-09-19,Cancelled,Credit Card
ORD13263,CUST2855,2023-01-29,Delivered,Credit Card
ORD13264,CUST2432,2022-12-23,Delivered,Cash on Delivery
ORD13265,CUST2249,2023-04-12,Returned,PayPal
ORD13266,CUST3761,2022-11-11,Cancelled,PayPal
ORD13267,CUST2963,2023-07-30,Delivered,PayPal
ORD13268,CUST5427,2024-06-16,Cancelled,Cash on Delivery
ORD13269,CUST2096,2023-08-25,Cancelled,PayPal
ORD13270,CUST2986,2024-11-30,Delivered,PayPal
ORD13271,CUST2389,2023-12-07,Pending,PayPal
ORD13272,CUST4927,2024-09-28,Delivered,PayPal
ORD13273,CUST5160,2025-06-05,Pending,Cash on Delivery
ORD13274,CUST1334,2023-12-26,Delivered,Cash on Delivery
ORD13275,CUST5922,2024-09-02,Pending,Cash on Delivery
ORD13276,CUST4138,2025-03-12,Pending,PayPal
ORD13277,CUST4670,2024-11-13,Shipped,PayPal
ORD13278,CUST3650,2025-03-18,Delivered,Credit Card
ORD13279,CUST1542,2022-11-10,Pending,PayPal
ORD13280,CUST3226,2023-10-16,Shipped,Credit Card
ORD13281,CUST3819,2023-05-11,Returned,PayPal
ORD13282,CUST4094,2025-01-21,Shipped,Credit Card
ORD13283,CUST2120,2022-12-10,Returned,Cash on Delivery
ORD13284,CUST1123,2023-10-09,Delivered,PayPal
ORD13285,CUST4574,2023-07-19,Cancelled,Credit Card
ORD13286,CUST5348,2023-06-06,Cancelled,Cash on Delivery
ORD13287,CUST3293,2023-06-25,Shipped,Credit Card
ORD13288,CUST2667,2025-04-12,Shipped,Credit Card
ORD13289,CUST2133,2025-06-21,Returned,Credit Card
ORD13290,CUST5494,2023-09-06,Delivered,Credit Card
ORD13291,CUST4047,2024-05-09,Shipped,Cash on Delivery
ORD13292,CUST3643,2025-03-22,Pending,Credit Card
ORD13293,CUST5736,2023-12-19,Delivered,PayPal
ORD13294,CUST5910,2023-06-14,Pending,Cash on Delivery
ORD13295,CUST2270,2024-03-29,Delivered,Cash on Delivery
ORD13296,CUST5683,2024-08-19,Shipped,Credit Card
ORD13297,CUST1337,2023-07-15,Cancelled,Credit Card
ORD13298,CUST3516,2023-03-25,Delivered,Cash on Delivery
ORD13299,CUST2501,2025-04-27,Returned,Credit Card
ORD13300,CUST2066,2023-05-03,Cancelled,Cash on Delivery
ORD13301,CUST1299,2023-06-08,Delivered,Cash on Delivery
ORD13302,CUST4538,2025-03-31,Delivered,Cash on Delivery
ORD13303,CUST1656,2025-05-15,Shipped,Credit Card
ORD13304,CUST4749,2025-03-08,Returned,Cash on Delivery
ORD13305,CUST3416,2022-11-24,Delivered,Cash on Delivery
ORD13306,CUST2741,2024-06-22,Delivered,Credit Card
ORD13307,CUST4121,2023-05-07,Shipped,PayPal
ORD13308,CUST3754,2024-10-20,Shipped,Credit Card
ORD13309,CUST4027,2023-04-12,Delivered,Credit Card
ORD13310,CUST5111,2024-11-27,Cancelled,Cash on Delivery
ORD13311,CUST1148,2023-10-14,Cancelled,PayPal
ORD13312,CUST4850,2025-01-26,Shipped,Cash on Delivery
ORD13313,CUST3376,2024-10-03,Cancelled,Credit Card
ORD13314,CUST2393,2023-10-14,Delivered,Credit Card
ORD13315,CUST5699,2022-09-26,Pending,PayPal
ORD13316,CUST5819,2025-01-14,Cancelled,Cash on Delivery
ORD13317,CUST4298,2024-07-24,Returned,PayPal
ORD13318,CUST3127,2025-07-13,Cancelled,Cash on Delivery
ORD13319,CUST3246,2024-12-28,Shipped,Cash on Delivery
ORD13320,CUST5417,2025-01-10,Pending,PayPal
ORD13321,CUST1187,2024-11-19,Pending,Cash on Delivery
ORD13322,CUST2474,2024-06-10,Delivered,Cash on Delivery
ORD13323,CUST1823,2023-05-17,Shipped,PayPal
ORD13324,CUST2301,2024-02-13,Returned,Credit Card
ORD13325,CUST1325,2024-08-02,Pending,Credit Card
ORD13326,CUST3515,2023-12-13,Cancelled,PayPal
ORD13327,CUST5061,2025-02-18,Delivered,Credit Card
ORD13328,CUST2196,2023-08-18,Pending,Cash on Delivery
ORD13329,CUST3856,2023-12-09,Shipped,Credit Card
ORD13330,CUST3690,2023-02-12,Pending,Credit Card
ORD13331,CUST1643,2023-01-06,Returned,Credit Card
ORD13332,CUST5095,2023-10-13,Pending,Credit Card
ORD13333,CUST4209,2022-10-29,Returned,PayPal
ORD13334,CUST4960,2023-12-29,Shipped,Credit Card
ORD13335,CUST1284,2022-10-08,Shipped,Cash on Delivery
ORD13336,CUST3563,2023-05-17,Shipped,Cash on Delivery
ORD13337,CUST4846,2022-12-07,Pending,Credit Card
ORD13338,CUST4469,2025-04-05,Shipped,Credit Card
ORD13339,CUST4240,2025-01-23,Cancelled,Credit Card
ORD13340,CUST5576,2024-09-30,Shipped,PayPal
ORD13341,CUST4761,2022-10-22,Cancelled,PayPal
ORD13342,CUST1453,2023-11-13,Pending,Credit Card
ORD13343,CUST1593,2023-01-27,Cancelled,PayPal
ORD13344,CUST4032,2025-02-08,Shipped,Credit Card
ORD13345,CUST5838,2025-07-13,Delivered,PayPal
ORD13346,CUST4701,2023-02-08,Delivered,Cash on Delivery
ORD13347,CUST1043,2025-08-22,Cancelled,Cash on Delivery
ORD13348,CUST1988,2024-04-09,Cancelled,Credit Card
ORD13349,CUST3983,2023-01-08,Delivered,Cash on Delivery
ORD13350,CUST3095,2025-08-02,Delivered,PayPal
ORD13351,CUST4402,2025-04-19,Delivered,Credit Card
ORD13352,CUST3345,2024-08-03,Cancelled,Cash on Delivery
ORD13353,CUST1311,2023-06-14,Shipped,Credit Card
ORD13354,CUST2497,2023-04-22,Delivered,Credit Card
ORD13355,CUST4516,2024-03-29,Cancelled,Cash on Delivery
ORD13356,CUST1970,2025-05-13,Cancelled,PayPal
ORD13357,CUST2943,2022-09-11,Cancelled,Cash on Delivery
ORD13358,CUST3076,2025-04-18,Delivered,PayPal
ORD13359,CUST3190,2024-02-27,Returned,Cash on Delivery
ORD13360,CUST4950,2024-04-22,Cancelled,Credit Card
ORD13361,CUST5047,2023-09-05,Pending,PayPal
ORD13362,CUST2212,2023-04-16,Pending,Cash on Delivery
ORD13363,CUST2724,2022-10-02,Cancelled,Cash on Delivery
ORD13364,CUST5701,2022-11-13,Cancelled,Credit Card
ORD13365,CUST4814,2023-03-31,Pending,Credit Card
ORD13366,CUST2285,2025-05-05,Shipped,PayPal
ORD13367,CUST2054,2025-05-01,Cancelled,PayPal
ORD13368,CUST3406,2023-08-06,Cancelled,Cash on Delivery
ORD13369,CUST5278,2023-07-26,Returned,PayPal
ORD13370,CUST2393,2024-01-09,Cancelled,PayPal
ORD13371,CUST4316,2023-06-02,Returned,PayPal
ORD13372,CUST3746,2023-12-09,Shipped,Cash on Delivery
ORD13373,CUST4040,2024-05-07,Pending,Cash on Delivery
ORD13374,CUST4800,2025-07-02,Pending,PayPal
ORD13375,CUST2729,2025-02-05,Returned,Cash on Delivery
ORD13376,CUST3200,2024-10-15,Shipped,Credit Card
ORD13377,CUST4320,2024-06-13,Returned,Cash on Delivery
ORD13378,CUST5548,2023-02-28,Returned,Cash on Delivery
ORD13379,CUST1139,2024-07-26,Cancelled,Credit Card
ORD13380,CUST4372,2023-04-17,Returned,Cash on Delivery
ORD13381,CUST2192,2024-05-28,Delivered,Cash on Delivery
ORD13382,CUST4940,2024-06-23,Cancelled,Credit Card
ORD13383,CUST3895,2022-10-29,Pending,PayPal
ORD13384,CUST3479,2025-08-02,Delivered,Cash on Delivery
ORD13385,CUST3429,2023-08-02,Shipped,PayPal
ORD13386,CUST3088,2023-11-01,Pending,Cash on Delivery
ORD13387,CUST3931,2024-01-20,Returned,Credit Card
ORD13388,CUST4042,2023-07-04,Returned,Credit Card
ORD13389,CUST3655,2024-12-29,Returned,PayPal
ORD13390,CUST3241,2023-09-26,Returned,Cash on Delivery
ORD13391,CUST4897,2024-08-20,Shipped,Cash on Delivery
ORD13392,CUST4942,2023-01-15,Returned,Credit Card
ORD13393,CUST1910,2022-12-09,Cancelled,Cash on Delivery
ORD13394,CUST5800,2022-10-27,Delivered,PayPal
ORD13395,CUST2049,2024-06-23,Shipped,PayPal
ORD13396,CUST5669,2025-08-20,Delivered,Credit Card
ORD13397,CUST1676,2025-01-12,Shipped,PayPal
ORD13398,CUST4100,2025-04-20,Cancelled,Cash on Delivery
ORD13399,CUST2210,2023-01-13,Cancelled,PayPal
ORD13400,CUST4303,2022-10-31,Shipped,Cash on Delivery
ORD13401,CUST4237,2023-12-16,Cancelled,Cash on Delivery
ORD13402,CUST2516,2022-12-06,Shipped,PayPal
ORD13403,CUST4525,2023-10-20,Pending,Cash on Delivery
ORD13404,CUST3011,2024-01-03,Returned,PayPal
ORD13405,CUST4841,2023-01-21,Returned,PayPal
ORD13406,CUST2646,2023-12-07,Delivered,Credit Card
ORD13407,CUST3363,2023-12-28,Delivered,PayPal
ORD13408,CUST1059,2024-12-04,Returned,Credit Card
ORD13409,CUST3482,2023-12-04,Cancelled,Credit Card
ORD13410,CUST5737,2023-02-09,Shipped,Credit Card
ORD13411,CUST5978,2025-02-19,Delivered,PayPal
ORD13412,CUST1252,2022-11-20,Shipped,Cash on Delivery
ORD13413,CUST4850,2023-02-07,Shipped,Cash on Delivery
ORD13414,CUST4058,2024-01-26,Delivered,PayPal
ORD13415,CUST1163,2025-08-07,Shipped,Cash on Delivery
ORD13416,CUST5702,2025-07-31,Delivered,Cash on Delivery
ORD13417,CUST4043,2024-02-18,Pending,PayPal
ORD13418,CUST3942,2025-02-07,Pending,PayPal
ORD13419,CUST5124,2022-12-02,Returned,Credit Card
ORD13420,CUST1641,2024-05-14,Pending,Cash on Delivery
ORD13421,CUST4097,2024-11-02,Returned,PayPal
ORD13422,CUST2740,2024-11-18,Pending,Credit Card
ORD13423,CUST1340,2022-11-12,Pending,Credit Card
ORD13424,CUST2152,2022-10-30,Pending,Credit Card
ORD13425,CUST2877,2023-11-19,Returned,Cash on Delivery
ORD13426,CUST2970,2024-04-07,Cancelled,PayPal
ORD13427,CUST4354,2025-08-06,Cancelled,PayPal
ORD13428,CUST1632,2023-10-31,Delivered,PayPal
ORD13429,CUST5929,2025-01-19,Cancelled,PayPal
ORD13430,CUST3518,2024-06-21,Shipped,Credit Card
ORD13431,CUST2354,2023-01-15,Pending,Cash on Delivery
ORD13432,CUST3262,2023-06-27,Delivered,Cash on Delivery
ORD13433,CUST1846,2023-06-09,Delivered,Credit Card
ORD13434,CUST4688,2023-03-21,Returned,Cash on Delivery
ORD13435,CUST3639,2025-07-22,Cancelled,Cash on Delivery
ORD13436,CUST5210,2024-05-19,Cancelled,Cash on Delivery
ORD13437,CUST5227,2025-03-27,Pending,Cash on Delivery
ORD13438,CUST5107,2025-04-26,Pending,PayPal
ORD13439,CUST5365,2022-11-25,Returned,Cash on Delivery
ORD13440,CUST3425,2023-09-22,Returned,Credit Card
ORD13441,CUST5501,2023-01-22,Delivered,PayPal
ORD13442,CUST3427,2024-07-12,Pending,Cash on Delivery
ORD13443,CUST1363,2025-07-06,Cancelled,Credit Card
ORD13444,CUST3702,2025-01-04,Cancelled,Credit Card
ORD13445,CUST5546,2023-02-01,Delivered,Credit Card
ORD13446,CUST5428,2025-08-20,Cancelled,Credit Card
ORD13447,CUST2365,2024-10-08,Returned,Cash on Delivery
ORD13448,CUST2461,2023-10-23,Delivered,PayPal
ORD13449,CUST2459,2023-05-04,Shipped,Cash on Delivery
ORD13450,CUST5229,2022-11-04,Shipped,Cash on Delivery
ORD13451,CUST3281,2023-09-15,Returned,Cash on Delivery
ORD13452,CUST5818,2023-12-22,Shipped,Cash on Delivery
ORD13453,CUST1254,2024-07-17,Delivered,Cash on Delivery
ORD13454,CUST4911,2023-05-09,Delivered,Cash on Delivery
ORD13455,CUST2843,2024-01-03,Delivered,Credit Card
ORD13456,CUST3394,2024-02-15,Shipped,Credit Card
ORD13457,CUST5943,2022-10-04,Delivered,Cash on Delivery
ORD13458,CUST2941,2023-09-18,Cancelled,Cash on Delivery
ORD13459,CUST4974,2024-09-23,Returned,PayPal
ORD13460,CUST4128,2022-11-16,Pending,Cash on Delivery
ORD13461,CUST2614,2024-04-17,Pending,Credit Card
ORD13462,CUST2231,2023-03-23,Pending,Credit Card
ORD13463,CUST4803,2024-11-21,Cancelled,Credit Card
ORD13464,CUST5988,2025-07-12,Pending,Credit Card
ORD13465,CUST5000,2025-03-02,Delivered,PayPal
ORD13466,CUST1542,2024-10-23,Delivered,Cash on Delivery
ORD13467,CUST2524,2023-11-12,Shipped,PayPal
ORD13468,CUST2372,2023-04-24,Cancelled,PayPal
ORD13469,CUST1218,2022-09-19,Pending,Credit Card
ORD13470,CUST5140,2024-07-11,Delivered,Credit Card
ORD13471,CUST3450,2024-12-29,Shipped,Credit Card
ORD13472,CUST3585,2023-12-04,Delivered,PayPal
ORD13473,CUST4910,2025-05-08,Delivered,PayPal
ORD13474,CUST3998,2024-07-28,Delivered,Credit Card
ORD13475,CUST5592,2025-04-28,Pending,Credit Card
ORD13476,CUST4632,2023-05-20,Delivered,PayPal
ORD13477,CUST5012,2025-08-18,Cancelled,Cash on Delivery
ORD13478,CUST2730,2023-11-04,Pending,Credit Card
ORD13479,CUST3162,2024-07-06,Cancelled,Credit Card
ORD13480,CUST3124,2024-05-01,Delivered,Cash on Delivery
ORD13481,CUST3633,2024-09-28,Shipped,PayPal
ORD13482,CUST2644,2023-08-08,Cancelled,Cash on Delivery
ORD13483,CUST5722,2023-11-15,Pending,Credit Card
ORD13484,CUST3201,2024-06-12,Cancelled,Credit Card
ORD13485,CUST5930,2023-02-07,Returned,Cash on Delivery
ORD13486,CUST5600,2025-04-01,Cancelled,Credit Card
ORD13487,CUST3540,2025-04-30,Pending,PayPal
ORD13488,CUST5274,2024-02-28,Shipped,PayPal
ORD13489,CUST1902,2023-06-17,Shipped,Cash on Delivery
ORD13490,CUST5086,2024-10-17,Cancelled,PayPal
ORD13491,CUST4158,2023-07-05,Cancelled,Cash on Delivery
ORD13492,CUST1551,2024-07-23,Returned,PayPal
ORD13493,CUST1423,2023-05-26,Cancelled,Credit Card
ORD13494,CUST4859,2023-03-20,Shipped,PayPal
ORD13495,CUST4577,2025-04-23,Cancelled,PayPal
ORD13496,CUST4581,2024-01-11,Delivered,PayPal
ORD13497,CUST3994,2025-06-21,Returned,PayPal
ORD13498,CUST1851,2024-09-14,Shipped,Credit Card
ORD13499,CUST2409,2023-01-31,Shipped,Credit Card
ORD13500,CUST5493,2024-01-16,Shipped,PayPal
ORD13501,CUST4284,2022-09-30,Shipped,Credit Card
ORD13502,CUST4784,2025-05-05,Pending,Cash on Delivery
ORD13503,CUST4740,2023-08-26,Delivered,PayPal
ORD13504,CUST1989,2023-03-10,Delivered,Cash on Delivery
ORD13505,CUST4460,2023-04-07,Delivered,PayPal
ORD13506,CUST5325,2023-01-03,Pending,PayPal
ORD13507,CUST5184,2023-01-17,Shipped,Credit Card
ORD13508,CUST5589,2023-02-05,Returned,PayPal
ORD13509,CUST2701,2025-07-18,Cancelled,Credit Card
ORD13510,CUST3488,2023-12-28,Pending,Credit Card
ORD13511,CUST4428,2023-03-25,Pending,Credit Card
ORD13512,CUST4500,2024-11-22,Delivered,PayPal
ORD13513,CUST3869,2023-09-19,Cancelled,Cash on Delivery
ORD13514,CUST3811,2024-05-13,Delivered,Cash on Delivery
ORD13515,CUST3111,2023-08-17,Returned,Credit Card
ORD13516,CUST5608,2022-10-20,Returned,PayPal
ORD13517,CUST2838,2024-08-20,Delivered,Cash on Delivery
ORD13518,CUST1608,2022-10-30,Pending,Cash on Delivery
ORD13519,CUST5441,2023-04-20,Delivered,PayPal
ORD13520,CUST4668,2023-08-23,Delivered,Cash on Delivery
ORD13521,CUST1840,2025-02-19,Shipped,Credit Card
ORD13522,CUST3280,2024-12-18,Returned,Cash on Delivery
ORD13523,CUST2431,2022-10-22,Cancelled,Credit Card
ORD13524,CUST1549,2025-04-21,Returned,Credit Card
ORD13525,CUST1244,2022-09-30,Shipped,Cash on Delivery
ORD13526,CUST3194,2023-07-21,Cancelled,Cash on Delivery
ORD13527,CUST4618,2022-11-23,Cancelled,Cash on Delivery
ORD13528,CUST1184,2024-12-02,Delivered,Credit Card
ORD13529,CUST3979,2024-07-17,Delivered,Credit Card
ORD13530,CUST3032,2025-04-07,Pending,Credit Card
ORD13531,CUST4456,2024-02-28,Shipped,Cash on Delivery
ORD13532,CUST3429,2024-11-23,Cancelled,PayPal
ORD13533,CUST4451,2023-12-15,Pending,Credit Card
ORD13534,CUST5156,2023-04-27,Returned,Credit Card
ORD13535,CUST5601,2024-05-09,Pending,Credit Card
ORD13536,CUST3635,2023-04-13,Pending,PayPal
ORD13537,CUST1511,2022-10-20,Pending,Credit Card
ORD13538,CUST5872,2025-03-27,Returned,PayPal
ORD13539,CUST3967,2025-03-20,Pending,Credit Card
ORD13540,CUST3552,2025-08-06,Shipped,PayPal
ORD13541,CUST2066,2025-07-22,Returned,Cash on Delivery
ORD13542,CUST2182,2023-04-03,Shipped,PayPal
ORD13543,CUST4048,2023-09-14,Cancelled,Credit Card
ORD13544,CUST2132,2025-06-11,Delivered,Credit Card
ORD13545,CUST2723,2022-11-21,Pending,PayPal
ORD13546,CUST5494,2025-04-14,Shipped,Cash on Delivery
ORD13547,CUST3091,2024-12-29,Pending,Credit Card
ORD13548,CUST5509,2023-02-21,Delivered,Credit Card
ORD13549,CUST4210,2024-08-18,Shipped,Credit Card
ORD13550,CUST4325,2023-12-04,Returned,PayPal
ORD13551,CUST5754,2024-10-27,Returned,Cash on Delivery
ORD13552,CUST4509,2023-10-09,Shipped,Cash on Delivery
ORD13553,CUST1268,2022-09-16,Delivered,Cash on Delivery
ORD13554,CUST1528,2024-08-25,Cancelled,Credit Card
ORD13555,CUST5167,2024-09-17,Returned,PayPal
ORD13556,CUST4856,2025-01-18,Returned,PayPal
ORD13557,CUST4637,2023-08-01,Delivered,PayPal
ORD13558,CUST1466,2025-02-27,Cancelled,Credit Card
ORD13559,CUST2940,2023-03-26,Pending,PayPal
ORD13560,CUST4520,2025-07-19,Shipped,PayPal
ORD13561,CUST5610,2024-12-15,Returned,Cash on Delivery
ORD13562,CUST2781,2023-11-03,Returned,Credit Card
ORD13563,CUST4840,2023-05-22,Returned,PayPal
ORD13564,CUST1680,2023-07-26,Delivered,Credit Card
ORD13565,CUST3513,2022-12-07,Shipped,Cash on Delivery
ORD13566,CUST1000,2022-12-29,Returned,Credit Card
ORD13567,CUST5673,2023-04-26,Pending,Credit Card
ORD13568,CUST4223,2023-11-08,Shipped,Cash on Delivery
ORD13569,CUST3078,2024-07-09,Pending,PayPal
ORD13570,CUST5864,2024-09-07,Shipped,Credit Card
ORD13571,CUST5366,2024-11-27,Delivered,Cash on Delivery
ORD13572,CUST1435,2024-09-29,Cancelled,Cash on Delivery
ORD13573,CUST1763,2025-07-03,Cancelled,PayPal
ORD13574,CUST1767,2023-11-06,Delivered,Credit Card
ORD13575,CUST1692,2025-07-21,Shipped,PayPal
ORD13576,CUST3012,2024-03-30,Cancelled,Credit Card
ORD13577,CUST4937,2023-02-03,Shipped,Credit Card
ORD13578,CUST3666,2024-04-15,Delivered,PayPal
ORD13579,CUST2396,2024-04-14,Delivered,PayPal
ORD13580,CUST3738,2023-10-19,Shipped,Cash on Delivery
ORD13581,CUST5209,2022-09-13,Delivered,Credit Card
ORD13582,CUST3446,2023-01-13,Pending,PayPal
ORD13583,CUST3580,2024-07-09,Cancelled,Credit Card
ORD13584,CUST3967,2023-10-16,Pending,PayPal
ORD13585,CUST3883,2023-08-10,Cancelled,Credit Card
ORD13586,CUST3601,2023-07-19,Shipped,PayPal
ORD13587,CUST3689,2024-11-24,Cancelled,Cash on Delivery
ORD13588,CUST1324,2025-08-09,Shipped,PayPal
ORD13589,CUST5834,2024-04-29,Returned,Credit Card
ORD13590,CUST2604,2022-10-04,Pending,PayPal
ORD13591,CUST1475,2024-03-26,Pending,Cash on Delivery
ORD13592,CUST4094,2025-07-01,Returned,Cash on Delivery
ORD13593,CUST5122,2024-03-05,Returned,Credit Card
ORD13594,CUST4334,2024-08-06,Delivered,Cash on Delivery
ORD13595,CUST1321,2024-09-06,Shipped,PayPal
ORD13596,CUST5852,2025-07-21,Delivered,Credit Card
ORD13597,CUST2529,2023-03-10,Delivered,PayPal
ORD13598,CUST2328,2023-06-11,Cancelled,Cash on Delivery
ORD13599,CUST1761,2024-05-30,Cancelled,Cash on Delivery
ORD13600,CUST3423,2025-03-22,Delivered,Credit Card
ORD13601,CUST5851,2024-09-20,Delivered,PayPal
ORD13602,CUST1892,2022-10-04,Shipped,Cash on Delivery
ORD13603,CUST3350,2022-09-27,Delivered,Credit Card
ORD13604,CUST5466,2024-02-14,Delivered,PayPal
ORD13605,CUST5236,2024-09-19,Cancelled,Credit Card
ORD13606,CUST2415,2024-07-11,Pending,PayPal
ORD13607,CUST2344,2022-09-05,Delivered,Credit Card
ORD13608,CUST5957,2023-12-26,Delivered,Credit Card
ORD13609,CUST3499,2022-10-16,Delivered,Cash on Delivery
ORD13610,CUST3457,2025-03-22,Returned,PayPal
ORD13611,CUST1712,2023-06-03,Returned,Credit Card
ORD13612,CUST5558,2024-09-26,Cancelled,Cash on Delivery
ORD13613,CUST1642,2023-03-07,Pending,PayPal
ORD13614,CUST4488,2023-07-15,Cancelled,PayPal
ORD13615,CUST3435,2025-06-25,Shipped,PayPal
ORD13616,CUST5094,2022-10-06,Pending,Cash on Delivery
ORD13617,CUST5154,2023-06-03,Shipped,Cash on Delivery
ORD13618,CUST4544,2023-09-13,Shipped,PayPal
ORD13619,CUST5427,2024-02-27,Shipped,Credit Card
ORD13620,CUST1248,2024-09-15,Cancelled,Cash on Delivery
ORD13621,CUST3639,2023-08-19,Cancelled,Cash on Delivery
ORD13622,CUST1510,2024-03-14,Returned,PayPal
ORD13623,CUST4978,2024-03-14,Returned,PayPal
ORD13624,CUST4616,2025-05-08,Cancelled,Cash on Delivery
ORD13625,CUST5251,2023-10-15,Pending,Credit Card
ORD13626,CUST5623,2023-06-04,Returned,PayPal
ORD13627,CUST2238,2025-08-01,Cancelled,PayPal
ORD13628,CUST3967,2022-09-10,Pending,Cash on Delivery
ORD13629,CUST2259,2024-11-10,Delivered,PayPal
ORD13630,CUST1386,2024-03-05,Shipped,PayPal
ORD13631,CUST3992,2023-04-02,Delivered,PayPal
ORD13632,CUST2215,2025-01-03,Returned,Credit Card
ORD13633,CUST3023,2024-04-08,Shipped,Credit Card
ORD13634,CUST5456,2024-09-21,Cancelled,PayPal
ORD13635,CUST2372,2023-08-06,Delivered,Credit Card
ORD13636,CUST1101,2022-11-19,Cancelled,Cash on Delivery
ORD13637,CUST3673,2022-09-03,Delivered,PayPal
ORD13638,CUST2815,2023-05-22,Delivered,Cash on Delivery
ORD13639,CUST4938,2024-06-25,Pending,PayPal
ORD13640,CUST3959,2024-06-12,Cancelled,PayPal
ORD13641,CUST5133,2024-07-02,Returned,Cash on Delivery
ORD13642,CUST4862,2023-03-04,Shipped,PayPal
ORD13643,CUST2831,2023-08-19,Delivered,PayPal
ORD13644,CUST3385,2023-01-21,Cancelled,PayPal
ORD13645,CUST3103,2023-11-18,Returned,Cash on Delivery
ORD13646,CUST1067,2025-07-24,Returned,Cash on Delivery
ORD13647,CUST2758,2025-05-31,Cancelled,PayPal
ORD13648,CUST2358,2023-03-06,Returned,Credit Card
ORD13649,CUST4124,2023-10-16,Delivered,Cash on Delivery
ORD13650,CUST1237,2025-05-28,Cancelled,Credit Card
ORD13651,CUST5640,2025-05-31,Cancelled,PayPal
ORD13652,CUST4057,2025-02-25,Delivered,Credit Card
ORD13653,CUST5214,2022-12-03,Cancelled,Cash on Delivery
ORD13654,CUST1414,2025-06-20,Delivered,Credit Card
ORD13655,CUST2911,2025-08-19,Cancelled,Cash on Delivery
ORD13656,CUST3344,2024-06-03,Pending,Cash on Delivery
ORD13657,CUST2576,2025-05-10,Cancelled,Credit Card
ORD13658,CUST2751,2022-10-15,Pending,PayPal
ORD13659,CUST4029,2024-01-21,Pending,Cash on Delivery
ORD13660,CUST5118,2022-08-28,Cancelled,PayPal
ORD13661,CUST2128,2023-11-09,Cancelled,Cash on Delivery
ORD13662,CUST2399,2024-01-02,Shipped,Cash on Delivery
ORD13663,CUST4183,2025-08-24,Delivered,PayPal
ORD13664,CUST1272,2025-04-05,Delivered,PayPal
ORD13665,CUST5819,2023-07-17,Cancelled,PayPal
ORD13666,CUST1492,2022-09-23,Delivered,PayPal
ORD13667,CUST2170,2024-03-16,Shipped,Credit Card
ORD13668,CUST2132,2024-02-07,Delivered,Credit Card
ORD13669,CUST5342,2023-12-12,Delivered,PayPal
ORD13670,CUST3138,2023-03-17,Cancelled,Credit Card
ORD13671,CUST5226,2023-08-08,Cancelled,Credit Card
ORD13672,CUST4529,2025-02-13,Cancelled,PayPal
ORD13673,CUST1481,2023-11-22,Pending,Cash on Delivery
ORD13674,CUST4415,2025-01-07,Shipped,PayPal
ORD13675,CUST5881,2022-11-23,Returned,Cash on Delivery
ORD13676,CUST4517,2024-07-30,Returned,PayPal
ORD13677,CUST5939,2025-08-11,Delivered,Cash on Delivery
ORD13678,CUST1279,2024-10-10,Pending,PayPal
ORD13679,CUST5200,2024-03-21,Cancelled,Cash on Delivery
ORD13680,CUST3286,2024-06-16,Delivered,Credit Card
ORD13681,CUST2210,2025-03-10,Cancelled,Credit Card
ORD13682,CUST3876,2024-05-20,Cancelled,PayPal
ORD13683,CUST1321,2024-05-14,Returned,Cash on Delivery
ORD13684,CUST4481,2025-03-15,Delivered,Cash on Delivery
ORD13685,CUST5727,2024-12-23,Pending,PayPal
ORD13686,CUST4203,2025-04-21,Delivered,PayPal
ORD13687,CUST2942,2023-11-05,Shipped,Cash on Delivery
ORD13688,CUST4699,2022-09-03,Pending,Credit Card
ORD13689,CUST1241,2025-06-08,Returned,PayPal
ORD13690,CUST3713,2023-05-17,Shipped,PayPal
ORD13691,CUST1480,2023-06-30,Delivered,PayPal
ORD13692,CUST4422,2025-06-18,Cancelled,PayPal
ORD13693,CUST3096,2025-07-31,Cancelled,Cash on Delivery
ORD13694,CUST3900,2023-07-27,Delivered,Credit Card
ORD13695,CUST1617,2024-10-11,Returned,PayPal
ORD13696,CUST2400,2023-08-04,Pending,Credit Card
ORD13697,CUST4245,2022-11-04,Returned,Cash on Delivery
ORD13698,CUST5378,2023-12-22,Returned,PayPal
ORD13699,CUST1116,2023-04-21,Cancelled,PayPal
ORD13700,CUST1007,2022-08-26,Shipped,Cash on Delivery
ORD13701,CUST1862,2025-01-13,Cancelled,Credit Card
ORD13702,CUST1915,2024-09-19,Cancelled,Credit Card
ORD13703,CUST2699,2025-08-01,Shipped,PayPal
ORD13704,CUST4135,2025-05-31,Pending,Credit Card
ORD13705,CUST2832,2022-11-09,Pending,Credit Card
ORD13706,CUST2696,2022-10-31,Returned,Credit Card
ORD13707,CUST5880,2024-07-31,Pending,Cash on Delivery
ORD13708,CUST1641,2023-08-30,Delivered,PayPal
ORD13709,CUST5481,2023-04-16,Delivered,Credit Card
ORD13710,CUST5116,2022-09-20,Shipped,PayPal
ORD13711,CUST4557,2023-11-19,Shipped,PayPal
ORD13712,CUST2150,2023-12-03,Delivered,Credit Card
ORD13713,CUST1992,2024-05-25,Returned,PayPal
ORD13714,CUST5354,2023-11-04,Delivered,PayPal
ORD13715,CUST3524,2023-01-28,Cancelled,PayPal
ORD13716,CUST4494,2025-04-01,Delivered,PayPal
ORD13717,CUST5765,2025-05-26,Returned,Credit Card
ORD13718,CUST5350,2023-07-09,Pending,Cash on Delivery
ORD13719,CUST5649,2025-04-17,Shipped,Cash on Delivery
ORD13720,CUST3059,2024-08-29,Delivered,PayPal
ORD13721,CUST4606,2023-01-29,Shipped,PayPal
ORD13722,CUST4895,2025-03-14,Pending,Credit Card
ORD13723,CUST1683,2024-10-22,Pending,PayPal
ORD13724,CUST1027,2023-05-22,Delivered,PayPal
ORD13725,CUST3727,2024-05-27,Shipped,Credit Card
ORD13726,CUST3086,2024-02-18,Shipped,Cash on Delivery
ORD13727,CUST3704,2022-11-12,Cancelled,Credit Card
ORD13728,CUST2161,2022-12-30,Returned,Credit Card
ORD13729,CUST4445,2023-05-18,Pending,Cash on Delivery
ORD13730,CUST4046,2025-07-17,Delivered,Credit Card
ORD13731,CUST2378,2024-02-04,Cancelled,Cash on Delivery
ORD13732,CUST2596,2022-11-29,Delivered,Cash on Delivery
ORD13733,CUST2977,2024-08-29,Cancelled,Cash on Delivery
ORD13734,CUST1790,2024-03-20,Pending,Credit Card
ORD13735,CUST2351,2025-07-30,Shipped,Credit Card
ORD13736,CUST1485,2024-05-30,Cancelled,Cash on Delivery
ORD13737,CUST2444,2025-05-08,Shipped,PayPal
ORD13738,CUST1164,2025-08-23,Cancelled,Cash on Delivery
ORD13739,CUST4734,2025-05-26,Pending,Credit Card
ORD13740,CUST2862,2024-12-13,Returned,PayPal
ORD13741,CUST4621,2023-04-27,Pending,Cash on Delivery
ORD13742,CUST4244,2022-11-20,Delivered,Cash on Delivery
ORD13743,CUST5892,2024-11-28,Returned,Cash on Delivery
ORD13744,CUST5089,2024-12-20,Shipped,Credit Card
ORD13745,CUST4065,2023-01-06,Pending,Cash on Delivery
ORD13746,CUST1444,2023-03-05,Shipped,Cash on Delivery
ORD13747,CUST5182,2024-12-06,Delivered,PayPal
ORD13748,CUST1829,2024-08-11,Pending,PayPal
ORD13749,CUST3778,2024-03-01,Cancelled,Credit Card
ORD13750,CUST4525,2023-10-04,Shipped,PayPal
ORD13751,CUST5661,2024-12-21,Shipped,Credit Card
ORD13752,CUST1234,2022-11-06,Delivered,Cash on Delivery
ORD13753,CUST2752,2024-10-05,Shipped,Cash on Delivery
ORD13754,CUST4581,2023-09-19,Shipped,PayPal
ORD13755,CUST4664,2022-11-19,Returned,Credit Card
ORD13756,CUST1464,2023-11-02,Pending,Cash on Delivery
ORD13757,CUST3842,2024-10-23,Pending,PayPal
ORD13758,CUST1851,2024-09-25,Delivered,PayPal
ORD13759,CUST5887,2024-10-03,Returned,Credit Card
ORD13760,CUST4489,2022-10-18,Pending,Credit Card
ORD13761,CUST2059,2025-07-10,Shipped,Credit Card
ORD13762,CUST3663,2022-08-31,Delivered,Credit Card
ORD13763,CUST1805,2024-05-14,Pending,Credit Card
ORD13764,CUST5171,2023-08-14,Returned,Credit Card
ORD13765,CUST1015,2025-01-15,Pending,PayPal
ORD13766,CUST3780,2023-12-29,Cancelled,PayPal
ORD13767,CUST2782,2022-08-26,Delivered,Cash on Delivery
ORD13768,CUST5590,2024-02-13,Pending,Cash on Delivery
ORD13769,CUST2068,2024-04-02,Cancelled,PayPal
ORD13770,CUST1072,2024-09-30,Delivered,Credit Card
ORD13771,CUST5284,2024-01-30,Delivered,Cash on Delivery
ORD13772,CUST2448,2023-09-26,Returned,Credit Card
ORD13773,CUST4920,2025-07-05,Delivered,Credit Card
ORD13774,CUST3917,2023-01-14,Pending,Credit Card
ORD13775,CUST2287,2024-09-10,Cancelled,Credit Card
ORD13776,CUST2893,2024-09-05,Shipped,Cash on Delivery
ORD13777,CUST4761,2025-03-31,Shipped,Cash on Delivery
ORD13778,CUST1892,2022-11-16,Cancelled,PayPal
ORD13779,CUST4431,2025-07-31,Pending,PayPal
ORD13780,CUST5724,2024-11-10,Cancelled,Cash on Delivery
ORD13781,CUST1522,2024-09-27,Cancelled,Credit Card
ORD13782,CUST2155,2024-08-04,Returned,PayPal
ORD13783,CUST1437,2024-08-20,Returned,PayPal
ORD13784,CUST2396,2023-04-14,Delivered,PayPal
ORD13785,CUST1996,2024-02-07,Returned,PayPal
ORD13786,CUST2744,2023-01-06,Cancelled,PayPal
ORD13787,CUST4483,2025-06-14,Delivered,Cash on Delivery
ORD13788,CUST3334,2022-11-29,Cancelled,Credit Card
ORD13789,CUST1158,2023-12-30,Pending,PayPal
ORD13790,CUST4894,2022-11-05,Pending,PayPal
ORD13791,CUST1186,2024-11-29,Delivered,Cash on Delivery
ORD13792,CUST5492,2024-07-20,Cancelled,PayPal
ORD13793,CUST2861,2024-10-27,Returned,PayPal
ORD13794,CUST3237,2023-03-26,Shipped,Cash on Delivery
ORD13795,CUST5468,2024-08-03,Delivered,PayPal
ORD13796,CUST4583,2024-07-27,Pending,Cash on Delivery
ORD13797,CUST4500,2022-09-11,Delivered,Credit Card
ORD13798,CUST1474,2022-11-16,Shipped,Credit Card
ORD13799,CUST5485,2024-08-18,Returned,Credit Card
ORD13800,CUST1263,2023-08-07,Cancelled,PayPal
ORD13801,CUST1969,2022-10-30,Shipped,Credit Card
ORD13802,CUST3378,2024-07-22,Pending,PayPal
ORD13803,CUST3752,2023-05-09,Cancelled,PayPal
ORD13804,CUST5391,2023-01-29,Shipped,Credit Card
ORD13805,CUST4075,2025-01-06,Pending,Cash on Delivery
ORD13806,CUST1667,2024-08-25,Delivered,Cash on Delivery
ORD13807,CUST2011,2025-06-23,Shipped,Cash on Delivery
ORD13808,CUST3934,2023-10-14,Pending,PayPal
ORD13809,CUST4218,2022-12-26,Returned,PayPal
ORD13810,CUST2954,2023-07-23,Returned,Cash on Delivery
ORD13811,CUST1620,2023-11-05,Returned,PayPal
ORD13812,CUST1838,2024-09-05,Returned,Credit Card
ORD13813,CUST1558,2023-07-16,Pending,Cash on Delivery
ORD13814,CUST3520,2023-03-13,Pending,Cash on Delivery
ORD13815,CUST4201,2025-01-08,Delivered,Cash on Delivery
ORD13816,CUST3836,2024-10-03,Pending,PayPal
ORD13817,CUST4252,2023-08-22,Shipped,Cash on Delivery
ORD13818,CUST1244,2023-08-28,Shipped,Cash on Delivery
ORD13819,CUST1486,2024-01-22,Cancelled,Cash on Delivery
ORD13820,CUST1175,2024-09-13,Cancelled,Credit Card
ORD13821,CUST5164,2023-10-29,Pending,Cash on Delivery
ORD13822,CUST1073,2024-08-19,Pending,Credit Card
ORD13823,CUST1249,2024-08-24,Returned,Credit Card
ORD13824,CUST3499,2023-01-28,Shipped,Cash on Delivery
ORD13825,CUST2630,2024-11-10,Returned,PayPal
ORD13826,CUST3756,2023-05-19,Cancelled,Cash on Delivery
ORD13827,CUST4470,2025-07-23,Delivered,PayPal
ORD13828,CUST2773,2023-03-31,Shipped,Credit Card
ORD13829,CUST4703,2022-11-15,Pending,PayPal
ORD13830,CUST2775,2023-04-14,Returned,PayPal
ORD13831,CUST2495,2023-12-19,Pending,Cash on Delivery
ORD13832,CUST3868,2024-09-03,Cancelled,PayPal
ORD13833,CUST1097,2024-05-20,Cancelled,Cash on Delivery
ORD13834,CUST5604,2023-03-06,Returned,PayPal
ORD13835,CUST1194,2025-06-30,Delivered,PayPal
ORD13836,CUST2397,2024-10-31,Delivered,Credit Card
ORD13837,CUST4900,2022-11-20,Pending,Credit Card
ORD13838,CUST4925,2024-12-13,Returned,PayPal
ORD13839,CUST2624,2023-05-24,Cancelled,Cash on Delivery
ORD13840,CUST3447,2023-04-27,Shipped,Cash on Delivery
ORD13841,CUST2097,2024-09-05,Cancelled,Cash on Delivery
ORD13842,CUST3462,2025-02-10,Returned,Cash on Delivery
ORD13843,CUST3151,2024-10-14,Pending,Cash on Delivery
ORD13844,CUST3999,2025-04-01,Returned,Cash on Delivery
ORD13845,CUST5707,2024-02-01,Cancelled,PayPal
ORD13846,CUST3041,2024-11-17,Pending,PayPal
ORD13847,CUST2541,2025-08-17,Returned,Cash on Delivery
ORD13848,CUST2152,2025-05-06,Delivered,Cash on Delivery
ORD13849,CUST4646,2023-06-10,Pending,Cash on Delivery
ORD13850,CUST5410,2023-07-17,Delivered,Credit Card
ORD13851,CUST1547,2024-12-31,Pending,PayPal
ORD13852,CUST5197,2024-03-14,Delivered,Cash on Delivery
ORD13853,CUST4021,2023-01-09,Delivered,PayPal
ORD13854,CUST3600,2023-04-24,Returned,Cash on Delivery
ORD13855,CUST1533,2024-05-02,Delivered,Credit Card
ORD13856,CUST3838,2024-08-01,Shipped,PayPal
ORD13857,CUST3328,2023-01-25,Shipped,Cash on Delivery
ORD13858,CUST3813,2023-11-19,Shipped,PayPal
ORD13859,CUST1969,2023-08-08,Returned,PayPal
ORD13860,CUST4116,2023-10-24,Shipped,Cash on Delivery
ORD13861,CUST3258,2023-02-22,Pending,Cash on Delivery
ORD13862,CUST1917,2023-02-26,Pending,Cash on Delivery
ORD13863,CUST4076,2023-03-08,Pending,Credit Card
ORD13864,CUST3511,2023-11-03,Delivered,Cash on Delivery
ORD13865,CUST1279,2024-07-19,Cancelled,Cash on Delivery
ORD13866,CUST4080,2023-07-13,Returned,PayPal
ORD13867,CUST2877,2024-11-14,Shipped,Cash on Delivery
ORD13868,CUST1455,2024-11-22,Shipped,Cash on Delivery
ORD13869,CUST5714,2023-12-03,Returned,PayPal
ORD13870,CUST2014,2023-05-12,Returned,PayPal
ORD13871,CUST3085,2024-09-30,Pending,PayPal
ORD13872,CUST3415,2022-12-05,Pending,Cash on Delivery
ORD13873,CUST2316,2023-08-22,Pending,Cash on Delivery
ORD13874,CUST4923,2025-08-16,Returned,Cash on Delivery
ORD13875,CUST1798,2025-01-08,Returned,PayPal
ORD13876,CUST2393,2024-04-04,Shipped,PayPal
ORD13877,CUST2865,2023-05-19,Shipped,Credit Card
ORD13878,CUST2620,2024-06-09,Delivered,Cash on Delivery
ORD13879,CUST3409,2025-02-25,Delivered,Cash on Delivery
ORD13880,CUST4837,2025-04-14,Cancelled,Cash on Delivery
ORD13881,CUST4413,2022-12-14,Cancelled,Credit Card
ORD13882,CUST3072,2023-08-29,Delivered,Cash on Delivery
ORD13883,CUST5514,2022-09-17,Shipped,Cash on Delivery
ORD13884,CUST5324,2022-09-01,Cancelled,Cash on Delivery
ORD13885,CUST5568,2025-01-04,Delivered,PayPal
ORD13886,CUST5393,2024-12-09,Shipped,Cash on Delivery
ORD13887,CUST1914,2024-10-05,Pending,Cash on Delivery
ORD13888,CUST5603,2023-03-12,Delivered,Cash on Delivery
ORD13889,CUST3598,2023-03-03,Shipped,Cash on Delivery
ORD13890,CUST2960,2024-10-18,Returned,PayPal
ORD13891,CUST2447,2024-01-29,Delivered,Credit Card
ORD13892,CUST2281,2023-12-23,Shipped,Credit Card
ORD13893,CUST3202,2023-06-27,Returned,Credit Card
ORD13894,CUST3835,2022-12-27,Pending,Credit Card
ORD13895,CUST1157,2025-05-07,Delivered,Cash on Delivery
ORD13896,CUST4627,2024-05-13,Pending,Credit Card
ORD13897,CUST4079,2023-08-31,Delivered,Credit Card
ORD13898,CUST3631,2025-08-08,Returned,Credit Card
ORD13899,CUST5023,2025-01-31,Delivered,Credit Card
ORD13900,CUST5119,2024-05-25,Pending,PayPal
ORD13901,CUST5203,2024-01-27,Cancelled,Cash on Delivery
ORD13902,CUST1932,2025-01-07,Delivered,Credit Card
ORD13903,CUST3859,2024-04-13,Shipped,Credit Card
ORD13904,CUST1458,2024-09-10,Pending,Cash on Delivery
ORD13905,CUST3375,2025-06-15,Shipped,PayPal
ORD13906,CUST2827,2024-11-28,Returned,PayPal
ORD13907,CUST1628,2023-02-11,Pending,Cash on Delivery
ORD13908,CUST3870,2025-07-22,Pending,Credit Card
ORD13909,CUST4341,2024-02-05,Delivered,PayPal
ORD13910,CUST1103,2023-12-11,Pending,PayPal
ORD13911,CUST5512,2024-05-28,Pending,PayPal
ORD13912,CUST1421,2024-04-10,Pending,Credit Card
ORD13913,CUST2691,2025-06-04,Returned,Cash on Delivery
ORD13914,CUST1076,2025-06-10,Pending,Credit Card
ORD13915,CUST1208,2025-07-04,Delivered,Credit Card
ORD13916,CUST1717,2023-09-20,Delivered,Credit Card
ORD13917,CUST1054,2024-03-07,Returned,Credit Card
ORD13918,CUST1533,2024-10-04,Cancelled,Credit Card
ORD13919,CUST4861,2024-01-21,Pending,Cash on Delivery
ORD13920,CUST3371,2023-02-25,Returned,Credit Card
ORD13921,CUST5625,2024-01-13,Pending,Cash on Delivery
ORD13922,CUST1127,2023-11-14,Returned,PayPal
ORD13923,CUST4098,2024-10-27,Cancelled,PayPal
ORD13924,CUST1874,2023-02-04,Delivered,Credit Card
ORD13925,CUST5906,2023-09-16,Delivered,PayPal
ORD13926,CUST1884,2022-10-14,Returned,Credit Card
ORD13927,CUST4958,2023-02-26,Delivered,PayPal
ORD13928,CUST3122,2023-01-23,Pending,PayPal
ORD13929,CUST4771,2023-10-26,Shipped,Credit Card
ORD13930,CUST3806,2023-11-24,Returned,PayPal
ORD13931,CUST1933,2025-06-07,Cancelled,Credit Card
ORD13932,CUST2729,2023-02-17,Pending,PayPal
ORD13933,CUST1909,2025-04-17,Delivered,PayPal
ORD13934,CUST3391,2023-11-03,Cancelled,PayPal
ORD13935,CUST1657,2023-05-19,Cancelled,Cash on Delivery
ORD13936,CUST4338,2024-08-24,Shipped,Credit Card
ORD13937,CUST5078,2025-01-18,Delivered,PayPal
ORD13938,CUST3948,2023-02-08,Delivered,Credit Card
ORD13939,CUST3993,2023-07-17,Shipped,Cash on Delivery
ORD13940,CUST3672,2024-01-03,Returned,PayPal
ORD13941,CUST1622,2023-11-27,Cancelled,PayPal
ORD13942,CUST1222,2024-09-12,Shipped,Cash on Delivery
ORD13943,CUST3289,2023-10-10,Returned,Cash on Delivery
ORD13944,CUST4246,2023-06-01,Returned,Cash on Delivery
ORD13945,CUST4895,2023-11-27,Shipped,Cash on Delivery
ORD13946,CUST3462,2023-01-03,Pending,PayPal
ORD13947,CUST2455,2025-03-21,Shipped,Cash on Delivery
ORD13948,CUST3611,2025-05-30,Shipped,Credit Card
ORD13949,CUST3073,2024-01-12,Cancelled,Credit Card
ORD13950,CUST2676,2023-09-08,Delivered,Cash on Delivery
ORD13951,CUST1360,2023-03-06,Returned,Credit Card
ORD13952,CUST2189,2024-12-15,Pending,PayPal
ORD13953,CUST4216,2022-12-17,Shipped,Credit Card
ORD13954,CUST4377,2022-11-11,Returned,Cash on Delivery
ORD13955,CUST3165,2023-07-06,Cancelled,Cash on Delivery
ORD13956,CUST4941,2023-03-02,Delivered,PayPal
ORD13957,CUST3327,2024-03-26,Shipped,PayPal
ORD13958,CUST1968,2024-11-26,Shipped,Credit Card
ORD13959,CUST3565,2025-07-17,Delivered,Cash on Delivery
ORD13960,CUST5704,2024-01-23,Shipped,Cash on Delivery
ORD13961,CUST4450,2025-08-16,Shipped,Credit Card
ORD13962,CUST3542,2024-10-06,Delivered,Credit Card
ORD13963,CUST1084,2024-08-21,Delivered,Cash on Delivery
ORD13964,CUST1412,2024-10-09,Delivered,Credit Card
ORD13965,CUST1877,2024-03-26,Shipped,Cash on Delivery
ORD13966,CUST4468,2023-02-09,Cancelled,Cash on Delivery
ORD13967,CUST5006,2023-10-13,Shipped,Credit Card
ORD13968,CUST2203,2023-09-01,Delivered,PayPal
ORD13969,CUST2490,2023-09-25,Pending,Credit Card
ORD13970,CUST4611,2024-09-06,Cancelled,Credit Card
ORD13971,CUST1539,2025-06-01,Cancelled,PayPal
ORD13972,CUST1535,2024-12-14,Pending,Cash on Delivery
ORD13973,CUST4160,2024-01-05,Pending,Credit Card
ORD13974,CUST1530,2023-12-24,Returned,Cash on Delivery
ORD13975,CUST4526,2023-04-01,Pending,Cash on Delivery
ORD13976,CUST1967,2024-08-06,Cancelled,Cash on Delivery
ORD13977,CUST1260,2024-07-26,Returned,Credit Card
ORD13978,CUST1916,2025-01-28,Shipped,PayPal
ORD13979,CUST2317,2025-08-07,Cancelled,Cash on Delivery
ORD13980,CUST2125,2024-08-15,Shipped,Cash on Delivery
ORD13981,CUST3051,2024-12-20,Returned,Credit Card
ORD13982,CUST1082,2022-11-22,Pending,PayPal
ORD13983,CUST4899,2023-09-15,Pending,PayPal
ORD13984,CUST2456,2023-01-13,Returned,PayPal
ORD13985,CUST2253,2022-09-10,Shipped,Credit Card
ORD13986,CUST5620,2023-08-13,Cancelled,Cash on Delivery
ORD13987,CUST5727,2024-10-12,Shipped,PayPal
ORD13988,CUST4713,2025-04-01,Returned,Credit Card
ORD13989,CUST2003,2022-10-20,Pending,Credit Card
ORD13990,CUST4063,2022-12-01,Returned,Cash on Delivery
ORD13991,CUST4873,2023-05-02,Shipped,Credit Card
ORD13992,CUST1430,2025-01-25,Shipped,Credit Card
ORD13993,CUST2400,2024-02-04,Returned,PayPal
ORD13994,CUST1969,2024-10-17,Delivered,Cash on Delivery
ORD13995,CUST3759,2023-03-17,Cancelled,Cash on Delivery
ORD13996,CUST4688,2025-01-20,Pending,Cash on Delivery
ORD13997,CUST3623,2025-03-08,Returned,Cash on Delivery
ORD13998,CUST1980,2022-11-12,Returned,PayPal
ORD13999,CUST2328,2024-01-05,Cancelled,Credit Card
ORD14000,CUST4623,2023-11-25,Returned,Cash on Delivery
ORD14001,CUST3053,2024-07-27,Shipped,Credit Card
ORD14002,CUST1340,2022-09-20,Cancelled,PayPal
ORD14003,CUST3342,2024-05-28,Returned,PayPal
ORD14004,CUST2891,2025-03-30,Cancelled,Credit Card
ORD14005,CUST2608,2023-10-01,Returned,PayPal
ORD14006,CUST2055,2025-01-24,Delivered,Cash on Delivery
ORD14007,CUST4247,2023-09-20,Returned,PayPal
ORD14008,CUST1179,2025-08-24,Delivered,Cash on Delivery
ORD14009,CUST4234,2024-08-30,Cancelled,Credit Card
ORD14010,CUST3012,2025-03-19,Shipped,PayPal
ORD14011,CUST2786,2022-09-19,Delivered,PayPal
ORD14012,CUST5313,2025-04-04,Shipped,PayPal
ORD14013,CUST4683,2025-01-06,Returned,Credit Card
ORD14014,CUST3789,2024-07-17,Delivered,PayPal
ORD14015,CUST1072,2023-11-28,Pending,Cash on Delivery
ORD14016,CUST2910,2024-08-10,Delivered,Credit Card
ORD14017,CUST1602,2024-01-06,Delivered,PayPal
ORD14018,CUST4689,2024-09-29,Pending,Credit Card
ORD14019,CUST1603,2024-07-28,Cancelled,Credit Card
ORD14020,CUST1711,2025-04-07,Pending,Credit Card
ORD14021,CUST4092,2023-01-23,Cancelled,Credit Card
ORD14022,CUST4549,2023-09-16,Pending,Credit Card
ORD14023,CUST5902,2025-01-02,Shipped,PayPal
ORD14024,CUST2092,2024-01-24,Pending,PayPal
ORD14025,CUST2875,2023-01-07,Cancelled,PayPal
ORD14026,CUST2385,2025-06-24,Cancelled,Cash on Delivery
ORD14027,CUST1867,2024-09-05,Delivered,Cash on Delivery
ORD14028,CUST3550,2024-12-21,Cancelled,PayPal
ORD14029,CUST2716,2024-01-13,Cancelled,Credit Card
ORD14030,CUST3019,2024-07-03,Delivered,Credit Card
ORD14031,CUST4259,2024-06-09,Returned,Credit Card
ORD14032,CUST5825,2024-09-14,Returned,PayPal
ORD14033,CUST1375,2023-06-21,Delivered,PayPal
ORD14034,CUST2810,2022-12-04,Returned,Cash on Delivery
ORD14035,CUST4618,2022-11-28,Pending,PayPal
ORD14036,CUST4577,2023-04-02,Cancelled,PayPal
ORD14037,CUST3233,2024-03-08,Delivered,Cash on Delivery
ORD14038,CUST5021,2024-12-30,Shipped,Credit Card
ORD14039,CUST3551,2023-10-13,Cancelled,Cash on Delivery
ORD14040,CUST5394,2024-09-05,Shipped,Cash on Delivery
ORD14041,CUST5418,2022-11-19,Returned,PayPal
ORD14042,CUST2665,2023-08-17,Delivered,Credit Card
ORD14043,CUST5023,2025-07-05,Cancelled,Cash on Delivery
ORD14044,CUST1389,2024-05-15,Cancelled,Credit Card
ORD14045,CUST2130,2022-10-23,Shipped,Cash on Delivery
ORD14046,CUST3703,2025-01-22,Shipped,PayPal
ORD14047,CUST2225,2025-08-05,Pending,Credit Card
ORD14048,CUST4523,2023-10-24,Returned,PayPal
ORD14049,CUST5155,2024-09-17,Delivered,Credit Card
ORD14050,CUST5238,2024-08-11,Delivered,PayPal
ORD14051,CUST4384,2024-10-28,Cancelled,Credit Card
ORD14052,CUST2886,2024-03-31,Returned,Credit Card
ORD14053,CUST5126,2024-09-28,Shipped,Cash on Delivery
ORD14054,CUST3252,2024-11-09,Shipped,Credit Card
ORD14055,CUST3125,2024-09-04,Pending,PayPal
ORD14056,CUST2995,2022-11-07,Shipped,Cash on Delivery
ORD14057,CUST2109,2025-05-03,Cancelled,Credit Card
ORD14058,CUST5600,2023-09-17,Cancelled,Credit Card
ORD14059,CUST3455,2025-06-01,Pending,PayPal
ORD14060,CUST4497,2024-02-05,Cancelled,Cash on Delivery
ORD14061,CUST4254,2023-10-26,Pending,Credit Card
ORD14062,CUST3278,2023-01-05,Pending,PayPal
ORD14063,CUST5116,2023-07-17,Delivered,PayPal
ORD14064,CUST1130,2023-02-13,Pending,PayPal
ORD14065,CUST2533,2023-02-24,Delivered,PayPal
ORD14066,CUST2558,2024-04-01,Delivered,PayPal
ORD14067,CUST5990,2024-01-21,Shipped,PayPal
ORD14068,CUST3072,2023-04-06,Returned,Credit Card
ORD14069,CUST1304,2024-01-26,Shipped,Cash on Delivery
ORD14070,CUST2681,2023-01-06,Shipped,Credit Card
ORD14071,CUST1441,2023-03-10,Pending,PayPal
ORD14072,CUST5018,2022-09-09,Shipped,PayPal
ORD14073,CUST5623,2023-12-31,Delivered,Cash on Delivery
ORD14074,CUST3712,2024-09-26,Pending,PayPal
ORD14075,CUST1289,2022-09-24,Cancelled,PayPal
ORD14076,CUST2260,2024-01-02,Delivered,Cash on Delivery
ORD14077,CUST1598,2025-06-14,Shipped,Cash on Delivery
ORD14078,CUST1407,2025-03-19,Shipped,Cash on Delivery
ORD14079,CUST1132,2024-12-30,Pending,Credit Card
ORD14080,CUST3908,2022-11-22,Shipped,PayPal
ORD14081,CUST5440,2022-10-20,Pending,Cash on Delivery
ORD14082,CUST5338,2024-12-05,Shipped,PayPal
ORD14083,CUST3182,2025-04-03,Shipped,PayPal
ORD14084,CUST3310,2025-01-27,Returned,Cash on Delivery
ORD14085,CUST3192,2023-03-24,Shipped,Credit Card
ORD14086,CUST5352,2022-12-04,Shipped,Credit Card
ORD14087,CUST5803,2024-11-05,Cancelled,Cash on Delivery
ORD14088,CUST4025,2024-12-28,Returned,Cash on Delivery
ORD14089,CUST2139,2024-03-13,Delivered,Credit Card
ORD14090,CUST1908,2024-12-09,Delivered,PayPal
ORD14091,CUST1612,2023-05-27,Cancelled,Credit Card
ORD14092,CUST1193,2025-06-28,Delivered,PayPal
ORD14093,CUST4156,2024-08-14,Shipped,Cash on Delivery
ORD14094,CUST5990,2024-04-05,Returned,Cash on Delivery
ORD14095,CUST2386,2023-05-28,Shipped,Cash on Delivery
ORD14096,CUST2489,2025-05-07,Returned,PayPal
ORD14097,CUST4984,2024-07-25,Cancelled,Cash on Delivery
ORD14098,CUST3208,2024-03-02,Cancelled,Cash on Delivery
ORD14099,CUST3298,2024-02-24,Cancelled,Credit Card
ORD14100,CUST3798,2023-10-08,Delivered,PayPal
ORD14101,CUST5428,2024-05-30,Shipped,Credit Card
ORD14102,CUST5975,2025-08-05,Pending,Credit Card
ORD14103,CUST4085,2025-02-28,Pending,Credit Card
ORD14104,CUST2481,2023-07-05,Shipped,PayPal
ORD14105,CUST1910,2023-12-29,Cancelled,Credit Card
ORD14106,CUST1447,2023-11-28,Pending,Cash on Delivery
ORD14107,CUST5898,2023-04-04,Pending,Cash on Delivery
ORD14108,CUST2583,2022-10-12,Shipped,Credit Card
ORD14109,CUST4537,2024-09-12,Returned,PayPal
ORD14110,CUST3776,2024-11-08,Returned,Credit Card
ORD14111,CUST1340,2023-10-17,Pending,Cash on Delivery
ORD14112,CUST4064,2023-07-31,Shipped,Cash on Delivery
ORD14113,CUST5299,2025-02-25,Shipped,Credit Card
ORD14114,CUST3200,2025-08-19,Cancelled,Cash on Delivery
ORD14115,CUST4272,2023-09-27,Pending,PayPal
ORD14116,CUST2800,2025-03-18,Returned,Cash on Delivery
ORD14117,CUST5668,2023-01-02,Delivered,PayPal
ORD14118,CUST4585,2025-06-10,Cancelled,Cash on Delivery
ORD14119,CUST4824,2025-05-23,Delivered,Credit Card
ORD14120,CUST4149,2025-02-11,Cancelled,PayPal
ORD14121,CUST1150,2022-11-05,Pending,PayPal
ORD14122,CUST1863,2024-05-06,Cancelled,Cash on Delivery
ORD14123,CUST3921,2025-05-27,Pending,Credit Card
ORD14124,CUST4005,2024-08-11,Delivered,Credit Card
ORD14125,CUST5338,2023-01-19,Cancelled,Credit Card
ORD14126,CUST4633,2023-07-28,Pending,PayPal
ORD14127,CUST5353,2024-06-02,Returned,PayPal
ORD14128,CUST2884,2023-09-29,Pending,Cash on Delivery
ORD14129,CUST3456,2024-04-11,Returned,PayPal
ORD14130,CUST4066,2023-05-27,Delivered,Cash on Delivery
ORD14131,CUST2702,2023-06-07,Delivered,Credit Card
ORD14132,CUST2038,2023-06-20,Cancelled,Cash on Delivery
ORD14133,CUST3633,2025-06-24,Pending,PayPal
ORD14134,CUST5162,2023-11-16,Delivered,Cash on Delivery
ORD14135,CUST4606,2025-03-13,Returned,PayPal
ORD14136,CUST2373,2022-10-18,Pending,Cash on Delivery
ORD14137,CUST1952,2023-12-18,Cancelled,PayPal
ORD14138,CUST2669,2023-08-01,Returned,Cash on Delivery
ORD14139,CUST4975,2025-02-16,Delivered,Cash on Delivery
ORD14140,CUST1074,2022-09-28,Returned,Cash on Delivery
ORD14141,CUST2722,2023-09-23,Cancelled,PayPal
ORD14142,CUST1121,2025-08-16,Shipped,Cash on Delivery
ORD14143,CUST5417,2022-08-27,Shipped,Cash on Delivery
ORD14144,CUST2716,2025-03-30,Returned,Credit Card
ORD14145,CUST5823,2024-09-07,Cancelled,Cash on Delivery
ORD14146,CUST2206,2024-01-29,Delivered,Credit Card
ORD14147,CUST1322,2025-07-11,Delivered,Cash on Delivery
ORD14148,CUST4618,2024-12-06,Pending,Cash on Delivery
ORD14149,CUST1606,2022-10-24,Pending,Cash on Delivery
ORD14150,CUST5410,2023-03-17,Shipped,Cash on Delivery
ORD14151,CUST3857,2024-12-19,Delivered,PayPal
ORD14152,CUST2981,2023-12-04,Returned,PayPal
ORD14153,CUST2562,2024-05-26,Returned,Cash on Delivery
ORD14154,CUST5985,2023-06-23,Cancelled,Cash on Delivery
ORD14155,CUST4130,2025-05-03,Pending,Cash on Delivery
ORD14156,CUST1616,2022-11-09,Cancelled,Credit Card
ORD14157,CUST1590,2025-06-16,Shipped,Cash on Delivery
ORD14158,CUST5308,2024-04-30,Returned,Credit Card
ORD14159,CUST1282,2025-08-08,Pending,Credit Card
ORD14160,CUST4884,2024-06-07,Cancelled,Cash on Delivery
ORD14161,CUST1695,2023-05-31,Returned,Cash on Delivery
ORD14162,CUST5356,2025-07-03,Shipped,Credit Card
ORD14163,CUST1311,2023-09-28,Returned,Credit Card
ORD14164,CUST3005,2023-10-18,Returned,Credit Card
ORD14165,CUST5805,2024-10-16,Delivered,Credit Card
ORD14166,CUST2068,2024-04-14,Shipped,Cash on Delivery
ORD14167,CUST3632,2025-06-03,Shipped,PayPal
ORD14168,CUST1737,2025-05-23,Cancelled,PayPal
ORD14169,CUST5032,2023-08-16,Delivered,Cash on Delivery
ORD14170,CUST4054,2023-06-12,Returned,Credit Card
ORD14171,CUST4923,2025-05-11,Returned,Cash on Delivery
ORD14172,CUST2920,2022-12-31,Delivered,Cash on Delivery
ORD14173,CUST5388,2025-02-21,Pending,Credit Card
ORD14174,CUST4202,2024-07-25,Delivered,Cash on Delivery
ORD14175,CUST2795,2025-04-22,Cancelled,Cash on Delivery
ORD14176,CUST2526,2023-07-22,Cancelled,PayPal
ORD14177,CUST3786,2023-04-12,Cancelled,Credit Card
ORD14178,CUST4253,2024-07-24,Returned,Credit Card
ORD14179,CUST3904,2024-07-16,Pending,PayPal
ORD14180,CUST4234,2025-05-13,Pending,PayPal
ORD14181,CUST2066,2023-12-26,Delivered,PayPal
ORD14182,CUST4006,2025-05-29,Shipped,Cash on Delivery
ORD14183,CUST5965,2024-11-03,Pending,Credit Card
ORD14184,CUST1404,2025-01-10,Shipped,Cash on Delivery
ORD14185,CUST4678,2024-09-02,Returned,Cash on Delivery
ORD14186,CUST5268,2023-10-10,Pending,PayPal
ORD14187,CUST5156,2024-05-17,Shipped,PayPal
ORD14188,CUST3701,2025-06-17,Delivered,Cash on Delivery
ORD14189,CUST1767,2024-12-17,Cancelled,Cash on Delivery
ORD14190,CUST1806,2024-04-23,Delivered,Credit Card
ORD14191,CUST1151,2024-11-22,Delivered,Cash on Delivery
ORD14192,CUST4181,2024-03-27,Shipped,PayPal
ORD14193,CUST2716,2025-01-05,Returned,Cash on Delivery
ORD14194,CUST5766,2024-08-20,Delivered,PayPal
ORD14195,CUST1817,2023-09-28,Returned,PayPal
ORD14196,CUST4578,2024-01-22,Cancelled,Credit Card
ORD14197,CUST4386,2023-06-09,Returned,Credit Card
ORD14198,CUST5990,2023-12-28,Cancelled,Cash on Delivery
ORD14199,CUST5974,2023-06-24,Delivered,Cash on Delivery
ORD14200,CUST4544,2023-12-20,Returned,Credit Card
ORD14201,CUST2232,2023-03-04,Cancelled,Credit Card
ORD14202,CUST4645,2023-10-03,Delivered,PayPal
ORD14203,CUST2824,2025-08-12,Pending,PayPal
ORD14204,CUST5710,2025-01-15,Returned,Cash on Delivery
ORD14205,CUST5113,2024-02-07,Delivered,PayPal
ORD14206,CUST1586,2025-05-24,Delivered,PayPal
ORD14207,CUST4429,2025-07-11,Pending,Cash on Delivery
ORD14208,CUST1259,2023-12-22,Delivered,PayPal
ORD14209,CUST3909,2023-06-29,Returned,PayPal
ORD14210,CUST4142,2025-01-16,Cancelled,PayPal
ORD14211,CUST1782,2023-10-14,Delivered,PayPal
ORD14212,CUST4861,2025-05-15,Shipped,Credit Card
ORD14213,CUST1541,2025-01-08,Cancelled,Cash on Delivery
ORD14214,CUST1871,2023-02-19,Shipped,Credit Card
ORD14215,CUST4228,2025-05-09,Cancelled,PayPal
ORD14216,CUST4752,2022-11-17,Cancelled,PayPal
ORD14217,CUST3714,2024-07-06,Returned,Cash on Delivery
ORD14218,CUST3893,2025-07-21,Delivered,PayPal
ORD14219,CUST3346,2022-10-24,Returned,Cash on Delivery
ORD14220,CUST4794,2024-12-09,Shipped,Cash on Delivery
ORD14221,CUST1849,2025-03-16,Shipped,PayPal
ORD14222,CUST2491,2023-10-29,Shipped,Cash on Delivery
ORD14223,CUST1973,2022-12-13,Pending,Cash on Delivery
ORD14224,CUST1280,2023-06-04,Pending,Credit Card
ORD14225,CUST1193,2022-09-27,Cancelled,PayPal
ORD14226,CUST3049,2022-12-04,Shipped,Credit Card
ORD14227,CUST1116,2025-05-15,Delivered,Credit Card
ORD14228,CUST5813,2024-11-09,Returned,PayPal
ORD14229,CUST1371,2023-03-31,Cancelled,Cash on Delivery
ORD14230,CUST2866,2024-07-01,Delivered,Credit Card
ORD14231,CUST3777,2022-11-02,Cancelled,Credit Card
ORD14232,CUST4096,2022-11-17,Delivered,Credit Card
ORD14233,CUST4107,2024-02-15,Shipped,Credit Card
ORD14234,CUST1645,2023-02-17,Shipped,PayPal
ORD14235,CUST2186,2022-10-24,Pending,Credit Card
ORD14236,CUST5647,2023-07-01,Pending,Cash on Delivery
ORD14237,CUST2798,2024-12-27,Cancelled,PayPal
ORD14238,CUST1611,2023-01-23,Shipped,Credit Card
ORD14239,CUST3940,2024-03-17,Shipped,Credit Card
ORD14240,CUST5041,2025-04-26,Delivered,Credit Card
ORD14241,CUST4401,2023-04-12,Returned,Credit Card
ORD14242,CUST2990,2022-11-04,Pending,Credit Card
ORD14243,CUST1471,2024-06-28,Cancelled,Credit Card
ORD14244,CUST4483,2022-12-09,Shipped,PayPal
ORD14245,CUST3640,2024-12-24,Delivered,PayPal
ORD14246,CUST2409,2023-05-08,Cancelled,Credit Card
ORD14247,CUST3416,2022-11-04,Cancelled,PayPal
ORD14248,CUST4344,2025-03-03,Delivered,Credit Card
ORD14249,CUST2868,2022-10-09,Delivered,Cash on Delivery
ORD14250,CUST2146,2025-05-21,Pending,Credit Card
ORD14251,CUST3854,2025-03-29,Cancelled,Cash on Delivery
ORD14252,CUST4092,2025-04-27,Shipped,Credit Card
ORD14253,CUST1840,2025-03-31,Delivered,PayPal
ORD14254,CUST5004,2023-12-05,Returned,Cash on Delivery
ORD14255,CUST3649,2023-05-29,Shipped,Credit Card
ORD14256,CUST5490,2024-08-15,Pending,Credit Card
ORD14257,CUST1914,2022-10-25,Cancelled,Cash on Delivery
ORD14258,CUST3226,2024-05-22,Delivered,Cash on Delivery
ORD14259,CUST3210,2024-08-15,Returned,Credit Card
ORD14260,CUST4361,2023-09-01,Returned,Credit Card
ORD14261,CUST2306,2024-01-12,Returned,PayPal
ORD14262,CUST1046,2023-12-08,Pending,PayPal
ORD14263,CUST5684,2024-02-21,Shipped,PayPal
ORD14264,CUST4666,2025-01-03,Returned,PayPal
ORD14265,CUST5662,2023-11-21,Returned,Credit Card
ORD14266,CUST4133,2025-05-02,Returned,PayPal
ORD14267,CUST3893,2023-05-08,Pending,Credit Card
ORD14268,CUST4563,2023-09-12,Cancelled,Credit Card
ORD14269,CUST4399,2022-11-07,Shipped,Credit Card
ORD14270,CUST5822,2023-11-18,Returned,Cash on Delivery
ORD14271,CUST2049,2024-06-07,Shipped,PayPal
ORD14272,CUST1632,2024-10-14,Delivered,PayPal
ORD14273,CUST3710,2025-07-14,Delivered,Credit Card
ORD14274,CUST5436,2023-07-10,Returned,PayPal
ORD14275,CUST1646,2024-02-18,Pending,Credit Card
ORD14276,CUST1758,2025-07-13,Shipped,Cash on Delivery
ORD14277,CUST3205,2025-01-12,Delivered,Credit Card
ORD14278,CUST1667,2023-10-29,Delivered,PayPal
ORD14279,CUST2647,2024-12-15,Cancelled,Credit Card
ORD14280,CUST5500,2024-08-20,Cancelled,Credit Card
ORD14281,CUST2792,2023-02-10,Returned,Credit Card
ORD14282,CUST4589,2025-08-02,Cancelled,Cash on Delivery
ORD14283,CUST2097,2025-07-02,Pending,Cash on Delivery
ORD14284,CUST3051,2025-02-28,Returned,PayPal
ORD14285,CUST3473,2024-04-15,Pending,Cash on Delivery
ORD14286,CUST4307,2023-10-26,Pending,PayPal
ORD14287,CUST2364,2023-09-09,Shipped,Cash on Delivery
ORD14288,CUST2163,2024-11-28,Delivered,PayPal
ORD14289,CUST1486,2024-03-10,Returned,Cash on Delivery
ORD14290,CUST3436,2024-02-28,Pending,PayPal
ORD14291,CUST5611,2024-06-02,Shipped,Credit Card
ORD14292,CUST3327,2025-02-12,Cancelled,Credit Card
ORD14293,CUST1341,2025-07-04,Returned,Credit Card
ORD14294,CUST1359,2024-09-28,Shipped,Credit Card
ORD14295,CUST4237,2023-09-28,Returned,Cash on Delivery
ORD14296,CUST3191,2022-09-15,Pending,Cash on Delivery
ORD14297,CUST4282,2024-11-08,Shipped,Cash on Delivery
ORD14298,CUST1003,2023-12-30,Delivered,Credit Card
ORD14299,CUST3318,2023-01-15,Shipped,PayPal
ORD14300,CUST4888,2023-12-10,Delivered,Credit Card
ORD14301,CUST1716,2024-02-22,Pending,Credit Card
ORD14302,CUST5148,2023-07-03,Returned,Credit Card
ORD14303,CUST5886,2022-12-09,Shipped,Cash on Delivery
ORD14304,CUST1496,2025-04-03,Shipped,Cash on Delivery
ORD14305,CUST1178,2024-05-12,Cancelled,PayPal
ORD14306,CUST4343,2025-04-15,Returned,Credit Card
ORD14307,CUST2594,2022-12-12,Cancelled,PayPal
ORD14308,CUST1277,2022-11-20,Delivered,PayPal
ORD14309,CUST2810,2025-07-10,Delivered,Cash on Delivery
ORD14310,CUST1253,2023-09-26,Returned,Cash on Delivery
ORD14311,CUST5992,2024-10-29,Shipped,PayPal
ORD14312,CUST1928,2024-12-15,Pending,Credit Card
ORD14313,CUST5521,2022-09-21,Returned,PayPal
ORD14314,CUST4448,2023-05-25,Cancelled,Credit Card
ORD14315,CUST3640,2023-07-26,Cancelled,Cash on Delivery
ORD14316,CUST2243,2025-03-24,Cancelled,Credit Card
ORD14317,CUST2786,2023-10-09,Returned,Cash on Delivery
ORD14318,CUST1654,2024-04-05,Pending,Cash on Delivery
ORD14319,CUST3719,2024-12-27,Returned,PayPal
ORD14320,CUST5467,2024-05-16,Shipped,PayPal
ORD14321,CUST2379,2025-06-11,Delivered,Credit Card
ORD14322,CUST2842,2025-01-23,Delivered,Cash on Delivery
ORD14323,CUST1244,2025-03-08,Cancelled,PayPal
ORD14324,CUST4794,2025-04-19,Returned,Cash on Delivery
ORD14325,CUST4914,2023-09-16,Cancelled,Credit Card
ORD14326,CUST5583,2023-06-06,Shipped,Credit Card
ORD14327,CUST1426,2024-01-04,Returned,Cash on Delivery
ORD14328,CUST1546,2022-09-30,Shipped,Cash on Delivery
ORD14329,CUST2578,2025-06-28,Pending,PayPal
ORD14330,CUST2522,2023-11-10,Shipped,PayPal
ORD14331,CUST1344,2025-07-06,Shipped,PayPal
ORD14332,CUST5765,2025-03-05,Cancelled,Cash on Delivery
ORD14333,CUST1814,2024-01-22,Cancelled,PayPal
ORD14334,CUST1160,2023-03-12,Shipped,PayPal
ORD14335,CUST3652,2025-04-24,Returned,Credit Card
ORD14336,CUST4743,2022-10-27,Pending,PayPal
ORD14337,CUST4206,2023-03-21,Returned,Credit Card
ORD14338,CUST3684,2023-05-17,Pending,Cash on Delivery
ORD14339,CUST1044,2023-05-06,Cancelled,Cash on Delivery
ORD14340,CUST4968,2023-07-11,Returned,Credit Card
ORD14341,CUST5670,2022-12-23,Cancelled,PayPal
ORD14342,CUST4286,2023-02-16,Shipped,Credit Card
ORD14343,CUST2829,2022-10-11,Pending,Credit Card
ORD14344,CUST2145,2024-05-25,Pending,Credit Card
ORD14345,CUST2427,2023-04-17,Returned,Cash on Delivery
ORD14346,CUST5544,2022-11-13,Pending,PayPal
ORD14347,CUST1032,2025-07-07,Returned,Credit Card
ORD14348,CUST5272,2024-06-03,Delivered,Credit Card
ORD14349,CUST3738,2024-05-23,Returned,PayPal
ORD14350,CUST2279,2025-07-07,Delivered,Credit Card
ORD14351,CUST4092,2024-09-22,Delivered,PayPal
ORD14352,CUST5636,2023-06-14,Cancelled,Credit Card
ORD14353,CUST4926,2022-12-01,Delivered,PayPal
ORD14354,CUST1513,2025-07-11,Cancelled,PayPal
ORD14355,CUST3913,2023-04-11,Returned,Credit Card
ORD14356,CUST4469,2023-09-08,Delivered,PayPal
ORD14357,CUST2459,2023-09-03,Cancelled,PayPal
ORD14358,CUST5512,2023-05-21,Cancelled,Cash on Delivery
ORD14359,CUST1744,2022-10-29,Returned,Credit Card
ORD14360,CUST4626,2024-09-28,Returned,Credit Card
ORD14361,CUST5944,2023-05-29,Pending,PayPal
ORD14362,CUST3788,2023-02-11,Shipped,Cash on Delivery
ORD14363,CUST2501,2025-03-23,Shipped,Cash on Delivery
ORD14364,CUST2816,2024-07-01,Shipped,Credit Card
ORD14365,CUST2896,2025-06-02,Cancelled,PayPal
ORD14366,CUST4491,2022-10-14,Cancelled,Credit Card
ORD14367,CUST3985,2024-08-04,Pending,Cash on Delivery
ORD14368,CUST1722,2024-06-27,Shipped,PayPal
ORD14369,CUST3135,2024-03-22,Cancelled,PayPal
ORD14370,CUST3550,2025-03-04,Returned,Credit Card
ORD14371,CUST1969,2023-08-25,Cancelled,Credit Card
ORD14372,CUST2178,2022-10-24,Returned,Credit Card
ORD14373,CUST1373,2025-02-26,Delivered,PayPal
ORD14374,CUST1493,2023-05-27,Pending,Cash on Delivery
ORD14375,CUST2917,2023-11-02,Cancelled,Cash on Delivery
ORD14376,CUST3304,2024-03-08,Shipped,Cash on Delivery
ORD14377,CUST4512,2024-04-13,Delivered,PayPal
ORD14378,CUST3772,2024-12-13,Delivered,Credit Card
ORD14379,CUST4309,2024-08-04,Returned,Cash on Delivery
ORD14380,CUST1619,2024-08-24,Shipped,Cash on Delivery
ORD14381,CUST2180,2024-01-12,Shipped,Credit Card
ORD14382,CUST4334,2024-03-18,Shipped,Credit Card
ORD14383,CUST3340,2024-01-24,Cancelled,Credit Card
ORD14384,CUST2318,2023-09-13,Pending,Cash on Delivery
ORD14385,CUST5328,2024-02-06,Returned,PayPal
ORD14386,CUST5476,2025-08-09,Delivered,Credit Card
ORD14387,CUST5983,2023-02-02,Returned,Credit Card
ORD14388,CUST2953,2024-08-13,Returned,Credit Card
ORD14389,CUST1548,2024-02-06,Returned,Cash on Delivery
ORD14390,CUST1174,2023-09-28,Pending,Cash on Delivery
ORD14391,CUST1997,2024-08-25,Pending,PayPal
ORD14392,CUST2644,2025-03-24,Cancelled,Cash on Delivery
ORD14393,CUST3912,2024-03-12,Shipped,Credit Card
ORD14394,CUST4007,2022-11-04,Cancelled,Cash on Delivery
ORD14395,CUST2938,2024-02-29,Shipped,Cash on Delivery
ORD14396,CUST2971,2025-03-21,Delivered,Cash on Delivery
ORD14397,CUST5977,2025-06-16,Pending,Credit Card
ORD14398,CUST2880,2024-02-12,Delivered,Cash on Delivery
ORD14399,CUST2164,2024-12-04,Delivered,Credit Card
ORD14400,CUST1101,2025-03-02,Shipped,Credit Card
ORD14401,CUST1952,2025-04-04,Pending,PayPal
ORD14402,CUST3305,2023-11-01,Delivered,Cash on Delivery
ORD14403,CUST3768,2023-08-21,Cancelled,PayPal
ORD14404,CUST5135,2023-02-20,Cancelled,Credit Card
ORD14405,CUST2541,2025-03-16,Delivered,PayPal
ORD14406,CUST3445,2025-01-22,Pending,PayPal
ORD14407,CUST5586,2024-05-22,Pending,Credit Card
ORD14408,CUST1000,2024-08-23,Shipped,PayPal
ORD14409,CUST4697,2023-05-08,Pending,PayPal
ORD14410,CUST5417,2024-05-18,Returned,Cash on Delivery
ORD14411,CUST5896,2025-01-04,Returned,PayPal
ORD14412,CUST1943,2023-09-20,Shipped,PayPal
ORD14413,CUST5354,2024-12-06,Cancelled,PayPal
ORD14414,CUST5324,2024-06-19,Shipped,Credit Card
ORD14415,CUST1640,2023-07-24,Returned,Cash on Delivery
ORD14416,CUST2527,2025-06-29,Shipped,PayPal
ORD14417,CUST3748,2024-03-14,Shipped,Credit Card
ORD14418,CUST1005,2024-10-15,Returned,Cash on Delivery
ORD14419,CUST1244,2023-12-20,Delivered,PayPal
ORD14420,CUST2064,2022-12-01,Cancelled,Credit Card
ORD14421,CUST1272,2024-02-16,Returned,Credit Card
ORD14422,CUST3418,2025-05-12,Delivered,Cash on Delivery
ORD14423,CUST4540,2023-02-23,Cancelled,PayPal
ORD14424,CUST2605,2024-02-05,Shipped,Cash on Delivery
ORD14425,CUST3323,2024-03-11,Pending,Credit Card
ORD14426,CUST4185,2022-09-01,Pending,PayPal
ORD14427,CUST5963,2024-09-08,Returned,Credit Card
ORD14428,CUST2419,2023-05-04,Pending,Cash on Delivery
ORD14429,CUST3076,2024-03-23,Returned,Credit Card
ORD14430,CUST3056,2023-10-10,Cancelled,Cash on Delivery
ORD14431,CUST2014,2023-01-28,Pending,Cash on Delivery
ORD14432,CUST4513,2022-11-28,Pending,PayPal
ORD14433,CUST4458,2025-03-07,Pending,Cash on Delivery
ORD14434,CUST1276,2024-02-25,Returned,PayPal
ORD14435,CUST1288,2024-01-09,Pending,Cash on Delivery
ORD14436,CUST2764,2025-02-28,Returned,Credit Card
ORD14437,CUST3693,2024-01-16,Cancelled,Cash on Delivery
ORD14438,CUST4569,2023-02-14,Pending,Cash on Delivery
ORD14439,CUST2256,2023-02-21,Cancelled,Credit Card
ORD14440,CUST5269,2022-10-06,Returned,Cash on Delivery
ORD14441,CUST2781,2025-01-16,Shipped,PayPal
ORD14442,CUST1294,2023-04-26,Pending,PayPal
ORD14443,CUST4741,2022-10-28,Shipped,Cash on Delivery
ORD14444,CUST4003,2023-11-04,Returned,PayPal
ORD14445,CUST4456,2024-08-01,Shipped,PayPal
ORD14446,CUST5819,2024-10-14,Pending,PayPal
ORD14447,CUST1000,2024-10-25,Delivered,Cash on Delivery
ORD14448,CUST5493,2023-10-23,Shipped,Cash on Delivery
ORD14449,CUST4989,2023-10-20,Cancelled,Credit Card
ORD14450,CUST3327,2025-01-29,Returned,PayPal
ORD14451,CUST3071,2024-01-31,Delivered,Credit Card
ORD14452,CUST4624,2025-08-01,Pending,Credit Card
ORD14453,CUST5684,2025-02-14,Returned,Cash on Delivery
ORD14454,CUST5554,2024-04-19,Cancelled,PayPal
ORD14455,CUST5798,2025-03-25,Delivered,Credit Card
ORD14456,CUST3077,2025-02-05,Delivered,Cash on Delivery
ORD14457,CUST1122,2025-03-18,Returned,Credit Card
ORD14458,CUST5058,2024-10-05,Delivered,Credit Card
ORD14459,CUST4764,2024-07-01,Returned,Cash on Delivery
ORD14460,CUST4479,2022-08-26,Returned,PayPal
ORD14461,CUST5385,2023-09-04,Delivered,Credit Card
ORD14462,CUST2560,2024-06-30,Cancelled,Cash on Delivery
ORD14463,CUST3602,2023-06-20,Cancelled,PayPal
ORD14464,CUST1600,2024-03-29,Cancelled,Credit Card
ORD14465,CUST4913,2023-02-13,Pending,PayPal
ORD14466,CUST1103,2025-04-04,Pending,Credit Card
ORD14467,CUST5737,2024-06-06,Cancelled,PayPal
ORD14468,CUST2488,2025-07-06,Delivered,PayPal
ORD14469,CUST1571,2024-06-08,Pending,Cash on Delivery
ORD14470,CUST1455,2025-02-14,Pending,Credit Card
ORD14471,CUST3838,2022-09-23,Delivered,PayPal
ORD14472,CUST1451,2023-11-01,Pending,Cash on Delivery
ORD14473,CUST3105,2025-02-05,Cancelled,Credit Card
ORD14474,CUST3366,2025-04-12,Shipped,Cash on Delivery
ORD14475,CUST4505,2022-12-18,Pending,Cash on Delivery
ORD14476,CUST1862,2023-06-21,Shipped,PayPal
ORD14477,CUST5798,2024-09-01,Pending,Cash on Delivery
ORD14478,CUST1772,2023-08-31,Returned,Cash on Delivery
ORD14479,CUST2857,2023-05-20,Delivered,PayPal
ORD14480,CUST3003,2024-04-30,Returned,Credit Card
ORD14481,CUST3030,2024-01-24,Delivered,PayPal
ORD14482,CUST1837,2023-07-12,Shipped,PayPal
ORD14483,CUST3352,2023-05-02,Cancelled,PayPal
ORD14484,CUST1035,2025-02-11,Pending,PayPal
ORD14485,CUST4103,2023-02-04,Pending,Cash on Delivery
ORD14486,CUST4311,2025-04-26,Pending,Cash on Delivery
ORD14487,CUST4563,2024-12-21,Shipped,PayPal
ORD14488,CUST3897,2025-07-09,Returned,Cash on Delivery
ORD14489,CUST2357,2024-04-23,Pending,PayPal
ORD14490,CUST4181,2025-04-26,Shipped,PayPal
ORD14491,CUST3170,2023-04-27,Cancelled,PayPal
ORD14492,CUST1227,2024-01-06,Pending,PayPal
ORD14493,CUST2923,2025-05-29,Pending,PayPal
ORD14494,CUST1530,2023-10-08,Returned,Credit Card
ORD14495,CUST2838,2025-06-17,Shipped,PayPal
ORD14496,CUST3609,2024-01-26,Shipped,Cash on Delivery
ORD14497,CUST1521,2024-06-12,Returned,Credit Card
ORD14498,CUST2543,2024-07-06,Pending,PayPal
ORD14499,CUST3759,2024-01-14,Delivered,Cash on Delivery
ORD14500,CUST2225,2023-02-28,Cancelled,Credit Card
ORD14501,CUST4351,2024-08-18,Shipped,Credit Card
ORD14502,CUST1172,2023-11-24,Pending,Cash on Delivery
ORD14503,CUST2450,2024-03-24,Delivered,Credit Card
ORD14504,CUST1543,2024-04-26,Shipped,Credit Card
ORD14505,CUST2932,2024-02-03,Shipped,Cash on Delivery
ORD14506,CUST5368,2024-09-12,Pending,Credit Card
ORD14507,CUST3347,2024-05-31,Delivered,Cash on Delivery
ORD14508,CUST4802,2023-02-20,Shipped,Credit Card
ORD14509,CUST2157,2024-01-24,Pending,Cash on Delivery
ORD14510,CUST4669,2023-11-20,Shipped,Cash on Delivery
ORD14511,CUST2225,2024-05-06,Shipped,Credit Card
ORD14512,CUST1940,2024-10-02,Cancelled,PayPal
ORD14513,CUST5430,2025-08-20,Delivered,Credit Card
ORD14514,CUST5165,2023-08-09,Pending,Cash on Delivery
ORD14515,CUST5140,2025-07-28,Cancelled,PayPal
ORD14516,CUST2191,2023-05-22,Delivered,PayPal
ORD14517,CUST2792,2023-06-22,Cancelled,Credit Card
ORD14518,CUST4141,2023-05-07,Delivered,Cash on Delivery
ORD14519,CUST5042,2022-10-20,Cancelled,Cash on Delivery
ORD14520,CUST3329,2025-06-29,Pending,Cash on Delivery
ORD14521,CUST3867,2024-01-21,Returned,PayPal
ORD14522,CUST1231,2024-11-15,Delivered,Credit Card
ORD14523,CUST3572,2024-05-07,Delivered,Credit Card
ORD14524,CUST2442,2024-06-28,Cancelled,PayPal
ORD14525,CUST5160,2024-02-17,Returned,Cash on Delivery
ORD14526,CUST2716,2023-04-13,Returned,Cash on Delivery
ORD14527,CUST1753,2023-10-24,Cancelled,Cash on Delivery
ORD14528,CUST5103,2023-10-26,Returned,Credit Card
ORD14529,CUST2797,2024-02-20,Pending,Cash on Delivery
ORD14530,CUST1141,2024-04-29,Delivered,Credit Card
ORD14531,CUST5877,2023-05-29,Returned,Credit Card
ORD14532,CUST5907,2023-01-08,Cancelled,Cash on Delivery
ORD14533,CUST2020,2023-05-26,Delivered,Credit Card
ORD14534,CUST3617,2024-06-23,Returned,Cash on Delivery
ORD14535,CUST2805,2023-06-09,Delivered,PayPal
ORD14536,CUST4324,2023-10-28,Delivered,PayPal
ORD14537,CUST3238,2025-07-05,Pending,PayPal
ORD14538,CUST3109,2023-10-08,Pending,Credit Card
ORD14539,CUST1895,2023-09-14,Cancelled,PayPal
ORD14540,CUST3333,2024-02-22,Pending,Credit Card
ORD14541,CUST4373,2023-09-10,Cancelled,Cash on Delivery
ORD14542,CUST1272,2023-11-14,Cancelled,Cash on Delivery
ORD14543,CUST4385,2022-09-23,Cancelled,Credit Card
ORD14544,CUST2730,2024-07-27,Pending,PayPal
ORD14545,CUST5028,2022-10-23,Delivered,Credit Card
ORD14546,CUST3048,2024-08-24,Shipped,Credit Card
ORD14547,CUST1512,2022-09-06,Returned,Credit Card
ORD14548,CUST3344,2024-01-29,Delivered,PayPal
ORD14549,CUST3556,2023-04-15,Shipped,Credit Card
ORD14550,CUST5611,2023-10-31,Delivered,PayPal
ORD14551,CUST5726,2022-09-02,Delivered,Credit Card
ORD14552,CUST2561,2022-10-16,Delivered,Credit Card
ORD14553,CUST2548,2024-06-04,Pending,Cash on Delivery
ORD14554,CUST3679,2024-08-05,Cancelled,Credit Card
ORD14555,CUST5075,2024-11-13,Shipped,PayPal
ORD14556,CUST5641,2025-06-01,Shipped,Credit Card
ORD14557,CUST5498,2023-05-02,Returned,Credit Card
ORD14558,CUST1879,2023-09-01,Shipped,Cash on Delivery
ORD14559,CUST2034,2022-09-13,Shipped,PayPal
ORD14560,CUST4366,2023-05-16,Returned,Cash on Delivery
ORD14561,CUST2022,2024-08-20,Pending,Credit Card
ORD14562,CUST2741,2024-10-07,Shipped,PayPal
ORD14563,CUST1615,2023-05-09,Cancelled,Credit Card
ORD14564,CUST5535,2023-09-24,Pending,Cash on Delivery
ORD14565,CUST4397,2024-03-04,Delivered,Credit Card
ORD14566,CUST3948,2023-07-12,Delivered,Credit Card
ORD14567,CUST5844,2024-04-02,Pending,PayPal
ORD14568,CUST5502,2024-02-09,Returned,PayPal
ORD14569,CUST3960,2025-04-25,Returned,PayPal
ORD14570,CUST3573,2025-06-19,Returned,PayPal
ORD14571,CUST2922,2024-01-18,Cancelled,Credit Card
ORD14572,CUST1554,2023-12-02,Pending,Cash on Delivery
ORD14573,CUST4986,2025-02-25,Shipped,PayPal
ORD14574,CUST3412,2025-08-01,Pending,Cash on Delivery
ORD14575,CUST1929,2025-03-21,Shipped,PayPal
ORD14576,CUST2354,2024-09-18,Cancelled,Credit Card
ORD14577,CUST4402,2023-06-30,Cancelled,Credit Card
ORD14578,CUST1320,2023-10-07,Shipped,Cash on Delivery
ORD14579,CUST2572,2024-09-16,Shipped,PayPal
ORD14580,CUST4309,2024-05-10,Shipped,Credit Card
ORD14581,CUST2728,2024-05-26,Shipped,Cash on Delivery
ORD14582,CUST3932,2022-10-30,Delivered,Credit Card
ORD14583,CUST1873,2022-09-06,Delivered,Cash on Delivery
ORD14584,CUST2583,2023-09-03,Cancelled,Cash on Delivery
ORD14585,CUST2731,2024-10-10,Cancelled,Credit Card
ORD14586,CUST4963,2024-08-31,Cancelled,PayPal
ORD14587,CUST3267,2023-03-20,Pending,Cash on Delivery
ORD14588,CUST2232,2024-06-18,Cancelled,Credit Card
ORD14589,CUST1099,2023-12-18,Shipped,Credit Card
ORD14590,CUST4008,2024-05-18,Delivered,PayPal
ORD14591,CUST2883,2024-05-21,Cancelled,Credit Card
ORD14592,CUST2352,2022-09-23,Cancelled,Cash on Delivery
ORD14593,CUST2353,2023-01-10,Shipped,PayPal
ORD14594,CUST1673,2022-10-05,Delivered,Cash on Delivery
ORD14595,CUST2013,2023-04-24,Cancelled,PayPal
ORD14596,CUST3902,2023-05-03,Returned,PayPal
ORD14597,CUST2674,2023-07-20,Delivered,Cash on Delivery
ORD14598,CUST1850,2023-12-22,Cancelled,Credit Card
ORD14599,CUST2841,2023-08-09,Cancelled,Credit Card
ORD14600,CUST3595,2023-03-09,Shipped,PayPal
ORD14601,CUST5078,2023-03-27,Pending,Credit Card
ORD14602,CUST2828,2023-09-06,Shipped,Cash on Delivery
ORD14603,CUST2489,2022-11-13,Returned,Credit Card
ORD14604,CUST3204,2023-03-02,Shipped,Credit Card
ORD14605,CUST1441,2023-08-21,Shipped,PayPal
ORD14606,CUST4739,2025-02-22,Cancelled,Credit Card
ORD14607,CUST4341,2024-03-28,Returned,Credit Card
ORD14608,CUST2256,2022-10-02,Pending,Cash on Delivery
ORD14609,CUST4950,2024-12-16,Shipped,Credit Card
ORD14610,CUST3012,2023-08-16,Shipped,Credit Card
ORD14611,CUST2289,2023-06-21,Cancelled,PayPal
ORD14612,CUST2723,2024-09-30,Returned,PayPal
ORD14613,CUST3887,2023-03-07,Cancelled,Credit Card
ORD14614,CUST1188,2024-08-01,Cancelled,PayPal
ORD14615,CUST5188,2023-03-05,Shipped,PayPal
ORD14616,CUST5033,2023-09-12,Shipped,Cash on Delivery
ORD14617,CUST1305,2025-07-02,Cancelled,Credit Card
ORD14618,CUST2203,2025-02-04,Delivered,Credit Card
ORD14619,CUST4742,2025-06-15,Cancelled,Cash on Delivery
ORD14620,CUST3666,2025-02-27,Returned,PayPal
ORD14621,CUST4018,2025-03-06,Cancelled,PayPal
ORD14622,CUST1372,2023-10-01,Delivered,Credit Card
ORD14623,CUST3118,2024-04-18,Pending,Credit Card
ORD14624,CUST3686,2024-06-12,Cancelled,Credit Card
ORD14625,CUST1900,2022-09-15,Shipped,Cash on Delivery
ORD14626,CUST3661,2024-02-18,Pending,PayPal
ORD14627,CUST2778,2023-02-10,Shipped,PayPal
ORD14628,CUST4950,2025-01-23,Cancelled,Credit Card
ORD14629,CUST2879,2022-11-01,Cancelled,Credit Card
ORD14630,CUST5703,2024-06-10,Returned,Credit Card
ORD14631,CUST4086,2024-04-14,Returned,Credit Card
ORD14632,CUST2118,2025-01-21,Shipped,Cash on Delivery
ORD14633,CUST4925,2024-10-24,Pending,Cash on Delivery
ORD14634,CUST4980,2023-07-17,Cancelled,Cash on Delivery
ORD14635,CUST4552,2024-01-26,Shipped,Cash on Delivery
ORD14636,CUST5213,2025-08-04,Cancelled,PayPal
ORD14637,CUST1974,2024-11-15,Cancelled,Cash on Delivery
ORD14638,CUST2054,2024-04-11,Shipped,PayPal
ORD14639,CUST3759,2025-06-26,Cancelled,PayPal
ORD14640,CUST1920,2023-03-17,Returned,Cash on Delivery
ORD14641,CUST3102,2024-08-11,Shipped,Cash on Delivery
ORD14642,CUST3989,2024-10-26,Delivered,Credit Card
ORD14643,CUST1975,2023-11-29,Returned,PayPal
ORD14644,CUST4529,2025-07-31,Shipped,Cash on Delivery
ORD14645,CUST4224,2023-02-15,Returned,Cash on Delivery
ORD14646,CUST1551,2024-11-13,Cancelled,Cash on Delivery
ORD14647,CUST2237,2024-06-28,Returned,Credit Card
ORD14648,CUST4863,2024-03-30,Pending,Credit Card
ORD14649,CUST1861,2023-12-13,Returned,PayPal
ORD14650,CUST3605,2023-02-28,Delivered,Cash on Delivery
ORD14651,CUST5320,2024-06-13,Shipped,Credit Card
ORD14652,CUST3861,2023-09-28,Returned,Cash on Delivery
ORD14653,CUST2597,2024-03-14,Delivered,Cash on Delivery
ORD14654,CUST2468,2024-06-17,Shipped,Cash on Delivery
ORD14655,CUST3903,2025-08-02,Delivered,Credit Card
ORD14656,CUST4761,2023-06-19,Delivered,Cash on Delivery
ORD14657,CUST4731,2023-05-11,Cancelled,Credit Card
ORD14658,CUST1765,2024-08-14,Pending,Credit Card
ORD14659,CUST4079,2024-05-13,Returned,PayPal
ORD14660,CUST2298,2023-03-20,Shipped,Credit Card
ORD14661,CUST1843,2025-08-15,Shipped,Cash on Delivery
ORD14662,CUST4885,2023-08-27,Cancelled,Cash on Delivery
ORD14663,CUST1859,2023-10-22,Returned,Credit Card
ORD14664,CUST4231,2025-02-17,Delivered,PayPal
ORD14665,CUST4589,2024-11-10,Pending,Cash on Delivery
ORD14666,CUST4120,2023-09-13,Cancelled,Credit Card
ORD14667,CUST3921,2023-11-15,Shipped,Cash on Delivery
ORD14668,CUST4185,2025-02-26,Cancelled,Cash on Delivery
ORD14669,CUST3799,2023-05-22,Shipped,Cash on Delivery
ORD14670,CUST1094,2024-06-17,Delivered,Cash on Delivery
ORD14671,CUST2598,2023-06-08,Delivered,Credit Card
ORD14672,CUST5221,2022-12-12,Shipped,Credit Card
ORD14673,CUST3265,2025-03-06,Delivered,PayPal
ORD14674,CUST2481,2023-12-25,Delivered,Credit Card
ORD14675,CUST3745,2023-03-04,Delivered,Cash on Delivery
ORD14676,CUST1290,2024-02-04,Returned,PayPal
ORD14677,CUST3676,2023-01-08,Returned,PayPal
ORD14678,CUST4288,2025-08-20,Delivered,Cash on Delivery
ORD14679,CUST5726,2025-06-30,Returned,Cash on Delivery
ORD14680,CUST4288,2024-07-02,Shipped,Cash on Delivery
ORD14681,CUST1047,2025-06-09,Delivered,Credit Card
ORD14682,CUST1707,2023-09-28,Cancelled,Credit Card
ORD14683,CUST3184,2023-11-26,Shipped,PayPal
ORD14684,CUST4418,2024-10-06,Cancelled,PayPal
ORD14685,CUST1952,2023-05-08,Cancelled,Cash on Delivery
ORD14686,CUST2294,2023-08-09,Shipped,Cash on Delivery
ORD14687,CUST1259,2023-08-30,Shipped,Cash on Delivery
ORD14688,CUST4740,2024-07-20,Shipped,Cash on Delivery
ORD14689,CUST5129,2023-11-12,Pending,PayPal
ORD14690,CUST2193,2024-04-27,Delivered,Credit Card
ORD14691,CUST4126,2022-12-05,Cancelled,Credit Card
ORD14692,CUST5094,2024-05-04,Cancelled,Cash on Delivery
ORD14693,CUST3018,2024-07-24,Shipped,PayPal
ORD14694,CUST1145,2024-09-12,Returned,Cash on Delivery
ORD14695,CUST4144,2024-01-23,Returned,PayPal
ORD14696,CUST4986,2022-09-12,Shipped,Cash on Delivery
ORD14697,CUST1368,2024-08-03,Returned,Cash on Delivery
ORD14698,CUST3597,2023-10-11,Shipped,Credit Card
ORD14699,CUST5340,2024-01-03,Pending,PayPal
ORD14700,CUST3140,2023-11-03,Delivered,Cash on Delivery
ORD14701,CUST1276,2025-02-11,Delivered,Cash on Delivery
ORD14702,CUST3487,2023-07-28,Delivered,PayPal
ORD14703,CUST2761,2024-01-24,Pending,PayPal
ORD14704,CUST5911,2023-02-24,Shipped,Cash on Delivery
ORD14705,CUST5965,2025-05-26,Delivered,Credit Card
ORD14706,CUST1190,2023-09-09,Delivered,Cash on Delivery
ORD14707,CUST4074,2023-03-03,Delivered,PayPal
ORD14708,CUST2308,2024-10-04,Cancelled,PayPal
ORD14709,CUST5846,2024-12-20,Shipped,PayPal
ORD14710,CUST4461,2023-05-03,Delivered,Cash on Delivery
ORD14711,CUST2819,2024-12-18,Cancelled,Credit Card
ORD14712,CUST5138,2023-06-29,Shipped,Credit Card
ORD14713,CUST4387,2023-01-23,Delivered,PayPal
ORD14714,CUST3947,2023-04-14,Returned,Cash on Delivery
ORD14715,CUST5175,2022-08-27,Cancelled,PayPal
ORD14716,CUST5699,2024-06-18,Returned,Credit Card
ORD14717,CUST5289,2023-07-11,Returned,Cash on Delivery
ORD14718,CUST1924,2022-11-22,Shipped,Cash on Delivery
ORD14719,CUST3736,2025-07-23,Pending,PayPal
ORD14720,CUST5370,2024-05-20,Shipped,Credit Card
ORD14721,CUST5409,2024-11-28,Returned,Credit Card
ORD14722,CUST3037,2025-01-19,Pending,PayPal
ORD14723,CUST3010,2024-03-27,Returned,Cash on Delivery
ORD14724,CUST3916,2024-02-23,Returned,Credit Card
ORD14725,CUST3186,2022-09-27,Pending,PayPal
ORD14726,CUST5744,2023-04-01,Cancelled,PayPal
ORD14727,CUST4863,2022-08-25,Pending,Credit Card
ORD14728,CUST4315,2025-05-13,Returned,Credit Card
ORD14729,CUST5729,2024-11-05,Pending,PayPal
ORD14730,CUST5373,2022-09-01,Shipped,Cash on Delivery
ORD14731,CUST5041,2023-09-14,Returned,PayPal
ORD14732,CUST2536,2022-10-21,Cancelled,Cash on Delivery
ORD14733,CUST4200,2025-07-10,Pending,Cash on Delivery
ORD14734,CUST4781,2022-09-14,Cancelled,Cash on Delivery
ORD14735,CUST4578,2024-12-30,Shipped,Cash on Delivery
ORD14736,CUST2692,2024-03-14,Pending,PayPal
ORD14737,CUST2574,2023-01-12,Returned,Cash on Delivery
ORD14738,CUST5212,2024-05-09,Pending,Cash on Delivery
ORD14739,CUST2858,2024-05-13,Returned,PayPal
ORD14740,CUST5930,2024-05-04,Delivered,PayPal
ORD14741,CUST3505,2023-08-25,Returned,Credit Card
ORD14742,CUST2470,2025-05-10,Pending,Cash on Delivery
ORD14743,CUST4263,2022-12-13,Pending,Credit Card
ORD14744,CUST1844,2025-01-17,Delivered,Credit Card
ORD14745,CUST2205,2024-10-18,Pending,PayPal
ORD14746,CUST4353,2023-03-20,Cancelled,PayPal
ORD14747,CUST4487,2022-11-01,Returned,Credit Card
ORD14748,CUST5184,2024-09-15,Cancelled,Credit Card
ORD14749,CUST1653,2024-09-28,Pending,Cash on Delivery
ORD14750,CUST4096,2024-06-02,Delivered,PayPal
ORD14751,CUST2600,2024-05-12,Cancelled,Cash on Delivery
ORD14752,CUST2234,2022-09-02,Delivered,PayPal
ORD14753,CUST4416,2024-04-29,Pending,Cash on Delivery
ORD14754,CUST2766,2025-01-03,Returned,Credit Card
ORD14755,CUST5168,2024-11-02,Pending,PayPal
ORD14756,CUST1639,2022-10-10,Delivered,Cash on Delivery
ORD14757,CUST3738,2024-06-29,Cancelled,Credit Card
ORD14758,CUST1407,2024-08-21,Pending,Cash on Delivery
ORD14759,CUST4936,2022-10-18,Shipped,Cash on Delivery
ORD14760,CUST1333,2024-10-27,Delivered,Cash on Delivery
ORD14761,CUST3489,2025-04-24,Returned,PayPal
ORD14762,CUST4444,2024-05-16,Cancelled,Cash on Delivery
ORD14763,CUST5527,2024-03-26,Delivered,PayPal
ORD14764,CUST3076,2025-07-20,Shipped,Cash on Delivery
ORD14765,CUST4309,2025-02-19,Shipped,Credit Card
ORD14766,CUST1105,2025-06-21,Shipped,Cash on Delivery
ORD14767,CUST4461,2024-11-01,Shipped,PayPal
ORD14768,CUST3509,2024-07-25,Pending,Credit Card
ORD14769,CUST2571,2025-04-05,Pending,Credit Card
ORD14770,CUST1956,2023-10-29,Delivered,Credit Card
ORD14771,CUST1779,2025-03-26,Cancelled,PayPal
ORD14772,CUST5517,2023-04-29,Returned,Cash on Delivery
ORD14773,CUST3954,2023-04-10,Cancelled,Credit Card
ORD14774,CUST3103,2022-12-25,Returned,Credit Card
ORD14775,CUST3293,2025-04-23,Returned,Cash on Delivery
ORD14776,CUST2877,2023-09-27,Pending,Cash on Delivery
ORD14777,CUST2444,2023-05-08,Returned,Credit Card
ORD14778,CUST1440,2024-05-02,Returned,Credit Card
ORD14779,CUST4058,2022-10-31,Cancelled,Credit Card
ORD14780,CUST1097,2023-10-28,Cancelled,Cash on Delivery
ORD14781,CUST4884,2022-09-29,Pending,PayPal
ORD14782,CUST2757,2023-10-12,Returned,PayPal
ORD14783,CUST1639,2022-10-07,Cancelled,Cash on Delivery
ORD14784,CUST3447,2024-05-27,Returned,PayPal
ORD14785,CUST2164,2024-09-19,Shipped,PayPal
ORD14786,CUST3505,2025-02-06,Delivered,Credit Card
ORD14787,CUST3910,2022-12-09,Cancelled,Cash on Delivery
ORD14788,CUST5477,2025-01-11,Cancelled,PayPal
ORD14789,CUST1225,2025-04-30,Cancelled,Cash on Delivery
ORD14790,CUST3297,2023-01-08,Returned,Credit Card
ORD14791,CUST2128,2024-06-03,Delivered,Cash on Delivery
ORD14792,CUST3287,2025-05-12,Cancelled,PayPal
ORD14793,CUST5644,2022-09-02,Pending,PayPal
ORD14794,CUST3413,2025-06-04,Cancelled,Cash on Delivery
ORD14795,CUST3654,2024-01-30,Delivered,Credit Card
ORD14796,CUST3396,2023-03-15,Shipped,Credit Card
ORD14797,CUST1447,2025-03-08,Pending,Credit Card
ORD14798,CUST5887,2023-06-10,Pending,Cash on Delivery
ORD14799,CUST5288,2023-04-20,Pending,Credit Card
ORD14800,CUST4232,2024-04-06,Cancelled,Credit Card
ORD14801,CUST1842,2024-03-11,Shipped,PayPal
ORD14802,CUST1854,2025-06-11,Delivered,Cash on Delivery
ORD14803,CUST3409,2023-04-01,Returned,Cash on Delivery
ORD14804,CUST3041,2022-11-23,Cancelled,Credit Card
ORD14805,CUST3244,2024-01-23,Cancelled,PayPal
ORD14806,CUST3435,2023-12-13,Returned,Credit Card
ORD14807,CUST3472,2025-05-25,Shipped,Credit Card
ORD14808,CUST3271,2022-09-10,Delivered,PayPal
ORD14809,CUST5789,2024-03-24,Shipped,Cash on Delivery
ORD14810,CUST4521,2024-10-05,Cancelled,PayPal
ORD14811,CUST4123,2025-05-25,Returned,Cash on Delivery
ORD14812,CUST1939,2022-09-19,Pending,Credit Card
ORD14813,CUST5505,2024-10-25,Shipped,Credit Card
ORD14814,CUST3383,2023-07-02,Pending,Cash on Delivery
ORD14815,CUST2078,2024-12-29,Pending,Credit Card
ORD14816,CUST1374,2024-08-23,Delivered,Credit Card
ORD14817,CUST1547,2023-05-08,Delivered,PayPal
ORD14818,CUST3137,2024-09-13,Cancelled,Cash on Delivery
ORD14819,CUST5010,2025-04-01,Shipped,PayPal
ORD14820,CUST1319,2023-09-02,Delivered,Credit Card
ORD14821,CUST4303,2024-03-16,Delivered,PayPal
ORD14822,CUST1670,2024-07-28,Cancelled,Cash on Delivery
ORD14823,CUST4884,2025-06-03,Shipped,Cash on Delivery
ORD14824,CUST4516,2025-01-28,Returned,Credit Card
ORD14825,CUST2783,2022-09-07,Cancelled,Cash on Delivery
ORD14826,CUST3586,2023-07-21,Cancelled,Cash on Delivery
ORD14827,CUST4716,2024-05-31,Shipped,Credit Card
ORD14828,CUST2957,2023-01-09,Shipped,PayPal
ORD14829,CUST4129,2022-09-24,Delivered,Cash on Delivery
ORD14830,CUST3093,2023-11-09,Pending,PayPal
ORD14831,CUST3912,2022-11-28,Shipped,PayPal
ORD14832,CUST2607,2025-01-20,Cancelled,Cash on Delivery
ORD14833,CUST4710,2023-11-16,Returned,PayPal
ORD14834,CUST1357,2025-06-12,Delivered,Credit Card
ORD14835,CUST4372,2022-10-25,Shipped,Credit Card
ORD14836,CUST2663,2022-11-15,Delivered,PayPal
ORD14837,CUST5663,2025-06-23,Pending,Credit Card
ORD14838,CUST4222,2022-10-12,Pending,Cash on Delivery
ORD14839,CUST1886,2022-10-09,Delivered,Cash on Delivery
ORD14840,CUST1028,2023-06-08,Delivered,Cash on Delivery
ORD14841,CUST4920,2023-11-06,Cancelled,PayPal
ORD14842,CUST1316,2024-06-23,Cancelled,PayPal
ORD14843,CUST4136,2025-02-17,Shipped,Credit Card
ORD14844,CUST2298,2024-06-29,Delivered,Credit Card
ORD14845,CUST5488,2023-01-14,Shipped,PayPal
ORD14846,CUST5076,2025-07-03,Delivered,Cash on Delivery
ORD14847,CUST1463,2024-12-20,Shipped,Credit Card
ORD14848,CUST4358,2023-04-24,Returned,PayPal
ORD14849,CUST3273,2024-06-02,Cancelled,Credit Card
ORD14850,CUST2766,2023-08-05,Returned,Cash on Delivery
ORD14851,CUST3458,2022-10-31,Pending,Cash on Delivery
ORD14852,CUST5043,2024-01-24,Returned,Cash on Delivery
ORD14853,CUST5876,2025-07-14,Returned,Credit Card
ORD14854,CUST2893,2023-09-18,Cancelled,PayPal
ORD14855,CUST2545,2025-01-02,Cancelled,Cash on Delivery
ORD14856,CUST4536,2023-05-15,Delivered,Cash on Delivery
ORD14857,CUST3989,2023-02-19,Delivered,PayPal
ORD14858,CUST4449,2024-04-07,Delivered,Credit Card
ORD14859,CUST5665,2025-05-05,Returned,PayPal
ORD14860,CUST1785,2025-06-04,Cancelled,Cash on Delivery
ORD14861,CUST4939,2024-11-10,Returned,Cash on Delivery
ORD14862,CUST2813,2024-07-01,Shipped,Credit Card
ORD14863,CUST5019,2023-03-03,Cancelled,Cash on Delivery
ORD14864,CUST2579,2023-12-04,Pending,Credit Card
ORD14865,CUST1188,2023-10-19,Pending,Cash on Delivery
ORD14866,CUST3883,2023-01-02,Cancelled,PayPal
ORD14867,CUST2566,2024-11-10,Shipped,Cash on Delivery
ORD14868,CUST1898,2023-05-10,Cancelled,PayPal
ORD14869,CUST3241,2022-09-04,Cancelled,Credit Card
ORD14870,CUST5556,2024-11-08,Shipped,Cash on Delivery
ORD14871,CUST5707,2024-04-15,Shipped,PayPal
ORD14872,CUST1920,2022-11-23,Delivered,PayPal
ORD14873,CUST2941,2023-06-13,Cancelled,PayPal
ORD14874,CUST3932,2024-03-26,Returned,Cash on Delivery
ORD14875,CUST4205,2023-09-11,Shipped,PayPal
ORD14876,CUST3349,2023-06-10,Shipped,Credit Card
ORD14877,CUST5500,2023-10-30,Delivered,Cash on Delivery
ORD14878,CUST4094,2024-09-18,Returned,Cash on Delivery
ORD14879,CUST5699,2024-04-24,Shipped,PayPal
ORD14880,CUST1975,2023-01-27,Shipped,PayPal
ORD14881,CUST5169,2023-12-30,Shipped,Credit Card
ORD14882,CUST5347,2024-12-24,Pending,Cash on Delivery
ORD14883,CUST1849,2024-04-18,Pending,Credit Card
ORD14884,CUST2365,2022-09-23,Cancelled,Cash on Delivery
ORD14885,CUST3039,2024-12-31,Returned,Credit Card
ORD14886,CUST4676,2023-08-26,Delivered,Credit Card
ORD14887,CUST4163,2024-09-13,Cancelled,Cash on Delivery
ORD14888,CUST2314,2025-02-23,Pending,Credit Card
ORD14889,CUST1775,2023-12-10,Pending,Cash on Delivery
ORD14890,CUST5565,2023-11-08,Shipped,Cash on Delivery
ORD14891,CUST4598,2022-12-05,Delivered,Cash on Delivery
ORD14892,CUST5670,2025-02-06,Delivered,PayPal
ORD14893,CUST1140,2025-06-30,Cancelled,PayPal
ORD14894,CUST2885,2023-10-23,Pending,Credit Card
ORD14895,CUST4056,2025-07-08,Shipped,Cash on Delivery
ORD14896,CUST5001,2022-10-20,Shipped,PayPal
ORD14897,CUST1359,2024-11-13,Pending,PayPal
ORD14898,CUST5363,2022-12-28,Cancelled,Credit Card
ORD14899,CUST3111,2022-09-22,Delivered,PayPal
ORD14900,CUST5317,2022-11-18,Shipped,PayPal
ORD14901,CUST2143,2023-12-17,Cancelled,PayPal
ORD14902,CUST3728,2025-08-19,Cancelled,PayPal
ORD14903,CUST4000,2024-04-04,Shipped,PayPal
ORD14904,CUST5692,2024-08-03,Shipped,Credit Card
ORD14905,CUST5373,2024-09-23,Returned,PayPal
ORD14906,CUST1255,2024-09-22,Cancelled,Cash on Delivery
ORD14907,CUST1763,2025-02-24,Cancelled,Cash on Delivery
ORD14908,CUST2973,2024-07-04,Cancelled,PayPal
ORD14909,CUST2534,2025-04-08,Pending,Cash on Delivery
ORD14910,CUST1842,2025-06-01,Returned,Cash on Delivery
ORD14911,CUST1257,2023-06-14,Pending,PayPal
ORD14912,CUST3685,2025-05-27,Cancelled,PayPal
ORD14913,CUST4439,2023-06-28,Returned,PayPal
ORD14914,CUST4320,2024-06-16,Shipped,Cash on Delivery
ORD14915,CUST5069,2023-10-12,Delivered,Cash on Delivery
ORD14916,CUST1533,2025-06-11,Pending,Credit Card
ORD14917,CUST2633,2024-11-06,Delivered,PayPal
ORD14918,CUST1402,2024-04-11,Delivered,Credit Card
ORD14919,CUST2795,2024-11-09,Delivered,PayPal
ORD14920,CUST3379,2024-08-17,Cancelled,Cash on Delivery
ORD14921,CUST4896,2023-10-20,Returned,Cash on Delivery
ORD14922,CUST4807,2025-08-06,Returned,Credit Card
ORD14923,CUST3157,2023-11-28,Delivered,Cash on Delivery
ORD14924,CUST4574,2023-01-31,Returned,PayPal
ORD14925,CUST2285,2024-12-01,Shipped,PayPal
ORD14926,CUST2921,2025-03-15,Cancelled,Credit Card
ORD14927,CUST1788,2023-06-12,Pending,PayPal
ORD14928,CUST4988,2025-08-22,Shipped,Cash on Delivery
ORD14929,CUST2343,2022-11-24,Cancelled,Cash on Delivery
ORD14930,CUST5074,2025-01-02,Pending,PayPal
ORD14931,CUST2905,2023-01-27,Shipped,Credit Card
ORD14932,CUST4475,2023-05-02,Pending,Cash on Delivery
ORD14933,CUST4071,2024-07-31,Returned,PayPal
ORD14934,CUST5272,2023-02-18,Cancelled,Cash on Delivery
ORD14935,CUST4094,2025-08-17,Returned,PayPal
ORD14936,CUST1773,2022-11-10,Shipped,Credit Card
ORD14937,CUST2833,2025-06-19,Cancelled,PayPal
ORD14938,CUST4554,2023-07-23,Shipped,Cash on Delivery
ORD14939,CUST3580,2025-03-11,Shipped,PayPal
ORD14940,CUST4170,2025-07-13,Delivered,PayPal
ORD14941,CUST2050,2023-01-20,Pending,PayPal
ORD14942,CUST1149,2024-02-15,Delivered,PayPal
ORD14943,CUST1446,2023-02-23,Returned,PayPal
ORD14944,CUST5615,2023-08-31,Returned,Credit Card
ORD14945,CUST1164,2025-08-13,Shipped,PayPal
ORD14946,CUST4952,2023-04-02,Shipped,Credit Card
ORD14947,CUST4860,2025-01-02,Shipped,Credit Card
ORD14948,CUST2113,2025-08-12,Shipped,Cash on Delivery
ORD14949,CUST1160,2025-06-28,Cancelled,PayPal
ORD14950,CUST4525,2023-04-02,Pending,PayPal
ORD14951,CUST2810,2025-01-30,Returned,PayPal
ORD14952,CUST1919,2024-03-26,Returned,PayPal
ORD14953,CUST1872,2022-10-17,Returned,Credit Card
ORD14954,CUST2726,2023-08-08,Delivered,Cash on Delivery
ORD14955,CUST1703,2023-09-08,Returned,Cash on Delivery
ORD14956,CUST2562,2025-07-11,Shipped,Credit Card
ORD14957,CUST3791,2025-01-28,Pending,PayPal
ORD14958,CUST2341,2023-09-14,Cancelled,Credit Card
ORD14959,CUST4833,2024-11-29,Cancelled,PayPal
ORD14960,CUST5552,2022-11-08,Returned,Cash on Delivery
ORD14961,CUST2045,2023-04-02,Pending,Cash on Delivery
ORD14962,CUST5291,2023-05-16,Pending,PayPal
ORD14963,CUST4212,2023-05-04,Delivered,Cash on Delivery
ORD14964,CUST4707,2024-04-21,Shipped,Cash on Delivery
ORD14965,CUST3620,2025-02-19,Returned,Cash on Delivery
ORD14966,CUST3941,2025-06-25,Delivered,Cash on Delivery
ORD14967,CUST2413,2023-02-19,Pending,Credit Card
ORD14968,CUST1229,2023-02-06,Returned,Cash on Delivery
ORD14969,CUST4243,2022-10-06,Returned,PayPal
ORD14970,CUST4847,2023-11-17,Delivered,Cash on Delivery
ORD14971,CUST5861,2025-08-19,Delivered,Cash on Delivery
ORD14972,CUST3808,2023-10-01,Returned,Credit Card
ORD14973,CUST3536,2023-03-11,Pending,PayPal
ORD14974,CUST3007,2024-08-28,Delivered,Cash on Delivery
ORD14975,CUST4452,2023-08-21,Cancelled,Cash on Delivery
ORD14976,CUST1613,2023-08-08,Pending,Credit Card
ORD14977,CUST3633,2024-04-22,Returned,Cash on Delivery
ORD14978,CUST2804,2025-01-05,Shipped,Cash on Delivery
ORD14979,CUST1838,2022-09-03,Cancelled,Cash on Delivery
ORD14980,CUST2199,2023-07-18,Cancelled,PayPal
ORD14981,CUST2626,2023-05-20,Returned,PayPal
ORD14982,CUST1076,2023-08-03,Pending,Credit Card
ORD14983,CUST2944,2023-02-26,Shipped,PayPal
ORD14984,CUST1457,2024-10-26,Delivered,Cash on Delivery
ORD14985,CUST1339,2022-09-10,Cancelled,Credit Card
ORD14986,CUST4696,2024-04-22,Shipped,Credit Card
ORD14987,CUST2743,2024-12-18,Delivered,PayPal
ORD14988,CUST1607,2025-06-20,Returned,Credit Card
ORD14989,CUST5408,2024-08-29,Delivered,Cash on Delivery
ORD14990,CUST3838,2023-11-26,Cancelled,Credit Card
ORD14991,CUST4965,2023-09-30,Pending,PayPal
ORD14992,CUST1366,2024-03-06,Delivered,PayPal
ORD14993,CUST3924,2024-10-20,Shipped,Cash on Delivery
ORD14994,CUST2196,2023-12-26,Pending,Cash on Delivery
ORD14995,CUST3650,2022-11-27,Pending,PayPal
ORD14996,CUST5213,2025-07-04,Returned,PayPal
ORD14997,CUST1396,2023-05-01,Cancelled,Cash on Delivery
ORD14998,CUST5465,2025-06-04,Returned,Credit Card
ORD14999,CUST5222,2023-06-07,Delivered,Credit Card
ORD15000,CUST3165,2024-01-31,Shipped,Credit Card
ORD15001,CUST1458,2024-06-29,Returned,Cash on Delivery
ORD15002,CUST1650,2025-04-22,Cancelled,PayPal
ORD15003,CUST2855,2024-06-24,Shipped,Credit Card
ORD15004,CUST3013,2023-11-25,Shipped,Cash on Delivery
ORD15005,CUST3486,2025-01-08,Returned,Cash on Delivery
ORD15006,CUST5967,2024-03-29,Shipped,Cash on Delivery
ORD15007,CUST2446,2025-01-17,Returned,Credit Card
ORD15008,CUST4890,2025-05-13,Delivered,Credit Card
ORD15009,CUST4105,2024-03-16,Cancelled,PayPal
ORD15010,CUST5116,2024-07-06,Shipped,Credit Card
ORD15011,CUST5392,2024-08-27,Delivered,PayPal
ORD15012,CUST4685,2025-04-13,Cancelled,Credit Card
ORD15013,CUST2186,2023-10-07,Shipped,PayPal
ORD15014,CUST2637,2023-02-18,Shipped,PayPal
ORD15015,CUST3810,2024-12-14,Cancelled,Credit Card
ORD15016,CUST4999,2023-04-03,Returned,Credit Card
ORD15017,CUST1265,2025-01-06,Delivered,Credit Card
ORD15018,CUST2365,2023-06-25,Cancelled,PayPal
ORD15019,CUST4283,2022-11-24,Delivered,PayPal
ORD15020,CUST5523,2025-08-06,Delivered,PayPal
ORD15021,CUST4008,2022-09-06,Shipped,PayPal
ORD15022,CUST4207,2024-09-12,Delivered,Credit Card
ORD15023,CUST1105,2023-05-18,Cancelled,Credit Card
ORD15024,CUST4299,2025-01-02,Delivered,Cash on Delivery
ORD15025,CUST4334,2023-10-31,Cancelled,PayPal
ORD15026,CUST4172,2023-10-04,Shipped,PayPal
ORD15027,CUST2612,2022-10-10,Pending,PayPal
ORD15028,CUST3421,2022-11-20,Delivered,PayPal
ORD15029,CUST1159,2024-02-16,Pending,Credit Card
ORD15030,CUST1362,2023-01-16,Shipped,Cash on Delivery
ORD15031,CUST4250,2024-03-02,Delivered,Cash on Delivery
ORD15032,CUST3202,2023-12-04,Delivered,PayPal
ORD15033,CUST4192,2023-02-10,Delivered,Cash on Delivery
ORD15034,CUST5972,2025-01-03,Delivered,Cash on Delivery
ORD15035,CUST3355,2025-03-04,Shipped,PayPal
ORD15036,CUST1731,2024-02-21,Returned,PayPal
ORD15037,CUST2356,2024-06-04,Shipped,PayPal
ORD15038,CUST4778,2025-04-14,Returned,PayPal
ORD15039,CUST3224,2022-12-03,Delivered,Cash on Delivery
ORD15040,CUST1744,2025-03-01,Returned,Credit Card
ORD15041,CUST1660,2022-12-07,Returned,Cash on Delivery
ORD15042,CUST5594,2024-01-06,Cancelled,Credit Card
ORD15043,CUST4253,2024-05-30,Pending,Credit Card
ORD15044,CUST2608,2025-03-03,Returned,Cash on Delivery
ORD15045,CUST4911,2023-01-15,Delivered,Cash on Delivery
ORD15046,CUST4851,2023-08-27,Pending,Cash on Delivery
ORD15047,CUST5801,2025-04-08,Pending,Credit Card
ORD15048,CUST4160,2025-03-22,Returned,PayPal
ORD15049,CUST5563,2024-10-10,Pending,Credit Card
ORD15050,CUST3947,2023-01-25,Delivered,Cash on Delivery
ORD15051,CUST2001,2024-07-14,Returned,Cash on Delivery
ORD15052,CUST5933,2025-04-26,Shipped,Cash on Delivery
ORD15053,CUST5128,2024-09-09,Cancelled,PayPal
ORD15054,CUST5607,2022-09-06,Pending,Cash on Delivery
ORD15055,CUST2699,2023-02-03,Returned,Credit Card
ORD15056,CUST3613,2023-05-05,Delivered,Credit Card
ORD15057,CUST3554,2025-05-08,Shipped,PayPal
ORD15058,CUST4190,2025-02-22,Cancelled,PayPal
ORD15059,CUST1800,2023-10-23,Returned,PayPal
ORD15060,CUST3608,2024-09-24,Shipped,PayPal
ORD15061,CUST2003,2024-04-21,Pending,PayPal
ORD15062,CUST1794,2022-12-15,Returned,Credit Card
ORD15063,CUST5533,2025-08-20,Delivered,Cash on Delivery
ORD15064,CUST5324,2025-08-16,Returned,PayPal
ORD15065,CUST3607,2024-03-28,Delivered,Credit Card
ORD15066,CUST4903,2022-09-16,Returned,Cash on Delivery
ORD15067,CUST3570,2025-02-28,Returned,Cash on Delivery
ORD15068,CUST5859,2024-05-17,Shipped,PayPal
ORD15069,CUST5710,2024-12-12,Returned,Credit Card
ORD15070,CUST2644,2024-04-11,Delivered,Credit Card
ORD15071,CUST1998,2024-10-10,Shipped,Cash on Delivery
ORD15072,CUST5249,2022-10-17,Delivered,Credit Card
ORD15073,CUST3470,2025-02-12,Shipped,Credit Card
ORD15074,CUST3067,2024-12-09,Shipped,Cash on Delivery
ORD15075,CUST1160,2023-03-28,Delivered,Cash on Delivery
ORD15076,CUST3877,2024-06-20,Shipped,Credit Card
ORD15077,CUST5913,2025-03-20,Returned,PayPal
ORD15078,CUST5962,2024-11-25,Delivered,PayPal
ORD15079,CUST4964,2025-03-23,Pending,Credit Card
ORD15080,CUST1827,2023-07-25,Cancelled,PayPal
ORD15081,CUST5900,2025-02-08,Cancelled,Cash on Delivery
ORD15082,CUST3335,2022-09-08,Delivered,PayPal
ORD15083,CUST5034,2024-10-31,Pending,PayPal
ORD15084,CUST2783,2023-12-21,Returned,PayPal
ORD15085,CUST5272,2025-02-16,Delivered,PayPal
ORD15086,CUST3109,2024-12-31,Shipped,Cash on Delivery
ORD15087,CUST5962,2024-11-24,Shipped,Credit Card
ORD15088,CUST3350,2023-12-05,Shipped,PayPal
ORD15089,CUST5496,2025-06-16,Shipped,Credit Card
ORD15090,CUST2017,2023-02-13,Delivered,Credit Card
ORD15091,CUST3735,2024-12-30,Cancelled,Cash on Delivery
ORD15092,CUST2944,2023-10-31,Returned,Cash on Delivery
ORD15093,CUST1218,2023-11-13,Returned,Cash on Delivery
ORD15094,CUST4273,2024-08-14,Returned,PayPal
ORD15095,CUST5931,2025-04-17,Cancelled,Credit Card
ORD15096,CUST2597,2024-03-18,Delivered,PayPal
ORD15097,CUST3381,2023-01-01,Shipped,PayPal
ORD15098,CUST3365,2024-10-16,Cancelled,Credit Card
ORD15099,CUST5801,2024-10-22,Returned,Credit Card
ORD15100,CUST1349,2024-02-14,Pending,Cash on Delivery
ORD15101,CUST2590,2023-12-25,Shipped,Credit Card
ORD15102,CUST1154,2023-03-10,Shipped,PayPal
ORD15103,CUST1733,2025-04-16,Delivered,Cash on Delivery
ORD15104,CUST3769,2025-07-15,Delivered,PayPal
ORD15105,CUST1580,2023-07-08,Delivered,PayPal
ORD15106,CUST5756,2024-05-03,Shipped,Credit Card
ORD15107,CUST4665,2024-05-04,Delivered,Cash on Delivery
ORD15108,CUST1140,2025-02-10,Returned,Credit Card
ORD15109,CUST4328,2024-12-08,Shipped,PayPal
ORD15110,CUST5265,2024-05-31,Delivered,Cash on Delivery
ORD15111,CUST2131,2023-11-18,Pending,PayPal
ORD15112,CUST2044,2023-03-14,Shipped,Cash on Delivery
ORD15113,CUST3982,2025-07-26,Cancelled,Cash on Delivery
ORD15114,CUST4534,2024-02-27,Returned,Credit Card
ORD15115,CUST3878,2024-08-21,Cancelled,Cash on Delivery
ORD15116,CUST4392,2025-04-18,Cancelled,PayPal
ORD15117,CUST5117,2024-09-16,Delivered,Cash on Delivery
ORD15118,CUST2856,2023-05-24,Pending,PayPal
ORD15119,CUST1804,2024-11-10,Delivered,Credit Card
ORD15120,CUST4003,2024-02-20,Returned,PayPal
ORD15121,CUST1776,2022-10-11,Delivered,Credit Card
ORD15122,CUST4827,2024-11-04,Shipped,PayPal
ORD15123,CUST4932,2022-11-12,Cancelled,Credit Card
ORD15124,CUST5077,2023-05-23,Pending,Cash on Delivery
ORD15125,CUST2565,2024-09-04,Shipped,Cash on Delivery
ORD15126,CUST5898,2024-05-31,Pending,Cash on Delivery
ORD15127,CUST2854,2023-10-16,Shipped,PayPal
ORD15128,CUST5842,2023-08-13,Shipped,Cash on Delivery
ORD15129,CUST3708,2023-10-16,Delivered,PayPal
ORD15130,CUST3615,2025-04-08,Shipped,Cash on Delivery
ORD15131,CUST3917,2023-01-20,Delivered,Credit Card
ORD15132,CUST3654,2022-12-13,Cancelled,Cash on Delivery
ORD15133,CUST1008,2023-07-31,Shipped,PayPal
ORD15134,CUST3335,2024-09-22,Returned,Cash on Delivery
ORD15135,CUST2531,2024-12-07,Pending,Credit Card
ORD15136,CUST1638,2023-09-23,Cancelled,Credit Card
ORD15137,CUST3762,2024-07-05,Shipped,Cash on Delivery
ORD15138,CUST5251,2025-04-18,Cancelled,Credit Card
ORD15139,CUST1091,2025-08-20,Returned,Cash on Delivery
ORD15140,CUST1223,2025-02-10,Delivered,Credit Card
ORD15141,CUST5234,2024-07-15,Delivered,Cash on Delivery
ORD15142,CUST2524,2025-02-09,Returned,Credit Card
ORD15143,CUST3270,2023-06-20,Cancelled,Credit Card
ORD15144,CUST2914,2024-04-12,Cancelled,PayPal
ORD15145,CUST2952,2025-05-20,Cancelled,Credit Card
ORD15146,CUST2383,2024-01-20,Cancelled,Credit Card
ORD15147,CUST3239,2023-11-29,Shipped,Cash on Delivery
ORD15148,CUST1702,2022-09-08,Returned,PayPal
ORD15149,CUST4439,2023-07-06,Shipped,Cash on Delivery
ORD15150,CUST5313,2023-06-02,Shipped,Cash on Delivery
ORD15151,CUST2789,2025-04-03,Returned,PayPal
ORD15152,CUST4562,2024-07-13,Shipped,Credit Card
ORD15153,CUST2797,2024-08-10,Cancelled,Cash on Delivery
ORD15154,CUST2009,2024-02-20,Delivered,Cash on Delivery
ORD15155,CUST1807,2023-09-23,Pending,Credit Card
ORD15156,CUST4283,2023-06-27,Pending,Credit Card
ORD15157,CUST2318,2025-07-19,Shipped,PayPal
ORD15158,CUST5289,2024-04-28,Returned,Credit Card
ORD15159,CUST3562,2025-04-22,Delivered,PayPal
ORD15160,CUST5219,2024-09-01,Delivered,PayPal
ORD15161,CUST1930,2025-06-01,Shipped,Credit Card
ORD15162,CUST1698,2024-11-23,Returned,PayPal
ORD15163,CUST4826,2024-09-24,Pending,PayPal
ORD15164,CUST2379,2023-09-10,Cancelled,Cash on Delivery
ORD15165,CUST3436,2025-04-21,Returned,Cash on Delivery
ORD15166,CUST3358,2024-03-12,Delivered,Credit Card
ORD15167,CUST3591,2025-05-22,Shipped,PayPal
ORD15168,CUST3531,2023-11-23,Delivered,PayPal
ORD15169,CUST4223,2023-12-26,Pending,Cash on Delivery
ORD15170,CUST3216,2024-06-13,Pending,PayPal
ORD15171,CUST1069,2023-07-27,Delivered,Credit Card
ORD15172,CUST2809,2023-05-11,Shipped,PayPal
ORD15173,CUST2031,2024-11-07,Delivered,PayPal
ORD15174,CUST3119,2024-09-27,Returned,PayPal
ORD15175,CUST3097,2023-06-25,Shipped,Credit Card
ORD15176,CUST2205,2025-06-12,Returned,PayPal
ORD15177,CUST1603,2023-12-15,Shipped,Credit Card
ORD15178,CUST5166,2022-10-23,Pending,Credit Card
ORD15179,CUST5924,2025-04-17,Shipped,Cash on Delivery
ORD15180,CUST3569,2023-02-25,Cancelled,PayPal
ORD15181,CUST3508,2023-03-24,Shipped,PayPal
ORD15182,CUST4154,2024-03-03,Delivered,PayPal
ORD15183,CUST4602,2023-09-21,Pending,Cash on Delivery
ORD15184,CUST5061,2023-08-25,Shipped,Cash on Delivery
ORD15185,CUST1410,2024-01-22,Cancelled,PayPal
ORD15186,CUST1106,2023-12-20,Returned,Credit Card
ORD15187,CUST4793,2024-10-20,Shipped,PayPal
ORD15188,CUST1932,2022-10-02,Delivered,PayPal
ORD15189,CUST3247,2025-02-02,Returned,Cash on Delivery
ORD15190,CUST2955,2024-03-03,Shipped,Cash on Delivery
ORD15191,CUST1802,2025-03-31,Pending,Cash on Delivery
ORD15192,CUST5460,2023-01-24,Returned,Credit Card
ORD15193,CUST3027,2023-02-21,Returned,PayPal
ORD15194,CUST4907,2023-03-15,Shipped,PayPal
ORD15195,CUST4611,2025-01-24,Pending,Credit Card
ORD15196,CUST4484,2025-07-08,Shipped,PayPal
ORD15197,CUST3696,2024-09-12,Pending,PayPal
ORD15198,CUST2122,2023-08-07,Shipped,PayPal
ORD15199,CUST1009,2024-08-03,Shipped,PayPal
ORD15200,CUST4011,2024-03-02,Returned,Cash on Delivery
ORD15201,CUST4118,2022-11-26,Pending,Cash on Delivery
ORD15202,CUST5446,2024-11-11,Pending,Cash on Delivery
ORD15203,CUST4410,2023-01-06,Pending,Cash on Delivery
ORD15204,CUST1807,2022-10-25,Cancelled,Cash on Delivery
ORD15205,CUST5046,2024-05-06,Returned,PayPal
ORD15206,CUST3946,2022-12-20,Cancelled,PayPal
ORD15207,CUST1514,2023-09-05,Returned,Credit Card
ORD15208,CUST5246,2024-09-13,Returned,Cash on Delivery
ORD15209,CUST2872,2025-07-01,Shipped,Credit Card
ORD15210,CUST5515,2025-01-21,Shipped,PayPal
ORD15211,CUST5241,2023-11-27,Cancelled,Cash on Delivery
ORD15212,CUST3656,2024-09-04,Shipped,PayPal
ORD15213,CUST4593,2022-12-04,Pending,Credit Card
ORD15214,CUST4370,2024-01-30,Pending,PayPal
ORD15215,CUST1637,2022-12-14,Delivered,Credit Card
ORD15216,CUST5665,2025-01-12,Cancelled,PayPal
ORD15217,CUST3902,2024-02-03,Delivered,Credit Card
ORD15218,CUST1240,2023-05-11,Delivered,PayPal
ORD15219,CUST4683,2023-08-25,Returned,Cash on Delivery
ORD15220,CUST3802,2023-03-08,Shipped,Credit Card
ORD15221,CUST1680,2025-04-12,Pending,Credit Card
ORD15222,CUST1261,2024-02-18,Cancelled,Cash on Delivery
ORD15223,CUST2611,2025-03-13,Cancelled,Credit Card
ORD15224,CUST4003,2023-03-17,Returned,PayPal
ORD15225,CUST4251,2025-07-26,Delivered,Cash on Delivery
ORD15226,CUST5299,2025-05-26,Cancelled,PayPal
ORD15227,CUST2191,2025-08-07,Delivered,Credit Card
ORD15228,CUST2097,2024-11-23,Pending,Credit Card
ORD15229,CUST4739,2025-03-27,Shipped,PayPal
ORD15230,CUST1676,2024-02-05,Pending,Cash on Delivery
ORD15231,CUST3729,2025-04-08,Returned,PayPal
ORD15232,CUST2050,2024-02-18,Pending,PayPal
ORD15233,CUST4788,2023-01-20,Shipped,Credit Card
ORD15234,CUST5617,2024-09-07,Returned,PayPal
ORD15235,CUST3078,2024-11-21,Delivered,Cash on Delivery
ORD15236,CUST4980,2025-01-09,Returned,PayPal
ORD15237,CUST3213,2022-11-23,Shipped,PayPal
ORD15238,CUST4193,2023-09-27,Delivered,Cash on Delivery
ORD15239,CUST5491,2023-07-28,Cancelled,PayPal
ORD15240,CUST3858,2023-04-16,Delivered,Credit Card
ORD15241,CUST1992,2022-10-01,Pending,PayPal
ORD15242,CUST5600,2025-05-03,Pending,Credit Card
ORD15243,CUST5514,2025-04-19,Delivered,Credit Card
ORD15244,CUST1555,2024-05-10,Delivered,Cash on Delivery
ORD15245,CUST1716,2023-12-14,Shipped,Cash on Delivery
ORD15246,CUST2811,2024-11-26,Delivered,Cash on Delivery
ORD15247,CUST1848,2024-06-14,Shipped,PayPal
ORD15248,CUST2017,2024-10-26,Delivered,Credit Card
ORD15249,CUST1402,2024-09-13,Returned,Cash on Delivery
ORD15250,CUST2200,2025-05-02,Delivered,Credit Card
ORD15251,CUST5055,2025-03-16,Pending,PayPal
ORD15252,CUST5984,2023-02-04,Shipped,Credit Card
ORD15253,CUST4630,2024-01-13,Pending,Cash on Delivery
ORD15254,CUST5841,2023-08-15,Cancelled,Cash on Delivery
ORD15255,CUST2720,2024-10-18,Pending,Credit Card
ORD15256,CUST5809,2022-08-28,Cancelled,Credit Card
ORD15257,CUST4583,2023-08-01,Pending,PayPal
ORD15258,CUST5450,2025-07-20,Returned,Cash on Delivery
ORD15259,CUST1954,2024-06-26,Shipped,Cash on Delivery
ORD15260,CUST2987,2024-06-11,Pending,Cash on Delivery
ORD15261,CUST3369,2023-01-18,Cancelled,Cash on Delivery
ORD15262,CUST3399,2024-06-17,Shipped,PayPal
ORD15263,CUST3585,2022-11-22,Shipped,Cash on Delivery
ORD15264,CUST1334,2024-02-24,Delivered,Credit Card
ORD15265,CUST3873,2025-06-09,Cancelled,Credit Card
ORD15266,CUST5186,2023-12-22,Delivered,PayPal
ORD15267,CUST1450,2025-03-26,Returned,Credit Card
ORD15268,CUST4030,2024-12-21,Delivered,PayPal
ORD15269,CUST4312,2023-10-12,Cancelled,Credit Card
ORD15270,CUST4600,2025-08-04,Returned,Cash on Delivery
ORD15271,CUST2345,2024-08-22,Shipped,Credit Card
ORD15272,CUST1664,2024-03-15,Pending,PayPal
ORD15273,CUST2664,2024-10-31,Cancelled,Credit Card
ORD15274,CUST3870,2023-08-03,Delivered,PayPal
ORD15275,CUST1852,2025-08-12,Cancelled,PayPal
ORD15276,CUST4204,2025-08-16,Cancelled,Credit Card
ORD15277,CUST4327,2023-11-13,Returned,Cash on Delivery
ORD15278,CUST1810,2023-04-26,Returned,Credit Card
ORD15279,CUST3519,2023-04-29,Shipped,Cash on Delivery
ORD15280,CUST2219,2024-02-20,Pending,Credit Card
ORD15281,CUST5652,2025-08-04,Cancelled,Cash on Delivery
ORD15282,CUST2174,2023-08-30,Delivered,Cash on Delivery
ORD15283,CUST5513,2025-06-25,Pending,Cash on Delivery
ORD15284,CUST2090,2023-03-13,Cancelled,PayPal
ORD15285,CUST1055,2024-03-06,Cancelled,Cash on Delivery
ORD15286,CUST4126,2025-04-19,Cancelled,Cash on Delivery
ORD15287,CUST4277,2023-08-25,Delivered,PayPal
ORD15288,CUST5082,2024-09-21,Cancelled,PayPal
ORD15289,CUST5371,2023-03-04,Returned,Credit Card
ORD15290,CUST5859,2023-02-15,Pending,Cash on Delivery
ORD15291,CUST4772,2023-08-25,Pending,Credit Card
ORD15292,CUST2531,2024-07-09,Returned,Cash on Delivery
ORD15293,CUST3015,2025-07-24,Delivered,Credit Card
ORD15294,CUST5909,2025-02-13,Delivered,Cash on Delivery
ORD15295,CUST1134,2023-01-22,Returned,Credit Card
ORD15296,CUST4439,2022-12-20,Returned,PayPal
ORD15297,CUST5103,2022-12-27,Returned,Credit Card
ORD15298,CUST5899,2023-12-21,Returned,Credit Card
ORD15299,CUST2818,2024-05-11,Returned,PayPal
ORD15300,CUST2668,2024-08-29,Cancelled,PayPal
ORD15301,CUST4515,2023-05-13,Delivered,PayPal
ORD15302,CUST2965,2024-05-06,Returned,Credit Card
ORD15303,CUST2774,2024-04-03,Shipped,PayPal
ORD15304,CUST2512,2025-03-19,Returned,Cash on Delivery
ORD15305,CUST1234,2023-11-19,Delivered,Credit Card
ORD15306,CUST3215,2023-10-02,Pending,Credit Card
ORD15307,CUST4050,2023-11-06,Cancelled,Cash on Delivery
ORD15308,CUST1118,2024-03-27,Shipped,PayPal
ORD15309,CUST5038,2025-01-25,Shipped,Credit Card
ORD15310,CUST5905,2024-08-29,Cancelled,Cash on Delivery
ORD15311,CUST1944,2023-09-20,Delivered,PayPal
ORD15312,CUST2249,2024-08-15,Pending,PayPal
ORD15313,CUST1505,2023-07-08,Delivered,PayPal
ORD15314,CUST3870,2025-02-10,Shipped,Credit Card
ORD15315,CUST2707,2024-12-28,Pending,Credit Card
ORD15316,CUST2639,2024-01-07,Shipped,Cash on Delivery
ORD15317,CUST2649,2024-11-09,Pending,Credit Card
ORD15318,CUST3287,2024-02-19,Pending,Credit Card
ORD15319,CUST3491,2023-04-02,Cancelled,Cash on Delivery
ORD15320,CUST2872,2024-03-24,Shipped,Credit Card
ORD15321,CUST1685,2025-03-19,Delivered,PayPal
ORD15322,CUST5503,2025-02-16,Delivered,Credit Card
ORD15323,CUST3052,2023-02-14,Delivered,PayPal
ORD15324,CUST3722,2024-09-18,Returned,Cash on Delivery
ORD15325,CUST2038,2022-09-18,Delivered,Cash on Delivery
ORD15326,CUST1010,2024-10-12,Delivered,Credit Card
ORD15327,CUST3015,2024-12-04,Shipped,Cash on Delivery
ORD15328,CUST3149,2025-05-11,Cancelled,Credit Card
ORD15329,CUST4938,2024-02-14,Delivered,Credit Card
ORD15330,CUST1758,2023-06-03,Pending,PayPal
ORD15331,CUST5376,2024-09-08,Cancelled,Credit Card
ORD15332,CUST3354,2023-08-05,Delivered,Credit Card
ORD15333,CUST2682,2025-05-22,Returned,Cash on Delivery
ORD15334,CUST3533,2023-10-13,Shipped,Credit Card
ORD15335,CUST5782,2025-06-02,Pending,Credit Card
ORD15336,CUST1447,2024-05-22,Pending,Cash on Delivery
ORD15337,CUST4885,2022-11-29,Cancelled,Cash on Delivery
ORD15338,CUST1470,2025-05-17,Pending,Credit Card
ORD15339,CUST1997,2025-08-12,Returned,PayPal
ORD15340,CUST4900,2024-06-28,Pending,Cash on Delivery
ORD15341,CUST5687,2023-01-24,Shipped,PayPal
ORD15342,CUST3270,2024-02-06,Delivered,Credit Card
ORD15343,CUST1628,2023-05-24,Returned,PayPal
ORD15344,CUST2861,2025-05-21,Returned,PayPal
ORD15345,CUST2538,2024-10-25,Returned,Cash on Delivery
ORD15346,CUST4053,2024-05-30,Returned,Cash on Delivery
ORD15347,CUST5726,2025-01-17,Shipped,Credit Card
ORD15348,CUST5322,2024-04-21,Pending,PayPal
ORD15349,CUST3941,2024-07-18,Delivered,PayPal
ORD15350,CUST2774,2023-03-24,Pending,PayPal
ORD15351,CUST5557,2023-04-17,Shipped,Cash on Delivery
ORD15352,CUST3143,2023-12-13,Shipped,Credit Card
ORD15353,CUST5924,2024-05-15,Delivered,Credit Card
ORD15354,CUST1730,2023-11-08,Returned,Credit Card
ORD15355,CUST5067,2023-11-02,Shipped,Cash on Delivery
ORD15356,CUST2104,2024-10-15,Delivered,Cash on Delivery
ORD15357,CUST4199,2022-09-04,Shipped,PayPal
ORD15358,CUST5036,2024-10-22,Returned,Cash on Delivery
ORD15359,CUST5644,2024-12-29,Shipped,Cash on Delivery
ORD15360,CUST1388,2024-05-29,Pending,PayPal
ORD15361,CUST4301,2024-08-15,Cancelled,Credit Card
ORD15362,CUST4124,2024-08-15,Returned,Credit Card
ORD15363,CUST3058,2023-11-26,Pending,Cash on Delivery
ORD15364,CUST3582,2024-10-28,Returned,Cash on Delivery
ORD15365,CUST5933,2023-01-03,Cancelled,PayPal
ORD15366,CUST5910,2023-04-06,Delivered,PayPal
ORD15367,CUST2912,2022-12-09,Returned,Credit Card
ORD15368,CUST4163,2023-01-13,Delivered,Cash on Delivery
ORD15369,CUST1762,2023-03-04,Shipped,Credit Card
ORD15370,CUST4325,2023-12-03,Delivered,Cash on Delivery
ORD15371,CUST3131,2024-06-12,Cancelled,Cash on Delivery
ORD15372,CUST4273,2023-08-07,Pending,Credit Card
ORD15373,CUST3495,2022-12-19,Returned,PayPal
ORD15374,CUST4148,2025-05-05,Shipped,PayPal
ORD15375,CUST5082,2023-03-07,Pending,Cash on Delivery
ORD15376,CUST1903,2024-05-14,Shipped,Credit Card
ORD15377,CUST5057,2023-04-16,Pending,Credit Card
ORD15378,CUST3324,2024-01-18,Shipped,Cash on Delivery
ORD15379,CUST1084,2025-03-11,Cancelled,Credit Card
ORD15380,CUST4239,2023-01-14,Shipped,Credit Card
ORD15381,CUST3653,2025-07-04,Cancelled,PayPal
ORD15382,CUST3786,2023-09-17,Shipped,PayPal
ORD15383,CUST4885,2024-08-21,Pending,Cash on Delivery
ORD15384,CUST5158,2023-04-20,Cancelled,Cash on Delivery
ORD15385,CUST1295,2024-10-25,Shipped,Cash on Delivery
ORD15386,CUST5506,2024-09-09,Delivered,Cash on Delivery
ORD15387,CUST5028,2024-10-13,Shipped,Cash on Delivery
ORD15388,CUST5195,2023-10-03,Shipped,Cash on Delivery
ORD15389,CUST5777,2025-02-03,Shipped,Cash on Delivery
ORD15390,CUST3446,2023-07-14,Cancelled,Credit Card
ORD15391,CUST1822,2024-02-07,Returned,Credit Card
ORD15392,CUST3483,2025-03-07,Delivered,PayPal
ORD15393,CUST2132,2024-03-09,Pending,Credit Card
ORD15394,CUST4381,2023-01-11,Pending,PayPal
ORD15395,CUST3607,2023-10-11,Delivered,PayPal
ORD15396,CUST4104,2025-04-26,Cancelled,PayPal
ORD15397,CUST4947,2025-08-17,Cancelled,Cash on Delivery
ORD15398,CUST1303,2023-07-27,Returned,Credit Card
ORD15399,CUST2826,2025-08-06,Delivered,Credit Card
ORD15400,CUST5899,2022-11-18,Delivered,PayPal
ORD15401,CUST4515,2025-03-08,Delivered,Credit Card
ORD15402,CUST3659,2025-02-26,Pending,Cash on Delivery
ORD15403,CUST3620,2025-08-24,Cancelled,PayPal
ORD15404,CUST1840,2024-04-12,Cancelled,Credit Card
ORD15405,CUST4657,2024-03-01,Returned,Credit Card
ORD15406,CUST4897,2023-10-26,Returned,Cash on Delivery
ORD15407,CUST1815,2023-06-23,Cancelled,Credit Card
ORD15408,CUST3933,2023-05-06,Cancelled,Credit Card
ORD15409,CUST3409,2025-06-23,Returned,Cash on Delivery
ORD15410,CUST1884,2022-10-27,Returned,Cash on Delivery
ORD15411,CUST4249,2024-06-26,Pending,Credit Card
ORD15412,CUST5413,2022-11-12,Shipped,PayPal
ORD15413,CUST5866,2024-02-26,Returned,PayPal
ORD15414,CUST1691,2024-09-23,Cancelled,Cash on Delivery
ORD15415,CUST1301,2023-09-05,Returned,Cash on Delivery
ORD15416,CUST5060,2024-06-14,Pending,Cash on Delivery
ORD15417,CUST1470,2024-11-08,Pending,PayPal
ORD15418,CUST4127,2023-11-21,Returned,Cash on Delivery
ORD15419,CUST5410,2023-08-01,Cancelled,Credit Card
ORD15420,CUST1628,2025-05-16,Cancelled,PayPal
ORD15421,CUST1208,2024-12-07,Returned,Credit Card
ORD15422,CUST4733,2023-02-03,Delivered,Credit Card
ORD15423,CUST4081,2025-06-25,Returned,Cash on Delivery
ORD15424,CUST1537,2023-04-27,Shipped,Cash on Delivery
ORD15425,CUST3525,2024-08-09,Shipped,Credit Card
ORD15426,CUST1534,2025-03-20,Cancelled,Credit Card
ORD15427,CUST2321,2022-09-21,Delivered,PayPal
ORD15428,CUST4494,2024-06-25,Delivered,PayPal
ORD15429,CUST1346,2025-07-07,Cancelled,Credit Card
ORD15430,CUST3117,2025-01-29,Pending,PayPal
ORD15431,CUST5023,2023-07-07,Cancelled,Credit Card
ORD15432,CUST3046,2023-12-15,Shipped,Cash on Delivery
ORD15433,CUST4755,2024-03-24,Shipped,Cash on Delivery
ORD15434,CUST3379,2025-05-19,Pending,PayPal
ORD15435,CUST2541,2024-06-28,Cancelled,Cash on Delivery
ORD15436,CUST1559,2025-08-04,Shipped,Credit Card
ORD15437,CUST4244,2025-06-05,Shipped,Credit Card
ORD15438,CUST3097,2023-09-09,Pending,Credit Card
ORD15439,CUST2358,2025-05-28,Returned,Credit Card
ORD15440,CUST3628,2023-02-09,Cancelled,Cash on Delivery
ORD15441,CUST1189,2024-11-21,Delivered,PayPal
ORD15442,CUST2221,2024-08-26,Cancelled,PayPal
ORD15443,CUST3037,2022-09-02,Returned,Credit Card
ORD15444,CUST4287,2024-09-02,Pending,Cash on Delivery
ORD15445,CUST5128,2025-05-05,Cancelled,Cash on Delivery
ORD15446,CUST1667,2025-03-26,Pending,Cash on Delivery
ORD15447,CUST2522,2024-07-14,Shipped,Credit Card
ORD15448,CUST5470,2025-03-02,Delivered,Credit Card
ORD15449,CUST4990,2023-06-08,Shipped,Cash on Delivery
ORD15450,CUST2234,2023-12-18,Shipped,Credit Card
ORD15451,CUST1539,2023-01-07,Shipped,Credit Card
ORD15452,CUST5997,2025-07-20,Shipped,Cash on Delivery
ORD15453,CUST1620,2024-02-01,Cancelled,PayPal
ORD15454,CUST2372,2025-03-09,Pending,Cash on Delivery
ORD15455,CUST2127,2025-03-22,Pending,Credit Card
ORD15456,CUST1971,2024-10-22,Cancelled,Cash on Delivery
ORD15457,CUST1722,2024-11-30,Delivered,Credit Card
ORD15458,CUST4321,2023-05-13,Shipped,Cash on Delivery
ORD15459,CUST4725,2023-02-13,Shipped,PayPal
ORD15460,CUST3170,2022-08-31,Shipped,Credit Card
ORD15461,CUST3948,2023-11-15,Pending,PayPal
ORD15462,CUST2446,2025-04-30,Delivered,Credit Card
ORD15463,CUST5031,2025-04-29,Cancelled,Cash on Delivery
ORD15464,CUST3469,2025-01-28,Cancelled,Credit Card
ORD15465,CUST3594,2024-09-12,Delivered,Credit Card
ORD15466,CUST1602,2023-02-10,Shipped,Credit Card
ORD15467,CUST4448,2024-04-11,Pending,PayPal
ORD15468,CUST3678,2023-06-15,Cancelled,PayPal
ORD15469,CUST5139,2024-11-22,Delivered,PayPal
ORD15470,CUST5015,2023-12-12,Shipped,PayPal
ORD15471,CUST1927,2025-05-29,Pending,Cash on Delivery
ORD15472,CUST1301,2023-07-21,Returned,Cash on Delivery
ORD15473,CUST2214,2023-06-18,Returned,PayPal
ORD15474,CUST1829,2023-09-30,Cancelled,Credit Card
ORD15475,CUST2425,2023-09-22,Pending,PayPal
ORD15476,CUST5415,2022-09-06,Pending,Cash on Delivery
ORD15477,CUST3187,2025-06-21,Cancelled,Credit Card
ORD15478,CUST5893,2023-10-26,Delivered,Cash on Delivery
ORD15479,CUST1511,2025-07-23,Shipped,Cash on Delivery
ORD15480,CUST5866,2022-10-12,Pending,Credit Card
ORD15481,CUST5590,2023-03-25,Cancelled,Cash on Delivery
ORD15482,CUST2414,2023-02-24,Delivered,PayPal
ORD15483,CUST5173,2023-05-12,Delivered,PayPal
ORD15484,CUST2738,2024-12-08,Shipped,PayPal
ORD15485,CUST3050,2024-03-26,Delivered,Cash on Delivery
ORD15486,CUST1874,2024-02-10,Cancelled,Cash on Delivery
ORD15487,CUST4132,2023-09-28,Returned,PayPal
ORD15488,CUST3253,2024-06-19,Cancelled,Credit Card
ORD15489,CUST1882,2024-08-02,Shipped,Credit Card
ORD15490,CUST1275,2024-01-28,Returned,Credit Card
ORD15491,CUST4693,2024-09-04,Shipped,Cash on Delivery
ORD15492,CUST2602,2024-01-02,Delivered,PayPal
ORD15493,CUST3390,2024-09-05,Cancelled,Cash on Delivery
ORD15494,CUST5549,2024-12-19,Cancelled,PayPal
ORD15495,CUST5307,2024-08-23,Pending,PayPal
ORD15496,CUST2419,2023-09-05,Returned,PayPal
ORD15497,CUST5887,2022-08-30,Pending,Credit Card
ORD15498,CUST3554,2025-04-12,Pending,Cash on Delivery
ORD15499,CUST3656,2024-03-05,Pending,Cash on Delivery
ORD15500,CUST3125,2024-11-04,Cancelled,PayPal
ORD15501,CUST3872,2025-07-03,Shipped,PayPal
ORD15502,CUST1180,2024-11-02,Delivered,Cash on Delivery
ORD15503,CUST2280,2023-03-31,Delivered,Cash on Delivery
ORD15504,CUST5046,2022-10-12,Delivered,Cash on Delivery
ORD15505,CUST3909,2022-11-05,Shipped,Cash on Delivery
ORD15506,CUST3873,2024-05-01,Shipped,Cash on Delivery
ORD15507,CUST1091,2024-06-12,Cancelled,Cash on Delivery
ORD15508,CUST3253,2024-11-26,Shipped,PayPal
ORD15509,CUST1244,2023-09-25,Pending,Credit Card
ORD15510,CUST1869,2025-01-18,Cancelled,Credit Card
ORD15511,CUST1044,2024-10-13,Cancelled,PayPal
ORD15512,CUST2106,2024-03-16,Shipped,Cash on Delivery
ORD15513,CUST5379,2023-02-28,Cancelled,Cash on Delivery
ORD15514,CUST3390,2022-09-08,Cancelled,Cash on Delivery
ORD15515,CUST1021,2023-09-15,Pending,PayPal
ORD15516,CUST3110,2022-12-04,Cancelled,Credit Card
ORD15517,CUST3916,2024-06-03,Shipped,Credit Card
ORD15518,CUST1608,2025-06-08,Delivered,Cash on Delivery
ORD15519,CUST4073,2023-02-11,Shipped,Credit Card
ORD15520,CUST5722,2022-12-16,Cancelled,Cash on Delivery
ORD15521,CUST5306,2022-12-03,Shipped,Cash on Delivery
ORD15522,CUST2348,2025-01-04,Shipped,PayPal
ORD15523,CUST4164,2024-03-04,Shipped,Credit Card
ORD15524,CUST4619,2025-02-10,Shipped,Credit Card
ORD15525,CUST5320,2023-11-18,Cancelled,PayPal
ORD15526,CUST3350,2024-05-17,Delivered,Credit Card
ORD15527,CUST3706,2023-05-27,Shipped,PayPal
ORD15528,CUST4316,2024-06-09,Cancelled,Credit Card
ORD15529,CUST1246,2024-09-15,Delivered,PayPal
ORD15530,CUST1672,2023-07-30,Pending,Cash on Delivery
ORD15531,CUST5928,2025-04-04,Delivered,Cash on Delivery
ORD15532,CUST1892,2022-11-09,Returned,Cash on Delivery
ORD15533,CUST5556,2025-02-28,Shipped,PayPal
ORD15534,CUST2981,2024-05-26,Delivered,Cash on Delivery
ORD15535,CUST5200,2024-09-02,Pending,Cash on Delivery
ORD15536,CUST3393,2023-06-26,Pending,Cash on Delivery
ORD15537,CUST1624,2024-03-09,Shipped,Credit Card
ORD15538,CUST5607,2022-11-07,Pending,PayPal
ORD15539,CUST2525,2024-03-17,Delivered,Cash on Delivery
ORD15540,CUST4688,2023-05-08,Delivered,Credit Card
ORD15541,CUST1186,2023-03-31,Pending,Credit Card
ORD15542,CUST3423,2022-12-20,Shipped,PayPal
ORD15543,CUST3945,2023-10-12,Shipped,Cash on Delivery
ORD15544,CUST2967,2024-08-23,Cancelled,PayPal
ORD15545,CUST2939,2025-04-14,Pending,PayPal
ORD15546,CUST2625,2024-09-05,Cancelled,Credit Card
ORD15547,CUST5841,2023-03-10,Pending,Credit Card
ORD15548,CUST4529,2024-09-02,Delivered,PayPal
ORD15549,CUST1867,2023-04-23,Cancelled,Credit Card
ORD15550,CUST5486,2023-01-12,Returned,Credit Card
ORD15551,CUST4641,2025-01-09,Pending,Cash on Delivery
ORD15552,CUST5106,2023-09-13,Shipped,PayPal
ORD15553,CUST3159,2025-01-12,Cancelled,PayPal
ORD15554,CUST2698,2025-08-24,Returned,Credit Card
ORD15555,CUST2079,2024-01-21,Pending,PayPal
ORD15556,CUST2814,2025-07-28,Shipped,Credit Card
ORD15557,CUST4754,2023-06-21,Pending,Credit Card
ORD15558,CUST5827,2023-07-23,Pending,PayPal
ORD15559,CUST2138,2024-11-25,Cancelled,Credit Card
ORD15560,CUST5231,2024-01-25,Cancelled,PayPal
ORD15561,CUST3271,2023-09-29,Pending,Credit Card
ORD15562,CUST5724,2022-12-05,Shipped,Credit Card
ORD15563,CUST4702,2025-01-22,Delivered,Credit Card
ORD15564,CUST1846,2023-10-24,Delivered,Credit Card
ORD15565,CUST5714,2022-12-04,Returned,Cash on Delivery
ORD15566,CUST5908,2025-02-17,Cancelled,Cash on Delivery
ORD15567,CUST3466,2024-01-19,Pending,PayPal
ORD15568,CUST2964,2024-07-30,Pending,Cash on Delivery
ORD15569,CUST2906,2025-02-14,Returned,Credit Card
ORD15570,CUST1354,2024-03-28,Pending,PayPal
ORD15571,CUST1972,2023-01-28,Delivered,PayPal
ORD15572,CUST3295,2023-12-31,Returned,Credit Card
ORD15573,CUST2212,2024-03-24,Pending,Cash on Delivery
ORD15574,CUST3527,2025-06-05,Pending,PayPal
ORD15575,CUST2180,2025-06-12,Shipped,PayPal
ORD15576,CUST5647,2023-01-15,Cancelled,Credit Card
ORD15577,CUST4217,2025-08-01,Pending,Credit Card
ORD15578,CUST2820,2024-03-31,Pending,Cash on Delivery
ORD15579,CUST3457,2023-12-13,Shipped,Credit Card
ORD15580,CUST2027,2023-04-13,Delivered,PayPal
ORD15581,CUST3429,2023-08-19,Returned,PayPal
ORD15582,CUST2289,2024-03-03,Shipped,Cash on Delivery
ORD15583,CUST5035,2024-03-31,Delivered,PayPal
ORD15584,CUST5698,2022-12-08,Shipped,Cash on Delivery
ORD15585,CUST5024,2023-09-16,Shipped,PayPal
ORD15586,CUST5628,2023-01-27,Returned,Cash on Delivery
ORD15587,CUST2693,2023-02-09,Delivered,PayPal
ORD15588,CUST3545,2024-06-02,Shipped,Cash on Delivery
ORD15589,CUST5903,2022-10-13,Shipped,Credit Card
ORD15590,CUST4313,2024-03-20,Returned,Credit Card
ORD15591,CUST2292,2024-11-15,Delivered,Cash on Delivery
ORD15592,CUST5233,2023-03-21,Returned,PayPal
ORD15593,CUST4252,2025-07-27,Cancelled,Cash on Delivery
ORD15594,CUST1267,2025-05-16,Pending,Cash on Delivery
ORD15595,CUST2198,2024-07-13,Cancelled,Credit Card
ORD15596,CUST4417,2024-10-03,Shipped,PayPal
ORD15597,CUST2124,2022-12-18,Returned,PayPal
ORD15598,CUST3599,2025-02-23,Cancelled,PayPal
ORD15599,CUST3012,2024-12-30,Returned,Credit Card
ORD15600,CUST2317,2024-06-26,Returned,PayPal
ORD15601,CUST3743,2024-05-02,Delivered,PayPal
ORD15602,CUST1022,2024-02-04,Delivered,Cash on Delivery
ORD15603,CUST4384,2023-11-26,Returned,Cash on Delivery
ORD15604,CUST5940,2023-09-23,Returned,Cash on Delivery
ORD15605,CUST4348,2024-06-07,Returned,PayPal
ORD15606,CUST2733,2025-01-16,Delivered,PayPal
ORD15607,CUST1706,2024-05-28,Delivered,Credit Card
ORD15608,CUST2935,2024-02-14,Delivered,PayPal
ORD15609,CUST3862,2024-04-22,Returned,PayPal
ORD15610,CUST2198,2022-11-11,Delivered,Cash on Delivery
ORD15611,CUST4954,2024-04-23,Delivered,Cash on Delivery
ORD15612,CUST1635,2024-04-24,Pending,Credit Card
ORD15613,CUST5751,2024-06-20,Cancelled,PayPal
ORD15614,CUST2945,2025-02-24,Shipped,PayPal
ORD15615,CUST5293,2024-10-09,Returned,Credit Card
ORD15616,CUST5146,2023-08-22,Delivered,PayPal
ORD15617,CUST4394,2024-02-17,Pending,PayPal
ORD15618,CUST5895,2025-07-07,Shipped,Cash on Delivery
ORD15619,CUST4855,2022-10-07,Pending,Credit Card
ORD15620,CUST2006,2022-10-14,Pending,Credit Card
ORD15621,CUST2950,2023-02-28,Shipped,Credit Card
ORD15622,CUST5871,2025-04-19,Returned,Credit Card
ORD15623,CUST1144,2024-07-04,Delivered,PayPal
ORD15624,CUST2130,2025-04-15,Delivered,PayPal
ORD15625,CUST3413,2022-11-11,Shipped,Cash on Delivery
ORD15626,CUST4044,2022-12-11,Cancelled,Cash on Delivery
ORD15627,CUST3986,2022-10-23,Returned,PayPal
ORD15628,CUST2610,2024-05-16,Pending,PayPal
ORD15629,CUST2117,2023-06-22,Returned,Cash on Delivery
ORD15630,CUST1607,2025-08-24,Shipped,Cash on Delivery
ORD15631,CUST2499,2023-03-31,Pending,Credit Card
ORD15632,CUST2407,2023-04-11,Returned,Cash on Delivery
ORD15633,CUST1780,2023-09-24,Cancelled,Cash on Delivery
ORD15634,CUST5377,2023-07-27,Pending,Cash on Delivery
ORD15635,CUST1402,2023-11-04,Delivered,Credit Card
ORD15636,CUST2669,2023-12-30,Delivered,Credit Card
ORD15637,CUST3271,2023-02-03,Cancelled,PayPal
ORD15638,CUST5919,2023-03-12,Cancelled,Cash on Delivery
ORD15639,CUST5056,2023-11-12,Delivered,PayPal
ORD15640,CUST3337,2024-03-16,Returned,PayPal
ORD15641,CUST4035,2025-02-09,Shipped,Cash on Delivery
ORD15642,CUST2796,2025-02-24,Returned,Cash on Delivery
ORD15643,CUST5547,2024-01-11,Cancelled,Cash on Delivery
ORD15644,CUST3489,2023-09-15,Cancelled,Cash on Delivery
ORD15645,CUST2072,2024-09-14,Cancelled,Cash on Delivery
ORD15646,CUST5967,2023-03-08,Pending,Cash on Delivery
ORD15647,CUST5547,2023-09-06,Shipped,Cash on Delivery
ORD15648,CUST3627,2023-01-04,Delivered,Cash on Delivery
ORD15649,CUST2562,2025-07-03,Delivered,Credit Card
ORD15650,CUST1596,2023-07-02,Pending,Credit Card
ORD15651,CUST5752,2022-10-08,Cancelled,Cash on Delivery
ORD15652,CUST2311,2025-05-19,Pending,Credit Card
ORD15653,CUST3210,2024-05-19,Shipped,Cash on Delivery
ORD15654,CUST2180,2023-01-12,Returned,PayPal
ORD15655,CUST2197,2023-07-26,Pending,Cash on Delivery
ORD15656,CUST1750,2024-08-17,Cancelled,PayPal
ORD15657,CUST1574,2023-10-15,Cancelled,PayPal
ORD15658,CUST5226,2025-02-20,Shipped,Cash on Delivery
ORD15659,CUST1044,2025-04-10,Returned,Cash on Delivery
ORD15660,CUST3703,2024-12-12,Returned,PayPal
ORD15661,CUST5864,2023-03-16,Shipped,Cash on Delivery
ORD15662,CUST5450,2024-04-03,Pending,Credit Card
ORD15663,CUST1556,2022-09-19,Pending,Cash on Delivery
ORD15664,CUST3495,2023-12-27,Returned,Credit Card
ORD15665,CUST4182,2023-10-24,Cancelled,Credit Card
ORD15666,CUST1002,2022-11-09,Cancelled,Credit Card
ORD15667,CUST4469,2025-02-19,Delivered,Credit Card
ORD15668,CUST3798,2023-01-16,Shipped,Credit Card
ORD15669,CUST5240,2023-01-24,Delivered,PayPal
ORD15670,CUST2319,2025-06-05,Pending,Cash on Delivery
ORD15671,CUST1922,2023-04-08,Shipped,Credit Card
ORD15672,CUST5238,2025-03-06,Pending,Credit Card
ORD15673,CUST1681,2024-05-14,Delivered,Cash on Delivery
ORD15674,CUST3117,2025-08-09,Returned,Cash on Delivery
ORD15675,CUST1737,2024-05-11,Delivered,PayPal
ORD15676,CUST2234,2022-12-01,Returned,PayPal
ORD15677,CUST3528,2023-08-21,Delivered,Credit Card
ORD15678,CUST2980,2024-03-12,Cancelled,Cash on Delivery
ORD15679,CUST1442,2025-07-03,Delivered,PayPal
ORD15680,CUST1800,2024-12-30,Shipped,PayPal
ORD15681,CUST5328,2023-06-09,Delivered,PayPal
ORD15682,CUST3727,2023-03-29,Pending,Credit Card
ORD15683,CUST3218,2023-06-16,Pending,PayPal
ORD15684,CUST3959,2023-01-13,Returned,Credit Card
ORD15685,CUST2087,2022-09-02,Cancelled,Credit Card
ORD15686,CUST2896,2023-08-19,Pending,PayPal
ORD15687,CUST1992,2024-03-02,Cancelled,Cash on Delivery
ORD15688,CUST2906,2023-04-26,Returned,Credit Card
ORD15689,CUST1720,2024-09-20,Pending,PayPal
ORD15690,CUST4015,2024-02-28,Returned,Credit Card
ORD15691,CUST4922,2024-11-03,Delivered,PayPal
ORD15692,CUST1370,2024-05-03,Cancelled,Credit Card
ORD15693,CUST4199,2022-10-05,Returned,Cash on Delivery
ORD15694,CUST2675,2025-02-17,Returned,Cash on Delivery
ORD15695,CUST5265,2024-03-25,Cancelled,PayPal
ORD15696,CUST5186,2025-07-31,Shipped,PayPal
ORD15697,CUST5374,2025-06-25,Pending,PayPal
ORD15698,CUST1113,2025-08-14,Delivered,Credit Card
ORD15699,CUST4177,2024-09-02,Delivered,Credit Card
ORD15700,CUST5729,2025-05-08,Delivered,Cash on Delivery
ORD15701,CUST3933,2023-12-08,Cancelled,Credit Card
ORD15702,CUST5738,2024-04-25,Pending,Cash on Delivery
ORD15703,CUST3269,2023-03-31,Delivered,Credit Card
ORD15704,CUST4028,2024-01-07,Cancelled,Credit Card
ORD15705,CUST4854,2024-04-02,Delivered,Cash on Delivery
ORD15706,CUST5989,2025-04-04,Shipped,PayPal
ORD15707,CUST3741,2023-09-22,Cancelled,PayPal
ORD15708,CUST1670,2025-07-13,Shipped,Credit Card
ORD15709,CUST1256,2024-01-19,Returned,Credit Card
ORD15710,CUST5659,2025-07-19,Delivered,Credit Card
ORD15711,CUST4259,2025-06-23,Cancelled,Cash on Delivery
ORD15712,CUST4060,2025-04-18,Delivered,Credit Card
ORD15713,CUST1049,2023-04-03,Shipped,Credit Card
ORD15714,CUST1164,2024-04-25,Pending,PayPal
ORD15715,CUST4195,2024-12-25,Delivered,Credit Card
ORD15716,CUST3414,2022-10-21,Shipped,Cash on Delivery
ORD15717,CUST4465,2023-06-01,Pending,PayPal
ORD15718,CUST1007,2022-10-10,Shipped,Cash on Delivery
ORD15719,CUST3749,2023-02-21,Pending,Credit Card
ORD15720,CUST4320,2025-07-30,Cancelled,Credit Card
ORD15721,CUST3919,2024-08-11,Returned,PayPal
ORD15722,CUST2366,2024-09-19,Shipped,Credit Card
ORD15723,CUST2275,2024-04-30,Pending,Cash on Delivery
ORD15724,CUST4482,2024-05-16,Returned,Credit Card
ORD15725,CUST3209,2025-04-01,Shipped,PayPal
ORD15726,CUST1168,2023-01-21,Delivered,Credit Card
ORD15727,CUST4909,2023-06-14,Delivered,Credit Card
ORD15728,CUST1299,2022-10-23,Delivered,PayPal
ORD15729,CUST2657,2023-11-06,Pending,PayPal
ORD15730,CUST4714,2024-09-27,Returned,Credit Card
ORD15731,CUST4650,2023-03-27,Pending,Cash on Delivery
ORD15732,CUST1248,2024-08-06,Delivered,Credit Card
ORD15733,CUST1887,2022-12-27,Returned,PayPal
ORD15734,CUST5596,2022-10-17,Pending,Credit Card
ORD15735,CUST5215,2022-12-22,Delivered,PayPal
ORD15736,CUST2944,2023-07-02,Cancelled,PayPal
ORD15737,CUST2502,2023-10-27,Delivered,PayPal
ORD15738,CUST1030,2024-03-20,Shipped,PayPal
ORD15739,CUST5796,2023-07-26,Cancelled,Credit Card
ORD15740,CUST5819,2024-10-04,Shipped,PayPal
ORD15741,CUST4823,2024-04-02,Pending,PayPal
ORD15742,CUST5976,2022-12-31,Pending,Cash on Delivery
ORD15743,CUST5138,2022-10-06,Shipped,Cash on Delivery
ORD15744,CUST2079,2022-12-12,Shipped,PayPal
ORD15745,CUST3118,2023-02-05,Pending,Credit Card
ORD15746,CUST1104,2025-03-30,Shipped,PayPal
ORD15747,CUST3954,2024-07-26,Pending,PayPal
ORD15748,CUST1244,2023-08-06,Shipped,Cash on Delivery
ORD15749,CUST5496,2024-04-14,Cancelled,PayPal
ORD15750,CUST3725,2023-05-11,Pending,PayPal
ORD15751,CUST4169,2023-10-06,Shipped,Cash on Delivery
ORD15752,CUST2259,2024-10-26,Cancelled,Cash on Delivery
ORD15753,CUST1305,2023-09-29,Pending,Cash on Delivery
ORD15754,CUST5689,2023-04-03,Shipped,Credit Card
ORD15755,CUST4241,2024-11-09,Cancelled,Credit Card
ORD15756,CUST4546,2024-03-25,Shipped,Credit Card
ORD15757,CUST4011,2025-04-01,Returned,Cash on Delivery
ORD15758,CUST2309,2024-05-25,Returned,Cash on Delivery
ORD15759,CUST3871,2025-07-04,Pending,Cash on Delivery
ORD15760,CUST5130,2023-05-29,Shipped,Credit Card
ORD15761,CUST2133,2024-04-11,Shipped,Cash on Delivery
ORD15762,CUST1148,2024-08-17,Returned,PayPal
ORD15763,CUST2629,2024-06-06,Cancelled,PayPal
ORD15764,CUST5971,2025-05-04,Shipped,PayPal
ORD15765,CUST5425,2024-04-13,Returned,PayPal
ORD15766,CUST2177,2022-11-28,Cancelled,Credit Card
ORD15767,CUST3400,2025-01-23,Shipped,PayPal
ORD15768,CUST1618,2023-04-17,Cancelled,PayPal
ORD15769,CUST5477,2024-01-11,Shipped,Credit Card
ORD15770,CUST5839,2023-03-29,Delivered,Credit Card
ORD15771,CUST2362,2025-04-09,Pending,PayPal
ORD15772,CUST5137,2024-06-09,Returned,PayPal
ORD15773,CUST5528,2025-01-15,Shipped,Cash on Delivery
ORD15774,CUST5593,2025-04-15,Delivered,Credit Card
ORD15775,CUST5115,2024-01-21,Delivered,PayPal
ORD15776,CUST4753,2023-05-31,Pending,Cash on Delivery
ORD15777,CUST4765,2025-06-14,Delivered,Credit Card
ORD15778,CUST5400,2025-01-15,Shipped,PayPal
ORD15779,CUST1192,2025-04-11,Cancelled,Credit Card
ORD15780,CUST3089,2024-03-02,Returned,Cash on Delivery
ORD15781,CUST3301,2023-05-12,Delivered,Cash on Delivery
ORD15782,CUST3252,2025-08-08,Shipped,Cash on Delivery
ORD15783,CUST3687,2023-10-19,Cancelled,Cash on Delivery
ORD15784,CUST5733,2024-11-02,Pending,Cash on Delivery
ORD15785,CUST5583,2024-03-15,Pending,Credit Card
ORD15786,CUST2550,2025-01-03,Pending,Cash on Delivery
ORD15787,CUST5570,2024-10-02,Cancelled,Cash on Delivery
ORD15788,CUST3076,2024-07-18,Delivered,PayPal
ORD15789,CUST2565,2024-08-26,Shipped,Cash on Delivery
ORD15790,CUST1153,2024-07-19,Pending,PayPal
ORD15791,CUST2510,2023-05-16,Delivered,Cash on Delivery
ORD15792,CUST2024,2024-08-27,Cancelled,Cash on Delivery
ORD15793,CUST4474,2023-11-14,Returned,Credit Card
ORD15794,CUST1487,2023-06-05,Pending,Credit Card
ORD15795,CUST3634,2023-04-05,Shipped,Cash on Delivery
ORD15796,CUST5912,2025-02-25,Delivered,Credit Card
ORD15797,CUST3260,2022-12-27,Returned,Credit Card
ORD15798,CUST4010,2023-10-20,Cancelled,Cash on Delivery
ORD15799,CUST2108,2025-03-28,Shipped,PayPal
ORD15800,CUST3739,2022-12-10,Cancelled,Credit Card
ORD15801,CUST4863,2024-03-29,Returned,Cash on Delivery
ORD15802,CUST2066,2025-02-08,Cancelled,PayPal
ORD15803,CUST4480,2025-01-26,Delivered,Credit Card
ORD15804,CUST1018,2023-03-16,Pending,Cash on Delivery
ORD15805,CUST2640,2024-11-06,Shipped,PayPal
ORD15806,CUST2580,2023-11-07,Returned,Cash on Delivery
ORD15807,CUST3352,2024-01-05,Cancelled,Credit Card
ORD15808,CUST4006,2024-03-22,Pending,Cash on Delivery
ORD15809,CUST2371,2022-12-15,Delivered,Credit Card
ORD15810,CUST5888,2025-04-28,Returned,PayPal
ORD15811,CUST2741,2025-03-06,Delivered,Credit Card
ORD15812,CUST1950,2023-04-02,Shipped,Credit Card
ORD15813,CUST3770,2023-02-19,Shipped,Credit Card
ORD15814,CUST5041,2024-07-04,Delivered,Credit Card
ORD15815,CUST1386,2024-08-29,Returned,Credit Card
ORD15816,CUST3143,2024-12-14,Pending,Credit Card
ORD15817,CUST2285,2022-11-16,Cancelled,Cash on Delivery
ORD15818,CUST3975,2025-02-20,Delivered,Credit Card
ORD15819,CUST4742,2022-09-19,Delivered,Credit Card
ORD15820,CUST3115,2024-02-06,Returned,Credit Card
ORD15821,CUST2430,2025-03-20,Returned,PayPal
ORD15822,CUST4582,2023-06-09,Shipped,Credit Card
ORD15823,CUST4417,2024-08-09,Cancelled,Cash on Delivery
ORD15824,CUST2915,2023-06-15,Pending,Credit Card
ORD15825,CUST3953,2023-06-28,Pending,PayPal
ORD15826,CUST1160,2023-06-15,Shipped,Credit Card
ORD15827,CUST3630,2024-04-07,Returned,Cash on Delivery
ORD15828,CUST3739,2023-08-15,Pending,Credit Card
ORD15829,CUST2767,2025-03-03,Shipped,Credit Card
ORD15830,CUST3197,2023-08-15,Delivered,Cash on Delivery
ORD15831,CUST4835,2023-09-10,Cancelled,Cash on Delivery
ORD15832,CUST4846,2022-09-07,Cancelled,PayPal
ORD15833,CUST1905,2024-03-09,Shipped,PayPal
ORD15834,CUST4278,2023-03-06,Cancelled,PayPal
ORD15835,CUST4751,2024-06-19,Shipped,PayPal
ORD15836,CUST1160,2025-05-12,Cancelled,Cash on Delivery
ORD15837,CUST2781,2025-06-27,Returned,PayPal
ORD15838,CUST4572,2023-09-28,Pending,PayPal
ORD15839,CUST1784,2023-08-20,Shipped,PayPal
ORD15840,CUST1483,2023-09-13,Delivered,PayPal
ORD15841,CUST1825,2024-06-03,Shipped,Credit Card
ORD15842,CUST1122,2022-11-11,Pending,Credit Card
ORD15843,CUST4986,2023-07-07,Pending,Cash on Delivery
ORD15844,CUST3824,2024-08-15,Shipped,PayPal
ORD15845,CUST5093,2025-01-04,Cancelled,Cash on Delivery
ORD15846,CUST4861,2024-06-28,Delivered,PayPal
ORD15847,CUST1777,2023-03-14,Cancelled,Credit Card
ORD15848,CUST2832,2022-11-09,Delivered,Credit Card
ORD15849,CUST3508,2023-03-14,Cancelled,PayPal
ORD15850,CUST1040,2023-05-17,Shipped,Credit Card
ORD15851,CUST1984,2025-07-16,Returned,PayPal
ORD15852,CUST2280,2023-03-18,Shipped,Credit Card
ORD15853,CUST5706,2023-09-10,Shipped,PayPal
ORD15854,CUST1109,2024-04-30,Cancelled,Cash on Delivery
ORD15855,CUST3882,2025-02-16,Shipped,Credit Card
ORD15856,CUST4463,2023-09-03,Shipped,Credit Card
ORD15857,CUST5404,2023-05-22,Cancelled,Credit Card
ORD15858,CUST5150,2024-01-22,Pending,Cash on Delivery
ORD15859,CUST2703,2023-10-17,Returned,PayPal
ORD15860,CUST3753,2023-04-10,Returned,PayPal
ORD15861,CUST3828,2023-05-29,Delivered,Cash on Delivery
ORD15862,CUST3072,2025-05-18,Cancelled,Cash on Delivery
ORD15863,CUST3373,2024-11-18,Pending,Credit Card
ORD15864,CUST1656,2023-10-15,Returned,Cash on Delivery
ORD15865,CUST3363,2024-11-20,Pending,Credit Card
ORD15866,CUST5706,2025-02-16,Returned,Credit Card
ORD15867,CUST1005,2023-11-18,Returned,PayPal
ORD15868,CUST2813,2024-05-29,Pending,PayPal
ORD15869,CUST2549,2025-04-05,Delivered,Credit Card
ORD15870,CUST3890,2023-10-13,Delivered,Cash on Delivery
ORD15871,CUST3243,2025-04-25,Delivered,Cash on Delivery
ORD15872,CUST2324,2024-04-26,Delivered,Credit Card
ORD15873,CUST3836,2025-04-05,Returned,Credit Card
ORD15874,CUST3844,2023-06-28,Delivered,PayPal
ORD15875,CUST2008,2023-07-24,Shipped,PayPal
ORD15876,CUST3853,2025-01-09,Cancelled,Cash on Delivery
ORD15877,CUST3715,2024-04-13,Cancelled,Credit Card
ORD15878,CUST3026,2022-09-10,Cancelled,Credit Card
ORD15879,CUST2669,2023-11-05,Cancelled,PayPal
ORD15880,CUST1747,2024-03-16,Pending,PayPal
ORD15881,CUST5904,2024-03-27,Shipped,Cash on Delivery
ORD15882,CUST4418,2024-09-07,Cancelled,Cash on Delivery
ORD15883,CUST5494,2025-05-26,Cancelled,Cash on Delivery
ORD15884,CUST1223,2024-06-22,Delivered,Credit Card
ORD15885,CUST5662,2023-05-08,Returned,Cash on Delivery
ORD15886,CUST3824,2023-04-01,Cancelled,Credit Card
ORD15887,CUST2631,2025-03-16,Cancelled,Cash on Delivery
ORD15888,CUST3891,2023-06-01,Shipped,PayPal
ORD15889,CUST4571,2025-05-11,Pending,Credit Card
ORD15890,CUST2790,2022-10-14,Delivered,PayPal
ORD15891,CUST4820,2025-04-28,Cancelled,PayPal
ORD15892,CUST3632,2023-07-25,Shipped,Credit Card
ORD15893,CUST5116,2024-07-16,Pending,Credit Card
ORD15894,CUST2101,2024-01-03,Cancelled,PayPal
ORD15895,CUST4390,2023-12-24,Returned,Cash on Delivery
ORD15896,CUST2643,2023-03-16,Delivered,PayPal
ORD15897,CUST5369,2023-12-12,Returned,PayPal
ORD15898,CUST4616,2025-07-11,Cancelled,Cash on Delivery
ORD15899,CUST4273,2022-12-25,Pending,Cash on Delivery
ORD15900,CUST5252,2022-11-12,Returned,Cash on Delivery
ORD15901,CUST3698,2025-05-04,Delivered,Cash on Delivery
ORD15902,CUST3483,2024-07-23,Shipped,Cash on Delivery
ORD15903,CUST1851,2023-08-21,Delivered,Credit Card
ORD15904,CUST5185,2024-09-17,Returned,Credit Card
ORD15905,CUST1318,2024-08-08,Pending,Cash on Delivery
ORD15906,CUST4576,2023-12-18,Shipped,PayPal
ORD15907,CUST5994,2024-01-19,Cancelled,Credit Card
ORD15908,CUST5551,2022-09-30,Cancelled,Credit Card
ORD15909,CUST3975,2023-01-14,Cancelled,Cash on Delivery
ORD15910,CUST1521,2022-10-15,Pending,PayPal
ORD15911,CUST4718,2023-12-10,Pending,Cash on Delivery
ORD15912,CUST1477,2024-04-13,Pending,PayPal
ORD15913,CUST4500,2023-06-08,Pending,Cash on Delivery
ORD15914,CUST4543,2025-02-19,Returned,Cash on Delivery
ORD15915,CUST3167,2023-06-20,Delivered,PayPal
ORD15916,CUST4938,2025-05-14,Shipped,Cash on Delivery
ORD15917,CUST5765,2024-12-23,Returned,Cash on Delivery
ORD15918,CUST5091,2025-07-11,Delivered,PayPal
ORD15919,CUST4380,2025-07-04,Returned,Credit Card
ORD15920,CUST5081,2023-07-06,Delivered,PayPal
ORD15921,CUST2633,2023-05-15,Cancelled,Cash on Delivery
ORD15922,CUST5353,2024-08-23,Pending,PayPal
ORD15923,CUST2920,2024-08-17,Cancelled,Cash on Delivery
ORD15924,CUST3919,2024-03-16,Cancelled,PayPal
ORD15925,CUST1383,2025-02-26,Shipped,Cash on Delivery
ORD15926,CUST5300,2024-06-25,Shipped,Credit Card
ORD15927,CUST5296,2025-01-07,Returned,Cash on Delivery
ORD15928,CUST1680,2023-09-10,Cancelled,PayPal
ORD15929,CUST4061,2022-10-09,Pending,Credit Card
ORD15930,CUST3835,2024-09-13,Cancelled,Cash on Delivery
ORD15931,CUST3164,2024-05-15,Shipped,Cash on Delivery
ORD15932,CUST3454,2025-01-05,Shipped,PayPal
ORD15933,CUST5875,2023-11-14,Returned,Cash on Delivery
ORD15934,CUST2819,2025-03-28,Delivered,Cash on Delivery
ORD15935,CUST2730,2025-08-13,Cancelled,PayPal
ORD15936,CUST3404,2023-03-23,Shipped,PayPal
ORD15937,CUST3471,2023-09-30,Delivered,Credit Card
ORD15938,CUST2308,2025-04-24,Delivered,PayPal
ORD15939,CUST5032,2022-11-29,Cancelled,Credit Card
ORD15940,CUST2355,2023-09-18,Delivered,Cash on Delivery
ORD15941,CUST5208,2023-01-10,Returned,PayPal
ORD15942,CUST4386,2025-03-22,Returned,PayPal
ORD15943,CUST1287,2023-05-27,Returned,Cash on Delivery
ORD15944,CUST4064,2024-08-26,Returned,Credit Card
ORD15945,CUST4119,2023-01-13,Pending,Cash on Delivery
ORD15946,CUST2568,2024-06-23,Delivered,Credit Card
ORD15947,CUST2048,2023-08-05,Delivered,PayPal
ORD15948,CUST2858,2023-12-05,Pending,PayPal
ORD15949,CUST3260,2023-11-12,Pending,Cash on Delivery
ORD15950,CUST3805,2023-05-10,Returned,Credit Card
ORD15951,CUST4877,2023-03-28,Delivered,Cash on Delivery
ORD15952,CUST4703,2022-10-02,Returned,Cash on Delivery
ORD15953,CUST4622,2023-08-03,Delivered,Cash on Delivery
ORD15954,CUST4110,2024-03-03,Returned,PayPal
ORD15955,CUST1563,2023-05-13,Cancelled,PayPal
ORD15956,CUST3481,2023-10-12,Shipped,Cash on Delivery
ORD15957,CUST1718,2023-07-22,Pending,Cash on Delivery
ORD15958,CUST3604,2024-12-01,Cancelled,Cash on Delivery
ORD15959,CUST5143,2024-09-27,Pending,Credit Card
ORD15960,CUST5403,2023-08-26,Shipped,Credit Card
ORD15961,CUST4678,2025-02-28,Returned,Credit Card
ORD15962,CUST5821,2022-08-29,Shipped,Credit Card
ORD15963,CUST4498,2023-09-13,Shipped,Cash on Delivery
ORD15964,CUST2309,2023-05-31,Delivered,Credit Card
ORD15965,CUST1447,2025-07-18,Delivered,Cash on Delivery
ORD15966,CUST4305,2023-07-23,Delivered,Credit Card
ORD15967,CUST4243,2024-04-12,Shipped,Credit Card
ORD15968,CUST2853,2022-12-27,Cancelled,Credit Card
ORD15969,CUST3955,2024-06-13,Returned,Credit Card
ORD15970,CUST1061,2023-03-10,Cancelled,PayPal
ORD15971,CUST4318,2023-08-07,Pending,PayPal
ORD15972,CUST3157,2024-05-12,Delivered,Cash on Delivery
ORD15973,CUST5810,2025-03-09,Delivered,Credit Card
ORD15974,CUST2727,2022-12-14,Cancelled,Cash on Delivery
ORD15975,CUST5654,2024-01-20,Cancelled,PayPal
ORD15976,CUST2715,2023-04-06,Pending,Cash on Delivery
ORD15977,CUST4561,2023-06-27,Returned,Credit Card
ORD15978,CUST3027,2025-02-26,Returned,PayPal
ORD15979,CUST1597,2022-09-27,Pending,Credit Card
ORD15980,CUST4522,2023-08-30,Shipped,PayPal
ORD15981,CUST2025,2024-04-12,Shipped,Cash on Delivery
ORD15982,CUST5576,2025-01-29,Cancelled,Credit Card
ORD15983,CUST1545,2024-09-28,Shipped,Credit Card
ORD15984,CUST2281,2023-04-29,Returned,Credit Card
ORD15985,CUST5436,2022-12-17,Shipped,PayPal
ORD15986,CUST4010,2024-08-06,Delivered,Credit Card
ORD15987,CUST1254,2024-08-25,Delivered,Cash on Delivery
ORD15988,CUST2070,2022-09-10,Pending,PayPal
ORD15989,CUST3598,2025-02-08,Shipped,Cash on Delivery
ORD15990,CUST1607,2025-06-23,Pending,Credit Card
ORD15991,CUST4483,2024-05-14,Returned,Cash on Delivery
ORD15992,CUST1488,2025-06-06,Pending,Cash on Delivery
ORD15993,CUST3988,2023-10-16,Delivered,Credit Card
ORD15994,CUST1849,2024-06-18,Pending,Cash on Delivery
ORD15995,CUST4506,2024-04-13,Shipped,Credit Card
ORD15996,CUST2519,2022-12-23,Cancelled,PayPal
ORD15997,CUST3488,2023-12-23,Cancelled,Cash on Delivery
ORD15998,CUST5390,2023-04-14,Cancelled,Cash on Delivery
ORD15999,CUST5563,2023-11-07,Returned,Credit Card
ORD16000,CUST4944,2022-10-04,Cancelled,Credit Card
ORD16001,CUST4081,2025-06-10,Returned,PayPal
ORD16002,CUST5883,2022-11-14,Shipped,Cash on Delivery
ORD16003,CUST2486,2022-12-01,Cancelled,Cash on Delivery
ORD16004,CUST1106,2024-04-04,Returned,Credit Card
ORD16005,CUST5432,2025-01-07,Pending,Credit Card
ORD16006,CUST5361,2023-11-21,Shipped,Credit Card
ORD16007,CUST1112,2024-08-05,Shipped,Cash on Delivery
ORD16008,CUST3611,2023-07-03,Delivered,Cash on Delivery
ORD16009,CUST1522,2022-10-20,Cancelled,Credit Card
ORD16010,CUST4924,2024-11-10,Delivered,PayPal
ORD16011,CUST5201,2022-12-18,Shipped,PayPal
ORD16012,CUST2941,2024-11-21,Pending,Cash on Delivery
ORD16013,CUST2472,2025-03-21,Shipped,PayPal
ORD16014,CUST3736,2023-07-05,Pending,PayPal
ORD16015,CUST2104,2024-01-11,Shipped,PayPal
ORD16016,CUST5537,2023-05-09,Pending,PayPal
ORD16017,CUST5672,2024-09-21,Returned,Cash on Delivery
ORD16018,CUST1465,2025-01-13,Delivered,Cash on Delivery
ORD16019,CUST3357,2023-04-19,Delivered,Cash on Delivery
ORD16020,CUST3569,2023-05-24,Shipped,Credit Card
ORD16021,CUST2407,2023-06-01,Cancelled,Credit Card
ORD16022,CUST4559,2023-10-08,Pending,Cash on Delivery
ORD16023,CUST5981,2024-04-02,Pending,Credit Card
ORD16024,CUST1787,2024-12-19,Pending,Credit Card
ORD16025,CUST3413,2025-04-02,Returned,Credit Card
ORD16026,CUST5412,2024-11-07,Returned,Credit Card
ORD16027,CUST2718,2024-07-21,Shipped,Cash on Delivery
ORD16028,CUST3678,2023-12-26,Pending,PayPal
ORD16029,CUST2883,2022-11-03,Cancelled,Credit Card
ORD16030,CUST2961,2023-09-25,Pending,Credit Card
ORD16031,CUST3186,2024-04-17,Delivered,Cash on Delivery
ORD16032,CUST3858,2025-04-06,Returned,PayPal
ORD16033,CUST1631,2023-10-25,Shipped,Cash on Delivery
ORD16034,CUST4953,2025-08-22,Cancelled,Cash on Delivery
ORD16035,CUST4099,2024-02-02,Shipped,Cash on Delivery
ORD16036,CUST3246,2022-09-07,Cancelled,Credit Card
ORD16037,CUST1508,2023-04-20,Cancelled,Cash on Delivery
ORD16038,CUST2700,2022-11-22,Delivered,Cash on Delivery
ORD16039,CUST4712,2024-10-24,Shipped,Cash on Delivery
ORD16040,CUST3526,2023-05-13,Delivered,Cash on Delivery
ORD16041,CUST4817,2023-07-10,Returned,PayPal
ORD16042,CUST2089,2023-10-15,Delivered,PayPal
ORD16043,CUST3181,2025-03-03,Pending,Cash on Delivery
ORD16044,CUST4548,2024-12-27,Returned,PayPal
ORD16045,CUST5307,2024-02-08,Shipped,PayPal
ORD16046,CUST4619,2023-04-05,Delivered,Cash on Delivery
ORD16047,CUST3756,2022-10-24,Shipped,Credit Card
ORD16048,CUST3497,2024-05-22,Pending,PayPal
ORD16049,CUST5021,2024-06-28,Returned,PayPal
ORD16050,CUST5758,2024-06-09,Shipped,Cash on Delivery
ORD16051,CUST1174,2024-06-12,Pending,PayPal
ORD16052,CUST3893,2023-12-09,Returned,Cash on Delivery
ORD16053,CUST2659,2022-12-20,Returned,PayPal
ORD16054,CUST4091,2023-03-18,Delivered,Cash on Delivery
ORD16055,CUST3175,2023-07-15,Pending,PayPal
ORD16056,CUST3480,2024-06-19,Returned,Cash on Delivery
ORD16057,CUST5569,2024-04-30,Delivered,Cash on Delivery
ORD16058,CUST4015,2023-09-09,Returned,PayPal
ORD16059,CUST4885,2024-12-31,Shipped,Credit Card
ORD16060,CUST2129,2024-09-02,Cancelled,Cash on Delivery
ORD16061,CUST1957,2023-07-21,Pending,PayPal
ORD16062,CUST5495,2023-04-08,Returned,Cash on Delivery
ORD16063,CUST3604,2025-02-16,Pending,Cash on Delivery
ORD16064,CUST4850,2023-02-08,Shipped,Cash on Delivery
ORD16065,CUST4415,2022-11-06,Cancelled,PayPal
ORD16066,CUST2286,2025-02-27,Shipped,PayPal
ORD16067,CUST1810,2024-05-27,Pending,Cash on Delivery
ORD16068,CUST2262,2023-05-20,Returned,Credit Card
ORD16069,CUST4146,2025-04-04,Cancelled,Credit Card
ORD16070,CUST3713,2022-11-21,Pending,Credit Card
ORD16071,CUST2455,2025-03-18,Cancelled,Credit Card
ORD16072,CUST1444,2025-03-21,Returned,Cash on Delivery
ORD16073,CUST2537,2023-02-20,Cancelled,Credit Card
ORD16074,CUST3704,2023-03-05,Pending,PayPal
ORD16075,CUST5414,2023-10-14,Pending,Cash on Delivery
ORD16076,CUST2669,2023-05-20,Returned,Credit Card
ORD16077,CUST4248,2023-10-20,Pending,Cash on Delivery
ORD16078,CUST3479,2024-06-27,Shipped,Credit Card
ORD16079,CUST2181,2022-09-19,Shipped,Cash on Delivery
ORD16080,CUST3224,2024-12-24,Pending,PayPal
ORD16081,CUST5495,2024-07-10,Returned,PayPal
ORD16082,CUST4769,2023-03-04,Returned,Credit Card
ORD16083,CUST5347,2023-02-15,Cancelled,PayPal
ORD16084,CUST4895,2023-06-27,Shipped,Cash on Delivery
ORD16085,CUST3911,2024-07-21,Shipped,Cash on Delivery
ORD16086,CUST3560,2024-07-12,Returned,PayPal
ORD16087,CUST4040,2023-01-09,Returned,Credit Card
ORD16088,CUST5308,2024-08-12,Delivered,PayPal
ORD16089,CUST4420,2023-05-25,Pending,Credit Card
ORD16090,CUST5145,2025-07-16,Returned,PayPal
ORD16091,CUST4154,2023-06-25,Pending,PayPal
ORD16092,CUST1025,2022-09-15,Pending,PayPal
ORD16093,CUST2881,2024-06-17,Shipped,PayPal
ORD16094,CUST3770,2023-04-15,Cancelled,Cash on Delivery
ORD16095,CUST2929,2025-03-11,Returned,Credit Card
ORD16096,CUST4813,2023-12-15,Pending,Cash on Delivery
ORD16097,CUST5559,2024-10-23,Cancelled,Credit Card
ORD16098,CUST5412,2022-09-16,Shipped,Cash on Delivery
ORD16099,CUST5010,2023-02-02,Pending,Cash on Delivery
ORD16100,CUST4667,2024-10-24,Pending,Cash on Delivery
ORD16101,CUST4168,2024-05-23,Cancelled,Credit Card
ORD16102,CUST4330,2024-06-04,Delivered,Credit Card
ORD16103,CUST5419,2025-04-25,Delivered,Credit Card
ORD16104,CUST4360,2024-07-19,Cancelled,Cash on Delivery
ORD16105,CUST2341,2024-02-22,Returned,PayPal
ORD16106,CUST3367,2023-09-23,Cancelled,Credit Card
ORD16107,CUST3442,2023-12-28,Returned,Credit Card
ORD16108,CUST1681,2024-05-08,Delivered,Credit Card
ORD16109,CUST5543,2025-07-21,Returned,PayPal
ORD16110,CUST5059,2025-07-13,Cancelled,Cash on Delivery
ORD16111,CUST2155,2025-06-11,Delivered,PayPal
ORD16112,CUST3054,2023-09-06,Cancelled,Cash on Delivery
ORD16113,CUST4225,2022-11-01,Cancelled,Credit Card
ORD16114,CUST5388,2024-06-19,Shipped,PayPal
ORD16115,CUST2524,2023-11-21,Delivered,Cash on Delivery
ORD16116,CUST3611,2022-09-13,Pending,Credit Card
ORD16117,CUST2457,2024-12-22,Returned,Cash on Delivery
ORD16118,CUST1951,2023-03-15,Cancelled,Cash on Delivery
ORD16119,CUST5164,2024-12-01,Shipped,PayPal
ORD16120,CUST4193,2023-09-15,Shipped,Credit Card
ORD16121,CUST5594,2024-01-17,Shipped,Credit Card
ORD16122,CUST1295,2023-09-30,Cancelled,Cash on Delivery
ORD16123,CUST4673,2024-09-15,Returned,Credit Card
ORD16124,CUST5265,2022-10-03,Returned,Credit Card
ORD16125,CUST3128,2023-09-04,Cancelled,Cash on Delivery
ORD16126,CUST2490,2023-06-17,Pending,PayPal
ORD16127,CUST4940,2023-02-06,Cancelled,Cash on Delivery
ORD16128,CUST1781,2025-05-26,Delivered,Cash on Delivery
ORD16129,CUST2403,2024-07-16,Pending,Credit Card
ORD16130,CUST2275,2023-08-23,Shipped,Cash on Delivery
ORD16131,CUST4789,2025-06-16,Delivered,Cash on Delivery
ORD16132,CUST5935,2025-06-02,Delivered,Credit Card
ORD16133,CUST4826,2023-05-28,Pending,Credit Card
ORD16134,CUST5998,2024-08-06,Pending,PayPal
ORD16135,CUST5744,2023-04-08,Shipped,PayPal
ORD16136,CUST3872,2023-04-05,Delivered,PayPal
ORD16137,CUST3429,2023-05-13,Delivered,Cash on Delivery
ORD16138,CUST3638,2025-08-14,Cancelled,Credit Card
ORD16139,CUST4341,2024-08-24,Delivered,Credit Card
ORD16140,CUST4749,2024-09-11,Cancelled,Cash on Delivery
ORD16141,CUST3696,2023-07-25,Returned,Cash on Delivery
ORD16142,CUST5568,2025-05-17,Delivered,Cash on Delivery
ORD16143,CUST5384,2023-06-22,Returned,Credit Card
ORD16144,CUST3716,2025-02-09,Cancelled,PayPal
ORD16145,CUST4049,2023-05-10,Returned,PayPal
ORD16146,CUST4084,2023-10-29,Returned,Credit Card
ORD16147,CUST5894,2023-09-27,Returned,PayPal
ORD16148,CUST4977,2023-01-28,Delivered,Credit Card
ORD16149,CUST3684,2025-03-29,Cancelled,Credit Card
ORD16150,CUST2306,2023-08-25,Cancelled,Credit Card
ORD16151,CUST4522,2025-01-26,Shipped,PayPal
ORD16152,CUST4264,2023-10-03,Cancelled,Credit Card
ORD16153,CUST3749,2024-06-18,Pending,Credit Card
ORD16154,CUST4059,2024-12-20,Pending,PayPal
ORD16155,CUST2092,2022-12-08,Cancelled,Credit Card
ORD16156,CUST4957,2025-04-09,Cancelled,Cash on Delivery
ORD16157,CUST3086,2023-12-02,Returned,Credit Card
ORD16158,CUST1102,2022-11-25,Delivered,PayPal
ORD16159,CUST2066,2024-01-04,Shipped,Credit Card
ORD16160,CUST2300,2023-04-06,Shipped,Credit Card
ORD16161,CUST4839,2023-08-31,Delivered,PayPal
ORD16162,CUST1348,2022-11-08,Shipped,PayPal
ORD16163,CUST2152,2025-06-26,Delivered,Credit Card
ORD16164,CUST5479,2024-10-11,Pending,Cash on Delivery
ORD16165,CUST2008,2022-12-21,Cancelled,Credit Card
ORD16166,CUST4047,2025-08-18,Returned,Cash on Delivery
ORD16167,CUST1802,2022-10-12,Pending,Credit Card
ORD16168,CUST3973,2022-11-20,Returned,PayPal
ORD16169,CUST5336,2025-08-21,Cancelled,PayPal
ORD16170,CUST1723,2023-01-25,Returned,Cash on Delivery
ORD16171,CUST4179,2024-06-27,Delivered,Credit Card
ORD16172,CUST3224,2025-03-08,Cancelled,Cash on Delivery
ORD16173,CUST4009,2023-02-03,Cancelled,Cash on Delivery
ORD16174,CUST2025,2022-09-05,Pending,Cash on Delivery
ORD16175,CUST3141,2025-01-20,Returned,PayPal
ORD16176,CUST1990,2023-03-13,Returned,Cash on Delivery
ORD16177,CUST1501,2025-06-06,Returned,Credit Card
ORD16178,CUST3844,2024-09-29,Pending,Credit Card
ORD16179,CUST4069,2024-06-03,Pending,PayPal
ORD16180,CUST5289,2024-10-18,Shipped,PayPal
ORD16181,CUST2633,2022-12-01,Returned,Credit Card
ORD16182,CUST3555,2024-01-26,Delivered,Cash on Delivery
ORD16183,CUST4619,2024-01-08,Returned,Cash on Delivery
ORD16184,CUST5174,2023-02-09,Returned,Credit Card
ORD16185,CUST2731,2023-05-23,Returned,PayPal
ORD16186,CUST2429,2023-12-16,Shipped,PayPal
ORD16187,CUST2439,2025-05-15,Shipped,Cash on Delivery
ORD16188,CUST1322,2023-05-22,Cancelled,Credit Card
ORD16189,CUST2037,2023-07-23,Cancelled,PayPal
ORD16190,CUST5626,2022-12-20,Cancelled,PayPal
ORD16191,CUST1292,2023-12-14,Shipped,PayPal
ORD16192,CUST3222,2025-07-27,Pending,Cash on Delivery
ORD16193,CUST1245,2022-09-16,Pending,Cash on Delivery
ORD16194,CUST1429,2022-12-07,Shipped,PayPal
ORD16195,CUST1271,2024-03-17,Cancelled,Cash on Delivery
ORD16196,CUST1059,2025-05-04,Pending,Credit Card
ORD16197,CUST4738,2023-11-02,Shipped,PayPal
ORD16198,CUST2339,2024-01-15,Shipped,Cash on Delivery
ORD16199,CUST5865,2023-07-20,Pending,Cash on Delivery
ORD16200,CUST2086,2024-08-13,Delivered,PayPal
ORD16201,CUST2067,2024-09-06,Shipped,PayPal
ORD16202,CUST2460,2023-07-19,Returned,Cash on Delivery
ORD16203,CUST3023,2023-08-20,Delivered,Cash on Delivery
ORD16204,CUST2587,2022-12-29,Shipped,Cash on Delivery
ORD16205,CUST3507,2022-09-16,Pending,Credit Card
ORD16206,CUST5073,2022-12-06,Shipped,Credit Card
ORD16207,CUST5415,2023-11-27,Delivered,PayPal
ORD16208,CUST2325,2023-04-01,Cancelled,Cash on Delivery
ORD16209,CUST3833,2022-12-22,Cancelled,Credit Card
ORD16210,CUST5379,2024-02-24,Delivered,Cash on Delivery
ORD16211,CUST2037,2024-09-09,Pending,Credit Card
ORD16212,CUST1589,2024-08-09,Delivered,Cash on Delivery
ORD16213,CUST4066,2022-11-24,Returned,Cash on Delivery
ORD16214,CUST2436,2022-10-25,Returned,PayPal
ORD16215,CUST1249,2024-06-24,Cancelled,Credit Card
ORD16216,CUST3499,2022-11-09,Cancelled,Credit Card
ORD16217,CUST1194,2025-02-09,Pending,Credit Card
ORD16218,CUST4930,2022-08-29,Cancelled,Cash on Delivery
ORD16219,CUST5411,2023-07-30,Returned,Credit Card
ORD16220,CUST3362,2024-05-20,Returned,PayPal
ORD16221,CUST3653,2024-04-03,Delivered,Credit Card
ORD16222,CUST1448,2025-05-04,Delivered,Cash on Delivery
ORD16223,CUST5947,2025-05-17,Shipped,PayPal
ORD16224,CUST2528,2024-04-05,Returned,Cash on Delivery
ORD16225,CUST1041,2022-10-27,Delivered,PayPal
ORD16226,CUST2875,2024-10-02,Pending,Cash on Delivery
ORD16227,CUST5821,2024-03-30,Pending,Credit Card
ORD16228,CUST5896,2024-04-01,Cancelled,Cash on Delivery
ORD16229,CUST5578,2023-01-09,Pending,PayPal
ORD16230,CUST3732,2025-02-07,Cancelled,Credit Card
ORD16231,CUST1006,2024-01-24,Returned,Credit Card
ORD16232,CUST5639,2025-02-20,Returned,Credit Card
ORD16233,CUST2214,2022-12-06,Returned,Credit Card
ORD16234,CUST1845,2023-02-12,Returned,PayPal
ORD16235,CUST5384,2022-10-23,Cancelled,PayPal
ORD16236,CUST3805,2025-04-10,Pending,Cash on Delivery
ORD16237,CUST3988,2023-08-06,Delivered,PayPal
ORD16238,CUST4855,2023-03-31,Delivered,Cash on Delivery
ORD16239,CUST4035,2025-01-01,Shipped,PayPal
ORD16240,CUST5751,2024-10-07,Delivered,Cash on Delivery
ORD16241,CUST2014,2023-12-26,Delivered,Cash on Delivery
ORD16242,CUST4686,2025-05-01,Shipped,Credit Card
ORD16243,CUST4568,2024-08-14,Pending,Credit Card
ORD16244,CUST3414,2023-12-31,Delivered,Cash on Delivery
ORD16245,CUST5254,2025-06-15,Delivered,Cash on Delivery
ORD16246,CUST5328,2024-09-18,Delivered,Cash on Delivery
ORD16247,CUST3096,2024-04-03,Returned,Credit Card
ORD16248,CUST1763,2023-03-24,Cancelled,Cash on Delivery
ORD16249,CUST5392,2023-07-26,Shipped,Credit Card
ORD16250,CUST3293,2023-08-25,Cancelled,Credit Card
ORD16251,CUST4201,2025-02-05,Pending,PayPal
ORD16252,CUST1547,2024-03-22,Returned,Credit Card
ORD16253,CUST3593,2024-11-25,Returned,PayPal
ORD16254,CUST2693,2025-01-14,Returned,PayPal
ORD16255,CUST2066,2023-04-03,Shipped,PayPal
ORD16256,CUST1968,2023-02-12,Delivered,PayPal
ORD16257,CUST1342,2024-09-23,Delivered,Credit Card
ORD16258,CUST2118,2024-08-11,Shipped,PayPal
ORD16259,CUST1429,2024-10-20,Delivered,PayPal
ORD16260,CUST3032,2025-05-02,Cancelled,Cash on Delivery
ORD16261,CUST2693,2024-03-12,Cancelled,PayPal
ORD16262,CUST2313,2023-07-03,Shipped,PayPal
ORD16263,CUST2723,2025-05-24,Returned,Cash on Delivery
ORD16264,CUST3621,2022-12-16,Returned,PayPal
ORD16265,CUST3645,2025-01-09,Pending,PayPal
ORD16266,CUST2292,2025-03-31,Shipped,Cash on Delivery
ORD16267,CUST3627,2022-12-26,Delivered,Cash on Delivery
ORD16268,CUST4496,2023-10-26,Delivered,Cash on Delivery
ORD16269,CUST5560,2025-01-05,Returned,Cash on Delivery
ORD16270,CUST3984,2024-11-23,Delivered,Credit Card
ORD16271,CUST3529,2024-10-12,Cancelled,PayPal
ORD16272,CUST4404,2022-10-25,Shipped,Cash on Delivery
ORD16273,CUST4268,2023-10-15,Returned,PayPal
ORD16274,CUST4325,2024-05-07,Pending,PayPal
ORD16275,CUST3718,2023-04-30,Delivered,Cash on Delivery
ORD16276,CUST2431,2025-07-20,Pending,Credit Card
ORD16277,CUST5034,2024-06-20,Cancelled,Cash on Delivery
ORD16278,CUST4171,2025-03-20,Pending,Cash on Delivery
ORD16279,CUST4805,2022-11-27,Delivered,Cash on Delivery
ORD16280,CUST4476,2023-08-07,Cancelled,Cash on Delivery
ORD16281,CUST1275,2023-09-07,Pending,Cash on Delivery
ORD16282,CUST1306,2024-05-21,Returned,Cash on Delivery
ORD16283,CUST2707,2024-03-09,Shipped,Credit Card
ORD16284,CUST3410,2024-07-06,Shipped,PayPal
ORD16285,CUST4514,2022-12-12,Returned,PayPal
ORD16286,CUST4723,2025-08-14,Shipped,PayPal
ORD16287,CUST3271,2023-09-30,Returned,PayPal
ORD16288,CUST2036,2024-01-17,Pending,Credit Card
ORD16289,CUST5044,2023-09-04,Pending,Cash on Delivery
ORD16290,CUST5153,2023-12-15,Pending,PayPal
ORD16291,CUST3404,2024-02-01,Delivered,PayPal
ORD16292,CUST2595,2025-02-09,Pending,PayPal
ORD16293,CUST4221,2024-11-11,Shipped,PayPal
ORD16294,CUST1043,2024-11-12,Delivered,Credit Card
ORD16295,CUST2691,2024-02-15,Cancelled,PayPal
ORD16296,CUST5873,2025-04-27,Pending,Cash on Delivery
ORD16297,CUST1337,2023-10-25,Cancelled,PayPal
ORD16298,CUST1058,2023-03-19,Returned,PayPal
ORD16299,CUST1324,2022-12-31,Shipped,Credit Card
ORD16300,CUST1630,2023-10-28,Pending,PayPal
ORD16301,CUST3398,2024-05-10,Returned,Cash on Delivery
ORD16302,CUST5213,2024-09-26,Shipped,PayPal
ORD16303,CUST3339,2024-03-16,Shipped,PayPal
ORD16304,CUST5216,2024-08-30,Shipped,Cash on Delivery
ORD16305,CUST4439,2025-04-13,Returned,Credit Card
ORD16306,CUST4776,2023-05-21,Delivered,Cash on Delivery
ORD16307,CUST1584,2022-08-29,Shipped,Cash on Delivery
ORD16308,CUST3312,2022-10-01,Delivered,PayPal
ORD16309,CUST4336,2022-12-28,Delivered,Cash on Delivery
ORD16310,CUST3320,2023-05-20,Returned,Cash on Delivery
ORD16311,CUST4999,2023-08-27,Shipped,PayPal
ORD16312,CUST3448,2024-10-26,Shipped,Credit Card
ORD16313,CUST5442,2023-11-28,Cancelled,Credit Card
ORD16314,CUST4591,2023-11-26,Pending,Credit Card
ORD16315,CUST2005,2025-08-11,Cancelled,Credit Card
ORD16316,CUST5051,2023-04-22,Pending,Credit Card
ORD16317,CUST5003,2024-05-07,Cancelled,PayPal
ORD16318,CUST1424,2022-12-29,Shipped,PayPal
ORD16319,CUST3448,2023-07-25,Shipped,PayPal
ORD16320,CUST5945,2024-11-13,Pending,Cash on Delivery
ORD16321,CUST1689,2022-09-10,Pending,Credit Card
ORD16322,CUST3525,2025-05-13,Shipped,Credit Card
ORD16323,CUST3470,2025-05-19,Cancelled,Cash on Delivery
ORD16324,CUST4135,2025-03-31,Delivered,Cash on Delivery
ORD16325,CUST1035,2024-07-10,Returned,Credit Card
ORD16326,CUST3609,2024-07-06,Delivered,Credit Card
ORD16327,CUST2375,2023-06-04,Returned,Cash on Delivery
ORD16328,CUST2752,2025-06-22,Delivered,Cash on Delivery
ORD16329,CUST4168,2023-08-04,Shipped,Credit Card
ORD16330,CUST2251,2024-09-24,Pending,Cash on Delivery
ORD16331,CUST5668,2025-07-02,Delivered,PayPal
ORD16332,CUST2100,2024-03-17,Delivered,Credit Card
ORD16333,CUST3306,2025-01-13,Shipped,PayPal
ORD16334,CUST3576,2023-11-11,Delivered,Cash on Delivery
ORD16335,CUST5510,2023-06-21,Shipped,PayPal
ORD16336,CUST2075,2023-07-04,Shipped,Cash on Delivery
ORD16337,CUST5342,2023-11-09,Delivered,Credit Card
ORD16338,CUST4673,2023-10-01,Delivered,Cash on Delivery
ORD16339,CUST1875,2025-07-23,Shipped,Credit Card
ORD16340,CUST1323,2023-10-26,Cancelled,Credit Card
ORD16341,CUST3600,2023-11-20,Returned,Credit Card
ORD16342,CUST1660,2025-05-09,Cancelled,Credit Card
ORD16343,CUST5043,2023-01-12,Delivered,Cash on Delivery
ORD16344,CUST2336,2023-02-08,Shipped,PayPal
ORD16345,CUST2245,2024-07-19,Returned,Credit Card
ORD16346,CUST4080,2024-05-13,Returned,PayPal
ORD16347,CUST1482,2024-03-16,Returned,Credit Card
ORD16348,CUST4183,2022-12-31,Delivered,Cash on Delivery
ORD16349,CUST2570,2023-11-28,Pending,Cash on Delivery
ORD16350,CUST5583,2023-07-30,Returned,PayPal
ORD16351,CUST4105,2023-09-29,Pending,PayPal
ORD16352,CUST5974,2022-12-28,Shipped,PayPal
ORD16353,CUST4117,2023-03-14,Shipped,PayPal
ORD16354,CUST3888,2022-11-11,Shipped,Credit Card
ORD16355,CUST5409,2025-02-04,Shipped,Credit Card
ORD16356,CUST1194,2024-05-14,Pending,Cash on Delivery
ORD16357,CUST2364,2024-02-18,Pending,Cash on Delivery
ORD16358,CUST2715,2025-07-02,Delivered,Credit Card
ORD16359,CUST3592,2024-03-18,Returned,Cash on Delivery
ORD16360,CUST4483,2025-01-02,Pending,PayPal
ORD16361,CUST2024,2024-02-01,Pending,Cash on Delivery
ORD16362,CUST1983,2024-12-29,Cancelled,PayPal
ORD16363,CUST2795,2024-01-12,Delivered,Cash on Delivery
ORD16364,CUST4868,2024-12-20,Cancelled,Cash on Delivery
ORD16365,CUST4608,2023-07-15,Pending,Credit Card
ORD16366,CUST1409,2023-11-01,Cancelled,Credit Card
ORD16367,CUST1703,2024-05-09,Delivered,PayPal
ORD16368,CUST5292,2022-11-08,Shipped,Cash on Delivery
ORD16369,CUST1202,2023-07-08,Delivered,PayPal
ORD16370,CUST3119,2025-07-28,Cancelled,Credit Card
ORD16371,CUST4196,2025-03-28,Returned,Credit Card
ORD16372,CUST1085,2023-02-11,Delivered,Credit Card
ORD16373,CUST5334,2025-01-19,Shipped,PayPal
ORD16374,CUST2554,2023-10-24,Pending,PayPal
ORD16375,CUST1743,2022-12-16,Pending,Cash on Delivery
ORD16376,CUST4062,2023-08-02,Returned,PayPal
ORD16377,CUST1218,2025-04-22,Shipped,Credit Card
ORD16378,CUST4876,2022-10-15,Cancelled,Credit Card
ORD16379,CUST1726,2023-05-21,Pending,Cash on Delivery
ORD16380,CUST3349,2024-09-13,Cancelled,PayPal
ORD16381,CUST1681,2023-03-25,Cancelled,Credit Card
ORD16382,CUST4544,2024-08-15,Pending,Credit Card
ORD16383,CUST1355,2024-02-21,Shipped,PayPal
ORD16384,CUST5365,2023-07-14,Cancelled,Credit Card
ORD16385,CUST2340,2024-03-11,Pending,Cash on Delivery
ORD16386,CUST4205,2024-12-25,Delivered,PayPal
ORD16387,CUST1106,2022-10-15,Cancelled,Credit Card
ORD16388,CUST3766,2023-06-27,Shipped,PayPal
ORD16389,CUST4227,2024-12-05,Shipped,Credit Card
ORD16390,CUST5251,2025-04-07,Pending,Credit Card
ORD16391,CUST5232,2023-07-09,Shipped,Credit Card
ORD16392,CUST5482,2022-12-19,Shipped,Credit Card
ORD16393,CUST1045,2023-12-17,Cancelled,Cash on Delivery
ORD16394,CUST4198,2024-10-21,Cancelled,PayPal
ORD16395,CUST3440,2025-06-18,Delivered,Cash on Delivery
ORD16396,CUST3989,2024-07-02,Pending,PayPal
ORD16397,CUST5416,2025-01-09,Cancelled,Cash on Delivery
ORD16398,CUST5720,2023-08-12,Delivered,PayPal
ORD16399,CUST4202,2023-09-13,Cancelled,Credit Card
ORD16400,CUST1930,2022-12-12,Delivered,Cash on Delivery
ORD16401,CUST1351,2023-10-02,Pending,Cash on Delivery
ORD16402,CUST2083,2023-02-08,Returned,Cash on Delivery
ORD16403,CUST3552,2025-05-31,Returned,Cash on Delivery
ORD16404,CUST1517,2023-08-05,Pending,Credit Card
ORD16405,CUST2016,2023-05-27,Cancelled,Credit Card
ORD16406,CUST3576,2023-08-03,Shipped,Cash on Delivery
ORD16407,CUST3487,2023-02-22,Delivered,PayPal
ORD16408,CUST4245,2023-07-25,Pending,Credit Card
ORD16409,CUST4447,2023-12-07,Pending,Cash on Delivery
ORD16410,CUST5968,2023-01-27,Cancelled,Credit Card
ORD16411,CUST2401,2023-10-26,Shipped,Cash on Delivery
ORD16412,CUST4896,2023-06-26,Pending,PayPal
ORD16413,CUST2011,2023-06-25,Returned,Credit Card
ORD16414,CUST5993,2023-09-30,Returned,Credit Card
ORD16415,CUST3058,2025-05-07,Cancelled,PayPal
ORD16416,CUST1676,2023-02-21,Shipped,Credit Card
ORD16417,CUST1537,2025-07-05,Pending,Cash on Delivery
ORD16418,CUST4200,2023-08-03,Cancelled,PayPal
ORD16419,CUST3331,2025-05-24,Cancelled,Credit Card
ORD16420,CUST1391,2023-02-20,Shipped,Credit Card
ORD16421,CUST1602,2024-01-20,Shipped,Credit Card
ORD16422,CUST5547,2024-03-14,Shipped,Cash on Delivery
ORD16423,CUST2865,2025-02-15,Returned,Credit Card
ORD16424,CUST5305,2022-11-05,Delivered,Cash on Delivery
ORD16425,CUST1065,2023-01-01,Shipped,Cash on Delivery
ORD16426,CUST2776,2024-12-24,Returned,Cash on Delivery
ORD16427,CUST1928,2022-11-20,Pending,Credit Card
ORD16428,CUST2235,2025-07-18,Delivered,Cash on Delivery
ORD16429,CUST1818,2022-10-25,Shipped,PayPal
ORD16430,CUST5204,2024-12-28,Pending,PayPal
ORD16431,CUST3738,2024-05-09,Delivered,Cash on Delivery
ORD16432,CUST4658,2025-06-15,Returned,Credit Card
ORD16433,CUST5325,2024-02-26,Pending,Cash on Delivery
ORD16434,CUST3367,2022-11-05,Pending,Credit Card
ORD16435,CUST4998,2025-01-04,Delivered,Cash on Delivery
ORD16436,CUST5693,2022-12-02,Cancelled,PayPal
ORD16437,CUST3028,2023-12-12,Shipped,Credit Card
ORD16438,CUST2940,2025-05-17,Cancelled,Credit Card
ORD16439,CUST5436,2023-04-25,Delivered,Credit Card
ORD16440,CUST5086,2023-02-09,Shipped,PayPal
ORD16441,CUST1989,2024-08-19,Shipped,PayPal
ORD16442,CUST1882,2025-06-29,Returned,Credit Card
ORD16443,CUST1378,2024-05-15,Delivered,Credit Card
ORD16444,CUST2616,2023-01-15,Cancelled,Cash on Delivery
ORD16445,CUST3938,2024-09-12,Cancelled,Cash on Delivery
ORD16446,CUST2822,2025-03-12,Pending,Credit Card
ORD16447,CUST3367,2022-11-09,Delivered,Cash on Delivery
ORD16448,CUST5952,2025-01-09,Delivered,Cash on Delivery
ORD16449,CUST4194,2025-02-19,Returned,PayPal
ORD16450,CUST3606,2025-04-07,Pending,PayPal
ORD16451,CUST4736,2024-04-25,Returned,Credit Card
ORD16452,CUST4365,2023-10-20,Pending,PayPal
ORD16453,CUST3366,2023-09-28,Returned,Credit Card
ORD16454,CUST3642,2023-10-14,Shipped,Cash on Delivery
ORD16455,CUST2272,2023-09-27,Pending,Cash on Delivery
ORD16456,CUST5079,2023-10-07,Returned,PayPal
ORD16457,CUST3733,2024-03-31,Shipped,Credit Card
ORD16458,CUST2583,2025-03-15,Pending,Credit Card
ORD16459,CUST5503,2022-12-11,Shipped,PayPal
ORD16460,CUST2230,2023-12-27,Cancelled,Cash on Delivery
ORD16461,CUST2330,2024-06-13,Pending,Credit Card
ORD16462,CUST5133,2022-08-31,Returned,Credit Card
ORD16463,CUST2801,2023-12-24,Returned,PayPal
ORD16464,CUST5470,2024-02-21,Shipped,Cash on Delivery
ORD16465,CUST1998,2024-11-08,Cancelled,Credit Card
ORD16466,CUST2820,2024-12-18,Delivered,Cash on Delivery
ORD16467,CUST2504,2024-01-26,Shipped,Credit Card
ORD16468,CUST3046,2023-11-16,Shipped,PayPal
ORD16469,CUST5023,2025-06-11,Cancelled,Credit Card
ORD16470,CUST3280,2023-11-08,Returned,PayPal
ORD16471,CUST3746,2025-06-16,Shipped,Cash on Delivery
ORD16472,CUST1695,2024-01-14,Cancelled,Credit Card
ORD16473,CUST3117,2024-06-29,Cancelled,Cash on Delivery
ORD16474,CUST4597,2023-04-24,Returned,Credit Card
ORD16475,CUST5453,2024-06-26,Returned,PayPal
ORD16476,CUST4990,2023-03-05,Delivered,Cash on Delivery
ORD16477,CUST4443,2024-03-21,Returned,Credit Card
ORD16478,CUST3674,2025-07-10,Cancelled,PayPal
ORD16479,CUST4476,2023-01-15,Delivered,Cash on Delivery
ORD16480,CUST5304,2023-08-16,Shipped,Cash on Delivery
ORD16481,CUST2236,2022-12-22,Delivered,PayPal
ORD16482,CUST4121,2023-06-10,Cancelled,PayPal
ORD16483,CUST1933,2023-08-19,Shipped,Cash on Delivery
ORD16484,CUST3759,2022-11-15,Returned,Cash on Delivery
ORD16485,CUST5521,2024-05-01,Pending,Cash on Delivery
ORD16486,CUST5555,2024-01-26,Returned,PayPal
ORD16487,CUST1231,2024-09-08,Delivered,Cash on Delivery
ORD16488,CUST2484,2023-09-05,Shipped,Cash on Delivery
ORD16489,CUST5441,2024-03-21,Returned,PayPal
ORD16490,CUST3292,2025-05-27,Pending,Credit Card
ORD16491,CUST5390,2024-04-01,Cancelled,PayPal
ORD16492,CUST2183,2022-11-23,Returned,Credit Card
ORD16493,CUST1503,2025-05-17,Cancelled,Credit Card
ORD16494,CUST3637,2023-10-30,Returned,Cash on Delivery
ORD16495,CUST2016,2023-11-17,Shipped,Credit Card
ORD16496,CUST3247,2025-08-03,Returned,Credit Card
ORD16497,CUST4186,2024-10-22,Delivered,Credit Card
ORD16498,CUST4912,2024-01-21,Returned,Cash on Delivery
ORD16499,CUST4820,2024-11-25,Shipped,PayPal
ORD16500,CUST3931,2022-11-01,Delivered,Cash on Delivery
ORD16501,CUST3888,2025-02-24,Shipped,Credit Card
ORD16502,CUST4101,2024-12-17,Delivered,PayPal
ORD16503,CUST4845,2025-08-10,Delivered,Credit Card
ORD16504,CUST1536,2025-06-04,Pending,Credit Card
ORD16505,CUST5552,2023-03-18,Shipped,PayPal
ORD16506,CUST4645,2023-10-08,Delivered,Cash on Delivery
ORD16507,CUST1743,2023-08-26,Cancelled,Credit Card
ORD16508,CUST4494,2025-03-27,Pending,Credit Card
ORD16509,CUST5638,2024-09-28,Shipped,Credit Card
ORD16510,CUST2501,2023-06-17,Pending,Credit Card
ORD16511,CUST2039,2023-07-25,Cancelled,PayPal
ORD16512,CUST1776,2024-06-20,Returned,PayPal
ORD16513,CUST5434,2025-07-22,Shipped,Credit Card
ORD16514,CUST4107,2024-06-15,Pending,PayPal
ORD16515,CUST4377,2025-06-16,Pending,PayPal
ORD16516,CUST3884,2024-01-10,Cancelled,Credit Card
ORD16517,CUST1532,2023-03-27,Cancelled,Credit Card
ORD16518,CUST1437,2023-07-22,Delivered,Credit Card
ORD16519,CUST4909,2023-09-24,Pending,Credit Card
ORD16520,CUST1985,2025-05-14,Delivered,Cash on Delivery
ORD16521,CUST2000,2023-06-12,Pending,Credit Card
ORD16522,CUST3508,2023-04-24,Delivered,Cash on Delivery
ORD16523,CUST1765,2023-06-02,Pending,Cash on Delivery
ORD16524,CUST3430,2023-12-14,Delivered,Cash on Delivery
ORD16525,CUST2709,2025-03-09,Pending,Credit Card
ORD16526,CUST1461,2023-05-31,Returned,Cash on Delivery
ORD16527,CUST2300,2024-06-16,Returned,PayPal
ORD16528,CUST1826,2025-02-02,Shipped,Credit Card
ORD16529,CUST1293,2024-12-05,Pending,Credit Card
ORD16530,CUST1568,2022-10-22,Cancelled,Cash on Delivery
ORD16531,CUST3742,2024-01-10,Delivered,Cash on Delivery
ORD16532,CUST4419,2023-08-18,Returned,Credit Card
ORD16533,CUST4179,2023-05-21,Returned,PayPal
ORD16534,CUST4396,2023-04-10,Cancelled,Cash on Delivery
ORD16535,CUST5049,2023-08-02,Returned,Credit Card
ORD16536,CUST2387,2025-07-18,Pending,Cash on Delivery
ORD16537,CUST3265,2025-03-19,Cancelled,Cash on Delivery
ORD16538,CUST3297,2023-11-14,Returned,PayPal
ORD16539,CUST3340,2024-02-10,Pending,Credit Card
ORD16540,CUST1170,2023-06-20,Shipped,Cash on Delivery
ORD16541,CUST5363,2023-05-24,Shipped,Credit Card
ORD16542,CUST2631,2024-03-15,Returned,Cash on Delivery
ORD16543,CUST1413,2023-07-05,Shipped,Credit Card
ORD16544,CUST4157,2025-08-18,Pending,Cash on Delivery
ORD16545,CUST2277,2024-04-01,Returned,Cash on Delivery
ORD16546,CUST4950,2024-05-08,Delivered,PayPal
ORD16547,CUST5448,2024-05-07,Delivered,Cash on Delivery
ORD16548,CUST4164,2024-12-25,Returned,PayPal
ORD16549,CUST4322,2023-08-30,Pending,Credit Card
ORD16550,CUST3744,2024-06-12,Delivered,Credit Card
ORD16551,CUST4818,2024-02-25,Pending,Cash on Delivery
ORD16552,CUST4973,2024-09-25,Shipped,Credit Card
ORD16553,CUST5618,2024-11-30,Delivered,Credit Card
ORD16554,CUST5923,2024-10-23,Returned,Credit Card
ORD16555,CUST3827,2022-11-28,Returned,Credit Card
ORD16556,CUST1305,2024-05-08,Returned,PayPal
ORD16557,CUST3228,2024-04-04,Returned,Cash on Delivery
ORD16558,CUST3531,2023-08-17,Pending,Cash on Delivery
ORD16559,CUST4757,2023-09-27,Cancelled,PayPal
ORD16560,CUST3007,2023-03-05,Returned,Cash on Delivery
ORD16561,CUST2413,2024-06-30,Shipped,PayPal
ORD16562,CUST4180,2024-12-06,Returned,Cash on Delivery
ORD16563,CUST3079,2023-07-27,Cancelled,Cash on Delivery
ORD16564,CUST5702,2023-10-29,Cancelled,Credit Card
ORD16565,CUST2587,2024-08-23,Pending,PayPal
ORD16566,CUST2193,2023-11-13,Shipped,Cash on Delivery
ORD16567,CUST1699,2023-07-18,Returned,PayPal
ORD16568,CUST1499,2024-05-12,Shipped,Credit Card
ORD16569,CUST2539,2023-12-21,Delivered,PayPal
ORD16570,CUST3946,2025-01-01,Cancelled,Credit Card
ORD16571,CUST4855,2025-07-11,Cancelled,Cash on Delivery
ORD16572,CUST1822,2023-06-26,Shipped,PayPal
ORD16573,CUST4610,2022-11-19,Pending,Cash on Delivery
ORD16574,CUST4978,2024-12-04,Shipped,Credit Card
ORD16575,CUST4951,2022-11-04,Cancelled,Credit Card
ORD16576,CUST2726,2023-12-12,Pending,Cash on Delivery
ORD16577,CUST3751,2023-03-21,Pending,PayPal
ORD16578,CUST1214,2024-01-20,Delivered,PayPal
ORD16579,CUST5206,2024-01-02,Returned,PayPal
ORD16580,CUST4974,2025-03-16,Delivered,Credit Card
ORD16581,CUST4812,2023-10-23,Delivered,PayPal
ORD16582,CUST3832,2025-04-24,Returned,PayPal
ORD16583,CUST2470,2024-07-19,Delivered,Credit Card
ORD16584,CUST3441,2023-12-01,Cancelled,Cash on Delivery
ORD16585,CUST1607,2023-01-23,Shipped,Credit Card
ORD16586,CUST3026,2025-01-24,Pending,PayPal
ORD16587,CUST3562,2023-02-16,Shipped,Cash on Delivery
ORD16588,CUST4281,2025-01-27,Returned,Cash on Delivery
ORD16589,CUST1533,2025-05-18,Returned,Credit Card
ORD16590,CUST1098,2024-02-28,Pending,PayPal
ORD16591,CUST3888,2024-11-22,Returned,Credit Card
ORD16592,CUST4399,2024-08-13,Pending,Cash on Delivery
ORD16593,CUST3855,2023-03-25,Returned,PayPal
ORD16594,CUST1034,2024-02-24,Delivered,Credit Card
ORD16595,CUST1406,2024-01-03,Shipped,Cash on Delivery
ORD16596,CUST4540,2024-07-02,Shipped,Credit Card
ORD16597,CUST5011,2025-01-17,Pending,PayPal
ORD16598,CUST5250,2025-05-28,Pending,Credit Card
ORD16599,CUST2655,2025-08-21,Pending,PayPal
ORD16600,CUST1108,2025-07-07,Delivered,Cash on Delivery
ORD16601,CUST2744,2024-08-25,Returned,Credit Card
ORD16602,CUST3637,2024-10-25,Pending,PayPal
ORD16603,CUST5386,2025-06-30,Pending,Cash on Delivery
ORD16604,CUST2040,2024-06-09,Pending,Credit Card
ORD16605,CUST2321,2025-05-18,Pending,Credit Card
ORD16606,CUST3981,2024-07-18,Cancelled,Credit Card
ORD16607,CUST3299,2022-10-03,Delivered,Cash on Delivery
ORD16608,CUST4973,2023-03-02,Shipped,Credit Card
ORD16609,CUST4850,2023-08-19,Pending,Cash on Delivery
ORD16610,CUST3042,2025-01-04,Pending,PayPal
ORD16611,CUST5895,2022-08-26,Pending,Cash on Delivery
ORD16612,CUST1375,2023-07-09,Cancelled,PayPal
ORD16613,CUST3659,2024-12-25,Shipped,Cash on Delivery
ORD16614,CUST3464,2025-03-15,Pending,Credit Card
ORD16615,CUST3274,2023-07-30,Delivered,Cash on Delivery
ORD16616,CUST1587,2023-06-23,Delivered,Cash on Delivery
ORD16617,CUST4085,2022-10-27,Cancelled,Credit Card
ORD16618,CUST3338,2025-06-30,Returned,PayPal
ORD16619,CUST1466,2023-02-28,Returned,Cash on Delivery
ORD16620,CUST4030,2025-08-10,Cancelled,Cash on Delivery
ORD16621,CUST2780,2024-08-09,Cancelled,Cash on Delivery
ORD16622,CUST2050,2023-07-01,Delivered,Credit Card
ORD16623,CUST2272,2023-08-29,Cancelled,Credit Card
ORD16624,CUST3798,2023-09-17,Cancelled,Credit Card
ORD16625,CUST1038,2024-09-18,Returned,Cash on Delivery
ORD16626,CUST4372,2024-08-04,Delivered,Cash on Delivery
ORD16627,CUST5744,2025-07-18,Shipped,PayPal
ORD16628,CUST2968,2023-06-07,Pending,Credit Card
ORD16629,CUST2580,2025-01-04,Cancelled,Credit Card
ORD16630,CUST1869,2024-02-04,Returned,Credit Card
ORD16631,CUST3046,2024-06-05,Shipped,Cash on Delivery
ORD16632,CUST3052,2024-07-11,Shipped,Credit Card
ORD16633,CUST5734,2025-06-28,Returned,Cash on Delivery
ORD16634,CUST4024,2023-02-04,Pending,Cash on Delivery
ORD16635,CUST5391,2024-10-24,Cancelled,Cash on Delivery
ORD16636,CUST2338,2023-01-28,Cancelled,PayPal
ORD16637,CUST2440,2024-09-06,Returned,Credit Card
ORD16638,CUST3481,2023-02-28,Cancelled,Cash on Delivery
ORD16639,CUST2569,2023-06-18,Returned,Cash on Delivery
ORD16640,CUST5015,2022-10-27,Delivered,Cash on Delivery
ORD16641,CUST5652,2024-09-11,Delivered,Cash on Delivery
ORD16642,CUST5798,2023-04-01,Cancelled,Cash on Delivery
ORD16643,CUST3812,2023-06-17,Returned,Cash on Delivery
ORD16644,CUST1108,2022-11-27,Pending,Credit Card
ORD16645,CUST4173,2025-03-06,Delivered,Cash on Delivery
ORD16646,CUST4412,2024-08-29,Pending,PayPal
ORD16647,CUST1746,2024-08-08,Delivered,PayPal
ORD16648,CUST5524,2024-08-05,Delivered,Credit Card
ORD16649,CUST1019,2023-01-11,Cancelled,Credit Card
ORD16650,CUST4787,2025-07-30,Returned,Cash on Delivery
ORD16651,CUST2061,2023-10-28,Shipped,Credit Card
ORD16652,CUST2797,2024-09-12,Shipped,Credit Card
ORD16653,CUST1722,2024-10-06,Cancelled,PayPal
ORD16654,CUST3593,2024-10-16,Shipped,Credit Card
ORD16655,CUST3272,2023-11-26,Pending,PayPal
ORD16656,CUST2461,2024-02-24,Shipped,PayPal
ORD16657,CUST3404,2024-11-03,Returned,Cash on Delivery
ORD16658,CUST2643,2023-10-26,Shipped,Credit Card
ORD16659,CUST1306,2023-05-07,Delivered,PayPal
ORD16660,CUST2329,2022-12-21,Returned,Credit Card
ORD16661,CUST4739,2023-06-24,Delivered,Credit Card
ORD16662,CUST2884,2023-05-09,Pending,Credit Card
ORD16663,CUST1596,2024-05-02,Cancelled,Credit Card
ORD16664,CUST1850,2023-09-22,Pending,Cash on Delivery
ORD16665,CUST2291,2024-01-23,Pending,PayPal
ORD16666,CUST3833,2023-03-16,Pending,PayPal
ORD16667,CUST2550,2023-07-10,Returned,PayPal
ORD16668,CUST4218,2023-03-30,Returned,Cash on Delivery
ORD16669,CUST5446,2022-10-12,Delivered,PayPal
ORD16670,CUST5119,2024-04-17,Pending,PayPal
ORD16671,CUST4800,2024-02-08,Delivered,Credit Card
ORD16672,CUST2196,2024-07-27,Returned,Credit Card
ORD16673,CUST3141,2025-04-12,Shipped,PayPal
ORD16674,CUST5836,2023-11-16,Returned,PayPal
ORD16675,CUST3179,2023-10-06,Pending,Cash on Delivery
ORD16676,CUST1685,2024-10-30,Cancelled,PayPal
ORD16677,CUST1488,2024-09-24,Delivered,Credit Card
ORD16678,CUST5244,2024-08-02,Delivered,Cash on Delivery
ORD16679,CUST4501,2022-09-25,Cancelled,Credit Card
ORD16680,CUST3795,2023-08-06,Delivered,Cash on Delivery
ORD16681,CUST1216,2024-07-12,Pending,PayPal
ORD16682,CUST2280,2023-09-15,Delivered,PayPal
ORD16683,CUST3813,2023-05-05,Pending,PayPal
ORD16684,CUST5704,2024-03-31,Cancelled,PayPal
ORD16685,CUST5930,2024-08-09,Delivered,PayPal
ORD16686,CUST3138,2024-08-31,Returned,PayPal
ORD16687,CUST1799,2025-03-01,Shipped,Cash on Delivery
ORD16688,CUST5544,2023-06-01,Returned,PayPal
ORD16689,CUST3798,2024-08-13,Pending,Cash on Delivery
ORD16690,CUST3024,2023-11-14,Cancelled,PayPal
ORD16691,CUST4521,2024-09-29,Cancelled,Credit Card
ORD16692,CUST5361,2025-08-21,Delivered,PayPal
ORD16693,CUST4390,2024-05-13,Returned,Credit Card
ORD16694,CUST1620,2025-07-12,Returned,Cash on Delivery
ORD16695,CUST1811,2024-06-08,Pending,Credit Card
ORD16696,CUST1985,2025-07-24,Pending,Credit Card
ORD16697,CUST4419,2025-06-22,Returned,PayPal
ORD16698,CUST2589,2023-02-10,Delivered,Credit Card
ORD16699,CUST5986,2024-05-07,Shipped,Cash on Delivery
ORD16700,CUST3078,2025-03-07,Pending,Credit Card
ORD16701,CUST5433,2025-02-10,Delivered,Cash on Delivery
ORD16702,CUST1346,2022-10-23,Pending,Credit Card
ORD16703,CUST3446,2025-04-11,Returned,Cash on Delivery
ORD16704,CUST5404,2024-10-20,Pending,Credit Card
ORD16705,CUST1783,2022-10-04,Cancelled,Cash on Delivery
ORD16706,CUST4124,2023-11-29,Delivered,Cash on Delivery
ORD16707,CUST2312,2023-07-14,Cancelled,PayPal
ORD16708,CUST4183,2025-07-22,Pending,PayPal
ORD16709,CUST4216,2023-07-30,Shipped,PayPal
ORD16710,CUST1717,2025-04-17,Cancelled,Cash on Delivery
ORD16711,CUST4010,2024-04-22,Delivered,Cash on Delivery
ORD16712,CUST1144,2023-07-18,Returned,Credit Card
ORD16713,CUST3705,2023-07-14,Returned,Cash on Delivery
ORD16714,CUST5456,2023-11-18,Delivered,Cash on Delivery
ORD16715,CUST3712,2023-09-25,Returned,Cash on Delivery
ORD16716,CUST3844,2024-04-06,Pending,PayPal
ORD16717,CUST3121,2024-03-25,Delivered,PayPal
ORD16718,CUST4778,2025-01-12,Delivered,Credit Card
ORD16719,CUST3970,2022-09-17,Returned,Credit Card
ORD16720,CUST3203,2022-10-21,Returned,Credit Card
ORD16721,CUST1096,2023-05-30,Cancelled,Credit Card
ORD16722,CUST2282,2024-09-16,Shipped,Credit Card
ORD16723,CUST4392,2025-06-05,Delivered,Cash on Delivery
ORD16724,CUST4739,2024-11-13,Delivered,Credit Card
ORD16725,CUST5805,2023-12-15,Delivered,Credit Card
ORD16726,CUST1258,2025-06-21,Returned,Cash on Delivery
ORD16727,CUST5104,2023-05-06,Cancelled,PayPal
ORD16728,CUST4332,2022-11-14,Shipped,Cash on Delivery
ORD16729,CUST5161,2025-06-04,Delivered,PayPal
ORD16730,CUST3951,2024-06-02,Cancelled,PayPal
ORD16731,CUST5252,2022-09-29,Pending,Credit Card
ORD16732,CUST1898,2025-05-17,Cancelled,Cash on Delivery
ORD16733,CUST4995,2024-05-11,Pending,Credit Card
ORD16734,CUST4260,2025-01-09,Delivered,Credit Card
ORD16735,CUST2954,2024-10-22,Cancelled,PayPal
ORD16736,CUST2023,2024-07-28,Cancelled,PayPal
ORD16737,CUST3302,2022-09-14,Returned,Cash on Delivery
ORD16738,CUST2719,2025-07-30,Pending,Credit Card
ORD16739,CUST3089,2023-02-25,Delivered,PayPal
ORD16740,CUST3023,2025-07-06,Cancelled,Cash on Delivery
ORD16741,CUST4550,2025-08-17,Returned,Credit Card
ORD16742,CUST3365,2024-06-17,Pending,Credit Card
ORD16743,CUST4071,2024-07-21,Pending,PayPal
ORD16744,CUST2510,2024-03-26,Delivered,PayPal
ORD16745,CUST3840,2024-11-29,Cancelled,PayPal
ORD16746,CUST1019,2025-05-10,Returned,PayPal
ORD16747,CUST4572,2024-10-02,Cancelled,Cash on Delivery
ORD16748,CUST3783,2022-12-20,Pending,PayPal
ORD16749,CUST3312,2025-06-05,Pending,Cash on Delivery
ORD16750,CUST3473,2023-12-25,Delivered,PayPal
ORD16751,CUST5453,2022-10-09,Returned,PayPal
ORD16752,CUST4512,2023-03-30,Shipped,Credit Card
ORD16753,CUST3736,2025-03-11,Shipped,PayPal
ORD16754,CUST2098,2024-09-14,Returned,PayPal
ORD16755,CUST3826,2024-07-26,Cancelled,Credit Card
ORD16756,CUST4084,2024-10-12,Delivered,Cash on Delivery
ORD16757,CUST4539,2025-05-09,Shipped,PayPal
ORD16758,CUST2825,2023-03-30,Pending,Credit Card
ORD16759,CUST1572,2024-02-22,Pending,Cash on Delivery
ORD16760,CUST5938,2025-02-18,Delivered,PayPal
ORD16761,CUST3448,2024-10-18,Shipped,PayPal
ORD16762,CUST4315,2024-09-08,Returned,PayPal
ORD16763,CUST1204,2024-01-29,Shipped,PayPal
ORD16764,CUST5192,2024-04-28,Shipped,PayPal
ORD16765,CUST2941,2024-04-13,Shipped,PayPal
ORD16766,CUST1477,2024-04-18,Cancelled,Cash on Delivery
ORD16767,CUST4580,2024-07-07,Returned,PayPal
ORD16768,CUST1468,2023-11-24,Cancelled,PayPal
ORD16769,CUST2197,2025-07-04,Delivered,PayPal
ORD16770,CUST5820,2022-08-29,Shipped,Credit Card
ORD16771,CUST4555,2025-08-15,Delivered,Credit Card
ORD16772,CUST4491,2023-02-23,Cancelled,Cash on Delivery
ORD16773,CUST5012,2023-05-16,Cancelled,PayPal
ORD16774,CUST4346,2024-10-12,Pending,PayPal
ORD16775,CUST5978,2023-07-26,Returned,Cash on Delivery
ORD16776,CUST5717,2024-04-08,Cancelled,Credit Card
ORD16777,CUST4401,2023-09-03,Pending,Cash on Delivery
ORD16778,CUST2691,2022-10-10,Pending,Cash on Delivery
ORD16779,CUST1826,2025-04-23,Pending,Credit Card
ORD16780,CUST2771,2024-04-25,Delivered,Cash on Delivery
ORD16781,CUST5464,2023-03-22,Returned,PayPal
ORD16782,CUST3728,2023-12-31,Returned,Credit Card
ORD16783,CUST5702,2025-04-14,Shipped,Cash on Delivery
ORD16784,CUST5873,2024-02-09,Delivered,Credit Card
ORD16785,CUST5061,2022-09-08,Delivered,PayPal
ORD16786,CUST3481,2022-11-18,Pending,PayPal
ORD16787,CUST1787,2024-10-06,Pending,Credit Card
ORD16788,CUST4889,2023-06-24,Cancelled,Cash on Delivery
ORD16789,CUST2220,2024-09-26,Cancelled,Credit Card
ORD16790,CUST4843,2022-10-14,Returned,Cash on Delivery
ORD16791,CUST1930,2022-12-03,Shipped,Credit Card
ORD16792,CUST2422,2023-02-21,Pending,PayPal
ORD16793,CUST1606,2023-10-17,Cancelled,Credit Card
ORD16794,CUST4983,2023-02-22,Shipped,PayPal
ORD16795,CUST2203,2023-12-25,Cancelled,PayPal
ORD16796,CUST2266,2023-12-03,Pending,Credit Card
ORD16797,CUST5214,2023-05-02,Delivered,Credit Card
ORD16798,CUST5970,2022-11-28,Cancelled,Credit Card
ORD16799,CUST4209,2023-07-03,Shipped,Cash on Delivery
ORD16800,CUST3027,2023-09-10,Delivered,PayPal
ORD16801,CUST5517,2024-09-17,Cancelled,Cash on Delivery
ORD16802,CUST2037,2023-04-21,Cancelled,PayPal
ORD16803,CUST5335,2022-12-17,Pending,Credit Card
ORD16804,CUST1108,2024-04-21,Pending,Credit Card
ORD16805,CUST3241,2024-01-29,Shipped,Cash on Delivery
ORD16806,CUST3162,2025-08-03,Pending,Cash on Delivery
ORD16807,CUST3050,2023-09-16,Cancelled,PayPal
ORD16808,CUST4834,2024-07-30,Shipped,Cash on Delivery
ORD16809,CUST1634,2022-10-09,Pending,Credit Card
ORD16810,CUST5416,2024-01-28,Pending,PayPal
ORD16811,CUST4015,2024-11-15,Returned,Cash on Delivery
ORD16812,CUST1798,2023-10-06,Cancelled,PayPal
ORD16813,CUST3728,2023-03-26,Returned,Cash on Delivery
ORD16814,CUST5001,2023-12-14,Pending,PayPal
ORD16815,CUST1736,2024-05-18,Delivered,Credit Card
ORD16816,CUST2722,2025-02-01,Delivered,PayPal
ORD16817,CUST5941,2024-01-18,Cancelled,PayPal
ORD16818,CUST4326,2023-11-07,Cancelled,PayPal
ORD16819,CUST2871,2024-02-11,Cancelled,PayPal
ORD16820,CUST5437,2024-10-24,Delivered,PayPal
ORD16821,CUST2904,2024-03-28,Returned,PayPal
ORD16822,CUST1949,2024-08-25,Pending,Credit Card
ORD16823,CUST2035,2023-05-20,Returned,Credit Card
ORD16824,CUST2016,2024-07-16,Shipped,Credit Card
ORD16825,CUST5935,2023-02-12,Cancelled,Credit Card
ORD16826,CUST3585,2022-10-19,Pending,PayPal
ORD16827,CUST1252,2023-04-12,Shipped,Cash on Delivery
ORD16828,CUST5240,2024-08-06,Pending,PayPal
ORD16829,CUST5075,2024-08-23,Returned,PayPal
ORD16830,CUST2141,2024-09-12,Cancelled,PayPal
ORD16831,CUST4722,2022-11-29,Delivered,Cash on Delivery
ORD16832,CUST4419,2024-05-19,Returned,Cash on Delivery
ORD16833,CUST2895,2025-02-04,Cancelled,Credit Card
ORD16834,CUST3898,2023-04-08,Cancelled,Credit Card
ORD16835,CUST3479,2025-02-25,Returned,Cash on Delivery
ORD16836,CUST1405,2024-05-01,Shipped,PayPal
ORD16837,CUST2608,2023-01-31,Cancelled,Cash on Delivery
ORD16838,CUST1484,2025-02-28,Pending,PayPal
ORD16839,CUST3800,2025-07-08,Returned,Cash on Delivery
ORD16840,CUST1996,2024-05-17,Shipped,PayPal
ORD16841,CUST4830,2024-12-18,Delivered,Cash on Delivery
ORD16842,CUST5974,2024-04-03,Pending,Cash on Delivery
ORD16843,CUST2865,2025-06-13,Shipped,PayPal
ORD16844,CUST2910,2024-04-03,Shipped,Credit Card
ORD16845,CUST5673,2024-03-25,Pending,Cash on Delivery
ORD16846,CUST2248,2024-04-18,Returned,PayPal
ORD16847,CUST1846,2024-10-30,Cancelled,Cash on Delivery
ORD16848,CUST3529,2025-07-04,Pending,Credit Card
ORD16849,CUST1406,2024-08-13,Pending,Credit Card
ORD16850,CUST3534,2024-05-04,Cancelled,Credit Card
ORD16851,CUST4265,2023-05-02,Delivered,Credit Card
ORD16852,CUST4529,2022-10-28,Pending,Cash on Delivery
ORD16853,CUST4886,2022-09-17,Returned,Cash on Delivery
ORD16854,CUST4714,2023-07-27,Delivered,PayPal
ORD16855,CUST1351,2025-03-20,Cancelled,Credit Card
ORD16856,CUST5727,2023-04-26,Shipped,PayPal
ORD16857,CUST5171,2024-03-18,Pending,Cash on Delivery
ORD16858,CUST1390,2025-05-25,Delivered,Cash on Delivery
ORD16859,CUST3371,2023-07-30,Returned,Credit Card
ORD16860,CUST2289,2024-02-29,Delivered,Cash on Delivery
ORD16861,CUST5039,2022-12-25,Pending,PayPal
ORD16862,CUST1300,2024-12-02,Pending,Credit Card
ORD16863,CUST4171,2023-08-05,Pending,Credit Card
ORD16864,CUST5479,2024-06-08,Pending,PayPal
ORD16865,CUST5888,2024-04-13,Delivered,Cash on Delivery
ORD16866,CUST2988,2025-06-21,Delivered,PayPal
ORD16867,CUST4251,2023-12-01,Delivered,Cash on Delivery
ORD16868,CUST2133,2025-05-15,Cancelled,PayPal
ORD16869,CUST2284,2025-01-08,Delivered,Credit Card
ORD16870,CUST2553,2024-09-04,Returned,Credit Card
ORD16871,CUST1667,2024-02-06,Shipped,Cash on Delivery
ORD16872,CUST4093,2025-07-22,Delivered,Credit Card
ORD16873,CUST1591,2024-06-11,Shipped,PayPal
ORD16874,CUST1804,2024-07-08,Shipped,Credit Card
ORD16875,CUST4289,2024-11-22,Delivered,Credit Card
ORD16876,CUST3502,2023-03-09,Cancelled,Cash on Delivery
ORD16877,CUST5938,2023-10-28,Pending,PayPal
ORD16878,CUST3099,2024-05-18,Delivered,PayPal
ORD16879,CUST3117,2025-01-05,Pending,Credit Card
ORD16880,CUST2602,2022-10-31,Returned,Credit Card
ORD16881,CUST2552,2024-02-05,Delivered,Cash on Delivery
ORD16882,CUST5868,2023-06-07,Returned,Cash on Delivery
ORD16883,CUST3610,2024-05-06,Cancelled,Credit Card
ORD16884,CUST2236,2023-05-24,Returned,PayPal
ORD16885,CUST4063,2024-07-10,Delivered,PayPal
ORD16886,CUST4646,2024-03-09,Returned,PayPal
ORD16887,CUST1412,2024-10-25,Cancelled,Cash on Delivery
ORD16888,CUST4533,2024-03-14,Delivered,Cash on Delivery
ORD16889,CUST4633,2025-02-19,Delivered,PayPal
ORD16890,CUST5956,2025-04-05,Shipped,Credit Card
ORD16891,CUST2777,2024-10-26,Pending,Cash on Delivery
ORD16892,CUST3205,2024-10-31,Pending,Cash on Delivery
ORD16893,CUST5616,2023-08-12,Pending,PayPal
ORD16894,CUST4295,2022-10-30,Returned,Cash on Delivery
ORD16895,CUST2171,2024-12-02,Cancelled,PayPal
ORD16896,CUST1020,2025-08-01,Cancelled,Credit Card
ORD16897,CUST3929,2025-03-10,Delivered,PayPal
ORD16898,CUST4777,2025-02-25,Cancelled,Cash on Delivery
ORD16899,CUST5731,2023-01-29,Delivered,PayPal
ORD16900,CUST1786,2024-03-19,Cancelled,PayPal
ORD16901,CUST4220,2023-12-14,Shipped,Credit Card
ORD16902,CUST2713,2022-09-16,Delivered,Cash on Delivery
ORD16903,CUST1997,2024-06-04,Shipped,Credit Card
ORD16904,CUST2062,2022-08-26,Pending,Credit Card
ORD16905,CUST2448,2025-04-02,Shipped,Cash on Delivery
ORD16906,CUST4648,2025-01-29,Returned,PayPal
ORD16907,CUST2395,2023-10-23,Cancelled,Cash on Delivery
ORD16908,CUST2409,2022-12-20,Cancelled,Cash on Delivery
ORD16909,CUST2835,2022-10-12,Pending,PayPal
ORD16910,CUST1138,2023-09-07,Cancelled,Credit Card
ORD16911,CUST1899,2024-06-16,Cancelled,Credit Card
ORD16912,CUST2016,2025-04-13,Pending,Cash on Delivery
ORD16913,CUST4864,2023-09-10,Pending,Credit Card
ORD16914,CUST2072,2023-05-02,Returned,PayPal
ORD16915,CUST2964,2025-05-31,Pending,Cash on Delivery
ORD16916,CUST4825,2022-11-28,Shipped,PayPal
ORD16917,CUST4070,2023-10-31,Returned,PayPal
ORD16918,CUST2958,2023-07-26,Cancelled,Cash on Delivery
ORD16919,CUST5349,2025-08-13,Pending,PayPal
ORD16920,CUST4381,2025-03-15,Returned,PayPal
ORD16921,CUST4492,2023-11-24,Delivered,Cash on Delivery
ORD16922,CUST2431,2024-01-10,Cancelled,PayPal
ORD16923,CUST5750,2024-10-31,Delivered,PayPal
ORD16924,CUST3740,2023-08-21,Cancelled,Cash on Delivery
ORD16925,CUST2627,2024-10-04,Returned,Credit Card
ORD16926,CUST1547,2024-07-11,Returned,PayPal
ORD16927,CUST4440,2023-01-15,Pending,Credit Card
ORD16928,CUST2206,2024-06-20,Cancelled,PayPal
ORD16929,CUST3155,2025-05-03,Cancelled,PayPal
ORD16930,CUST1616,2023-09-24,Returned,Cash on Delivery
ORD16931,CUST4784,2025-02-25,Delivered,Cash on Delivery
ORD16932,CUST5231,2023-07-31,Shipped,Credit Card
ORD16933,CUST2919,2023-12-23,Delivered,Credit Card
ORD16934,CUST1601,2023-12-21,Returned,Credit Card
ORD16935,CUST5722,2022-11-12,Returned,Cash on Delivery
ORD16936,CUST4676,2024-06-19,Returned,PayPal
ORD16937,CUST2268,2022-10-05,Pending,PayPal
ORD16938,CUST3787,2025-03-28,Returned,PayPal
ORD16939,CUST2094,2023-05-31,Cancelled,PayPal
ORD16940,CUST5144,2023-02-07,Cancelled,Cash on Delivery
ORD16941,CUST4070,2023-09-26,Shipped,Cash on Delivery
ORD16942,CUST3043,2023-07-07,Pending,PayPal
ORD16943,CUST3488,2025-02-06,Shipped,PayPal
ORD16944,CUST3807,2022-12-15,Shipped,Credit Card
ORD16945,CUST2593,2025-08-23,Cancelled,Credit Card
ORD16946,CUST5545,2025-01-22,Cancelled,PayPal
ORD16947,CUST1250,2025-01-30,Delivered,PayPal
ORD16948,CUST4130,2023-07-05,Returned,PayPal
ORD16949,CUST2822,2023-07-21,Cancelled,PayPal
ORD16950,CUST5966,2024-10-06,Returned,Credit Card
ORD16951,CUST1237,2025-01-25,Cancelled,Cash on Delivery
ORD16952,CUST5783,2024-08-19,Returned,Credit Card
ORD16953,CUST3485,2024-03-31,Pending,Cash on Delivery
ORD16954,CUST5317,2025-04-05,Pending,Credit Card
ORD16955,CUST3240,2023-12-19,Pending,Cash on Delivery
ORD16956,CUST1696,2023-07-04,Delivered,Cash on Delivery
ORD16957,CUST1222,2023-01-23,Shipped,Credit Card
ORD16958,CUST4298,2023-07-25,Shipped,Cash on Delivery
ORD16959,CUST1965,2022-12-29,Returned,Credit Card
ORD16960,CUST3994,2024-08-31,Shipped,Credit Card
ORD16961,CUST1261,2025-04-23,Returned,Credit Card
ORD16962,CUST2611,2025-02-19,Pending,Credit Card
ORD16963,CUST4899,2025-03-20,Cancelled,Credit Card
ORD16964,CUST5082,2022-11-18,Delivered,PayPal
ORD16965,CUST1618,2022-09-08,Shipped,PayPal
ORD16966,CUST2507,2022-11-21,Cancelled,Cash on Delivery
ORD16967,CUST1779,2022-12-16,Shipped,PayPal
ORD16968,CUST1397,2024-04-04,Delivered,Cash on Delivery
ORD16969,CUST3146,2025-02-26,Shipped,Cash on Delivery
ORD16970,CUST3262,2024-04-23,Returned,Credit Card
ORD16971,CUST5716,2023-07-10,Delivered,Cash on Delivery
ORD16972,CUST5340,2022-09-14,Pending,PayPal
ORD16973,CUST3539,2024-11-23,Delivered,PayPal
ORD16974,CUST3600,2023-06-12,Shipped,PayPal
ORD16975,CUST4055,2024-07-19,Pending,PayPal
ORD16976,CUST3645,2022-12-12,Cancelled,Credit Card
ORD16977,CUST5070,2024-04-09,Shipped,Credit Card
ORD16978,CUST1148,2022-12-29,Delivered,Cash on Delivery
ORD16979,CUST3904,2023-09-28,Cancelled,PayPal
ORD16980,CUST1667,2025-08-09,Returned,Cash on Delivery
ORD16981,CUST4343,2025-05-02,Pending,PayPal
ORD16982,CUST4199,2025-01-08,Pending,Credit Card
ORD16983,CUST2067,2025-08-10,Shipped,Credit Card
ORD16984,CUST4111,2025-06-02,Delivered,PayPal
ORD16985,CUST5144,2023-01-03,Delivered,Cash on Delivery
ORD16986,CUST1820,2024-04-06,Delivered,Cash on Delivery
ORD16987,CUST2576,2022-11-03,Cancelled,PayPal
ORD16988,CUST5120,2025-03-15,Shipped,Credit Card
ORD16989,CUST4201,2023-03-07,Returned,Credit Card
ORD16990,CUST5484,2022-11-06,Shipped,Cash on Delivery
ORD16991,CUST3390,2023-06-27,Cancelled,PayPal
ORD16992,CUST5396,2022-10-17,Returned,Credit Card
ORD16993,CUST1806,2024-01-07,Cancelled,PayPal
ORD16994,CUST1439,2022-12-27,Returned,Cash on Delivery
ORD16995,CUST5581,2025-06-07,Returned,Credit Card
ORD16996,CUST1973,2023-01-20,Returned,Credit Card
ORD16997,CUST1914,2024-12-31,Shipped,Credit Card
ORD16998,CUST1879,2025-06-23,Shipped,PayPal
ORD16999,CUST4999,2024-06-04,Returned,Credit Card
ORD17000,CUST4663,2024-07-29,Shipped,Cash on Delivery
ORD17001,CUST1606,2024-12-23,Delivered,Credit Card
ORD17002,CUST1041,2024-10-26,Delivered,Credit Card
ORD17003,CUST5716,2024-08-19,Pending,PayPal
ORD17004,CUST1233,2025-02-05,Pending,Credit Card
ORD17005,CUST3259,2024-04-18,Delivered,Cash on Delivery
ORD17006,CUST3439,2024-03-01,Returned,Cash on Delivery
ORD17007,CUST4720,2025-03-30,Delivered,PayPal
ORD17008,CUST5501,2025-03-22,Delivered,Credit Card
ORD17009,CUST4574,2024-08-05,Shipped,Cash on Delivery
ORD17010,CUST2158,2025-08-17,Cancelled,PayPal
ORD17011,CUST4614,2022-08-26,Delivered,PayPal
ORD17012,CUST5299,2023-04-07,Cancelled,Credit Card
ORD17013,CUST3988,2024-05-10,Returned,Credit Card
ORD17014,CUST1141,2023-03-12,Delivered,Cash on Delivery
ORD17015,CUST3506,2024-02-05,Cancelled,PayPal
ORD17016,CUST5600,2024-06-28,Returned,PayPal
ORD17017,CUST5931,2023-03-26,Delivered,Cash on Delivery
ORD17018,CUST5729,2025-06-24,Returned,PayPal
ORD17019,CUST4263,2024-11-29,Shipped,Credit Card
ORD17020,CUST1693,2024-12-08,Shipped,PayPal
ORD17021,CUST3865,2023-04-04,Pending,PayPal
ORD17022,CUST5450,2025-01-12,Cancelled,Credit Card
ORD17023,CUST3276,2023-08-14,Shipped,Credit Card
ORD17024,CUST3434,2025-06-12,Cancelled,Cash on Delivery
ORD17025,CUST4428,2025-08-04,Pending,PayPal
ORD17026,CUST1817,2024-03-20,Shipped,Cash on Delivery
ORD17027,CUST3192,2023-07-05,Shipped,PayPal
ORD17028,CUST4941,2024-04-01,Pending,Cash on Delivery
ORD17029,CUST2587,2025-06-25,Cancelled,PayPal
ORD17030,CUST2045,2023-10-19,Pending,PayPal
ORD17031,CUST1466,2025-03-23,Cancelled,PayPal
ORD17032,CUST3793,2023-03-01,Pending,Cash on Delivery
ORD17033,CUST5577,2025-01-13,Cancelled,Cash on Delivery
ORD17034,CUST1459,2024-10-26,Shipped,PayPal
ORD17035,CUST4482,2023-08-05,Delivered,Credit Card
ORD17036,CUST4824,2024-05-29,Pending,Cash on Delivery
ORD17037,CUST4424,2025-01-23,Pending,PayPal
ORD17038,CUST1010,2025-06-09,Returned,Credit Card
ORD17039,CUST4937,2024-12-25,Pending,Cash on Delivery
ORD17040,CUST3994,2022-09-22,Delivered,Cash on Delivery
ORD17041,CUST2013,2024-07-02,Shipped,Cash on Delivery
ORD17042,CUST2114,2024-03-25,Returned,Credit Card
ORD17043,CUST5739,2022-11-08,Shipped,PayPal
ORD17044,CUST4394,2025-01-14,Returned,Credit Card
ORD17045,CUST1196,2023-07-20,Shipped,PayPal
ORD17046,CUST1905,2022-08-29,Cancelled,PayPal
ORD17047,CUST3214,2025-04-23,Delivered,PayPal
ORD17048,CUST2039,2024-12-15,Cancelled,Credit Card
ORD17049,CUST2139,2023-11-29,Delivered,Cash on Delivery
ORD17050,CUST4816,2024-06-23,Shipped,Cash on Delivery
ORD17051,CUST5960,2023-10-17,Delivered,Credit Card
ORD17052,CUST4909,2023-12-28,Delivered,PayPal
ORD17053,CUST2810,2022-11-15,Shipped,PayPal
ORD17054,CUST5347,2023-08-30,Returned,Credit Card
ORD17055,CUST5656,2024-07-26,Pending,Credit Card
ORD17056,CUST2101,2023-01-04,Cancelled,Cash on Delivery
ORD17057,CUST5317,2024-07-12,Delivered,Credit Card
ORD17058,CUST4990,2024-02-10,Cancelled,Cash on Delivery
ORD17059,CUST3863,2025-07-11,Delivered,PayPal
ORD17060,CUST3729,2023-04-09,Shipped,Cash on Delivery
ORD17061,CUST4173,2022-10-28,Shipped,Credit Card
ORD17062,CUST5975,2023-10-07,Returned,PayPal
ORD17063,CUST1681,2023-02-03,Cancelled,Cash on Delivery
ORD17064,CUST1628,2025-01-10,Pending,Cash on Delivery
ORD17065,CUST3193,2023-06-10,Pending,Credit Card
ORD17066,CUST4809,2024-03-31,Pending,PayPal
ORD17067,CUST2666,2022-10-13,Shipped,PayPal
ORD17068,CUST1140,2023-05-04,Pending,Cash on Delivery
ORD17069,CUST3213,2023-01-13,Cancelled,Cash on Delivery
ORD17070,CUST3759,2023-08-11,Cancelled,Cash on Delivery
ORD17071,CUST3034,2024-11-24,Pending,Credit Card
ORD17072,CUST3825,2023-12-12,Pending,Credit Card
ORD17073,CUST3201,2024-11-06,Pending,Credit Card
ORD17074,CUST4049,2024-06-23,Delivered,Cash on Delivery
ORD17075,CUST4171,2023-12-18,Cancelled,PayPal
ORD17076,CUST5469,2024-01-02,Shipped,Credit Card
ORD17077,CUST2296,2025-08-21,Returned,Cash on Delivery
ORD17078,CUST5955,2024-12-16,Cancelled,Cash on Delivery
ORD17079,CUST4372,2024-05-27,Cancelled,PayPal
ORD17080,CUST5910,2022-09-05,Pending,Credit Card
ORD17081,CUST4696,2023-11-13,Cancelled,Credit Card
ORD17082,CUST4209,2023-02-18,Returned,Credit Card
ORD17083,CUST4447,2023-10-31,Pending,Credit Card
ORD17084,CUST1012,2022-09-08,Returned,Cash on Delivery
ORD17085,CUST3431,2025-03-21,Shipped,Cash on Delivery
ORD17086,CUST3498,2025-01-17,Shipped,PayPal
ORD17087,CUST3204,2023-12-03,Delivered,Cash on Delivery
ORD17088,CUST2023,2025-03-27,Shipped,Cash on Delivery
ORD17089,CUST2853,2023-02-26,Cancelled,PayPal
ORD17090,CUST5581,2023-09-27,Pending,PayPal
ORD17091,CUST4876,2023-09-09,Cancelled,Cash on Delivery
ORD17092,CUST2376,2025-01-22,Pending,Credit Card
ORD17093,CUST2446,2024-11-02,Returned,PayPal
ORD17094,CUST3647,2023-08-20,Shipped,Credit Card
ORD17095,CUST5747,2024-03-22,Returned,Credit Card
ORD17096,CUST5497,2023-01-09,Shipped,Cash on Delivery
ORD17097,CUST3505,2022-09-05,Cancelled,Credit Card
ORD17098,CUST5244,2024-11-09,Pending,Cash on Delivery
ORD17099,CUST2177,2024-12-10,Shipped,Cash on Delivery
ORD17100,CUST3502,2024-11-03,Returned,Credit Card
ORD17101,CUST4145,2023-05-19,Returned,Cash on Delivery
ORD17102,CUST3065,2023-11-03,Pending,PayPal
ORD17103,CUST3868,2022-10-26,Pending,Cash on Delivery
ORD17104,CUST5424,2022-12-14,Delivered,Credit Card
ORD17105,CUST3790,2023-09-21,Pending,PayPal
ORD17106,CUST3386,2024-10-26,Pending,Cash on Delivery
ORD17107,CUST5653,2023-01-21,Returned,Credit Card
ORD17108,CUST3838,2025-01-28,Returned,Cash on Delivery
ORD17109,CUST4655,2023-08-27,Delivered,Cash on Delivery
ORD17110,CUST5239,2024-05-02,Returned,PayPal
ORD17111,CUST5327,2023-08-08,Delivered,Cash on Delivery
ORD17112,CUST4434,2024-04-26,Shipped,Cash on Delivery
ORD17113,CUST1083,2023-12-25,Pending,PayPal
ORD17114,CUST5603,2023-07-02,Delivered,PayPal
ORD17115,CUST4692,2024-04-12,Returned,PayPal
ORD17116,CUST5332,2024-11-06,Shipped,Cash on Delivery
ORD17117,CUST4802,2023-08-21,Delivered,Cash on Delivery
ORD17118,CUST1142,2023-03-07,Pending,Cash on Delivery
ORD17119,CUST2203,2023-04-08,Delivered,Credit Card
ORD17120,CUST1777,2023-11-30,Delivered,PayPal
ORD17121,CUST3494,2025-03-03,Shipped,PayPal
ORD17122,CUST4293,2024-12-05,Returned,Cash on Delivery
ORD17123,CUST4113,2024-02-18,Shipped,PayPal
ORD17124,CUST4582,2023-08-28,Pending,Cash on Delivery
ORD17125,CUST5723,2023-01-31,Delivered,Cash on Delivery
ORD17126,CUST5468,2023-05-07,Shipped,Cash on Delivery
ORD17127,CUST1836,2024-04-09,Returned,PayPal
ORD17128,CUST3368,2023-09-16,Returned,Credit Card
ORD17129,CUST4466,2023-06-30,Returned,PayPal
ORD17130,CUST1903,2025-06-21,Delivered,Cash on Delivery
ORD17131,CUST1246,2025-04-13,Delivered,PayPal
ORD17132,CUST2602,2024-02-12,Cancelled,Cash on Delivery
ORD17133,CUST2059,2024-03-23,Delivered,Credit Card
ORD17134,CUST1964,2025-07-24,Delivered,Cash on Delivery
ORD17135,CUST4837,2023-04-22,Pending,Cash on Delivery
ORD17136,CUST5990,2024-02-02,Delivered,Credit Card
ORD17137,CUST4829,2025-07-15,Returned,PayPal
ORD17138,CUST4801,2024-05-29,Shipped,PayPal
ORD17139,CUST5049,2025-03-20,Returned,Cash on Delivery
ORD17140,CUST2772,2025-06-02,Shipped,Credit Card
ORD17141,CUST5688,2024-04-17,Delivered,Cash on Delivery
ORD17142,CUST1502,2023-11-27,Shipped,Cash on Delivery
ORD17143,CUST1407,2024-08-29,Returned,PayPal
ORD17144,CUST4255,2023-10-03,Cancelled,Cash on Delivery
ORD17145,CUST1094,2025-07-06,Shipped,Credit Card
ORD17146,CUST1342,2025-08-19,Pending,Credit Card
ORD17147,CUST2366,2023-08-09,Delivered,PayPal
ORD17148,CUST5115,2025-07-31,Shipped,PayPal
ORD17149,CUST2539,2023-03-28,Returned,Cash on Delivery
ORD17150,CUST1860,2023-03-08,Shipped,Cash on Delivery
ORD17151,CUST1004,2025-01-14,Pending,Cash on Delivery
ORD17152,CUST2103,2024-05-31,Pending,PayPal
ORD17153,CUST4591,2024-07-27,Cancelled,Cash on Delivery
ORD17154,CUST4784,2025-04-24,Shipped,Cash on Delivery
ORD17155,CUST5171,2023-04-30,Cancelled,Credit Card
ORD17156,CUST1920,2023-12-03,Shipped,Cash on Delivery
ORD17157,CUST5699,2025-03-09,Cancelled,Cash on Delivery
ORD17158,CUST4922,2023-07-08,Delivered,Credit Card
ORD17159,CUST1968,2023-06-07,Pending,Cash on Delivery
ORD17160,CUST5722,2022-11-01,Pending,PayPal
ORD17161,CUST4168,2022-08-28,Delivered,PayPal
ORD17162,CUST2960,2024-09-30,Cancelled,Cash on Delivery
ORD17163,CUST3508,2024-08-24,Delivered,Credit Card
ORD17164,CUST1444,2024-01-25,Pending,Credit Card
ORD17165,CUST1077,2024-03-16,Shipped,PayPal
ORD17166,CUST2166,2022-10-05,Cancelled,Cash on Delivery
ORD17167,CUST5901,2023-08-08,Shipped,PayPal
ORD17168,CUST3066,2024-06-08,Shipped,PayPal
ORD17169,CUST5595,2024-11-02,Pending,Cash on Delivery
ORD17170,CUST4029,2022-11-18,Cancelled,Credit Card
ORD17171,CUST2154,2023-05-07,Pending,Cash on Delivery
ORD17172,CUST5246,2023-05-19,Shipped,PayPal
ORD17173,CUST3677,2023-07-13,Cancelled,Credit Card
ORD17174,CUST4144,2022-10-10,Returned,Cash on Delivery
ORD17175,CUST1253,2023-03-30,Delivered,PayPal
ORD17176,CUST5171,2024-04-16,Pending,PayPal
ORD17177,CUST4677,2023-08-02,Returned,Cash on Delivery
ORD17178,CUST1568,2024-03-05,Shipped,Cash on Delivery
ORD17179,CUST5251,2024-02-15,Shipped,Cash on Delivery
ORD17180,CUST2997,2023-11-03,Cancelled,Credit Card
ORD17181,CUST4092,2023-03-30,Pending,Credit Card
ORD17182,CUST5730,2023-06-20,Delivered,PayPal
ORD17183,CUST1154,2024-02-18,Pending,Cash on Delivery
ORD17184,CUST1387,2024-11-13,Delivered,Cash on Delivery
ORD17185,CUST2805,2024-10-21,Pending,Cash on Delivery
ORD17186,CUST1082,2023-02-25,Delivered,Credit Card
ORD17187,CUST1651,2023-06-05,Pending,Credit Card
ORD17188,CUST2949,2024-10-06,Returned,Credit Card
ORD17189,CUST5909,2023-08-12,Shipped,Cash on Delivery
ORD17190,CUST1078,2022-12-26,Pending,PayPal
ORD17191,CUST4521,2023-03-19,Pending,Cash on Delivery
ORD17192,CUST3788,2024-08-26,Cancelled,Cash on Delivery
ORD17193,CUST4765,2024-02-03,Pending,PayPal
ORD17194,CUST4354,2023-12-02,Pending,Cash on Delivery
ORD17195,CUST1614,2024-06-03,Shipped,PayPal
ORD17196,CUST3351,2023-04-01,Delivered,PayPal
ORD17197,CUST3370,2024-04-01,Pending,Cash on Delivery
ORD17198,CUST5339,2025-04-12,Delivered,PayPal
ORD17199,CUST3937,2023-08-26,Cancelled,Credit Card
ORD17200,CUST1911,2024-11-18,Returned,PayPal
ORD17201,CUST3882,2025-05-15,Returned,Credit Card
ORD17202,CUST3764,2023-03-04,Returned,PayPal
ORD17203,CUST4558,2023-12-24,Returned,Cash on Delivery
ORD17204,CUST5863,2025-03-24,Delivered,Credit Card
ORD17205,CUST1563,2024-06-12,Shipped,PayPal
ORD17206,CUST1918,2023-08-05,Cancelled,Credit Card
ORD17207,CUST4811,2024-09-18,Delivered,Cash on Delivery
ORD17208,CUST2163,2022-10-20,Cancelled,Cash on Delivery
ORD17209,CUST5928,2024-03-09,Pending,Cash on Delivery
ORD17210,CUST5083,2024-07-03,Cancelled,Credit Card
ORD17211,CUST2441,2023-08-11,Pending,PayPal
ORD17212,CUST5117,2024-03-13,Returned,Cash on Delivery
ORD17213,CUST1935,2022-12-04,Shipped,Credit Card
ORD17214,CUST1466,2023-01-02,Returned,Cash on Delivery
ORD17215,CUST5206,2024-07-17,Delivered,PayPal
ORD17216,CUST2193,2023-10-03,Cancelled,Credit Card
ORD17217,CUST3180,2024-08-09,Pending,PayPal
ORD17218,CUST5781,2023-08-06,Returned,Credit Card
ORD17219,CUST3484,2024-07-05,Shipped,PayPal
ORD17220,CUST2570,2024-03-07,Shipped,Cash on Delivery
ORD17221,CUST5959,2024-10-04,Pending,PayPal
ORD17222,CUST1206,2022-10-23,Cancelled,PayPal
ORD17223,CUST3072,2024-01-22,Cancelled,Cash on Delivery
ORD17224,CUST5220,2024-09-28,Returned,Credit Card
ORD17225,CUST3064,2025-05-16,Pending,Cash on Delivery
ORD17226,CUST2368,2025-02-23,Shipped,Credit Card
ORD17227,CUST3826,2025-01-23,Delivered,PayPal
ORD17228,CUST1090,2024-12-01,Delivered,Cash on Delivery
ORD17229,CUST5523,2023-03-30,Delivered,PayPal
ORD17230,CUST5775,2024-12-12,Returned,PayPal
ORD17231,CUST3814,2024-05-28,Cancelled,Credit Card
ORD17232,CUST2219,2023-05-02,Returned,PayPal
ORD17233,CUST3902,2023-05-15,Cancelled,Cash on Delivery
ORD17234,CUST4924,2025-05-20,Cancelled,Cash on Delivery
ORD17235,CUST5006,2023-06-19,Pending,Cash on Delivery
ORD17236,CUST1516,2024-07-23,Pending,Cash on Delivery
ORD17237,CUST1021,2025-05-04,Returned,PayPal
ORD17238,CUST1296,2023-06-12,Pending,PayPal
ORD17239,CUST2508,2022-09-23,Cancelled,Cash on Delivery
ORD17240,CUST3862,2023-09-08,Cancelled,PayPal
ORD17241,CUST5570,2025-02-22,Returned,PayPal
ORD17242,CUST3539,2024-08-13,Returned,Cash on Delivery
ORD17243,CUST3573,2025-01-20,Shipped,Credit Card
ORD17244,CUST4445,2023-04-10,Cancelled,PayPal
ORD17245,CUST3350,2024-04-06,Shipped,Credit Card
ORD17246,CUST4996,2024-08-26,Cancelled,Credit Card
ORD17247,CUST2653,2025-03-01,Delivered,PayPal
ORD17248,CUST1601,2023-05-01,Delivered,Cash on Delivery
ORD17249,CUST5765,2025-03-17,Delivered,PayPal
ORD17250,CUST1225,2023-02-15,Delivered,Credit Card
ORD17251,CUST2528,2024-10-05,Cancelled,Cash on Delivery
ORD17252,CUST5416,2024-03-24,Returned,Credit Card
ORD17253,CUST5379,2023-05-17,Returned,Cash on Delivery
ORD17254,CUST3043,2025-08-08,Shipped,Cash on Delivery
ORD17255,CUST2184,2022-08-28,Cancelled,Credit Card
ORD17256,CUST3781,2025-05-02,Delivered,Credit Card
ORD17257,CUST3665,2024-08-01,Cancelled,PayPal
ORD17258,CUST5395,2025-06-04,Delivered,Cash on Delivery
ORD17259,CUST1756,2025-01-09,Pending,PayPal
ORD17260,CUST2296,2025-01-05,Delivered,Credit Card
ORD17261,CUST5998,2025-06-02,Pending,Credit Card
ORD17262,CUST1139,2024-05-27,Returned,Cash on Delivery
ORD17263,CUST2279,2025-07-27,Shipped,Credit Card
ORD17264,CUST2496,2023-07-18,Pending,Credit Card
ORD17265,CUST4684,2023-03-15,Shipped,Credit Card
ORD17266,CUST2387,2023-04-27,Shipped,PayPal
ORD17267,CUST5646,2023-09-04,Delivered,Credit Card
ORD17268,CUST3903,2023-03-16,Cancelled,Cash on Delivery
ORD17269,CUST5971,2023-07-03,Shipped,PayPal
ORD17270,CUST1619,2023-04-27,Delivered,PayPal
ORD17271,CUST1128,2025-08-09,Cancelled,Credit Card
ORD17272,CUST3544,2024-12-11,Cancelled,Credit Card
ORD17273,CUST2231,2024-02-06,Returned,PayPal
ORD17274,CUST3736,2023-06-16,Cancelled,Cash on Delivery
ORD17275,CUST4188,2023-01-27,Pending,PayPal
ORD17276,CUST2728,2025-05-02,Delivered,PayPal
ORD17277,CUST4419,2025-05-23,Shipped,PayPal
ORD17278,CUST4654,2024-07-13,Cancelled,Cash on Delivery
ORD17279,CUST2053,2023-02-05,Delivered,Credit Card
ORD17280,CUST5539,2025-01-16,Shipped,Credit Card
ORD17281,CUST3213,2024-05-18,Shipped,PayPal
ORD17282,CUST1302,2024-02-01,Cancelled,PayPal
ORD17283,CUST4185,2022-10-13,Cancelled,Credit Card
ORD17284,CUST3361,2024-10-28,Delivered,PayPal
ORD17285,CUST5738,2023-02-15,Pending,Credit Card
ORD17286,CUST1478,2023-03-07,Pending,PayPal
ORD17287,CUST1712,2023-07-04,Delivered,PayPal
ORD17288,CUST3542,2025-01-11,Returned,Cash on Delivery
ORD17289,CUST5221,2024-06-30,Returned,PayPal
ORD17290,CUST2634,2024-11-22,Shipped,Credit Card
ORD17291,CUST5282,2022-11-14,Cancelled,PayPal
ORD17292,CUST4317,2025-02-20,Cancelled,Cash on Delivery
ORD17293,CUST4873,2024-05-17,Returned,PayPal
ORD17294,CUST3944,2025-01-12,Shipped,Credit Card
ORD17295,CUST4116,2024-11-08,Cancelled,Credit Card
ORD17296,CUST2745,2024-06-27,Returned,Credit Card
ORD17297,CUST2500,2025-02-07,Cancelled,Credit Card
ORD17298,CUST5687,2022-09-17,Cancelled,PayPal
ORD17299,CUST1642,2024-09-15,Delivered,Cash on Delivery
ORD17300,CUST2679,2024-01-10,Delivered,Cash on Delivery
ORD17301,CUST4614,2023-11-28,Returned,Credit Card
ORD17302,CUST1292,2024-09-21,Shipped,Cash on Delivery
ORD17303,CUST1585,2024-05-22,Delivered,Cash on Delivery
ORD17304,CUST4963,2023-06-13,Returned,Cash on Delivery
ORD17305,CUST3037,2023-11-12,Shipped,Cash on Delivery
ORD17306,CUST2202,2023-01-23,Returned,Credit Card
ORD17307,CUST5976,2025-02-01,Returned,PayPal
ORD17308,CUST4397,2024-09-05,Delivered,Cash on Delivery
ORD17309,CUST3432,2025-04-07,Shipped,Cash on Delivery
ORD17310,CUST5280,2023-07-24,Shipped,PayPal
ORD17311,CUST4837,2024-11-16,Cancelled,Credit Card
ORD17312,CUST4456,2024-10-03,Shipped,Credit Card
ORD17313,CUST5206,2023-10-22,Pending,Cash on Delivery
ORD17314,CUST3254,2023-06-29,Delivered,PayPal
ORD17315,CUST4848,2025-08-15,Pending,PayPal
ORD17316,CUST3161,2025-01-09,Delivered,Credit Card
ORD17317,CUST2740,2024-06-19,Returned,Cash on Delivery
ORD17318,CUST3026,2023-07-21,Returned,Credit Card
ORD17319,CUST3433,2023-01-04,Returned,PayPal
ORD17320,CUST5680,2023-03-01,Returned,Credit Card
ORD17321,CUST3055,2023-05-01,Pending,Credit Card
ORD17322,CUST2410,2023-02-18,Cancelled,Cash on Delivery
ORD17323,CUST4437,2023-12-15,Cancelled,Cash on Delivery
ORD17324,CUST3247,2024-03-28,Returned,Credit Card
ORD17325,CUST2781,2022-12-24,Delivered,Cash on Delivery
ORD17326,CUST5446,2023-08-08,Returned,Cash on Delivery
ORD17327,CUST5780,2024-04-26,Pending,Credit Card
ORD17328,CUST2332,2022-11-22,Shipped,PayPal
ORD17329,CUST1464,2023-05-16,Shipped,Cash on Delivery
ORD17330,CUST5447,2023-10-11,Shipped,Credit Card
ORD17331,CUST5242,2024-08-28,Delivered,Credit Card
ORD17332,CUST1716,2022-11-20,Returned,Credit Card
ORD17333,CUST3302,2025-03-20,Returned,PayPal
ORD17334,CUST4322,2024-04-27,Delivered,PayPal
ORD17335,CUST3556,2024-08-24,Cancelled,PayPal
ORD17336,CUST1986,2022-09-29,Shipped,PayPal
ORD17337,CUST5429,2023-05-15,Pending,PayPal
ORD17338,CUST4008,2022-12-26,Delivered,Cash on Delivery
ORD17339,CUST5437,2024-01-04,Shipped,PayPal
ORD17340,CUST1481,2023-01-02,Shipped,Cash on Delivery
ORD17341,CUST3077,2024-12-01,Delivered,PayPal
ORD17342,CUST5106,2023-04-27,Shipped,Cash on Delivery
ORD17343,CUST1037,2024-03-08,Shipped,PayPal
ORD17344,CUST3034,2023-09-07,Returned,Credit Card
ORD17345,CUST2882,2025-05-16,Returned,Cash on Delivery
ORD17346,CUST5219,2025-03-29,Delivered,Cash on Delivery
ORD17347,CUST1912,2024-12-15,Pending,Cash on Delivery
ORD17348,CUST4719,2023-04-15,Pending,PayPal
ORD17349,CUST1811,2025-07-14,Cancelled,Credit Card
ORD17350,CUST4326,2023-04-16,Cancelled,Credit Card
ORD17351,CUST3086,2022-12-08,Shipped,Credit Card
ORD17352,CUST3368,2024-04-15,Shipped,Cash on Delivery
ORD17353,CUST5126,2025-03-02,Cancelled,Credit Card
ORD17354,CUST1720,2025-01-29,Delivered,Cash on Delivery
ORD17355,CUST4694,2023-08-05,Shipped,Credit Card
ORD17356,CUST4296,2023-02-24,Pending,PayPal
ORD17357,CUST5377,2025-01-08,Shipped,Cash on Delivery
ORD17358,CUST1985,2023-04-08,Cancelled,Credit Card
ORD17359,CUST1357,2025-01-24,Pending,Credit Card
ORD17360,CUST4597,2022-10-12,Cancelled,Credit Card
ORD17361,CUST3420,2023-05-27,Delivered,Credit Card
ORD17362,CUST2630,2024-10-21,Delivered,PayPal
ORD17363,CUST1485,2025-02-21,Pending,Cash on Delivery
ORD17364,CUST4685,2025-07-27,Shipped,PayPal
ORD17365,CUST4951,2025-07-04,Pending,Credit Card
ORD17366,CUST2472,2024-03-25,Delivered,Cash on Delivery
ORD17367,CUST3659,2023-04-21,Pending,PayPal
ORD17368,CUST5942,2025-03-14,Pending,Credit Card
ORD17369,CUST3283,2023-05-27,Cancelled,Cash on Delivery
ORD17370,CUST4431,2024-10-31,Pending,Credit Card
ORD17371,CUST1125,2024-08-18,Returned,PayPal
ORD17372,CUST3845,2022-10-31,Cancelled,PayPal
ORD17373,CUST4570,2024-11-15,Cancelled,Credit Card
ORD17374,CUST5546,2024-10-08,Pending,PayPal
ORD17375,CUST5468,2023-06-08,Cancelled,Cash on Delivery
ORD17376,CUST1976,2024-03-30,Pending,PayPal
ORD17377,CUST1128,2025-03-19,Pending,Cash on Delivery
ORD17378,CUST1036,2023-07-27,Cancelled,Credit Card
ORD17379,CUST3281,2023-08-17,Delivered,Cash on Delivery
ORD17380,CUST1721,2025-03-09,Shipped,PayPal
ORD17381,CUST3927,2023-03-24,Delivered,Credit Card
ORD17382,CUST3184,2024-07-04,Delivered,Credit Card
ORD17383,CUST2606,2024-06-02,Shipped,PayPal
ORD17384,CUST4259,2023-01-23,Pending,PayPal
ORD17385,CUST1611,2023-03-15,Delivered,Credit Card
ORD17386,CUST4499,2023-01-16,Shipped,PayPal
ORD17387,CUST3563,2024-12-30,Cancelled,Credit Card
ORD17388,CUST5116,2024-02-02,Returned,PayPal
ORD17389,CUST3861,2025-01-11,Cancelled,Cash on Delivery
ORD17390,CUST5504,2023-10-22,Pending,Credit Card
ORD17391,CUST1153,2023-11-15,Cancelled,Cash on Delivery
ORD17392,CUST3261,2024-08-13,Delivered,Cash on Delivery
ORD17393,CUST3511,2022-09-23,Pending,Cash on Delivery
ORD17394,CUST4983,2024-03-13,Cancelled,Credit Card
ORD17395,CUST2106,2024-04-18,Returned,Cash on Delivery
ORD17396,CUST3169,2023-05-25,Returned,Cash on Delivery
ORD17397,CUST3206,2024-11-26,Delivered,PayPal
ORD17398,CUST4141,2025-04-17,Delivered,PayPal
ORD17399,CUST1359,2023-05-20,Shipped,Credit Card
ORD17400,CUST4687,2023-03-23,Delivered,Cash on Delivery
ORD17401,CUST5762,2023-05-17,Returned,Cash on Delivery
ORD17402,CUST4462,2024-10-30,Returned,Cash on Delivery
ORD17403,CUST1539,2023-04-19,Pending,PayPal
ORD17404,CUST4530,2024-03-14,Delivered,Cash on Delivery
ORD17405,CUST3351,2025-07-28,Returned,Credit Card
ORD17406,CUST4488,2024-06-01,Delivered,Cash on Delivery
ORD17407,CUST1603,2023-01-12,Pending,Credit Card
ORD17408,CUST5835,2025-06-18,Returned,Cash on Delivery
ORD17409,CUST4469,2025-05-22,Shipped,Cash on Delivery
ORD17410,CUST1734,2023-03-22,Returned,Credit Card
ORD17411,CUST4345,2023-03-27,Shipped,Cash on Delivery
ORD17412,CUST4898,2024-05-13,Pending,PayPal
ORD17413,CUST3308,2025-02-17,Shipped,Cash on Delivery
ORD17414,CUST4519,2025-03-06,Returned,PayPal
ORD17415,CUST2265,2024-11-30,Delivered,Cash on Delivery
ORD17416,CUST1975,2022-12-19,Returned,Credit Card
ORD17417,CUST2398,2022-09-28,Returned,Credit Card
ORD17418,CUST3553,2025-01-27,Pending,Credit Card
ORD17419,CUST3624,2022-08-25,Delivered,PayPal
ORD17420,CUST3942,2024-12-15,Delivered,Cash on Delivery
ORD17421,CUST1564,2022-11-29,Delivered,Cash on Delivery
ORD17422,CUST4948,2022-11-18,Cancelled,Cash on Delivery
ORD17423,CUST5357,2023-03-26,Returned,Cash on Delivery
ORD17424,CUST4696,2025-07-30,Pending,Credit Card
ORD17425,CUST3302,2025-05-24,Delivered,Cash on Delivery
ORD17426,CUST4401,2022-11-06,Returned,Cash on Delivery
ORD17427,CUST1140,2025-01-27,Cancelled,PayPal
ORD17428,CUST3345,2022-11-05,Cancelled,Credit Card
ORD17429,CUST2947,2025-03-06,Returned,Credit Card
ORD17430,CUST2003,2023-08-11,Pending,Cash on Delivery
ORD17431,CUST5070,2025-04-18,Cancelled,Cash on Delivery
ORD17432,CUST3869,2023-11-25,Delivered,PayPal
ORD17433,CUST3224,2023-03-11,Delivered,Cash on Delivery
ORD17434,CUST5479,2024-06-15,Shipped,PayPal
ORD17435,CUST5736,2024-12-31,Pending,Cash on Delivery
ORD17436,CUST2512,2023-06-23,Pending,Credit Card
ORD17437,CUST5593,2023-08-09,Cancelled,Credit Card
ORD17438,CUST3964,2023-02-27,Returned,PayPal
ORD17439,CUST3136,2023-04-04,Delivered,PayPal
ORD17440,CUST3939,2024-09-29,Returned,Cash on Delivery
ORD17441,CUST4605,2024-09-27,Pending,PayPal
ORD17442,CUST2136,2024-07-01,Returned,PayPal
ORD17443,CUST2947,2023-08-09,Delivered,Cash on Delivery
ORD17444,CUST1813,2024-08-21,Cancelled,Cash on Delivery
ORD17445,CUST2616,2023-06-25,Shipped,Cash on Delivery
ORD17446,CUST2455,2025-02-19,Cancelled,PayPal
ORD17447,CUST2363,2023-08-16,Pending,PayPal
ORD17448,CUST1779,2024-07-25,Delivered,PayPal
ORD17449,CUST5451,2023-02-28,Returned,Credit Card
ORD17450,CUST1565,2023-12-01,Shipped,Credit Card
ORD17451,CUST2930,2023-11-18,Delivered,PayPal
ORD17452,CUST4656,2022-12-08,Pending,PayPal
ORD17453,CUST2551,2024-10-30,Delivered,Credit Card
ORD17454,CUST3570,2025-06-15,Delivered,PayPal
ORD17455,CUST5937,2024-07-21,Shipped,PayPal
ORD17456,CUST2155,2025-05-07,Shipped,Credit Card
ORD17457,CUST3210,2024-03-30,Returned,Credit Card
ORD17458,CUST1323,2024-02-24,Pending,Credit Card
ORD17459,CUST2709,2024-12-21,Shipped,Cash on Delivery
ORD17460,CUST3828,2023-05-12,Pending,Cash on Delivery
ORD17461,CUST1860,2023-09-07,Shipped,Credit Card
ORD17462,CUST3723,2023-02-14,Shipped,Cash on Delivery
ORD17463,CUST2629,2023-03-06,Returned,PayPal
ORD17464,CUST5136,2024-05-14,Delivered,Cash on Delivery
ORD17465,CUST5427,2024-10-13,Returned,PayPal
ORD17466,CUST4659,2024-04-16,Pending,PayPal
ORD17467,CUST1397,2023-10-27,Shipped,Credit Card
ORD17468,CUST1082,2022-11-10,Shipped,Credit Card
ORD17469,CUST2030,2023-03-17,Pending,Credit Card
ORD17470,CUST5753,2025-05-18,Shipped,Cash on Delivery
ORD17471,CUST2984,2023-03-16,Pending,Credit Card
ORD17472,CUST3888,2023-12-17,Pending,Cash on Delivery
ORD17473,CUST3349,2024-05-25,Cancelled,Credit Card
ORD17474,CUST4321,2023-04-12,Returned,Cash on Delivery
ORD17475,CUST1392,2023-02-07,Cancelled,Credit Card
ORD17476,CUST3074,2024-09-19,Cancelled,Credit Card
ORD17477,CUST4823,2022-09-01,Delivered,Cash on Delivery
ORD17478,CUST5826,2023-05-01,Delivered,Cash on Delivery
ORD17479,CUST1126,2023-10-24,Cancelled,Credit Card
ORD17480,CUST2261,2023-02-23,Cancelled,Credit Card
ORD17481,CUST2441,2025-03-27,Shipped,Cash on Delivery
ORD17482,CUST2357,2023-04-19,Cancelled,PayPal
ORD17483,CUST3054,2022-09-08,Delivered,PayPal
ORD17484,CUST1979,2023-04-17,Cancelled,Credit Card
ORD17485,CUST2382,2025-01-15,Returned,Cash on Delivery
ORD17486,CUST1487,2025-08-15,Delivered,PayPal
ORD17487,CUST4519,2024-10-01,Pending,Credit Card
ORD17488,CUST4402,2025-08-19,Shipped,Cash on Delivery
ORD17489,CUST3926,2024-11-12,Pending,Cash on Delivery
ORD17490,CUST1345,2024-09-02,Returned,Cash on Delivery
ORD17491,CUST5933,2025-02-20,Returned,Cash on Delivery
ORD17492,CUST5855,2025-03-22,Shipped,Cash on Delivery
ORD17493,CUST4108,2022-08-28,Pending,PayPal
ORD17494,CUST4392,2023-07-20,Delivered,PayPal
ORD17495,CUST5918,2025-06-16,Returned,PayPal
ORD17496,CUST2378,2023-09-11,Delivered,PayPal
ORD17497,CUST1860,2025-06-21,Returned,Cash on Delivery
ORD17498,CUST3614,2024-05-31,Shipped,PayPal
ORD17499,CUST1165,2023-01-04,Shipped,Credit Card
ORD17500,CUST1862,2022-12-12,Returned,PayPal
ORD17501,CUST2246,2023-01-27,Delivered,Cash on Delivery
ORD17502,CUST4556,2024-07-18,Pending,Credit Card
ORD17503,CUST3001,2025-04-16,Pending,PayPal
ORD17504,CUST3821,2024-11-30,Pending,PayPal
ORD17505,CUST4595,2022-11-20,Delivered,Credit Card
ORD17506,CUST2564,2024-11-22,Pending,Cash on Delivery
ORD17507,CUST1099,2023-06-13,Pending,Cash on Delivery
ORD17508,CUST5507,2024-01-30,Returned,PayPal
ORD17509,CUST3877,2024-06-08,Returned,Credit Card
ORD17510,CUST5133,2024-02-27,Pending,PayPal
ORD17511,CUST4866,2024-12-25,Shipped,Credit Card
ORD17512,CUST1772,2022-10-03,Cancelled,Cash on Delivery
ORD17513,CUST5785,2022-09-07,Returned,Cash on Delivery
ORD17514,CUST1183,2024-11-14,Shipped,PayPal
ORD17515,CUST4811,2024-04-01,Cancelled,Cash on Delivery
ORD17516,CUST4677,2024-09-10,Delivered,PayPal
ORD17517,CUST3846,2025-02-03,Delivered,Cash on Delivery
ORD17518,CUST1499,2024-06-04,Pending,Cash on Delivery
ORD17519,CUST5377,2024-12-01,Cancelled,Cash on Delivery
ORD17520,CUST4694,2024-04-14,Cancelled,PayPal
ORD17521,CUST3121,2024-10-11,Cancelled,PayPal
ORD17522,CUST4028,2024-09-24,Pending,PayPal
ORD17523,CUST4466,2025-08-17,Delivered,Cash on Delivery
ORD17524,CUST5776,2023-02-08,Returned,Credit Card
ORD17525,CUST4160,2023-07-26,Cancelled,Cash on Delivery
ORD17526,CUST1498,2023-10-29,Pending,Credit Card
ORD17527,CUST2742,2025-08-22,Pending,PayPal
ORD17528,CUST4126,2023-11-27,Delivered,Cash on Delivery
ORD17529,CUST5389,2023-09-20,Shipped,PayPal
ORD17530,CUST5961,2024-03-29,Shipped,Cash on Delivery
ORD17531,CUST5690,2023-06-23,Delivered,PayPal
ORD17532,CUST3030,2025-03-22,Delivered,Credit Card
ORD17533,CUST2352,2024-02-25,Returned,Cash on Delivery
ORD17534,CUST4500,2024-09-19,Cancelled,Cash on Delivery
ORD17535,CUST5972,2023-12-23,Delivered,PayPal
ORD17536,CUST5278,2025-05-26,Pending,PayPal
ORD17537,CUST5459,2022-09-12,Cancelled,PayPal
ORD17538,CUST3739,2025-08-19,Delivered,Cash on Delivery
ORD17539,CUST2955,2022-11-27,Cancelled,Cash on Delivery
ORD17540,CUST2694,2024-03-08,Returned,Credit Card
ORD17541,CUST2225,2022-12-29,Returned,PayPal
ORD17542,CUST4401,2023-05-26,Shipped,Credit Card
ORD17543,CUST2903,2024-12-02,Shipped,Cash on Delivery
ORD17544,CUST2368,2023-11-08,Returned,Credit Card
ORD17545,CUST4170,2024-09-04,Cancelled,Cash on Delivery
ORD17546,CUST1068,2023-09-27,Delivered,Credit Card
ORD17547,CUST4022,2022-09-17,Cancelled,Cash on Delivery
ORD17548,CUST5123,2025-03-21,Returned,Credit Card
ORD17549,CUST4434,2024-08-01,Delivered,PayPal
ORD17550,CUST4328,2023-02-05,Pending,Credit Card
ORD17551,CUST3364,2024-02-17,Shipped,Cash on Delivery
ORD17552,CUST2838,2024-04-30,Delivered,Credit Card
ORD17553,CUST5715,2023-06-04,Returned,Credit Card
ORD17554,CUST1503,2022-12-31,Pending,Cash on Delivery
ORD17555,CUST5509,2024-09-16,Returned,Credit Card
ORD17556,CUST2336,2023-08-30,Cancelled,Cash on Delivery
ORD17557,CUST1866,2024-01-16,Pending,Cash on Delivery
ORD17558,CUST2210,2023-04-01,Delivered,PayPal
ORD17559,CUST3720,2024-04-02,Cancelled,Cash on Delivery
ORD17560,CUST2588,2024-07-07,Returned,Credit Card
ORD17561,CUST2012,2022-12-20,Delivered,Cash on Delivery
ORD17562,CUST1873,2025-01-19,Pending,Cash on Delivery
ORD17563,CUST5752,2023-03-13,Delivered,PayPal
ORD17564,CUST1625,2025-06-15,Cancelled,Credit Card
ORD17565,CUST3793,2022-12-10,Returned,Credit Card
ORD17566,CUST3401,2025-05-04,Delivered,Credit Card
ORD17567,CUST3836,2024-10-05,Shipped,Credit Card
ORD17568,CUST1163,2023-05-19,Delivered,PayPal
ORD17569,CUST1358,2025-01-06,Shipped,Cash on Delivery
ORD17570,CUST3711,2023-10-23,Delivered,Credit Card
ORD17571,CUST5802,2024-08-17,Cancelled,PayPal
ORD17572,CUST5642,2025-07-21,Cancelled,Cash on Delivery
ORD17573,CUST2823,2023-07-25,Shipped,Credit Card
ORD17574,CUST3516,2024-07-31,Pending,PayPal
ORD17575,CUST1028,2023-10-30,Returned,PayPal
ORD17576,CUST3551,2023-12-01,Returned,PayPal
ORD17577,CUST3957,2023-11-23,Cancelled,Credit Card
ORD17578,CUST4315,2025-07-04,Pending,PayPal
ORD17579,CUST5189,2025-01-16,Delivered,PayPal
ORD17580,CUST4522,2023-12-03,Shipped,PayPal
ORD17581,CUST3877,2023-10-26,Delivered,PayPal
ORD17582,CUST4648,2024-09-19,Delivered,Cash on Delivery
ORD17583,CUST1603,2024-05-06,Returned,Credit Card
ORD17584,CUST4372,2023-09-07,Returned,Cash on Delivery
ORD17585,CUST5771,2024-03-07,Returned,Cash on Delivery
ORD17586,CUST1054,2023-05-17,Shipped,Cash on Delivery
ORD17587,CUST4193,2023-06-28,Pending,Credit Card
ORD17588,CUST4814,2025-05-24,Cancelled,PayPal
ORD17589,CUST1108,2023-07-03,Cancelled,Cash on Delivery
ORD17590,CUST4813,2024-11-25,Cancelled,PayPal
ORD17591,CUST4593,2025-07-23,Shipped,Cash on Delivery
ORD17592,CUST5669,2023-03-28,Cancelled,Cash on Delivery
ORD17593,CUST3906,2024-01-11,Delivered,PayPal
ORD17594,CUST3972,2023-10-01,Delivered,Cash on Delivery
ORD17595,CUST2072,2024-08-14,Cancelled,Credit Card
ORD17596,CUST3242,2024-11-30,Shipped,Cash on Delivery
ORD17597,CUST1674,2023-11-22,Returned,PayPal
ORD17598,CUST1114,2022-10-24,Returned,PayPal
ORD17599,CUST1570,2023-11-19,Pending,Cash on Delivery
ORD17600,CUST1437,2025-03-03,Delivered,Cash on Delivery
ORD17601,CUST2337,2023-07-27,Pending,Cash on Delivery
ORD17602,CUST1388,2025-01-26,Delivered,Cash on Delivery
ORD17603,CUST2461,2024-03-26,Delivered,Credit Card
ORD17604,CUST2638,2025-08-20,Cancelled,Cash on Delivery
ORD17605,CUST3471,2025-03-04,Cancelled,PayPal
ORD17606,CUST3938,2024-04-15,Pending,Cash on Delivery
ORD17607,CUST2013,2023-01-07,Shipped,Cash on Delivery
ORD17608,CUST1722,2024-12-21,Delivered,PayPal
ORD17609,CUST4248,2024-11-25,Shipped,PayPal
ORD17610,CUST5749,2025-06-28,Shipped,PayPal
ORD17611,CUST4155,2024-03-13,Pending,Cash on Delivery
ORD17612,CUST5902,2023-01-23,Cancelled,Cash on Delivery
ORD17613,CUST2500,2024-05-12,Delivered,Cash on Delivery
ORD17614,CUST2072,2025-02-11,Pending,Credit Card
ORD17615,CUST2874,2025-04-03,Returned,Cash on Delivery
ORD17616,CUST2575,2025-02-25,Shipped,Credit Card
ORD17617,CUST3624,2025-05-07,Pending,PayPal
ORD17618,CUST4491,2023-07-23,Delivered,PayPal
ORD17619,CUST4365,2024-08-19,Delivered,PayPal
ORD17620,CUST4320,2023-09-20,Shipped,Credit Card
ORD17621,CUST5801,2023-04-01,Pending,Cash on Delivery
ORD17622,CUST2141,2025-02-12,Delivered,PayPal
ORD17623,CUST4963,2023-08-04,Cancelled,Cash on Delivery
ORD17624,CUST5854,2023-06-13,Returned,PayPal
ORD17625,CUST1190,2024-05-25,Returned,Credit Card
ORD17626,CUST3831,2023-09-03,Cancelled,Cash on Delivery
ORD17627,CUST1640,2025-05-20,Shipped,Cash on Delivery
ORD17628,CUST1834,2023-05-19,Returned,Cash on Delivery
ORD17629,CUST2169,2023-10-25,Delivered,Cash on Delivery
ORD17630,CUST3425,2023-02-19,Returned,PayPal
ORD17631,CUST1491,2024-06-27,Pending,PayPal
ORD17632,CUST2883,2022-12-23,Cancelled,Credit Card
ORD17633,CUST1631,2023-06-30,Shipped,Credit Card
ORD17634,CUST4725,2023-04-04,Cancelled,Cash on Delivery
ORD17635,CUST5208,2024-04-10,Cancelled,Credit Card
ORD17636,CUST2419,2025-08-02,Pending,PayPal
ORD17637,CUST2714,2022-09-09,Pending,Credit Card
ORD17638,CUST4915,2023-09-16,Cancelled,PayPal
ORD17639,CUST5676,2024-05-12,Returned,PayPal
ORD17640,CUST2883,2024-02-12,Delivered,Credit Card
ORD17641,CUST3743,2024-03-10,Cancelled,Cash on Delivery
ORD17642,CUST3310,2023-10-17,Returned,Cash on Delivery
ORD17643,CUST1456,2022-12-02,Delivered,Credit Card
ORD17644,CUST2168,2023-09-23,Pending,Credit Card
ORD17645,CUST4687,2025-04-27,Shipped,Cash on Delivery
ORD17646,CUST1434,2024-05-13,Delivered,Cash on Delivery
ORD17647,CUST3512,2024-05-20,Pending,Credit Card
ORD17648,CUST5394,2023-07-05,Shipped,Credit Card
ORD17649,CUST5492,2025-02-10,Shipped,PayPal
ORD17650,CUST1569,2023-11-29,Shipped,Credit Card
ORD17651,CUST5551,2025-02-23,Pending,Cash on Delivery
ORD17652,CUST1594,2024-09-18,Cancelled,Credit Card
ORD17653,CUST1018,2023-07-31,Shipped,Cash on Delivery
ORD17654,CUST2133,2025-02-13,Shipped,Credit Card
ORD17655,CUST4006,2023-12-17,Shipped,Credit Card
ORD17656,CUST1869,2025-06-02,Pending,Cash on Delivery
ORD17657,CUST4392,2023-09-27,Shipped,Credit Card
ORD17658,CUST5785,2025-04-08,Shipped,Credit Card
ORD17659,CUST1357,2023-06-25,Delivered,Cash on Delivery
ORD17660,CUST1839,2022-09-18,Delivered,Credit Card
ORD17661,CUST2625,2024-07-28,Cancelled,PayPal
ORD17662,CUST3939,2024-08-03,Shipped,PayPal
ORD17663,CUST3353,2023-08-26,Shipped,Credit Card
ORD17664,CUST2820,2022-10-25,Shipped,PayPal
ORD17665,CUST2407,2022-09-23,Returned,PayPal
ORD17666,CUST3487,2025-02-12,Delivered,PayPal
ORD17667,CUST1187,2025-07-10,Returned,Cash on Delivery
ORD17668,CUST5163,2023-10-01,Shipped,Cash on Delivery
ORD17669,CUST5256,2024-11-30,Pending,PayPal
ORD17670,CUST1384,2025-04-01,Returned,Credit Card
ORD17671,CUST5871,2022-11-05,Returned,PayPal
ORD17672,CUST1285,2025-08-09,Cancelled,PayPal
ORD17673,CUST2919,2025-06-12,Pending,Credit Card
ORD17674,CUST5706,2024-03-08,Delivered,PayPal
ORD17675,CUST2679,2024-05-16,Shipped,Credit Card
ORD17676,CUST3346,2025-02-13,Shipped,Credit Card
ORD17677,CUST5958,2022-12-20,Delivered,Credit Card
ORD17678,CUST2318,2022-09-21,Shipped,Credit Card
ORD17679,CUST3802,2023-04-08,Shipped,Cash on Delivery
ORD17680,CUST1996,2022-08-29,Delivered,Cash on Delivery
ORD17681,CUST4968,2023-10-26,Returned,Credit Card
ORD17682,CUST5092,2023-08-04,Shipped,Cash on Delivery
ORD17683,CUST4333,2022-12-07,Pending,Cash on Delivery
ORD17684,CUST5040,2023-09-28,Returned,Cash on Delivery
ORD17685,CUST2634,2025-06-30,Pending,Cash on Delivery
ORD17686,CUST1638,2024-12-11,Pending,Credit Card
ORD17687,CUST5526,2024-11-03,Shipped,Cash on Delivery
ORD17688,CUST4767,2024-08-18,Cancelled,PayPal
ORD17689,CUST4360,2022-09-03,Shipped,Cash on Delivery
ORD17690,CUST3551,2024-07-09,Cancelled,PayPal
ORD17691,CUST4328,2024-09-13,Pending,Cash on Delivery
ORD17692,CUST4333,2023-05-10,Delivered,Cash on Delivery
ORD17693,CUST3050,2023-08-24,Returned,Cash on Delivery
ORD17694,CUST5194,2025-04-12,Cancelled,PayPal
ORD17695,CUST4109,2024-02-08,Shipped,Cash on Delivery
ORD17696,CUST3678,2025-05-17,Cancelled,Cash on Delivery
ORD17697,CUST5066,2024-12-04,Pending,Credit Card
ORD17698,CUST5640,2024-06-01,Cancelled,Cash on Delivery
ORD17699,CUST3810,2022-12-28,Cancelled,PayPal
ORD17700,CUST3535,2025-07-23,Delivered,Cash on Delivery
ORD17701,CUST5580,2024-09-14,Delivered,Credit Card
ORD17702,CUST1730,2023-03-05,Cancelled,Credit Card
ORD17703,CUST5008,2022-10-26,Shipped,PayPal
ORD17704,CUST4255,2024-01-29,Pending,Cash on Delivery
ORD17705,CUST1217,2024-10-11,Returned,Cash on Delivery
ORD17706,CUST3359,2025-04-10,Delivered,PayPal
ORD17707,CUST2019,2024-10-24,Delivered,Credit Card
ORD17708,CUST1928,2023-05-17,Shipped,Credit Card
ORD17709,CUST3967,2023-04-20,Cancelled,Credit Card
ORD17710,CUST5808,2023-01-07,Delivered,Credit Card
ORD17711,CUST1722,2025-02-05,Cancelled,PayPal
ORD17712,CUST1694,2024-01-31,Shipped,Credit Card
ORD17713,CUST4720,2025-06-17,Shipped,Credit Card
ORD17714,CUST5057,2025-04-13,Shipped,Credit Card
ORD17715,CUST2833,2025-02-14,Cancelled,Cash on Delivery
ORD17716,CUST2422,2024-03-13,Returned,PayPal
ORD17717,CUST5911,2023-09-10,Pending,PayPal
ORD17718,CUST2712,2024-12-24,Returned,Cash on Delivery
ORD17719,CUST2464,2023-09-20,Shipped,Cash on Delivery
ORD17720,CUST2129,2024-06-01,Cancelled,PayPal
ORD17721,CUST3595,2023-09-21,Returned,Cash on Delivery
ORD17722,CUST3546,2022-09-27,Shipped,Credit Card
ORD17723,CUST1236,2024-05-04,Shipped,Cash on Delivery
ORD17724,CUST3628,2024-03-04,Returned,PayPal
ORD17725,CUST2162,2023-02-09,Delivered,Cash on Delivery
ORD17726,CUST5452,2024-10-27,Returned,Cash on Delivery
ORD17727,CUST2972,2024-05-27,Shipped,Cash on Delivery
ORD17728,CUST1556,2024-03-06,Returned,PayPal
ORD17729,CUST1336,2024-09-26,Delivered,PayPal
ORD17730,CUST1777,2025-01-07,Returned,Cash on Delivery
ORD17731,CUST1187,2024-08-12,Pending,Credit Card
ORD17732,CUST4453,2022-10-12,Pending,Credit Card
ORD17733,CUST1402,2025-03-19,Shipped,Credit Card
ORD17734,CUST3996,2022-11-29,Pending,Credit Card
ORD17735,CUST1184,2024-03-09,Delivered,PayPal
ORD17736,CUST5839,2024-04-09,Pending,PayPal
ORD17737,CUST3797,2022-12-25,Pending,Credit Card
ORD17738,CUST1244,2023-06-05,Cancelled,PayPal
ORD17739,CUST1834,2023-08-05,Shipped,PayPal
ORD17740,CUST4577,2024-03-10,Cancelled,PayPal
ORD17741,CUST1866,2023-11-30,Delivered,Cash on Delivery
ORD17742,CUST3098,2024-02-16,Returned,PayPal
ORD17743,CUST1401,2024-01-20,Shipped,Cash on Delivery
ORD17744,CUST5451,2023-05-10,Pending,Credit Card
ORD17745,CUST5300,2023-07-31,Returned,Cash on Delivery
ORD17746,CUST1130,2024-03-16,Cancelled,PayPal
ORD17747,CUST3656,2023-05-26,Shipped,Credit Card
ORD17748,CUST2579,2025-08-10,Cancelled,Credit Card
ORD17749,CUST5601,2023-05-28,Shipped,PayPal
ORD17750,CUST2066,2025-04-22,Returned,Cash on Delivery
ORD17751,CUST4632,2023-02-03,Pending,Credit Card
ORD17752,CUST2687,2025-05-15,Delivered,PayPal
ORD17753,CUST4311,2025-08-04,Cancelled,PayPal
ORD17754,CUST1485,2024-04-22,Cancelled,Cash on Delivery
ORD17755,CUST1624,2023-04-22,Delivered,PayPal
ORD17756,CUST4692,2023-06-12,Shipped,PayPal
ORD17757,CUST1700,2025-06-09,Delivered,PayPal
ORD17758,CUST3179,2024-08-20,Pending,Cash on Delivery
ORD17759,CUST1886,2023-10-12,Cancelled,PayPal
ORD17760,CUST5401,2022-12-05,Cancelled,PayPal
ORD17761,CUST2331,2023-01-13,Returned,PayPal
ORD17762,CUST3393,2023-01-28,Cancelled,Cash on Delivery
ORD17763,CUST5486,2022-12-17,Returned,Credit Card
ORD17764,CUST1278,2023-09-08,Pending,Cash on Delivery
ORD17765,CUST1438,2023-06-16,Pending,PayPal
ORD17766,CUST4889,2023-02-28,Pending,Cash on Delivery
ORD17767,CUST1343,2024-12-11,Shipped,PayPal
ORD17768,CUST2284,2024-06-23,Delivered,PayPal
ORD17769,CUST4560,2025-05-22,Delivered,Cash on Delivery
ORD17770,CUST5270,2022-09-22,Returned,PayPal
ORD17771,CUST4809,2024-11-13,Delivered,Cash on Delivery
ORD17772,CUST4136,2023-03-02,Returned,PayPal
ORD17773,CUST1092,2023-06-14,Cancelled,Credit Card
ORD17774,CUST4584,2024-09-25,Cancelled,Cash on Delivery
ORD17775,CUST3548,2025-04-01,Pending,Cash on Delivery
ORD17776,CUST2715,2024-09-29,Pending,Credit Card
ORD17777,CUST3162,2023-04-16,Pending,PayPal
ORD17778,CUST5889,2023-08-25,Cancelled,Cash on Delivery
ORD17779,CUST5557,2025-06-16,Returned,Credit Card
ORD17780,CUST3353,2022-12-13,Delivered,Cash on Delivery
ORD17781,CUST2700,2024-01-31,Returned,Credit Card
ORD17782,CUST4415,2025-05-11,Pending,Cash on Delivery
ORD17783,CUST3207,2023-03-17,Returned,Cash on Delivery
ORD17784,CUST2884,2025-08-17,Shipped,Cash on Delivery
ORD17785,CUST1883,2024-01-14,Shipped,Credit Card
ORD17786,CUST3919,2023-04-20,Cancelled,Credit Card
ORD17787,CUST4243,2023-05-29,Pending,Cash on Delivery
ORD17788,CUST4531,2025-01-15,Pending,PayPal
ORD17789,CUST3144,2023-07-03,Pending,PayPal
ORD17790,CUST4523,2024-12-23,Returned,PayPal
ORD17791,CUST1580,2024-10-23,Cancelled,PayPal
ORD17792,CUST4210,2023-12-21,Shipped,Cash on Delivery
ORD17793,CUST4756,2024-01-20,Delivered,Credit Card
ORD17794,CUST2886,2025-06-08,Cancelled,Cash on Delivery
ORD17795,CUST5777,2025-01-30,Shipped,PayPal
ORD17796,CUST5284,2022-12-05,Delivered,Cash on Delivery
ORD17797,CUST3230,2022-11-13,Shipped,Cash on Delivery
ORD17798,CUST1749,2024-08-11,Pending,Credit Card
ORD17799,CUST2569,2025-07-31,Pending,Cash on Delivery
ORD17800,CUST1003,2023-06-05,Returned,Credit Card
ORD17801,CUST4928,2025-08-09,Cancelled,Cash on Delivery
ORD17802,CUST1060,2025-05-08,Pending,PayPal
ORD17803,CUST1105,2024-04-22,Pending,Cash on Delivery
ORD17804,CUST5097,2025-07-15,Shipped,Credit Card
ORD17805,CUST1505,2023-05-01,Returned,Credit Card
ORD17806,CUST3997,2023-04-19,Pending,PayPal
ORD17807,CUST3558,2024-05-19,Cancelled,PayPal
ORD17808,CUST1014,2025-04-05,Shipped,Cash on Delivery
ORD17809,CUST5640,2023-02-20,Returned,Cash on Delivery
ORD17810,CUST4779,2024-05-13,Pending,PayPal
ORD17811,CUST4159,2023-03-13,Delivered,PayPal
ORD17812,CUST3367,2025-06-23,Delivered,Credit Card
ORD17813,CUST5806,2023-09-12,Delivered,Cash on Delivery
ORD17814,CUST4230,2023-09-02,Delivered,PayPal
ORD17815,CUST3439,2025-01-31,Shipped,Cash on Delivery
ORD17816,CUST2334,2022-10-17,Returned,PayPal
ORD17817,CUST4766,2023-10-22,Returned,Credit Card
ORD17818,CUST2100,2023-04-16,Cancelled,Cash on Delivery
ORD17819,CUST5974,2025-06-23,Pending,PayPal
ORD17820,CUST5644,2023-01-06,Delivered,Cash on Delivery
ORD17821,CUST3315,2024-03-28,Returned,Cash on Delivery
ORD17822,CUST5684,2024-01-11,Shipped,PayPal
ORD17823,CUST5666,2023-04-26,Cancelled,Cash on Delivery
ORD17824,CUST3066,2023-06-30,Returned,Cash on Delivery
ORD17825,CUST1285,2024-12-07,Returned,Cash on Delivery
ORD17826,CUST3635,2023-04-27,Returned,Credit Card
ORD17827,CUST2810,2025-08-09,Returned,PayPal
ORD17828,CUST3592,2025-05-05,Cancelled,Credit Card
ORD17829,CUST3839,2022-11-15,Cancelled,Cash on Delivery
ORD17830,CUST5224,2024-06-15,Cancelled,Cash on Delivery
ORD17831,CUST4723,2024-03-04,Returned,Credit Card
ORD17832,CUST5874,2022-11-14,Shipped,PayPal
ORD17833,CUST1099,2023-04-21,Delivered,Cash on Delivery
ORD17834,CUST5065,2025-06-29,Shipped,PayPal
ORD17835,CUST4924,2023-05-12,Pending,Credit Card
ORD17836,CUST2143,2025-05-23,Returned,Cash on Delivery
ORD17837,CUST1260,2025-03-11,Returned,PayPal
ORD17838,CUST2272,2024-05-09,Delivered,PayPal
ORD17839,CUST3719,2025-06-02,Pending,Credit Card
ORD17840,CUST5800,2024-06-03,Delivered,Cash on Delivery
ORD17841,CUST1987,2025-03-22,Delivered,Cash on Delivery
ORD17842,CUST5994,2022-09-10,Cancelled,Credit Card
ORD17843,CUST5523,2024-03-28,Returned,Cash on Delivery
ORD17844,CUST1206,2025-04-17,Delivered,Credit Card
ORD17845,CUST3168,2023-01-12,Delivered,Cash on Delivery
ORD17846,CUST1253,2025-03-12,Delivered,Cash on Delivery
ORD17847,CUST1539,2024-11-27,Shipped,Credit Card
ORD17848,CUST2682,2023-10-25,Pending,PayPal
ORD17849,CUST3443,2023-06-28,Cancelled,Credit Card
ORD17850,CUST5047,2022-11-27,Shipped,Credit Card
ORD17851,CUST1189,2022-11-05,Cancelled,Cash on Delivery
ORD17852,CUST1654,2023-03-13,Returned,Credit Card
ORD17853,CUST3732,2024-10-05,Shipped,Credit Card
ORD17854,CUST2240,2023-04-16,Pending,PayPal
ORD17855,CUST2763,2025-01-25,Shipped,Credit Card
ORD17856,CUST4800,2023-11-27,Pending,Cash on Delivery
ORD17857,CUST4262,2024-09-16,Cancelled,PayPal
ORD17858,CUST3647,2024-07-29,Pending,Cash on Delivery
ORD17859,CUST3095,2023-08-13,Cancelled,Cash on Delivery
ORD17860,CUST2795,2023-09-02,Pending,Cash on Delivery
ORD17861,CUST5668,2023-08-04,Pending,PayPal
ORD17862,CUST1781,2025-05-31,Cancelled,PayPal
ORD17863,CUST2818,2024-11-12,Pending,Credit Card
ORD17864,CUST5233,2024-05-04,Delivered,Credit Card
ORD17865,CUST3688,2023-10-15,Delivered,PayPal
ORD17866,CUST4088,2023-10-05,Pending,PayPal
ORD17867,CUST3012,2024-05-26,Shipped,Cash on Delivery
ORD17868,CUST4812,2025-06-13,Pending,PayPal
ORD17869,CUST3145,2023-10-27,Shipped,Cash on Delivery
ORD17870,CUST5758,2025-03-22,Delivered,PayPal
ORD17871,CUST3938,2024-03-07,Shipped,Credit Card
ORD17872,CUST4925,2023-12-03,Returned,Cash on Delivery
ORD17873,CUST2832,2024-10-26,Returned,Cash on Delivery
ORD17874,CUST3542,2025-05-17,Pending,Credit Card
ORD17875,CUST1671,2023-04-26,Cancelled,Cash on Delivery
ORD17876,CUST3810,2025-02-06,Returned,Cash on Delivery
ORD17877,CUST4142,2025-04-19,Delivered,Credit Card
ORD17878,CUST5796,2024-12-15,Cancelled,Cash on Delivery
ORD17879,CUST5737,2022-10-24,Cancelled,Cash on Delivery
ORD17880,CUST4543,2025-06-24,Pending,PayPal
ORD17881,CUST4429,2022-10-13,Returned,PayPal
ORD17882,CUST4308,2024-12-09,Returned,Credit Card
ORD17883,CUST1510,2023-04-29,Returned,Credit Card
ORD17884,CUST2207,2023-06-11,Delivered,Cash on Delivery
ORD17885,CUST4702,2024-03-05,Returned,Credit Card
ORD17886,CUST1353,2023-01-04,Returned,Credit Card
ORD17887,CUST4816,2023-03-31,Returned,PayPal
ORD17888,CUST1205,2025-03-03,Delivered,Cash on Delivery
ORD17889,CUST3946,2023-07-02,Returned,Cash on Delivery
ORD17890,CUST2198,2023-10-08,Shipped,Cash on Delivery
ORD17891,CUST3879,2023-09-18,Delivered,Credit Card
ORD17892,CUST2299,2024-03-17,Pending,Credit Card
ORD17893,CUST3138,2024-11-13,Pending,Credit Card
ORD17894,CUST4681,2025-08-04,Returned,Cash on Delivery
ORD17895,CUST3679,2025-01-07,Returned,Cash on Delivery
ORD17896,CUST1864,2022-12-19,Returned,PayPal
ORD17897,CUST4942,2024-04-15,Shipped,Cash on Delivery
ORD17898,CUST2640,2023-02-01,Returned,Credit Card
ORD17899,CUST2466,2024-12-28,Cancelled,Credit Card
ORD17900,CUST3679,2023-03-11,Returned,Cash on Delivery
ORD17901,CUST1358,2024-01-09,Shipped,Cash on Delivery
ORD17902,CUST5537,2023-06-10,Shipped,PayPal
ORD17903,CUST4671,2025-03-17,Shipped,Credit Card
ORD17904,CUST4411,2025-07-30,Cancelled,PayPal
ORD17905,CUST4987,2025-07-30,Delivered,Credit Card
ORD17906,CUST1291,2024-09-30,Delivered,Cash on Delivery
ORD17907,CUST3669,2024-08-28,Shipped,PayPal
ORD17908,CUST3028,2023-05-19,Shipped,Cash on Delivery
ORD17909,CUST5751,2025-03-05,Pending,PayPal
ORD17910,CUST1999,2023-02-09,Delivered,Cash on Delivery
ORD17911,CUST2444,2024-01-28,Pending,Cash on Delivery
ORD17912,CUST3859,2024-10-14,Returned,Cash on Delivery
ORD17913,CUST2788,2024-07-03,Delivered,Cash on Delivery
ORD17914,CUST5684,2025-02-20,Delivered,Credit Card
ORD17915,CUST5750,2023-12-29,Delivered,Credit Card
ORD17916,CUST5929,2025-06-15,Returned,PayPal
ORD17917,CUST4288,2023-11-24,Returned,PayPal
ORD17918,CUST3363,2023-07-07,Cancelled,Credit Card
ORD17919,CUST3767,2023-05-13,Pending,Cash on Delivery
ORD17920,CUST5367,2024-07-14,Returned,Credit Card
ORD17921,CUST5508,2022-09-23,Returned,Credit Card
ORD17922,CUST2853,2025-08-01,Shipped,PayPal
ORD17923,CUST5144,2023-08-05,Delivered,Credit Card
ORD17924,CUST2590,2025-02-12,Delivered,PayPal
ORD17925,CUST4234,2023-09-27,Delivered,Cash on Delivery
ORD17926,CUST4316,2024-12-27,Pending,PayPal
ORD17927,CUST4883,2024-08-01,Delivered,Credit Card
ORD17928,CUST4390,2024-09-07,Delivered,PayPal
ORD17929,CUST4884,2022-10-09,Pending,Credit Card
ORD17930,CUST3834,2024-02-21,Pending,Cash on Delivery
ORD17931,CUST4871,2023-02-12,Pending,PayPal
ORD17932,CUST5281,2022-09-08,Shipped,Cash on Delivery
ORD17933,CUST3704,2024-02-25,Pending,Credit Card
ORD17934,CUST5146,2023-03-27,Returned,Cash on Delivery
ORD17935,CUST5257,2024-06-16,Pending,Cash on Delivery
ORD17936,CUST1895,2023-01-27,Cancelled,Cash on Delivery
ORD17937,CUST1289,2025-07-30,Pending,Cash on Delivery
ORD17938,CUST2604,2024-05-01,Shipped,Cash on Delivery
ORD17939,CUST5274,2023-08-06,Shipped,Credit Card
ORD17940,CUST4618,2023-07-01,Pending,Cash on Delivery
ORD17941,CUST3391,2024-07-26,Shipped,Cash on Delivery
ORD17942,CUST3871,2023-07-02,Pending,Cash on Delivery
ORD17943,CUST1560,2023-11-05,Shipped,Credit Card
ORD17944,CUST5468,2024-12-07,Delivered,Credit Card
ORD17945,CUST1696,2023-08-22,Delivered,PayPal
ORD17946,CUST5095,2022-11-17,Returned,Cash on Delivery
ORD17947,CUST3579,2023-09-30,Shipped,PayPal
ORD17948,CUST3454,2025-05-01,Returned,Credit Card
ORD17949,CUST5204,2023-03-13,Delivered,PayPal
ORD17950,CUST5178,2025-04-04,Returned,PayPal
ORD17951,CUST3555,2022-09-11,Returned,Credit Card
ORD17952,CUST3977,2024-12-30,Returned,Cash on Delivery
ORD17953,CUST1635,2023-08-01,Cancelled,Cash on Delivery
ORD17954,CUST3705,2023-01-01,Delivered,Credit Card
ORD17955,CUST2885,2024-11-15,Delivered,PayPal
ORD17956,CUST2155,2024-01-11,Pending,Credit Card
ORD17957,CUST3302,2024-08-06,Pending,Credit Card
ORD17958,CUST4195,2023-10-18,Delivered,Cash on Delivery
ORD17959,CUST3118,2024-02-24,Pending,Credit Card
ORD17960,CUST4481,2024-01-25,Cancelled,Credit Card
ORD17961,CUST3404,2024-06-14,Delivered,Credit Card
ORD17962,CUST5579,2024-06-22,Shipped,Credit Card
ORD17963,CUST2310,2022-09-13,Returned,Credit Card
ORD17964,CUST4296,2024-12-06,Shipped,PayPal
ORD17965,CUST3825,2023-11-19,Cancelled,Cash on Delivery
ORD17966,CUST2911,2024-10-16,Shipped,Cash on Delivery
ORD17967,CUST3436,2024-08-25,Returned,Credit Card
ORD17968,CUST5762,2023-03-02,Shipped,PayPal
ORD17969,CUST4683,2022-08-28,Delivered,PayPal
ORD17970,CUST4310,2024-08-03,Shipped,Credit Card
ORD17971,CUST1385,2023-08-28,Cancelled,Credit Card
ORD17972,CUST5419,2025-07-25,Returned,Cash on Delivery
ORD17973,CUST1636,2025-02-06,Shipped,Credit Card
ORD17974,CUST1077,2023-01-21,Cancelled,Cash on Delivery
ORD17975,CUST3245,2022-09-17,Delivered,Credit Card
ORD17976,CUST1505,2024-03-13,Pending,Cash on Delivery
ORD17977,CUST3121,2025-07-29,Pending,PayPal
ORD17978,CUST5577,2023-01-06,Cancelled,Credit Card
ORD17979,CUST4369,2023-08-07,Returned,Cash on Delivery
ORD17980,CUST5911,2025-05-22,Returned,PayPal
ORD17981,CUST1195,2023-07-07,Delivered,PayPal
ORD17982,CUST5125,2023-10-06,Shipped,PayPal
ORD17983,CUST2210,2025-05-22,Delivered,Cash on Delivery
ORD17984,CUST2059,2023-06-30,Cancelled,Cash on Delivery
ORD17985,CUST1986,2022-12-09,Pending,PayPal
ORD17986,CUST3022,2024-02-16,Returned,PayPal
ORD17987,CUST2782,2024-06-14,Cancelled,Cash on Delivery
ORD17988,CUST4562,2023-10-03,Shipped,Credit Card
ORD17989,CUST2791,2024-08-17,Shipped,Cash on Delivery
ORD17990,CUST1234,2023-03-11,Cancelled,Cash on Delivery
ORD17991,CUST3036,2024-03-13,Delivered,Cash on Delivery
ORD17992,CUST1478,2024-09-01,Delivered,Credit Card
ORD17993,CUST3148,2024-03-06,Shipped,PayPal
ORD17994,CUST5388,2023-02-01,Pending,PayPal
ORD17995,CUST1908,2023-01-05,Pending,Credit Card
ORD17996,CUST3559,2024-07-04,Pending,PayPal
ORD17997,CUST1259,2025-05-25,Shipped,Cash on Delivery
ORD17998,CUST3963,2023-07-20,Cancelled,PayPal
ORD17999,CUST1731,2023-09-19,Returned,Credit Card
ORD18000,CUST5231,2023-11-02,Cancelled,PayPal
ORD18001,CUST2676,2024-01-17,Pending,PayPal
ORD18002,CUST3336,2024-08-06,Cancelled,Cash on Delivery
ORD18003,CUST5893,2023-12-06,Shipped,Cash on Delivery
ORD18004,CUST3880,2022-11-27,Shipped,Cash on Delivery
ORD18005,CUST4609,2024-01-09,Returned,Credit Card
ORD18006,CUST2455,2024-12-23,Shipped,PayPal
ORD18007,CUST4028,2025-08-23,Pending,Credit Card
ORD18008,CUST4214,2024-05-16,Delivered,PayPal
ORD18009,CUST3441,2025-02-10,Shipped,PayPal
ORD18010,CUST2100,2025-01-07,Cancelled,PayPal
ORD18011,CUST1292,2023-09-30,Shipped,PayPal
ORD18012,CUST5488,2024-05-17,Returned,PayPal
ORD18013,CUST5992,2023-06-30,Delivered,Cash on Delivery
ORD18014,CUST2250,2025-07-02,Returned,Cash on Delivery
ORD18015,CUST5384,2024-09-30,Pending,PayPal
ORD18016,CUST2045,2024-12-26,Returned,Cash on Delivery
ORD18017,CUST5980,2025-01-29,Shipped,Credit Card
ORD18018,CUST4743,2023-06-11,Cancelled,Credit Card
ORD18019,CUST3794,2024-11-04,Cancelled,Credit Card
ORD18020,CUST5840,2023-09-26,Cancelled,Credit Card
ORD18021,CUST3381,2023-11-23,Cancelled,Credit Card
ORD18022,CUST5280,2022-10-24,Returned,PayPal
ORD18023,CUST1243,2023-07-28,Cancelled,Cash on Delivery
ORD18024,CUST1113,2024-03-03,Cancelled,PayPal
ORD18025,CUST2540,2025-05-02,Cancelled,PayPal
ORD18026,CUST5749,2024-10-24,Shipped,Cash on Delivery
ORD18027,CUST4131,2023-08-15,Cancelled,Cash on Delivery
ORD18028,CUST2700,2024-01-19,Returned,Cash on Delivery
ORD18029,CUST5034,2024-03-21,Delivered,PayPal
ORD18030,CUST3017,2025-07-30,Delivered,Cash on Delivery
ORD18031,CUST4412,2025-01-07,Returned,PayPal
ORD18032,CUST2376,2023-08-03,Pending,Credit Card
ORD18033,CUST5726,2024-07-13,Pending,Cash on Delivery
ORD18034,CUST3330,2023-09-14,Shipped,PayPal
ORD18035,CUST2742,2024-05-07,Shipped,PayPal
ORD18036,CUST2974,2025-04-03,Shipped,Cash on Delivery
ORD18037,CUST4491,2024-08-23,Cancelled,PayPal
ORD18038,CUST3869,2025-04-30,Pending,Credit Card
ORD18039,CUST4112,2024-10-28,Returned,Credit Card
ORD18040,CUST4057,2024-10-26,Delivered,Cash on Delivery
ORD18041,CUST1026,2025-03-21,Delivered,Cash on Delivery
ORD18042,CUST5740,2024-10-31,Delivered,Cash on Delivery
ORD18043,CUST2930,2024-08-28,Pending,Cash on Delivery
ORD18044,CUST2018,2024-03-24,Returned,Cash on Delivery
ORD18045,CUST5496,2023-12-27,Delivered,Credit Card
ORD18046,CUST2708,2024-06-01,Pending,Credit Card
ORD18047,CUST3349,2025-05-03,Cancelled,Cash on Delivery
ORD18048,CUST4504,2022-10-18,Returned,Cash on Delivery
ORD18049,CUST5988,2025-05-16,Pending,Credit Card
ORD18050,CUST3589,2024-07-22,Shipped,Credit Card
ORD18051,CUST2189,2023-07-08,Delivered,Cash on Delivery
ORD18052,CUST4708,2023-01-29,Pending,Cash on Delivery
ORD18053,CUST1423,2023-04-23,Cancelled,Credit Card
ORD18054,CUST5845,2024-09-22,Delivered,Credit Card
ORD18055,CUST3959,2025-05-01,Shipped,Cash on Delivery
ORD18056,CUST1693,2024-12-25,Cancelled,PayPal
ORD18057,CUST5910,2024-07-20,Delivered,Credit Card
ORD18058,CUST2513,2025-05-19,Shipped,Credit Card
ORD18059,CUST5122,2025-01-11,Returned,PayPal
ORD18060,CUST5179,2025-06-21,Delivered,PayPal
ORD18061,CUST2616,2024-05-26,Shipped,PayPal
ORD18062,CUST5902,2024-11-06,Returned,Credit Card
ORD18063,CUST3052,2024-03-06,Shipped,Cash on Delivery
ORD18064,CUST3943,2022-12-18,Shipped,Credit Card
ORD18065,CUST3290,2023-12-04,Cancelled,Credit Card
ORD18066,CUST5728,2023-03-15,Returned,Credit Card
ORD18067,CUST5512,2025-07-19,Returned,PayPal
ORD18068,CUST3727,2024-04-28,Shipped,PayPal
ORD18069,CUST4164,2023-05-10,Returned,PayPal
ORD18070,CUST5960,2024-10-17,Pending,Credit Card
ORD18071,CUST4614,2022-09-10,Shipped,Credit Card
ORD18072,CUST1878,2025-02-10,Returned,PayPal
ORD18073,CUST3869,2024-06-29,Returned,Cash on Delivery
ORD18074,CUST1862,2023-03-31,Pending,Credit Card
ORD18075,CUST4881,2025-07-08,Pending,Cash on Delivery
ORD18076,CUST5522,2023-09-28,Returned,PayPal
ORD18077,CUST2074,2025-03-05,Shipped,Cash on Delivery
ORD18078,CUST2531,2024-01-12,Cancelled,Cash on Delivery
ORD18079,CUST4363,2023-01-21,Returned,PayPal
ORD18080,CUST1955,2024-01-18,Returned,Credit Card
ORD18081,CUST3376,2022-12-27,Returned,PayPal
ORD18082,CUST4803,2023-06-06,Delivered,Credit Card
ORD18083,CUST1785,2025-06-05,Delivered,PayPal
ORD18084,CUST3910,2024-11-06,Returned,Credit Card
ORD18085,CUST4074,2024-03-01,Pending,Credit Card
ORD18086,CUST1244,2025-02-07,Returned,Credit Card
ORD18087,CUST4693,2024-02-25,Delivered,Credit Card
ORD18088,CUST2251,2023-07-17,Cancelled,PayPal
ORD18089,CUST4816,2024-03-16,Shipped,Credit Card
ORD18090,CUST1082,2025-01-02,Pending,Cash on Delivery
ORD18091,CUST2148,2024-11-26,Shipped,Cash on Delivery
ORD18092,CUST1127,2024-08-01,Returned,PayPal
ORD18093,CUST3172,2023-07-24,Delivered,Credit Card
ORD18094,CUST5550,2025-02-26,Cancelled,Credit Card
ORD18095,CUST4514,2025-07-27,Delivered,Credit Card
ORD18096,CUST4088,2025-08-01,Delivered,Credit Card
ORD18097,CUST2237,2025-05-04,Delivered,Credit Card
ORD18098,CUST1341,2024-10-30,Pending,Credit Card
ORD18099,CUST3898,2025-05-11,Shipped,Credit Card
ORD18100,CUST2170,2024-01-08,Pending,PayPal
ORD18101,CUST2200,2025-06-06,Shipped,PayPal
ORD18102,CUST5803,2024-08-21,Delivered,PayPal
ORD18103,CUST1740,2023-01-16,Delivered,PayPal
ORD18104,CUST3606,2023-06-25,Pending,Credit Card
ORD18105,CUST1627,2024-03-28,Cancelled,Credit Card
ORD18106,CUST5103,2025-08-18,Shipped,PayPal
ORD18107,CUST1611,2024-08-05,Shipped,Cash on Delivery
ORD18108,CUST1242,2024-01-21,Pending,Cash on Delivery
ORD18109,CUST5891,2025-04-23,Returned,PayPal
ORD18110,CUST2252,2022-09-26,Delivered,Credit Card
ORD18111,CUST5570,2023-08-19,Returned,Credit Card
ORD18112,CUST4672,2023-03-17,Pending,PayPal
ORD18113,CUST1988,2023-01-17,Delivered,PayPal
ORD18114,CUST5187,2024-02-08,Pending,Cash on Delivery
ORD18115,CUST3345,2023-04-07,Delivered,Credit Card
ORD18116,CUST4045,2022-12-07,Cancelled,Credit Card
ORD18117,CUST4092,2024-03-15,Delivered,PayPal
ORD18118,CUST3829,2023-11-01,Delivered,Credit Card
ORD18119,CUST5896,2025-06-04,Delivered,Cash on Delivery
ORD18120,CUST5653,2025-05-24,Returned,Credit Card
ORD18121,CUST2430,2023-03-15,Returned,PayPal
ORD18122,CUST2577,2024-01-26,Cancelled,Credit Card
ORD18123,CUST1945,2024-12-17,Pending,PayPal
ORD18124,CUST4422,2024-04-20,Cancelled,Cash on Delivery
ORD18125,CUST4294,2023-04-03,Delivered,PayPal
ORD18126,CUST4956,2024-06-09,Delivered,PayPal
ORD18127,CUST1950,2025-04-02,Shipped,PayPal
ORD18128,CUST3721,2024-11-09,Shipped,Cash on Delivery
ORD18129,CUST4140,2022-12-31,Shipped,Cash on Delivery
ORD18130,CUST4875,2023-11-15,Delivered,Cash on Delivery
ORD18131,CUST3863,2024-11-04,Shipped,Cash on Delivery
ORD18132,CUST3341,2023-05-06,Returned,Credit Card
ORD18133,CUST1877,2023-07-21,Cancelled,PayPal
ORD18134,CUST3957,2023-12-09,Shipped,Cash on Delivery
ORD18135,CUST1621,2023-06-03,Shipped,Cash on Delivery
ORD18136,CUST5377,2022-11-14,Shipped,PayPal
ORD18137,CUST1067,2024-06-16,Delivered,Credit Card
ORD18138,CUST1751,2024-07-06,Delivered,PayPal
ORD18139,CUST2149,2023-09-18,Returned,Credit Card
ORD18140,CUST4185,2023-04-29,Delivered,PayPal
ORD18141,CUST3082,2025-01-30,Delivered,Credit Card
ORD18142,CUST2004,2024-07-08,Delivered,Cash on Delivery
ORD18143,CUST1773,2023-09-25,Cancelled,Cash on Delivery
ORD18144,CUST2931,2023-09-18,Pending,PayPal
ORD18145,CUST2668,2023-09-30,Shipped,PayPal
ORD18146,CUST1720,2024-01-14,Shipped,PayPal
ORD18147,CUST2557,2025-02-18,Returned,Credit Card
ORD18148,CUST1083,2023-01-07,Shipped,Cash on Delivery
ORD18149,CUST3200,2025-05-28,Shipped,Credit Card
ORD18150,CUST3536,2023-04-08,Returned,Cash on Delivery
ORD18151,CUST2253,2024-03-11,Returned,PayPal
ORD18152,CUST3295,2022-12-03,Cancelled,Credit Card
ORD18153,CUST1910,2022-10-19,Returned,Credit Card
ORD18154,CUST4085,2024-07-16,Cancelled,PayPal
ORD18155,CUST3130,2023-07-28,Pending,Credit Card
ORD18156,CUST2991,2023-11-08,Shipped,PayPal
ORD18157,CUST3687,2025-01-30,Delivered,Credit Card
ORD18158,CUST2980,2022-10-02,Delivered,Credit Card
ORD18159,CUST5483,2023-02-17,Delivered,PayPal
ORD18160,CUST1531,2024-04-06,Delivered,PayPal
ORD18161,CUST2945,2022-09-26,Pending,PayPal
ORD18162,CUST4160,2023-08-12,Cancelled,PayPal
ORD18163,CUST2018,2023-01-14,Shipped,PayPal
ORD18164,CUST5677,2025-01-07,Delivered,PayPal
ORD18165,CUST4857,2025-08-18,Delivered,PayPal
ORD18166,CUST4008,2023-05-14,Returned,Credit Card
ORD18167,CUST3975,2025-04-01,Shipped,Cash on Delivery
ORD18168,CUST3781,2023-05-06,Delivered,Cash on Delivery
ORD18169,CUST2687,2023-10-18,Returned,PayPal
ORD18170,CUST4684,2024-06-10,Cancelled,PayPal
ORD18171,CUST4817,2023-07-02,Shipped,PayPal
ORD18172,CUST5212,2024-04-11,Delivered,PayPal
ORD18173,CUST5629,2024-03-02,Delivered,PayPal
ORD18174,CUST5351,2025-06-23,Cancelled,PayPal
ORD18175,CUST5879,2023-03-22,Cancelled,PayPal
ORD18176,CUST2840,2025-05-04,Returned,Cash on Delivery
ORD18177,CUST5035,2023-02-22,Pending,PayPal
ORD18178,CUST3355,2025-01-31,Cancelled,PayPal
ORD18179,CUST2319,2024-12-22,Returned,Credit Card
ORD18180,CUST4505,2023-04-25,Returned,PayPal
ORD18181,CUST3351,2024-05-06,Cancelled,Cash on Delivery
ORD18182,CUST1414,2024-05-26,Returned,Credit Card
ORD18183,CUST4652,2025-07-05,Delivered,PayPal
ORD18184,CUST2594,2024-12-07,Returned,PayPal
ORD18185,CUST2181,2023-07-12,Delivered,PayPal
ORD18186,CUST5026,2023-11-25,Shipped,PayPal
ORD18187,CUST3336,2024-10-31,Cancelled,PayPal
ORD18188,CUST4252,2024-04-25,Cancelled,Credit Card
ORD18189,CUST4368,2024-09-30,Shipped,Credit Card
ORD18190,CUST4319,2023-04-07,Cancelled,Cash on Delivery
ORD18191,CUST2842,2023-11-06,Delivered,Credit Card
ORD18192,CUST2748,2025-01-07,Returned,PayPal
ORD18193,CUST2435,2022-12-22,Returned,PayPal
ORD18194,CUST2324,2025-04-13,Cancelled,PayPal
ORD18195,CUST5744,2024-09-26,Pending,PayPal
ORD18196,CUST1278,2023-10-27,Cancelled,PayPal
ORD18197,CUST5518,2023-05-22,Delivered,Credit Card
ORD18198,CUST1735,2023-12-08,Delivered,Credit Card
ORD18199,CUST3066,2024-08-09,Returned,Cash on Delivery
ORD18200,CUST1539,2024-11-05,Shipped,Cash on Delivery
ORD18201,CUST5752,2023-04-25,Shipped,Credit Card
ORD18202,CUST2252,2022-08-30,Shipped,PayPal
ORD18203,CUST4603,2024-12-24,Returned,Cash on Delivery
ORD18204,CUST4511,2024-04-23,Shipped,PayPal
ORD18205,CUST1130,2024-07-23,Returned,Cash on Delivery
ORD18206,CUST5285,2023-08-18,Cancelled,Cash on Delivery
ORD18207,CUST2358,2025-02-20,Cancelled,Cash on Delivery
ORD18208,CUST2721,2024-11-23,Pending,Credit Card
ORD18209,CUST5449,2025-05-20,Delivered,Cash on Delivery
ORD18210,CUST3445,2022-11-02,Cancelled,Cash on Delivery
ORD18211,CUST5103,2023-03-20,Delivered,PayPal
ORD18212,CUST2052,2023-11-20,Delivered,Cash on Delivery
ORD18213,CUST2131,2024-02-07,Pending,Credit Card
ORD18214,CUST4531,2024-07-11,Pending,PayPal
ORD18215,CUST3677,2022-10-23,Delivered,Credit Card
ORD18216,CUST3071,2023-06-27,Delivered,Credit Card
ORD18217,CUST4460,2023-06-24,Shipped,Cash on Delivery
ORD18218,CUST4575,2024-12-31,Shipped,PayPal
ORD18219,CUST2266,2022-12-27,Returned,PayPal
ORD18220,CUST3474,2025-01-08,Shipped,PayPal
ORD18221,CUST3713,2022-12-02,Shipped,Cash on Delivery
ORD18222,CUST2718,2023-01-10,Shipped,Cash on Delivery
ORD18223,CUST4423,2023-03-30,Returned,PayPal
ORD18224,CUST5504,2024-08-29,Shipped,Cash on Delivery
ORD18225,CUST4904,2023-02-21,Cancelled,PayPal
ORD18226,CUST5023,2023-06-09,Pending,Credit Card
ORD18227,CUST5797,2023-07-08,Delivered,PayPal
ORD18228,CUST1066,2024-10-21,Shipped,Cash on Delivery
ORD18229,CUST2809,2024-07-01,Cancelled,PayPal
ORD18230,CUST1450,2025-05-26,Pending,Credit Card
ORD18231,CUST1550,2024-03-21,Delivered,Credit Card
ORD18232,CUST5704,2023-06-08,Returned,Cash on Delivery
ORD18233,CUST3407,2023-05-28,Pending,PayPal
ORD18234,CUST5184,2023-09-10,Pending,PayPal
ORD18235,CUST3525,2024-10-20,Pending,PayPal
ORD18236,CUST3762,2023-12-28,Returned,Cash on Delivery
ORD18237,CUST3089,2023-05-28,Shipped,PayPal
ORD18238,CUST5062,2024-11-12,Shipped,Cash on Delivery
ORD18239,CUST3229,2022-11-25,Delivered,Credit Card
ORD18240,CUST5742,2023-12-13,Pending,Credit Card
ORD18241,CUST4019,2023-07-05,Cancelled,Cash on Delivery
ORD18242,CUST5846,2025-06-24,Pending,Credit Card
ORD18243,CUST3011,2023-06-13,Pending,PayPal
ORD18244,CUST2029,2024-01-21,Cancelled,Cash on Delivery
ORD18245,CUST5581,2024-10-13,Delivered,Credit Card
ORD18246,CUST1559,2022-10-16,Shipped,Cash on Delivery
ORD18247,CUST3575,2022-10-19,Pending,Cash on Delivery
ORD18248,CUST1292,2023-02-15,Cancelled,Cash on Delivery
ORD18249,CUST3641,2022-09-12,Delivered,Credit Card
ORD18250,CUST2733,2024-05-11,Returned,Cash on Delivery
ORD18251,CUST3977,2023-08-08,Delivered,Credit Card
ORD18252,CUST3968,2025-07-21,Returned,Cash on Delivery
ORD18253,CUST1119,2023-12-30,Pending,Cash on Delivery
ORD18254,CUST3444,2024-02-09,Shipped,Credit Card
ORD18255,CUST2004,2025-07-01,Shipped,PayPal
ORD18256,CUST3263,2025-03-17,Returned,PayPal
ORD18257,CUST5217,2024-10-20,Shipped,Credit Card
ORD18258,CUST4197,2024-10-07,Delivered,PayPal
ORD18259,CUST4627,2023-08-14,Delivered,Cash on Delivery
ORD18260,CUST4375,2023-02-27,Shipped,Cash on Delivery
ORD18261,CUST5550,2023-06-10,Shipped,Credit Card
ORD18262,CUST3884,2023-04-02,Pending,PayPal
ORD18263,CUST1519,2024-09-03,Pending,Credit Card
ORD18264,CUST5768,2023-02-16,Returned,Credit Card
ORD18265,CUST1447,2025-01-30,Delivered,Credit Card
ORD18266,CUST3379,2022-12-13,Pending,PayPal
ORD18267,CUST4599,2023-05-26,Cancelled,PayPal
ORD18268,CUST1899,2023-04-08,Delivered,PayPal
ORD18269,CUST1006,2023-05-12,Returned,Credit Card
ORD18270,CUST5634,2023-06-04,Cancelled,Credit Card
ORD18271,CUST5946,2023-04-22,Delivered,Credit Card
ORD18272,CUST5247,2024-10-23,Shipped,Cash on Delivery
ORD18273,CUST2682,2024-04-13,Shipped,PayPal
ORD18274,CUST1485,2025-04-03,Returned,Cash on Delivery
ORD18275,CUST5938,2025-01-17,Delivered,PayPal
ORD18276,CUST2799,2025-02-16,Delivered,Cash on Delivery
ORD18277,CUST2824,2024-05-07,Delivered,Cash on Delivery
ORD18278,CUST3432,2024-06-21,Pending,PayPal
ORD18279,CUST4817,2024-05-24,Shipped,Cash on Delivery
ORD18280,CUST4317,2024-03-12,Cancelled,PayPal
ORD18281,CUST4958,2025-02-21,Cancelled,Credit Card
ORD18282,CUST3585,2022-11-28,Delivered,Credit Card
ORD18283,CUST2665,2025-07-18,Shipped,Cash on Delivery
ORD18284,CUST1393,2023-02-19,Shipped,Cash on Delivery
ORD18285,CUST1510,2022-10-05,Pending,Credit Card
ORD18286,CUST2427,2023-08-09,Returned,PayPal
ORD18287,CUST5399,2022-10-06,Pending,PayPal
ORD18288,CUST2972,2025-07-11,Shipped,Credit Card
ORD18289,CUST1397,2024-11-04,Cancelled,PayPal
ORD18290,CUST2495,2024-05-25,Pending,Credit Card
ORD18291,CUST4354,2024-02-27,Delivered,Cash on Delivery
ORD18292,CUST5349,2023-08-09,Returned,PayPal
ORD18293,CUST4262,2023-09-02,Delivered,Credit Card
ORD18294,CUST4484,2024-01-23,Pending,PayPal
ORD18295,CUST1351,2023-05-23,Returned,Credit Card
ORD18296,CUST5986,2022-10-14,Delivered,Cash on Delivery
ORD18297,CUST3205,2023-12-03,Cancelled,Cash on Delivery
ORD18298,CUST4064,2024-12-14,Delivered,PayPal
ORD18299,CUST2246,2023-10-26,Returned,Credit Card
ORD18300,CUST3296,2023-03-14,Cancelled,PayPal
ORD18301,CUST3664,2024-09-28,Delivered,PayPal
ORD18302,CUST3452,2023-03-12,Returned,Cash on Delivery
ORD18303,CUST3665,2023-08-06,Returned,Cash on Delivery
ORD18304,CUST2987,2025-03-05,Cancelled,PayPal
ORD18305,CUST5627,2023-09-15,Returned,Credit Card
ORD18306,CUST4631,2023-03-21,Delivered,PayPal
ORD18307,CUST4086,2023-10-27,Shipped,PayPal
ORD18308,CUST1966,2023-09-15,Delivered,PayPal
ORD18309,CUST4991,2024-06-23,Pending,PayPal
ORD18310,CUST5637,2024-07-20,Delivered,Credit Card
ORD18311,CUST1236,2024-10-09,Returned,Credit Card
ORD18312,CUST1885,2024-09-26,Returned,Cash on Delivery
ORD18313,CUST4723,2023-02-16,Shipped,Credit Card
ORD18314,CUST4284,2023-10-27,Delivered,Cash on Delivery
ORD18315,CUST1953,2023-02-20,Returned,Cash on Delivery
ORD18316,CUST2800,2023-04-17,Shipped,Cash on Delivery
ORD18317,CUST5143,2024-06-27,Pending,PayPal
ORD18318,CUST4314,2025-01-12,Cancelled,Cash on Delivery
ORD18319,CUST1066,2022-11-29,Delivered,Credit Card
ORD18320,CUST1998,2025-04-12,Pending,PayPal
ORD18321,CUST1755,2022-12-06,Pending,PayPal
ORD18322,CUST3890,2024-08-20,Cancelled,Cash on Delivery
ORD18323,CUST4063,2025-01-28,Returned,PayPal
ORD18324,CUST2360,2023-02-16,Pending,PayPal
ORD18325,CUST1802,2024-10-23,Cancelled,Credit Card
ORD18326,CUST1056,2024-02-29,Shipped,Credit Card
ORD18327,CUST4834,2024-01-25,Delivered,Cash on Delivery
ORD18328,CUST2889,2024-07-29,Shipped,PayPal
ORD18329,CUST5180,2023-05-10,Pending,PayPal
ORD18330,CUST2697,2023-04-04,Delivered,Credit Card
ORD18331,CUST3300,2022-09-06,Cancelled,Cash on Delivery
ORD18332,CUST2798,2023-05-01,Returned,Cash on Delivery
ORD18333,CUST2770,2023-05-15,Shipped,Credit Card
ORD18334,CUST4334,2023-03-01,Delivered,Cash on Delivery
ORD18335,CUST5125,2025-06-22,Pending,Credit Card
ORD18336,CUST4365,2024-06-13,Shipped,Credit Card
ORD18337,CUST2861,2024-09-28,Pending,PayPal
ORD18338,CUST5843,2025-01-08,Shipped,PayPal
ORD18339,CUST1668,2025-02-14,Returned,Cash on Delivery
ORD18340,CUST5358,2025-08-23,Returned,Cash on Delivery
ORD18341,CUST5107,2023-07-21,Cancelled,Cash on Delivery
ORD18342,CUST5857,2022-09-13,Pending,Credit Card
ORD18343,CUST4559,2025-07-28,Delivered,PayPal
ORD18344,CUST3796,2022-11-29,Pending,Credit Card
ORD18345,CUST4333,2022-10-19,Returned,PayPal
ORD18346,CUST2988,2024-01-23,Cancelled,Cash on Delivery
ORD18347,CUST3578,2023-11-09,Delivered,PayPal
ORD18348,CUST1337,2023-07-29,Shipped,Cash on Delivery
ORD18349,CUST5389,2024-03-15,Pending,PayPal
ORD18350,CUST3556,2025-04-14,Cancelled,PayPal
ORD18351,CUST3576,2023-02-26,Pending,Credit Card
ORD18352,CUST1149,2024-12-03,Shipped,PayPal
ORD18353,CUST1188,2025-01-03,Cancelled,Credit Card
ORD18354,CUST3015,2024-10-25,Shipped,Credit Card
ORD18355,CUST2906,2025-03-14,Returned,Cash on Delivery
ORD18356,CUST4343,2024-02-02,Delivered,PayPal
ORD18357,CUST5833,2023-09-29,Cancelled,Credit Card
ORD18358,CUST1184,2023-01-18,Cancelled,Cash on Delivery
ORD18359,CUST5251,2022-10-24,Returned,PayPal
ORD18360,CUST5598,2024-05-01,Delivered,Credit Card
ORD18361,CUST4338,2024-09-13,Pending,PayPal
ORD18362,CUST3716,2023-06-07,Pending,Cash on Delivery
ORD18363,CUST5866,2023-06-22,Cancelled,Cash on Delivery
ORD18364,CUST1505,2024-01-09,Delivered,Cash on Delivery
ORD18365,CUST1215,2024-11-22,Shipped,PayPal
ORD18366,CUST5297,2023-07-16,Pending,Cash on Delivery
ORD18367,CUST1545,2024-10-19,Returned,PayPal
ORD18368,CUST4918,2025-08-14,Cancelled,PayPal
ORD18369,CUST4833,2025-06-22,Pending,Cash on Delivery
ORD18370,CUST2419,2025-05-08,Delivered,Credit Card
ORD18371,CUST4918,2024-03-06,Pending,Credit Card
ORD18372,CUST4400,2022-12-01,Cancelled,PayPal
ORD18373,CUST1093,2023-06-22,Shipped,Credit Card
ORD18374,CUST5078,2025-06-04,Returned,Cash on Delivery
ORD18375,CUST1529,2023-09-12,Cancelled,Cash on Delivery
ORD18376,CUST1884,2024-03-15,Shipped,Cash on Delivery
ORD18377,CUST1066,2023-12-01,Pending,Cash on Delivery
ORD18378,CUST3459,2025-07-12,Returned,Credit Card
ORD18379,CUST4818,2025-04-10,Returned,Credit Card
ORD18380,CUST2094,2024-05-28,Shipped,Cash on Delivery
ORD18381,CUST2921,2024-01-11,Returned,Cash on Delivery
ORD18382,CUST4496,2023-01-06,Shipped,Credit Card
ORD18383,CUST4123,2023-03-22,Pending,PayPal
ORD18384,CUST2111,2024-11-25,Shipped,PayPal
ORD18385,CUST2359,2023-09-22,Shipped,Cash on Delivery
ORD18386,CUST4665,2022-12-06,Pending,Cash on Delivery
ORD18387,CUST4295,2024-12-31,Pending,Credit Card
ORD18388,CUST3423,2024-08-24,Pending,PayPal
ORD18389,CUST2940,2023-04-29,Pending,Cash on Delivery
ORD18390,CUST2036,2022-10-19,Delivered,Cash on Delivery
ORD18391,CUST2890,2024-03-02,Cancelled,Cash on Delivery
ORD18392,CUST2209,2024-11-03,Returned,Credit Card
ORD18393,CUST2843,2025-07-10,Cancelled,PayPal
ORD18394,CUST2832,2023-12-29,Cancelled,Credit Card
ORD18395,CUST1261,2024-07-20,Returned,Credit Card
ORD18396,CUST1619,2023-07-05,Delivered,Cash on Delivery
ORD18397,CUST3321,2023-07-18,Cancelled,PayPal
ORD18398,CUST3815,2023-02-05,Returned,Cash on Delivery
ORD18399,CUST4937,2023-03-24,Cancelled,PayPal
ORD18400,CUST1610,2024-06-12,Cancelled,Cash on Delivery
ORD18401,CUST4596,2022-10-04,Shipped,Credit Card
ORD18402,CUST5343,2023-05-16,Shipped,PayPal
ORD18403,CUST1647,2023-04-20,Shipped,Cash on Delivery
ORD18404,CUST4084,2024-06-01,Shipped,Credit Card
ORD18405,CUST1953,2025-04-02,Cancelled,Cash on Delivery
ORD18406,CUST2269,2024-05-01,Returned,Cash on Delivery
ORD18407,CUST2319,2023-10-19,Cancelled,Cash on Delivery
ORD18408,CUST1769,2024-07-29,Shipped,Cash on Delivery
ORD18409,CUST4364,2024-04-25,Delivered,Credit Card
ORD18410,CUST4749,2023-04-30,Shipped,Cash on Delivery
ORD18411,CUST4014,2023-09-02,Returned,Cash on Delivery
ORD18412,CUST4073,2025-03-09,Delivered,PayPal
ORD18413,CUST1623,2023-12-12,Delivered,PayPal
ORD18414,CUST1323,2025-08-03,Delivered,Cash on Delivery
ORD18415,CUST3135,2025-01-25,Delivered,Cash on Delivery
ORD18416,CUST4519,2024-09-07,Cancelled,Cash on Delivery
ORD18417,CUST2981,2025-05-04,Delivered,PayPal
ORD18418,CUST1420,2024-06-13,Shipped,Credit Card
ORD18419,CUST1996,2023-10-02,Cancelled,Cash on Delivery
ORD18420,CUST5035,2023-09-15,Shipped,Credit Card
ORD18421,CUST2585,2022-12-28,Pending,Cash on Delivery
ORD18422,CUST2800,2023-11-15,Returned,Credit Card
ORD18423,CUST5840,2024-06-10,Cancelled,PayPal
ORD18424,CUST2116,2023-06-16,Shipped,PayPal
ORD18425,CUST3283,2024-06-23,Delivered,PayPal
ORD18426,CUST1817,2023-02-02,Pending,Cash on Delivery
ORD18427,CUST1805,2025-04-02,Cancelled,Credit Card
ORD18428,CUST2950,2022-11-10,Delivered,Cash on Delivery
ORD18429,CUST5227,2024-12-02,Delivered,PayPal
ORD18430,CUST3328,2024-12-10,Cancelled,PayPal
ORD18431,CUST1266,2023-07-29,Cancelled,PayPal
ORD18432,CUST2451,2024-07-17,Returned,Credit Card
ORD18433,CUST1591,2022-09-19,Shipped,PayPal
ORD18434,CUST3079,2023-11-09,Cancelled,PayPal
ORD18435,CUST5172,2025-07-08,Cancelled,PayPal
ORD18436,CUST1272,2023-08-07,Shipped,Cash on Delivery
ORD18437,CUST3112,2024-10-25,Shipped,Cash on Delivery
ORD18438,CUST3036,2024-09-10,Cancelled,PayPal
ORD18439,CUST1384,2022-09-20,Returned,Cash on Delivery
ORD18440,CUST2791,2025-05-08,Shipped,PayPal
ORD18441,CUST2234,2022-12-30,Pending,Cash on Delivery
ORD18442,CUST5474,2022-09-01,Shipped,Credit Card
ORD18443,CUST5064,2023-06-11,Pending,Cash on Delivery
ORD18444,CUST3073,2025-04-05,Pending,Credit Card
ORD18445,CUST2027,2023-10-17,Shipped,Cash on Delivery
ORD18446,CUST2639,2024-11-19,Cancelled,Cash on Delivery
ORD18447,CUST5728,2023-03-26,Pending,Credit Card
ORD18448,CUST2702,2023-05-04,Delivered,Cash on Delivery
ORD18449,CUST2279,2023-11-09,Delivered,PayPal
ORD18450,CUST4556,2024-04-23,Cancelled,Cash on Delivery
ORD18451,CUST4910,2025-04-07,Shipped,Cash on Delivery
ORD18452,CUST1893,2023-03-02,Returned,Credit Card
ORD18453,CUST3231,2024-10-04,Shipped,PayPal
ORD18454,CUST1493,2024-05-06,Cancelled,Credit Card
ORD18455,CUST4460,2024-09-09,Returned,Credit Card
ORD18456,CUST4479,2024-05-23,Shipped,PayPal
ORD18457,CUST3943,2025-03-09,Returned,Cash on Delivery
ORD18458,CUST5062,2024-04-06,Delivered,Credit Card
ORD18459,CUST4181,2024-04-05,Returned,PayPal
ORD18460,CUST4623,2023-10-12,Shipped,PayPal
ORD18461,CUST5392,2023-10-25,Cancelled,Cash on Delivery
ORD18462,CUST1858,2025-03-07,Pending,Cash on Delivery
ORD18463,CUST1698,2022-11-24,Returned,Cash on Delivery
ORD18464,CUST5820,2023-12-08,Shipped,PayPal
ORD18465,CUST1403,2022-10-03,Returned,Credit Card
ORD18466,CUST1841,2023-09-22,Cancelled,Credit Card
ORD18467,CUST4631,2023-12-17,Delivered,Credit Card
ORD18468,CUST3704,2024-05-28,Returned,PayPal
ORD18469,CUST5236,2025-04-07,Cancelled,Credit Card
ORD18470,CUST5947,2024-10-19,Shipped,PayPal
ORD18471,CUST2924,2024-08-06,Cancelled,Cash on Delivery
ORD18472,CUST3663,2023-05-04,Returned,PayPal
ORD18473,CUST5353,2023-05-21,Delivered,PayPal
ORD18474,CUST5520,2024-02-10,Delivered,Cash on Delivery
ORD18475,CUST1735,2023-10-14,Delivered,Cash on Delivery
ORD18476,CUST4857,2025-01-20,Cancelled,PayPal
ORD18477,CUST5986,2023-12-28,Pending,Cash on Delivery
ORD18478,CUST2149,2024-01-08,Delivered,PayPal
ORD18479,CUST3393,2024-01-02,Shipped,Cash on Delivery
ORD18480,CUST1118,2025-02-14,Delivered,Credit Card
ORD18481,CUST1559,2023-01-23,Cancelled,Credit Card
ORD18482,CUST2838,2023-09-22,Shipped,Cash on Delivery
ORD18483,CUST2035,2025-01-09,Returned,Cash on Delivery
ORD18484,CUST3954,2022-09-03,Cancelled,PayPal
ORD18485,CUST3331,2025-02-05,Pending,Cash on Delivery
ORD18486,CUST3944,2024-06-16,Pending,Cash on Delivery
ORD18487,CUST5095,2023-03-26,Cancelled,Credit Card
ORD18488,CUST4663,2022-08-25,Returned,Credit Card
ORD18489,CUST1122,2024-08-06,Returned,Credit Card
ORD18490,CUST4766,2023-07-23,Cancelled,Credit Card
ORD18491,CUST2363,2023-06-08,Returned,Cash on Delivery
ORD18492,CUST3927,2024-08-28,Delivered,PayPal
ORD18493,CUST4468,2023-12-15,Shipped,PayPal
ORD18494,CUST2358,2023-01-14,Returned,Credit Card
ORD18495,CUST1023,2022-11-20,Delivered,Cash on Delivery
ORD18496,CUST2125,2024-12-31,Cancelled,Cash on Delivery
ORD18497,CUST5458,2024-07-31,Cancelled,Credit Card
ORD18498,CUST3537,2024-10-30,Shipped,PayPal
ORD18499,CUST2412,2025-05-31,Shipped,Cash on Delivery
ORD18500,CUST5508,2025-07-06,Cancelled,PayPal
ORD18501,CUST4312,2023-10-28,Returned,PayPal
ORD18502,CUST3709,2025-02-12,Pending,Credit Card
ORD18503,CUST1029,2023-07-06,Delivered,Credit Card
ORD18504,CUST5619,2024-08-31,Cancelled,Cash on Delivery
ORD18505,CUST5983,2022-11-20,Cancelled,PayPal
ORD18506,CUST2558,2023-02-24,Returned,Cash on Delivery
ORD18507,CUST5723,2022-10-01,Cancelled,PayPal
ORD18508,CUST3973,2025-07-12,Returned,PayPal
ORD18509,CUST2701,2024-09-11,Returned,Credit Card
ORD18510,CUST4177,2024-08-03,Pending,Credit Card
ORD18511,CUST4342,2025-07-14,Cancelled,Cash on Delivery
ORD18512,CUST5580,2023-02-10,Pending,Credit Card
ORD18513,CUST3495,2024-11-12,Shipped,Cash on Delivery
ORD18514,CUST5439,2023-12-03,Pending,Credit Card
ORD18515,CUST1909,2023-07-11,Returned,PayPal
ORD18516,CUST3515,2022-12-04,Pending,Credit Card
ORD18517,CUST1944,2022-10-21,Cancelled,Cash on Delivery
ORD18518,CUST2703,2023-05-17,Returned,Cash on Delivery
ORD18519,CUST2033,2025-04-08,Delivered,PayPal
ORD18520,CUST1097,2025-01-31,Delivered,PayPal
ORD18521,CUST1165,2024-02-16,Pending,PayPal
ORD18522,CUST2279,2023-02-20,Shipped,Credit Card
ORD18523,CUST5247,2024-05-12,Pending,PayPal
ORD18524,CUST1234,2025-01-15,Pending,Cash on Delivery
ORD18525,CUST2434,2022-12-30,Shipped,PayPal
ORD18526,CUST5113,2024-12-20,Cancelled,PayPal
ORD18527,CUST1807,2023-09-30,Returned,PayPal
ORD18528,CUST3549,2024-09-02,Shipped,Cash on Delivery
ORD18529,CUST2698,2023-10-27,Delivered,PayPal
ORD18530,CUST2348,2024-05-19,Pending,Cash on Delivery
ORD18531,CUST5668,2024-01-16,Cancelled,Cash on Delivery
ORD18532,CUST4487,2023-10-01,Pending,Cash on Delivery
ORD18533,CUST2299,2025-01-02,Delivered,Cash on Delivery
ORD18534,CUST3789,2023-06-25,Cancelled,Cash on Delivery
ORD18535,CUST1581,2024-12-20,Delivered,PayPal
ORD18536,CUST5470,2023-01-13,Delivered,Credit Card
ORD18537,CUST4143,2023-01-09,Cancelled,PayPal
ORD18538,CUST5286,2023-02-04,Shipped,Credit Card
ORD18539,CUST4754,2024-09-16,Pending,PayPal
ORD18540,CUST2191,2023-09-14,Shipped,PayPal
ORD18541,CUST4901,2023-07-28,Returned,Credit Card
ORD18542,CUST4634,2025-08-16,Cancelled,Cash on Delivery
ORD18543,CUST2253,2023-06-26,Pending,Credit Card
ORD18544,CUST3410,2025-02-21,Delivered,PayPal
ORD18545,CUST2795,2023-10-08,Shipped,Credit Card
ORD18546,CUST4850,2025-03-23,Returned,PayPal
ORD18547,CUST5053,2024-01-25,Returned,PayPal
ORD18548,CUST2372,2023-09-04,Delivered,Cash on Delivery
ORD18549,CUST4571,2023-05-26,Returned,PayPal
ORD18550,CUST1580,2024-09-20,Shipped,Cash on Delivery
ORD18551,CUST2576,2025-08-02,Pending,Cash on Delivery
ORD18552,CUST5366,2025-08-20,Delivered,PayPal
ORD18553,CUST4774,2023-07-11,Cancelled,PayPal
ORD18554,CUST5791,2023-03-28,Shipped,PayPal
ORD18555,CUST2404,2024-09-05,Delivered,Cash on Delivery
ORD18556,CUST4628,2024-10-24,Cancelled,PayPal
ORD18557,CUST4070,2022-09-06,Returned,Credit Card
ORD18558,CUST1761,2022-09-13,Cancelled,Credit Card
ORD18559,CUST3349,2023-10-01,Shipped,PayPal
ORD18560,CUST3616,2023-01-12,Delivered,PayPal
ORD18561,CUST2944,2023-10-06,Pending,PayPal
ORD18562,CUST5446,2024-09-02,Pending,Credit Card
ORD18563,CUST3277,2023-09-23,Returned,Credit Card
ORD18564,CUST1464,2023-06-19,Returned,Credit Card
ORD18565,CUST2860,2023-02-16,Pending,PayPal
ORD18566,CUST2551,2022-11-26,Returned,Cash on Delivery
ORD18567,CUST2533,2024-11-06,Delivered,Credit Card
ORD18568,CUST5707,2025-08-22,Cancelled,PayPal
ORD18569,CUST3511,2025-07-27,Shipped,Credit Card
ORD18570,CUST5250,2024-01-15,Cancelled,Credit Card
ORD18571,CUST5689,2023-12-05,Delivered,Credit Card
ORD18572,CUST5249,2025-04-14,Pending,Cash on Delivery
ORD18573,CUST4803,2025-04-30,Pending,PayPal
ORD18574,CUST2547,2025-07-27,Cancelled,Credit Card
ORD18575,CUST4387,2025-03-01,Pending,PayPal
ORD18576,CUST5392,2024-07-07,Delivered,PayPal
ORD18577,CUST4870,2024-11-17,Returned,PayPal
ORD18578,CUST3786,2024-08-12,Delivered,Cash on Delivery
ORD18579,CUST2782,2022-11-23,Shipped,Cash on Delivery
ORD18580,CUST5935,2023-03-03,Pending,Credit Card
ORD18581,CUST3917,2023-02-25,Cancelled,PayPal
ORD18582,CUST5708,2022-10-03,Pending,Credit Card
ORD18583,CUST3708,2023-09-13,Delivered,Cash on Delivery
ORD18584,CUST2602,2023-01-11,Delivered,PayPal
ORD18585,CUST5054,2023-07-07,Shipped,PayPal
ORD18586,CUST4425,2024-07-16,Pending,Cash on Delivery
ORD18587,CUST1660,2024-02-07,Pending,Cash on Delivery
ORD18588,CUST5763,2024-09-25,Pending,Credit Card
ORD18589,CUST4211,2024-12-23,Returned,Cash on Delivery
ORD18590,CUST3430,2023-09-09,Pending,Credit Card
ORD18591,CUST3560,2025-05-29,Delivered,Cash on Delivery
ORD18592,CUST1663,2023-09-16,Returned,PayPal
ORD18593,CUST4919,2022-11-01,Delivered,Cash on Delivery
ORD18594,CUST1685,2024-11-04,Pending,PayPal
ORD18595,CUST2484,2024-09-27,Delivered,Credit Card
ORD18596,CUST4288,2024-05-29,Pending,PayPal
ORD18597,CUST5714,2023-12-07,Shipped,Credit Card
ORD18598,CUST3967,2024-12-10,Cancelled,Cash on Delivery
ORD18599,CUST2487,2025-07-14,Pending,PayPal
ORD18600,CUST3303,2023-12-12,Delivered,Cash on Delivery
ORD18601,CUST4550,2022-11-18,Delivered,Cash on Delivery
ORD18602,CUST5545,2025-06-03,Cancelled,PayPal
ORD18603,CUST2850,2023-04-10,Delivered,Cash on Delivery
ORD18604,CUST2667,2023-05-03,Pending,Credit Card
ORD18605,CUST2460,2023-03-09,Returned,Cash on Delivery
ORD18606,CUST2166,2023-08-16,Returned,Cash on Delivery
ORD18607,CUST3144,2025-01-31,Pending,PayPal
ORD18608,CUST4581,2024-10-13,Delivered,Cash on Delivery
ORD18609,CUST2017,2025-07-15,Returned,Credit Card
ORD18610,CUST2369,2022-12-20,Pending,Credit Card
ORD18611,CUST5138,2023-10-04,Returned,PayPal
ORD18612,CUST3756,2024-01-19,Cancelled,PayPal
ORD18613,CUST4290,2023-12-31,Pending,PayPal
ORD18614,CUST1762,2023-04-21,Shipped,Credit Card
ORD18615,CUST4120,2024-10-25,Delivered,PayPal
ORD18616,CUST1659,2024-06-21,Returned,Cash on Delivery
ORD18617,CUST3064,2025-08-01,Cancelled,Cash on Delivery
ORD18618,CUST5983,2025-04-19,Pending,PayPal
ORD18619,CUST5669,2024-08-19,Shipped,Cash on Delivery
ORD18620,CUST2811,2024-11-10,Delivered,PayPal
ORD18621,CUST1856,2025-07-31,Delivered,Credit Card
ORD18622,CUST4393,2023-11-05,Returned,Cash on Delivery
ORD18623,CUST4337,2023-02-09,Cancelled,Cash on Delivery
ORD18624,CUST1959,2023-08-15,Pending,Cash on Delivery
ORD18625,CUST2379,2022-11-16,Returned,PayPal
ORD18626,CUST1963,2025-03-05,Delivered,PayPal
ORD18627,CUST2057,2025-02-24,Cancelled,PayPal
ORD18628,CUST4622,2024-08-12,Cancelled,PayPal
ORD18629,CUST3676,2025-01-12,Pending,Cash on Delivery
ORD18630,CUST4235,2022-11-13,Returned,Cash on Delivery
ORD18631,CUST5876,2023-12-04,Shipped,Credit Card
ORD18632,CUST1340,2022-10-23,Cancelled,Cash on Delivery
ORD18633,CUST3803,2024-06-09,Shipped,Credit Card
ORD18634,CUST1026,2024-01-13,Cancelled,PayPal
ORD18635,CUST1977,2025-04-03,Delivered,Credit Card
ORD18636,CUST1924,2023-07-04,Cancelled,PayPal
ORD18637,CUST5815,2023-08-14,Shipped,Credit Card
ORD18638,CUST1268,2025-08-02,Cancelled,PayPal
ORD18639,CUST5264,2025-01-12,Shipped,Cash on Delivery
ORD18640,CUST5265,2024-08-11,Pending,PayPal
ORD18641,CUST3548,2023-02-10,Returned,PayPal
ORD18642,CUST3489,2024-01-02,Pending,Cash on Delivery
ORD18643,CUST5479,2023-02-26,Pending,PayPal
ORD18644,CUST5540,2025-02-22,Shipped,Credit Card
ORD18645,CUST4318,2025-02-18,Delivered,Cash on Delivery
ORD18646,CUST5755,2022-12-23,Returned,Cash on Delivery
ORD18647,CUST1117,2025-06-25,Shipped,PayPal
ORD18648,CUST2248,2023-05-15,Shipped,Cash on Delivery
ORD18649,CUST2251,2025-04-29,Cancelled,PayPal
ORD18650,CUST5652,2025-02-03,Pending,Cash on Delivery
ORD18651,CUST2514,2024-08-02,Shipped,Cash on Delivery
ORD18652,CUST1493,2023-01-03,Delivered,Credit Card
ORD18653,CUST3679,2023-07-27,Shipped,PayPal
ORD18654,CUST2287,2025-05-11,Cancelled,Cash on Delivery
ORD18655,CUST2511,2023-04-25,Shipped,Credit Card
ORD18656,CUST3306,2024-04-07,Delivered,PayPal
ORD18657,CUST3024,2024-06-27,Pending,Credit Card
ORD18658,CUST3825,2023-09-28,Pending,PayPal
ORD18659,CUST1257,2023-10-16,Pending,Credit Card
ORD18660,CUST2396,2023-08-03,Shipped,Cash on Delivery
ORD18661,CUST5665,2023-01-07,Shipped,Cash on Delivery
ORD18662,CUST5311,2023-03-08,Shipped,Cash on Delivery
ORD18663,CUST1757,2024-11-14,Delivered,PayPal
ORD18664,CUST4418,2023-09-03,Pending,PayPal
ORD18665,CUST5263,2025-03-22,Delivered,Credit Card
ORD18666,CUST2427,2023-10-11,Shipped,PayPal
ORD18667,CUST2906,2022-09-15,Cancelled,Cash on Delivery
ORD18668,CUST3694,2023-11-06,Cancelled,Credit Card
ORD18669,CUST2046,2024-10-19,Shipped,PayPal
ORD18670,CUST5268,2023-09-24,Returned,Credit Card
ORD18671,CUST2257,2023-03-10,Shipped,Cash on Delivery
ORD18672,CUST5345,2025-03-13,Returned,Credit Card
ORD18673,CUST1961,2023-08-02,Cancelled,PayPal
ORD18674,CUST1207,2023-06-19,Shipped,Credit Card
ORD18675,CUST3983,2024-05-01,Returned,Cash on Delivery
ORD18676,CUST5533,2022-08-30,Returned,Credit Card
ORD18677,CUST3126,2024-08-26,Shipped,PayPal
ORD18678,CUST4617,2022-12-27,Shipped,PayPal
ORD18679,CUST2978,2024-01-14,Pending,PayPal
ORD18680,CUST3406,2025-02-16,Pending,Cash on Delivery
ORD18681,CUST4206,2025-07-22,Returned,Credit Card
ORD18682,CUST2261,2024-10-09,Shipped,PayPal
ORD18683,CUST4562,2023-01-16,Returned,Credit Card
ORD18684,CUST4730,2022-11-30,Pending,Cash on Delivery
ORD18685,CUST4652,2023-08-09,Cancelled,Credit Card
ORD18686,CUST5133,2022-12-23,Pending,Credit Card
ORD18687,CUST3670,2025-05-08,Pending,PayPal
ORD18688,CUST4294,2024-03-30,Cancelled,Credit Card
ORD18689,CUST3641,2023-02-28,Cancelled,Credit Card
ORD18690,CUST4558,2024-05-03,Shipped,Cash on Delivery
ORD18691,CUST2152,2024-04-01,Cancelled,Cash on Delivery
ORD18692,CUST3476,2023-12-06,Shipped,Credit Card
ORD18693,CUST2004,2023-07-26,Pending,PayPal
ORD18694,CUST2099,2025-04-22,Cancelled,Cash on Delivery
ORD18695,CUST3448,2025-05-20,Pending,PayPal
ORD18696,CUST5228,2024-02-04,Shipped,Cash on Delivery
ORD18697,CUST5124,2024-04-17,Pending,PayPal
ORD18698,CUST5186,2023-07-04,Returned,PayPal
ORD18699,CUST5967,2022-12-08,Delivered,PayPal
ORD18700,CUST2884,2023-12-12,Pending,Credit Card
ORD18701,CUST5561,2022-12-11,Shipped,Cash on Delivery
ORD18702,CUST4432,2024-06-14,Pending,Cash on Delivery
ORD18703,CUST4821,2025-06-04,Pending,PayPal
ORD18704,CUST1675,2024-10-25,Returned,Cash on Delivery
ORD18705,CUST3423,2025-02-24,Shipped,Cash on Delivery
ORD18706,CUST1385,2022-10-10,Shipped,Credit Card
ORD18707,CUST4548,2023-08-29,Delivered,Credit Card
ORD18708,CUST5504,2023-10-19,Pending,Credit Card
ORD18709,CUST4260,2025-08-23,Shipped,Cash on Delivery
ORD18710,CUST1814,2025-06-25,Shipped,Credit Card
ORD18711,CUST4829,2024-09-04,Pending,PayPal
ORD18712,CUST4485,2023-07-24,Delivered,Credit Card
ORD18713,CUST1578,2025-07-23,Pending,Credit Card
ORD18714,CUST3308,2025-05-18,Delivered,PayPal
ORD18715,CUST5588,2024-05-30,Delivered,Cash on Delivery
ORD18716,CUST5712,2022-09-23,Delivered,PayPal
ORD18717,CUST5872,2023-07-25,Shipped,Credit Card
ORD18718,CUST2003,2022-09-29,Shipped,Credit Card
ORD18719,CUST1507,2024-04-30,Returned,Cash on Delivery
ORD18720,CUST2607,2025-03-30,Shipped,PayPal
ORD18721,CUST5928,2023-06-17,Delivered,Cash on Delivery
ORD18722,CUST3945,2024-05-11,Delivered,Credit Card
ORD18723,CUST1308,2025-07-16,Pending,Cash on Delivery
ORD18724,CUST1450,2024-03-07,Pending,PayPal
ORD18725,CUST5848,2024-07-13,Pending,Credit Card
ORD18726,CUST1448,2024-11-03,Pending,Credit Card
ORD18727,CUST3660,2023-02-10,Cancelled,PayPal
ORD18728,CUST2963,2025-04-30,Cancelled,Cash on Delivery
ORD18729,CUST4262,2024-03-30,Pending,Cash on Delivery
ORD18730,CUST2204,2023-10-14,Returned,Credit Card
ORD18731,CUST3601,2024-10-23,Cancelled,Cash on Delivery
ORD18732,CUST3341,2024-05-22,Cancelled,PayPal
ORD18733,CUST1485,2023-06-01,Returned,Credit Card
ORD18734,CUST2528,2023-09-07,Cancelled,PayPal
ORD18735,CUST2782,2023-03-22,Pending,Cash on Delivery
ORD18736,CUST2768,2022-12-20,Cancelled,PayPal
ORD18737,CUST5384,2024-11-24,Returned,Credit Card
ORD18738,CUST5482,2025-03-05,Delivered,Credit Card
ORD18739,CUST1541,2024-08-07,Delivered,PayPal
ORD18740,CUST4672,2023-06-23,Returned,PayPal
ORD18741,CUST5034,2024-09-05,Delivered,PayPal
ORD18742,CUST3944,2022-09-05,Shipped,Credit Card
ORD18743,CUST3188,2024-08-04,Delivered,Cash on Delivery
ORD18744,CUST2502,2024-07-02,Returned,Credit Card
ORD18745,CUST3279,2024-12-12,Delivered,Credit Card
ORD18746,CUST3611,2025-08-20,Shipped,PayPal
ORD18747,CUST1045,2024-04-10,Shipped,Credit Card
ORD18748,CUST3798,2023-11-27,Delivered,Credit Card
ORD18749,CUST2193,2025-03-21,Cancelled,Cash on Delivery
ORD18750,CUST1536,2023-08-05,Cancelled,Cash on Delivery
ORD18751,CUST1975,2023-08-16,Delivered,Credit Card
ORD18752,CUST2996,2024-06-11,Pending,PayPal
ORD18753,CUST5699,2024-11-07,Shipped,Cash on Delivery
ORD18754,CUST5886,2023-06-15,Returned,Cash on Delivery
ORD18755,CUST2017,2023-08-10,Pending,Credit Card
ORD18756,CUST5173,2023-10-13,Returned,Credit Card
ORD18757,CUST5551,2023-03-25,Cancelled,Credit Card
ORD18758,CUST2316,2025-07-13,Pending,Credit Card
ORD18759,CUST3164,2023-10-16,Returned,PayPal
ORD18760,CUST4722,2025-01-12,Shipped,Credit Card
ORD18761,CUST2041,2022-11-19,Returned,Cash on Delivery
ORD18762,CUST2614,2023-07-14,Returned,Credit Card
ORD18763,CUST2394,2024-12-28,Cancelled,PayPal
ORD18764,CUST2927,2023-01-25,Returned,PayPal
ORD18765,CUST5759,2025-02-14,Cancelled,PayPal
ORD18766,CUST1841,2022-10-14,Shipped,Credit Card
ORD18767,CUST4431,2025-07-04,Pending,Credit Card
ORD18768,CUST2521,2025-04-19,Delivered,Credit Card
ORD18769,CUST4595,2024-12-30,Cancelled,Cash on Delivery
ORD18770,CUST3857,2023-08-06,Delivered,PayPal
ORD18771,CUST4599,2023-06-22,Cancelled,PayPal
ORD18772,CUST1240,2024-10-03,Shipped,PayPal
ORD18773,CUST1238,2022-09-17,Pending,PayPal
ORD18774,CUST4944,2025-02-28,Delivered,Cash on Delivery
ORD18775,CUST3490,2024-08-11,Returned,Cash on Delivery
ORD18776,CUST1844,2024-02-06,Cancelled,PayPal
ORD18777,CUST1908,2024-06-02,Delivered,Cash on Delivery
ORD18778,CUST2937,2024-07-02,Shipped,PayPal
ORD18779,CUST1916,2024-09-17,Pending,PayPal
ORD18780,CUST4212,2024-04-07,Returned,Credit Card
ORD18781,CUST5961,2022-09-21,Shipped,PayPal
ORD18782,CUST3567,2023-09-16,Delivered,Credit Card
ORD18783,CUST3753,2025-03-10,Returned,Cash on Delivery
ORD18784,CUST1224,2022-09-01,Delivered,Credit Card
ORD18785,CUST3923,2023-09-17,Shipped,PayPal
ORD18786,CUST4337,2024-06-01,Delivered,Credit Card
ORD18787,CUST2805,2022-09-13,Delivered,PayPal
ORD18788,CUST4522,2024-11-06,Pending,Credit Card
ORD18789,CUST4871,2023-11-10,Shipped,PayPal
ORD18790,CUST1491,2025-04-01,Returned,Credit Card
ORD18791,CUST1013,2023-10-31,Shipped,Cash on Delivery
ORD18792,CUST5113,2023-07-08,Cancelled,Credit Card
ORD18793,CUST1550,2023-09-03,Cancelled,PayPal
ORD18794,CUST4335,2024-11-13,Delivered,Credit Card
ORD18795,CUST5311,2024-06-08,Delivered,PayPal
ORD18796,CUST4149,2023-04-22,Cancelled,Cash on Delivery
ORD18797,CUST5535,2024-02-21,Delivered,Cash on Delivery
ORD18798,CUST1866,2025-07-26,Cancelled,PayPal
ORD18799,CUST1185,2024-10-24,Returned,Cash on Delivery
ORD18800,CUST1128,2025-05-06,Delivered,Cash on Delivery
ORD18801,CUST1826,2024-06-12,Delivered,Cash on Delivery
ORD18802,CUST2204,2024-02-24,Shipped,Credit Card
ORD18803,CUST1280,2025-01-30,Returned,Cash on Delivery
ORD18804,CUST4577,2024-11-13,Pending,PayPal
ORD18805,CUST1194,2023-02-19,Cancelled,Cash on Delivery
ORD18806,CUST4389,2024-05-30,Shipped,PayPal
ORD18807,CUST1418,2024-09-29,Shipped,Cash on Delivery
ORD18808,CUST4816,2022-11-02,Pending,Credit Card
ORD18809,CUST4757,2023-04-17,Pending,Cash on Delivery
ORD18810,CUST5099,2023-10-14,Cancelled,Credit Card
ORD18811,CUST1640,2024-03-29,Shipped,PayPal
ORD18812,CUST2351,2024-04-15,Cancelled,Credit Card
ORD18813,CUST2849,2022-12-30,Cancelled,Credit Card
ORD18814,CUST4390,2023-01-31,Delivered,PayPal
ORD18815,CUST5946,2023-04-24,Cancelled,Credit Card
ORD18816,CUST2233,2023-08-03,Pending,Credit Card
ORD18817,CUST4343,2022-12-22,Pending,PayPal
ORD18818,CUST5616,2022-11-07,Shipped,PayPal
ORD18819,CUST5570,2023-06-13,Cancelled,Credit Card
ORD18820,CUST3969,2024-08-12,Cancelled,PayPal
ORD18821,CUST5779,2023-07-01,Cancelled,Credit Card
ORD18822,CUST5029,2025-05-06,Delivered,PayPal
ORD18823,CUST4871,2023-04-23,Shipped,PayPal
ORD18824,CUST4864,2023-06-10,Cancelled,PayPal
ORD18825,CUST4532,2024-07-15,Cancelled,PayPal
ORD18826,CUST5396,2023-03-11,Shipped,Cash on Delivery
ORD18827,CUST2292,2022-11-25,Shipped,Credit Card
ORD18828,CUST5014,2024-11-11,Cancelled,Credit Card
ORD18829,CUST2380,2025-02-21,Shipped,Cash on Delivery
ORD18830,CUST1934,2025-02-24,Cancelled,Cash on Delivery
ORD18831,CUST5769,2023-01-22,Pending,Credit Card
ORD18832,CUST4950,2023-11-05,Pending,PayPal
ORD18833,CUST3955,2023-10-17,Shipped,PayPal
ORD18834,CUST1247,2024-10-22,Shipped,Credit Card
ORD18835,CUST2298,2022-09-10,Pending,PayPal
ORD18836,CUST2207,2025-04-13,Pending,Cash on Delivery
ORD18837,CUST1642,2025-02-14,Delivered,Cash on Delivery
ORD18838,CUST5046,2025-03-09,Delivered,Cash on Delivery
ORD18839,CUST1282,2025-07-27,Shipped,Credit Card
ORD18840,CUST3280,2024-02-03,Returned,Credit Card
ORD18841,CUST4486,2024-01-11,Pending,Credit Card
ORD18842,CUST2033,2024-06-24,Delivered,PayPal
ORD18843,CUST4207,2024-12-01,Returned,Credit Card
ORD18844,CUST5203,2024-01-13,Returned,Credit Card
ORD18845,CUST5281,2025-05-13,Shipped,PayPal
ORD18846,CUST4061,2023-11-19,Shipped,Credit Card
ORD18847,CUST3737,2024-10-02,Delivered,PayPal
ORD18848,CUST4451,2025-08-22,Returned,Cash on Delivery
ORD18849,CUST5230,2023-07-21,Returned,Cash on Delivery
ORD18850,CUST4908,2023-11-30,Shipped,Credit Card
ORD18851,CUST4687,2025-07-21,Pending,PayPal
ORD18852,CUST1033,2023-09-28,Delivered,Credit Card
ORD18853,CUST1438,2022-10-04,Pending,PayPal
ORD18854,CUST4192,2025-05-09,Delivered,PayPal
ORD18855,CUST3211,2023-09-02,Delivered,PayPal
ORD18856,CUST5694,2025-03-03,Pending,Credit Card
ORD18857,CUST1397,2023-12-09,Returned,PayPal
ORD18858,CUST3155,2024-01-13,Cancelled,Credit Card
ORD18859,CUST1938,2024-04-20,Shipped,Credit Card
ORD18860,CUST1991,2025-04-14,Delivered,Credit Card
ORD18861,CUST5708,2024-05-28,Cancelled,Cash on Delivery
ORD18862,CUST5761,2024-09-08,Delivered,PayPal
ORD18863,CUST2560,2023-08-10,Delivered,Cash on Delivery
ORD18864,CUST5672,2025-04-30,Returned,Credit Card
ORD18865,CUST4653,2022-11-24,Pending,Credit Card
ORD18866,CUST4433,2023-11-11,Cancelled,Cash on Delivery
ORD18867,CUST5715,2022-08-30,Returned,Cash on Delivery
ORD18868,CUST3345,2023-09-16,Pending,Cash on Delivery
ORD18869,CUST1967,2023-05-14,Cancelled,PayPal
ORD18870,CUST2558,2024-12-04,Shipped,Credit Card
ORD18871,CUST4395,2023-12-24,Shipped,Credit Card
ORD18872,CUST4163,2024-10-24,Delivered,Credit Card
ORD18873,CUST5053,2023-05-02,Shipped,Cash on Delivery
ORD18874,CUST1934,2023-09-09,Pending,Credit Card
ORD18875,CUST4349,2024-12-29,Shipped,PayPal
ORD18876,CUST4031,2023-03-12,Shipped,PayPal
ORD18877,CUST2106,2023-07-26,Returned,Credit Card
ORD18878,CUST3150,2024-08-30,Returned,PayPal
ORD18879,CUST4709,2023-09-17,Delivered,Credit Card
ORD18880,CUST5294,2024-03-13,Cancelled,PayPal
ORD18881,CUST1905,2022-08-28,Delivered,Cash on Delivery
ORD18882,CUST2417,2024-07-14,Pending,Cash on Delivery
ORD18883,CUST4251,2024-06-04,Returned,Credit Card
ORD18884,CUST1064,2023-01-30,Shipped,Cash on Delivery
ORD18885,CUST4047,2022-11-10,Returned,PayPal
ORD18886,CUST4807,2023-08-09,Returned,PayPal
ORD18887,CUST4084,2024-07-16,Returned,PayPal
ORD18888,CUST3056,2023-07-13,Shipped,Cash on Delivery
ORD18889,CUST3269,2023-05-29,Pending,Credit Card
ORD18890,CUST3885,2023-01-24,Cancelled,Cash on Delivery
ORD18891,CUST1269,2025-06-28,Shipped,Credit Card
ORD18892,CUST4042,2025-05-18,Cancelled,PayPal
ORD18893,CUST3910,2022-09-17,Shipped,PayPal
ORD18894,CUST4751,2022-10-13,Returned,Cash on Delivery
ORD18895,CUST5347,2024-08-04,Delivered,PayPal
ORD18896,CUST5383,2024-05-10,Shipped,Cash on Delivery
ORD18897,CUST2518,2023-05-14,Delivered,Cash on Delivery
ORD18898,CUST4785,2024-10-05,Cancelled,Credit Card
ORD18899,CUST5544,2023-04-03,Shipped,PayPal
ORD18900,CUST2863,2025-05-01,Pending,PayPal
ORD18901,CUST2400,2025-04-28,Returned,Cash on Delivery
ORD18902,CUST1566,2025-08-24,Cancelled,Credit Card
ORD18903,CUST1526,2023-08-23,Returned,PayPal
ORD18904,CUST2643,2024-09-25,Shipped,Credit Card
ORD18905,CUST5095,2022-12-15,Pending,PayPal
ORD18906,CUST4743,2024-12-03,Pending,PayPal
ORD18907,CUST3743,2024-05-20,Delivered,Credit Card
ORD18908,CUST2857,2023-01-05,Returned,Credit Card
ORD18909,CUST5551,2023-10-30,Pending,Cash on Delivery
ORD18910,CUST2644,2023-05-17,Returned,Credit Card
ORD18911,CUST2485,2024-09-27,Pending,Credit Card
ORD18912,CUST3532,2024-05-28,Shipped,Cash on Delivery
ORD18913,CUST2490,2025-02-27,Pending,Credit Card
ORD18914,CUST5786,2025-07-09,Pending,PayPal
ORD18915,CUST2112,2024-04-28,Pending,Credit Card
ORD18916,CUST5173,2025-06-05,Returned,PayPal
ORD18917,CUST5099,2024-10-15,Returned,PayPal
ORD18918,CUST4804,2025-01-23,Returned,PayPal
ORD18919,CUST2926,2024-11-13,Returned,Cash on Delivery
ORD18920,CUST4124,2023-07-11,Delivered,Credit Card
ORD18921,CUST1317,2023-01-12,Returned,PayPal
ORD18922,CUST3551,2022-10-25,Shipped,Cash on Delivery
ORD18923,CUST4907,2024-05-03,Cancelled,PayPal
ORD18924,CUST1694,2024-10-16,Cancelled,Cash on Delivery
ORD18925,CUST4324,2023-12-04,Cancelled,PayPal
ORD18926,CUST5989,2023-06-07,Delivered,PayPal
ORD18927,CUST2831,2024-01-17,Returned,PayPal
ORD18928,CUST5222,2024-03-13,Cancelled,Cash on Delivery
ORD18929,CUST4530,2022-12-22,Pending,PayPal
ORD18930,CUST1941,2024-07-15,Pending,Cash on Delivery
ORD18931,CUST4053,2025-04-29,Delivered,Cash on Delivery
ORD18932,CUST3412,2023-11-12,Pending,PayPal
ORD18933,CUST1968,2025-08-24,Delivered,Credit Card
ORD18934,CUST4971,2023-07-28,Shipped,Credit Card
ORD18935,CUST1402,2023-02-22,Returned,PayPal
ORD18936,CUST2085,2024-12-10,Returned,Credit Card
ORD18937,CUST1208,2024-08-31,Cancelled,Credit Card
ORD18938,CUST1812,2024-02-28,Shipped,Credit Card
ORD18939,CUST4276,2024-09-01,Shipped,Credit Card
ORD18940,CUST3856,2025-03-18,Shipped,Credit Card
ORD18941,CUST5786,2024-10-02,Returned,Credit Card
ORD18942,CUST1792,2025-04-27,Cancelled,PayPal
ORD18943,CUST1554,2023-12-10,Cancelled,Cash on Delivery
ORD18944,CUST1937,2022-12-05,Returned,PayPal
ORD18945,CUST3514,2023-08-24,Cancelled,Credit Card
ORD18946,CUST2232,2024-12-08,Returned,PayPal
ORD18947,CUST4368,2023-01-25,Delivered,PayPal
ORD18948,CUST4236,2023-11-18,Cancelled,Cash on Delivery
ORD18949,CUST4184,2024-08-10,Cancelled,PayPal
ORD18950,CUST1233,2023-12-21,Pending,Cash on Delivery
ORD18951,CUST3845,2023-12-16,Shipped,PayPal
ORD18952,CUST4575,2023-02-15,Shipped,Cash on Delivery
ORD18953,CUST5817,2024-10-22,Pending,Credit Card
ORD18954,CUST3099,2022-12-08,Delivered,Credit Card
ORD18955,CUST3334,2025-03-01,Pending,Credit Card
ORD18956,CUST1089,2024-04-01,Cancelled,Credit Card
ORD18957,CUST1848,2023-12-27,Returned,PayPal
ORD18958,CUST5124,2023-04-05,Cancelled,PayPal
ORD18959,CUST2696,2024-02-18,Cancelled,Cash on Delivery
ORD18960,CUST4072,2023-06-03,Cancelled,PayPal
ORD18961,CUST4241,2024-08-06,Delivered,PayPal
ORD18962,CUST5817,2024-06-11,Returned,Cash on Delivery
ORD18963,CUST2413,2024-07-28,Cancelled,Credit Card
ORD18964,CUST3726,2025-05-01,Shipped,Cash on Delivery
ORD18965,CUST4730,2022-12-16,Cancelled,PayPal
ORD18966,CUST2062,2025-08-09,Pending,Credit Card
ORD18967,CUST3781,2024-10-20,Delivered,Cash on Delivery
ORD18968,CUST4931,2023-01-17,Returned,Credit Card
ORD18969,CUST4710,2023-01-07,Cancelled,PayPal
ORD18970,CUST4427,2024-07-18,Delivered,Cash on Delivery
ORD18971,CUST4422,2024-09-14,Delivered,PayPal
ORD18972,CUST4976,2023-01-24,Shipped,Credit Card
ORD18973,CUST4388,2023-10-14,Shipped,Credit Card
ORD18974,CUST5038,2024-06-12,Delivered,Credit Card
ORD18975,CUST4879,2024-03-24,Shipped,PayPal
ORD18976,CUST2692,2025-05-25,Shipped,Cash on Delivery
ORD18977,CUST4768,2024-10-27,Pending,Credit Card
ORD18978,CUST5507,2023-02-18,Returned,Credit Card
ORD18979,CUST3094,2024-09-21,Returned,Cash on Delivery
ORD18980,CUST2562,2025-04-19,Shipped,Credit Card
ORD18981,CUST3339,2025-03-26,Returned,PayPal
ORD18982,CUST3226,2023-05-10,Cancelled,Credit Card
ORD18983,CUST5046,2024-12-19,Returned,Cash on Delivery
ORD18984,CUST4926,2024-07-17,Cancelled,PayPal
ORD18985,CUST2526,2023-06-10,Cancelled,PayPal
ORD18986,CUST1506,2024-02-26,Cancelled,PayPal
ORD18987,CUST5599,2024-06-16,Returned,Cash on Delivery
ORD18988,CUST2118,2025-03-11,Cancelled,PayPal
ORD18989,CUST1952,2025-01-26,Pending,Credit Card
ORD18990,CUST1763,2025-04-08,Pending,PayPal
ORD18991,CUST2445,2025-06-22,Delivered,Credit Card
ORD18992,CUST2542,2025-02-14,Pending,Cash on Delivery
ORD18993,CUST4526,2025-07-09,Cancelled,Cash on Delivery
ORD18994,CUST3154,2023-02-12,Pending,Cash on Delivery
ORD18995,CUST1070,2024-03-17,Shipped,PayPal
ORD18996,CUST1587,2023-06-12,Shipped,Credit Card
ORD18997,CUST1114,2024-09-30,Cancelled,Cash on Delivery
ORD18998,CUST1257,2025-04-10,Shipped,Cash on Delivery
ORD18999,CUST4848,2025-01-30,Pending,Credit Card
ORD19000,CUST5297,2025-06-22,Pending,Credit Card
ORD19001,CUST5624,2023-11-13,Shipped,Credit Card
ORD19002,CUST2489,2023-11-02,Cancelled,PayPal
ORD19003,CUST3729,2024-03-01,Delivered,PayPal
ORD19004,CUST5745,2022-09-09,Pending,Cash on Delivery
ORD19005,CUST5013,2024-05-18,Delivered,PayPal
ORD19006,CUST2660,2022-11-28,Pending,Credit Card
ORD19007,CUST5336,2023-08-13,Shipped,Credit Card
ORD19008,CUST5898,2023-02-20,Pending,Cash on Delivery
ORD19009,CUST1773,2023-11-07,Cancelled,Credit Card
ORD19010,CUST2517,2025-02-20,Pending,Credit Card
ORD19011,CUST3862,2023-02-26,Returned,PayPal
ORD19012,CUST4957,2023-09-29,Returned,Credit Card
ORD19013,CUST3091,2025-05-28,Returned,PayPal
ORD19014,CUST5745,2024-11-22,Cancelled,Cash on Delivery
ORD19015,CUST1234,2025-05-27,Cancelled,PayPal
ORD19016,CUST1510,2024-06-25,Shipped,Cash on Delivery
ORD19017,CUST4204,2024-04-19,Returned,Cash on Delivery
ORD19018,CUST3501,2023-01-07,Shipped,PayPal
ORD19019,CUST3705,2023-05-27,Shipped,PayPal
ORD19020,CUST3530,2024-01-06,Shipped,Cash on Delivery
ORD19021,CUST3146,2024-02-14,Shipped,Cash on Delivery
ORD19022,CUST2319,2024-06-03,Delivered,Credit Card
ORD19023,CUST2613,2025-05-09,Shipped,Cash on Delivery
ORD19024,CUST5595,2025-07-16,Delivered,Credit Card
ORD19025,CUST2399,2023-10-12,Shipped,Cash on Delivery
ORD19026,CUST1891,2025-08-24,Returned,PayPal
ORD19027,CUST4299,2022-11-06,Pending,Credit Card
ORD19028,CUST5859,2024-06-24,Shipped,Cash on Delivery
ORD19029,CUST1964,2025-05-19,Cancelled,Credit Card
ORD19030,CUST1510,2022-11-14,Shipped,PayPal
ORD19031,CUST4892,2023-05-15,Shipped,PayPal
ORD19032,CUST1473,2024-11-17,Delivered,Cash on Delivery
ORD19033,CUST4993,2022-10-11,Shipped,PayPal
ORD19034,CUST5837,2024-12-30,Shipped,Credit Card
ORD19035,CUST3742,2023-12-23,Delivered,Credit Card
ORD19036,CUST1055,2024-09-06,Cancelled,Credit Card
ORD19037,CUST2773,2022-11-19,Cancelled,PayPal
ORD19038,CUST2970,2024-08-10,Returned,PayPal
ORD19039,CUST2897,2024-01-25,Pending,PayPal
ORD19040,CUST5190,2024-05-09,Pending,PayPal
ORD19041,CUST1031,2022-10-24,Cancelled,Credit Card
ORD19042,CUST3321,2024-02-14,Returned,Cash on Delivery
ORD19043,CUST5983,2023-03-30,Returned,Credit Card
ORD19044,CUST4214,2025-06-25,Pending,Cash on Delivery
ORD19045,CUST3079,2025-07-19,Shipped,Credit Card
ORD19046,CUST2285,2023-04-27,Delivered,Cash on Delivery
ORD19047,CUST5681,2023-05-26,Pending,Cash on Delivery
ORD19048,CUST3981,2024-01-13,Cancelled,PayPal
ORD19049,CUST3167,2025-06-30,Cancelled,Cash on Delivery
ORD19050,CUST3361,2024-10-11,Delivered,Cash on Delivery
ORD19051,CUST1190,2025-01-25,Pending,Cash on Delivery
ORD19052,CUST3655,2023-09-15,Pending,Credit Card
ORD19053,CUST2817,2023-01-05,Returned,Credit Card
ORD19054,CUST3556,2024-06-24,Pending,Credit Card
ORD19055,CUST1173,2024-07-03,Shipped,Cash on Delivery
ORD19056,CUST3168,2025-08-14,Delivered,PayPal
ORD19057,CUST1140,2025-08-17,Cancelled,PayPal
ORD19058,CUST5303,2023-12-20,Returned,PayPal
ORD19059,CUST4904,2025-08-06,Shipped,Cash on Delivery
ORD19060,CUST5941,2024-11-13,Cancelled,Cash on Delivery
ORD19061,CUST3007,2025-07-31,Delivered,Cash on Delivery
ORD19062,CUST5071,2022-09-22,Returned,PayPal
ORD19063,CUST2615,2023-01-17,Cancelled,Credit Card
ORD19064,CUST4892,2024-01-07,Pending,PayPal
ORD19065,CUST5423,2023-12-20,Shipped,Credit Card
ORD19066,CUST4096,2024-09-01,Returned,Cash on Delivery
ORD19067,CUST1281,2023-01-17,Cancelled,PayPal
ORD19068,CUST2940,2023-08-11,Cancelled,Credit Card
ORD19069,CUST4649,2024-10-07,Shipped,PayPal
ORD19070,CUST5206,2024-03-14,Shipped,Credit Card
ORD19071,CUST1715,2024-05-06,Returned,Credit Card
ORD19072,CUST2121,2023-07-07,Pending,Cash on Delivery
ORD19073,CUST5388,2025-01-24,Returned,Cash on Delivery
ORD19074,CUST4359,2025-02-10,Cancelled,Cash on Delivery
ORD19075,CUST3435,2024-08-24,Delivered,PayPal
ORD19076,CUST2618,2024-10-19,Pending,Cash on Delivery
ORD19077,CUST1073,2025-06-30,Cancelled,Credit Card
ORD19078,CUST1568,2024-09-11,Cancelled,Cash on Delivery
ORD19079,CUST2973,2025-08-21,Pending,PayPal
ORD19080,CUST3233,2025-03-17,Shipped,Credit Card
ORD19081,CUST2584,2024-04-28,Delivered,Cash on Delivery
ORD19082,CUST4779,2023-04-11,Pending,PayPal
ORD19083,CUST5333,2025-05-16,Shipped,Credit Card
ORD19084,CUST5726,2022-12-01,Cancelled,PayPal
ORD19085,CUST1766,2023-09-17,Cancelled,Cash on Delivery
ORD19086,CUST3418,2024-07-15,Returned,Credit Card
ORD19087,CUST2392,2024-05-09,Cancelled,Cash on Delivery
ORD19088,CUST4107,2025-03-09,Cancelled,PayPal
ORD19089,CUST4958,2025-01-01,Pending,Credit Card
ORD19090,CUST1073,2023-07-09,Shipped,Cash on Delivery
ORD19091,CUST1663,2024-01-22,Shipped,Cash on Delivery
ORD19092,CUST3177,2025-04-03,Shipped,PayPal
ORD19093,CUST2268,2023-07-15,Delivered,PayPal
ORD19094,CUST1155,2024-04-09,Delivered,Cash on Delivery
ORD19095,CUST1808,2024-02-16,Shipped,PayPal
ORD19096,CUST5098,2024-07-07,Shipped,Credit Card
ORD19097,CUST3097,2024-04-30,Returned,Cash on Delivery
ORD19098,CUST4737,2023-05-29,Delivered,Cash on Delivery
ORD19099,CUST1134,2025-02-07,Delivered,Cash on Delivery
ORD19100,CUST3698,2023-09-24,Cancelled,Credit Card
ORD19101,CUST1976,2025-01-29,Shipped,Cash on Delivery
ORD19102,CUST3719,2025-02-11,Delivered,Credit Card
ORD19103,CUST2736,2023-11-27,Returned,Credit Card
ORD19104,CUST2007,2024-07-23,Returned,Cash on Delivery
ORD19105,CUST4951,2025-08-17,Delivered,Cash on Delivery
ORD19106,CUST4446,2023-04-29,Shipped,PayPal
ORD19107,CUST2508,2023-05-18,Shipped,Credit Card
ORD19108,CUST1339,2023-02-10,Returned,PayPal
ORD19109,CUST4396,2025-06-23,Delivered,Cash on Delivery
ORD19110,CUST2989,2023-07-07,Returned,Credit Card
ORD19111,CUST3238,2025-05-26,Shipped,Credit Card
ORD19112,CUST5735,2024-10-30,Shipped,PayPal
ORD19113,CUST2634,2025-04-24,Returned,Cash on Delivery
ORD19114,CUST5838,2025-07-22,Pending,PayPal
ORD19115,CUST2579,2024-08-10,Pending,Cash on Delivery
ORD19116,CUST2265,2023-08-06,Shipped,Credit Card
ORD19117,CUST5464,2023-09-21,Returned,Cash on Delivery
ORD19118,CUST2957,2024-05-10,Pending,Cash on Delivery
ORD19119,CUST4266,2022-09-27,Pending,PayPal
ORD19120,CUST5943,2022-10-06,Returned,Credit Card
ORD19121,CUST3507,2023-12-20,Delivered,Credit Card
ORD19122,CUST4342,2022-09-23,Shipped,Credit Card
ORD19123,CUST2832,2023-07-28,Pending,Cash on Delivery
ORD19124,CUST4627,2022-09-05,Delivered,PayPal
ORD19125,CUST4272,2024-12-25,Pending,PayPal
ORD19126,CUST1794,2024-04-27,Shipped,Cash on Delivery
ORD19127,CUST5507,2023-05-14,Cancelled,Cash on Delivery
ORD19128,CUST1562,2024-02-29,Pending,Cash on Delivery
ORD19129,CUST5572,2024-10-10,Shipped,PayPal
ORD19130,CUST3219,2024-11-22,Delivered,Cash on Delivery
ORD19131,CUST4310,2024-03-06,Pending,Cash on Delivery
ORD19132,CUST4508,2023-04-10,Cancelled,PayPal
ORD19133,CUST2136,2024-10-27,Shipped,Credit Card
ORD19134,CUST1028,2025-01-28,Shipped,Credit Card
ORD19135,CUST4556,2024-01-16,Delivered,PayPal
ORD19136,CUST1614,2023-11-27,Delivered,Credit Card
ORD19137,CUST2131,2023-06-12,Cancelled,PayPal
ORD19138,CUST5892,2025-05-04,Delivered,Credit Card
ORD19139,CUST3632,2024-04-02,Cancelled,PayPal
ORD19140,CUST4626,2023-06-26,Delivered,PayPal
ORD19141,CUST5411,2025-03-09,Delivered,Credit Card
ORD19142,CUST1813,2023-04-24,Cancelled,Cash on Delivery
ORD19143,CUST4466,2025-08-22,Cancelled,Cash on Delivery
ORD19144,CUST2766,2023-08-21,Pending,Cash on Delivery
ORD19145,CUST4497,2022-12-31,Delivered,Cash on Delivery
ORD19146,CUST4223,2024-07-07,Delivered,Credit Card
ORD19147,CUST5556,2024-06-01,Shipped,Credit Card
ORD19148,CUST1192,2023-03-17,Returned,Credit Card
ORD19149,CUST4682,2025-01-23,Cancelled,Credit Card
ORD19150,CUST5030,2025-03-19,Shipped,Cash on Delivery
ORD19151,CUST2663,2022-10-21,Delivered,Cash on Delivery
ORD19152,CUST4325,2022-12-20,Delivered,PayPal
ORD19153,CUST5245,2024-12-28,Returned,PayPal
ORD19154,CUST2576,2023-04-25,Cancelled,Cash on Delivery
ORD19155,CUST1460,2025-02-07,Pending,Cash on Delivery
ORD19156,CUST2965,2024-11-01,Cancelled,Credit Card
ORD19157,CUST1928,2025-01-21,Pending,Credit Card
ORD19158,CUST5482,2023-10-03,Cancelled,Cash on Delivery
ORD19159,CUST2727,2024-11-24,Delivered,PayPal
ORD19160,CUST3257,2025-07-03,Shipped,Credit Card
ORD19161,CUST3180,2025-02-28,Returned,Credit Card
ORD19162,CUST4526,2025-04-30,Returned,Credit Card
ORD19163,CUST3117,2023-11-26,Shipped,Cash on Delivery
ORD19164,CUST1669,2024-01-03,Shipped,Cash on Delivery
ORD19165,CUST1931,2024-03-12,Pending,Cash on Delivery
ORD19166,CUST4927,2024-08-13,Cancelled,Credit Card
ORD19167,CUST2962,2023-05-01,Returned,Cash on Delivery
ORD19168,CUST4643,2024-06-30,Pending,PayPal
ORD19169,CUST5383,2023-07-06,Pending,PayPal
ORD19170,CUST5978,2023-08-05,Cancelled,Cash on Delivery
ORD19171,CUST1695,2023-07-16,Pending,PayPal
ORD19172,CUST2914,2025-08-08,Shipped,Cash on Delivery
ORD19173,CUST5836,2022-12-06,Delivered,Cash on Delivery
ORD19174,CUST4120,2025-03-24,Shipped,PayPal
ORD19175,CUST2503,2024-07-20,Delivered,Cash on Delivery
ORD19176,CUST2170,2023-10-25,Returned,PayPal
ORD19177,CUST5154,2024-03-11,Shipped,Credit Card
ORD19178,CUST2341,2023-11-07,Returned,Cash on Delivery
ORD19179,CUST2152,2025-06-24,Returned,PayPal
ORD19180,CUST3732,2024-03-15,Returned,Cash on Delivery
ORD19181,CUST4830,2023-06-13,Pending,Cash on Delivery
ORD19182,CUST4083,2022-08-27,Pending,Cash on Delivery
ORD19183,CUST2345,2022-12-12,Returned,Cash on Delivery
ORD19184,CUST3660,2023-09-20,Delivered,PayPal
ORD19185,CUST2050,2024-11-13,Returned,Credit Card
ORD19186,CUST3124,2025-02-21,Cancelled,PayPal
ORD19187,CUST5984,2024-09-14,Pending,PayPal
ORD19188,CUST4059,2023-12-16,Shipped,Credit Card
ORD19189,CUST2543,2025-08-15,Returned,PayPal
ORD19190,CUST2635,2024-05-04,Pending,Credit Card
ORD19191,CUST5289,2023-01-17,Shipped,Cash on Delivery
ORD19192,CUST2498,2024-12-05,Shipped,Credit Card
ORD19193,CUST5786,2022-09-09,Pending,PayPal
ORD19194,CUST2943,2022-10-28,Delivered,Credit Card
ORD19195,CUST1720,2024-06-16,Returned,Credit Card
ORD19196,CUST4078,2024-05-16,Delivered,Credit Card
ORD19197,CUST3643,2023-01-17,Delivered,PayPal
ORD19198,CUST3683,2025-03-29,Shipped,PayPal
ORD19199,CUST2371,2025-07-23,Pending,Cash on Delivery
ORD19200,CUST2568,2023-09-20,Cancelled,Cash on Delivery
ORD19201,CUST3813,2024-08-09,Delivered,PayPal
ORD19202,CUST5024,2022-08-30,Returned,PayPal
ORD19203,CUST1547,2022-11-28,Cancelled,PayPal
ORD19204,CUST3754,2024-05-13,Cancelled,PayPal
ORD19205,CUST5072,2024-04-08,Shipped,Cash on Delivery
ORD19206,CUST1569,2023-02-13,Pending,Cash on Delivery
ORD19207,CUST4597,2024-11-23,Returned,Credit Card
ORD19208,CUST3347,2022-09-18,Cancelled,PayPal
ORD19209,CUST5669,2022-09-21,Cancelled,Credit Card
ORD19210,CUST3042,2024-11-29,Shipped,Credit Card
ORD19211,CUST3209,2024-03-16,Delivered,PayPal
ORD19212,CUST2869,2023-12-03,Cancelled,Cash on Delivery
ORD19213,CUST2226,2024-09-19,Returned,Cash on Delivery
ORD19214,CUST5127,2025-05-21,Returned,Cash on Delivery
ORD19215,CUST2484,2024-07-16,Returned,PayPal
ORD19216,CUST1931,2024-09-14,Delivered,Cash on Delivery
ORD19217,CUST2192,2022-11-29,Shipped,Cash on Delivery
ORD19218,CUST2747,2022-10-12,Shipped,Cash on Delivery
ORD19219,CUST5400,2023-11-16,Shipped,PayPal
ORD19220,CUST4296,2024-02-24,Returned,Credit Card
ORD19221,CUST1685,2022-09-22,Returned,Cash on Delivery
ORD19222,CUST1360,2025-02-28,Returned,Credit Card
ORD19223,CUST2636,2024-04-02,Returned,Credit Card
ORD19224,CUST4363,2024-10-30,Delivered,Cash on Delivery
ORD19225,CUST2907,2025-07-18,Delivered,Cash on Delivery
ORD19226,CUST5142,2025-05-23,Cancelled,Cash on Delivery
ORD19227,CUST4024,2024-03-15,Shipped,Credit Card
ORD19228,CUST1861,2023-11-03,Cancelled,Cash on Delivery
ORD19229,CUST1807,2023-11-12,Shipped,Credit Card
ORD19230,CUST5075,2022-12-11,Returned,PayPal
ORD19231,CUST5528,2023-02-05,Delivered,PayPal
ORD19232,CUST4946,2025-04-03,Pending,Credit Card
ORD19233,CUST3584,2024-10-05,Shipped,Credit Card
ORD19234,CUST5636,2024-11-17,Returned,Credit Card
ORD19235,CUST1022,2025-07-01,Cancelled,Credit Card
ORD19236,CUST1165,2023-03-05,Pending,PayPal
ORD19237,CUST1151,2024-04-06,Returned,Credit Card
ORD19238,CUST5660,2025-07-31,Shipped,PayPal
ORD19239,CUST3232,2022-11-04,Shipped,PayPal
ORD19240,CUST3667,2024-08-03,Pending,Cash on Delivery
ORD19241,CUST1072,2023-01-16,Pending,Cash on Delivery
ORD19242,CUST4911,2022-08-27,Cancelled,Credit Card
ORD19243,CUST3728,2023-09-15,Pending,PayPal
ORD19244,CUST1107,2024-02-01,Returned,Cash on Delivery
ORD19245,CUST3971,2023-05-09,Returned,PayPal
ORD19246,CUST1514,2022-09-10,Returned,Cash on Delivery
ORD19247,CUST3039,2025-05-05,Returned,Cash on Delivery
ORD19248,CUST4890,2025-03-15,Shipped,PayPal
ORD19249,CUST4452,2024-05-04,Returned,Cash on Delivery
ORD19250,CUST5301,2023-09-06,Cancelled,Credit Card
ORD19251,CUST3813,2024-12-05,Pending,Credit Card
ORD19252,CUST4702,2025-07-30,Cancelled,PayPal
ORD19253,CUST3430,2024-03-20,Shipped,Credit Card
ORD19254,CUST1956,2025-06-02,Cancelled,Cash on Delivery
ORD19255,CUST2241,2025-01-20,Cancelled,Credit Card
ORD19256,CUST2542,2025-07-31,Returned,Credit Card
ORD19257,CUST4828,2022-11-19,Returned,Cash on Delivery
ORD19258,CUST5021,2024-02-29,Returned,Cash on Delivery
ORD19259,CUST5048,2025-01-03,Returned,Cash on Delivery
ORD19260,CUST3479,2022-12-21,Delivered,Credit Card
ORD19261,CUST2990,2025-01-19,Shipped,PayPal
ORD19262,CUST5605,2025-06-08,Shipped,Cash on Delivery
ORD19263,CUST3097,2023-05-12,Delivered,Cash on Delivery
ORD19264,CUST1688,2023-02-04,Pending,Credit Card
ORD19265,CUST4949,2023-07-12,Cancelled,PayPal
ORD19266,CUST1027,2024-12-05,Cancelled,Credit Card
ORD19267,CUST5418,2023-11-25,Pending,Cash on Delivery
ORD19268,CUST4471,2022-10-08,Cancelled,PayPal
ORD19269,CUST1912,2025-02-17,Returned,Cash on Delivery
ORD19270,CUST4938,2023-10-11,Pending,Credit Card
ORD19271,CUST3181,2023-07-03,Pending,PayPal
ORD19272,CUST1738,2023-01-15,Shipped,Cash on Delivery
ORD19273,CUST5589,2023-11-17,Delivered,Cash on Delivery
ORD19274,CUST1332,2024-05-02,Delivered,PayPal
ORD19275,CUST2437,2025-05-30,Returned,Cash on Delivery
ORD19276,CUST2233,2023-05-01,Shipped,Cash on Delivery
ORD19277,CUST4006,2022-10-16,Pending,Credit Card
ORD19278,CUST3194,2023-02-06,Returned,PayPal
ORD19279,CUST3628,2024-11-06,Returned,Credit Card
ORD19280,CUST3184,2024-03-09,Returned,PayPal
ORD19281,CUST4339,2023-07-06,Shipped,Credit Card
ORD19282,CUST2937,2023-07-23,Returned,Credit Card
ORD19283,CUST1269,2025-03-03,Returned,Cash on Delivery
ORD19284,CUST4905,2023-03-21,Delivered,Credit Card
ORD19285,CUST5348,2023-10-13,Delivered,PayPal
ORD19286,CUST1184,2025-07-13,Shipped,Credit Card
ORD19287,CUST2957,2025-05-01,Shipped,Cash on Delivery
ORD19288,CUST3433,2023-04-20,Cancelled,Credit Card
ORD19289,CUST3510,2022-12-20,Delivered,Cash on Delivery
ORD19290,CUST2139,2023-05-31,Returned,Cash on Delivery
ORD19291,CUST1673,2022-11-16,Cancelled,Cash on Delivery
ORD19292,CUST2698,2023-08-28,Pending,Cash on Delivery
ORD19293,CUST4462,2024-09-01,Delivered,Cash on Delivery
ORD19294,CUST5854,2025-01-31,Pending,Cash on Delivery
ORD19295,CUST5736,2023-06-12,Shipped,Credit Card
ORD19296,CUST1283,2024-05-29,Returned,Cash on Delivery
ORD19297,CUST1300,2025-07-03,Cancelled,PayPal
ORD19298,CUST3941,2025-07-14,Shipped,PayPal
ORD19299,CUST1781,2022-12-29,Returned,Cash on Delivery
ORD19300,CUST1766,2023-04-07,Cancelled,Credit Card
ORD19301,CUST4142,2024-06-14,Pending,PayPal
ORD19302,CUST1925,2023-03-25,Shipped,PayPal
ORD19303,CUST1571,2023-03-12,Cancelled,PayPal
ORD19304,CUST2402,2024-06-26,Delivered,Cash on Delivery
ORD19305,CUST5691,2022-08-31,Delivered,Cash on Delivery
ORD19306,CUST1944,2025-01-20,Delivered,Cash on Delivery
ORD19307,CUST1338,2025-03-24,Pending,Credit Card
ORD19308,CUST3636,2024-04-06,Delivered,Cash on Delivery
ORD19309,CUST1175,2024-12-05,Shipped,Cash on Delivery
ORD19310,CUST3150,2025-05-24,Pending,PayPal
ORD19311,CUST3626,2022-12-09,Pending,Credit Card
ORD19312,CUST3942,2022-12-01,Delivered,PayPal
ORD19313,CUST4324,2024-08-24,Delivered,Cash on Delivery
ORD19314,CUST3746,2024-11-10,Shipped,Cash on Delivery
ORD19315,CUST5371,2022-09-13,Delivered,Cash on Delivery
ORD19316,CUST3063,2025-01-11,Returned,PayPal
ORD19317,CUST5075,2024-04-04,Cancelled,Credit Card
ORD19318,CUST4336,2025-06-07,Pending,PayPal
ORD19319,CUST3170,2024-04-11,Returned,Cash on Delivery
ORD19320,CUST5558,2022-11-20,Shipped,PayPal
ORD19321,CUST1635,2024-02-08,Returned,Cash on Delivery
ORD19322,CUST2391,2024-02-11,Shipped,Credit Card
ORD19323,CUST3413,2022-10-13,Pending,Cash on Delivery
ORD19324,CUST2679,2023-01-10,Delivered,PayPal
ORD19325,CUST5605,2022-12-28,Shipped,Credit Card
ORD19326,CUST2091,2024-05-02,Pending,Cash on Delivery
ORD19327,CUST3793,2022-11-28,Pending,Cash on Delivery
ORD19328,CUST1710,2025-02-03,Shipped,Credit Card
ORD19329,CUST3891,2023-08-08,Delivered,Credit Card
ORD19330,CUST2141,2023-01-25,Pending,PayPal
ORD19331,CUST4608,2023-02-09,Cancelled,PayPal
ORD19332,CUST1350,2024-04-18,Shipped,Credit Card
ORD19333,CUST4036,2023-05-28,Shipped,PayPal
ORD19334,CUST2221,2023-10-20,Delivered,Cash on Delivery
ORD19335,CUST2634,2022-11-02,Cancelled,Credit Card
ORD19336,CUST2687,2025-04-30,Delivered,PayPal
ORD19337,CUST4678,2024-08-30,Shipped,Cash on Delivery
ORD19338,CUST3978,2024-11-30,Returned,Cash on Delivery
ORD19339,CUST4676,2024-10-19,Delivered,PayPal
ORD19340,CUST1687,2023-07-14,Shipped,PayPal
ORD19341,CUST3321,2022-09-16,Shipped,Cash on Delivery
ORD19342,CUST3091,2025-07-16,Cancelled,Credit Card
ORD19343,CUST5065,2025-06-07,Cancelled,Cash on Delivery
ORD19344,CUST3591,2023-01-17,Shipped,Cash on Delivery
ORD19345,CUST1628,2025-06-14,Cancelled,Cash on Delivery
ORD19346,CUST2453,2023-01-08,Shipped,PayPal
ORD19347,CUST1192,2025-08-14,Delivered,Credit Card
ORD19348,CUST5270,2025-01-16,Delivered,Cash on Delivery
ORD19349,CUST1895,2024-12-09,Cancelled,PayPal
ORD19350,CUST4381,2023-07-31,Returned,PayPal
ORD19351,CUST3688,2025-02-25,Shipped,Credit Card
ORD19352,CUST3753,2024-08-24,Pending,PayPal
ORD19353,CUST3365,2024-04-05,Delivered,Cash on Delivery
ORD19354,CUST1280,2023-05-24,Cancelled,Credit Card
ORD19355,CUST3364,2022-11-02,Cancelled,Credit Card
ORD19356,CUST5357,2022-10-30,Shipped,Credit Card
ORD19357,CUST5765,2024-01-10,Cancelled,Credit Card
ORD19358,CUST3452,2025-02-02,Pending,Credit Card
ORD19359,CUST1574,2024-09-28,Pending,Cash on Delivery
ORD19360,CUST1590,2025-07-23,Cancelled,Credit Card
ORD19361,CUST2970,2023-12-17,Cancelled,PayPal
ORD19362,CUST5258,2025-05-06,Delivered,Cash on Delivery
ORD19363,CUST4084,2022-11-28,Delivered,PayPal
ORD19364,CUST5928,2024-10-14,Delivered,Cash on Delivery
ORD19365,CUST4356,2024-02-14,Pending,PayPal
ORD19366,CUST2118,2024-03-27,Shipped,PayPal
ORD19367,CUST2218,2023-10-16,Delivered,Cash on Delivery
ORD19368,CUST2177,2022-11-18,Delivered,Credit Card
ORD19369,CUST2848,2022-11-28,Pending,Cash on Delivery
ORD19370,CUST1951,2022-09-19,Returned,Cash on Delivery
ORD19371,CUST2724,2024-08-13,Pending,Credit Card
ORD19372,CUST1587,2024-04-22,Cancelled,PayPal
ORD19373,CUST5920,2024-09-07,Pending,Credit Card
ORD19374,CUST2020,2023-02-21,Cancelled,Credit Card
ORD19375,CUST5049,2024-04-08,Returned,PayPal
ORD19376,CUST2080,2023-03-01,Returned,Cash on Delivery
ORD19377,CUST2599,2023-11-13,Pending,Cash on Delivery
ORD19378,CUST3302,2024-12-18,Cancelled,PayPal
ORD19379,CUST3878,2023-05-04,Cancelled,Cash on Delivery
ORD19380,CUST1635,2025-04-08,Delivered,Cash on Delivery
ORD19381,CUST5698,2024-07-09,Delivered,Cash on Delivery
ORD19382,CUST5066,2023-03-16,Returned,PayPal
ORD19383,CUST1209,2025-03-06,Delivered,PayPal
ORD19384,CUST1353,2023-04-09,Shipped,Credit Card
ORD19385,CUST2452,2024-03-27,Shipped,Credit Card
ORD19386,CUST3490,2023-12-30,Shipped,Cash on Delivery
ORD19387,CUST5667,2022-08-31,Pending,Cash on Delivery
ORD19388,CUST1119,2024-02-26,Delivered,Credit Card
ORD19389,CUST2616,2023-11-29,Returned,Credit Card
ORD19390,CUST1346,2024-05-14,Returned,Cash on Delivery
ORD19391,CUST5176,2024-11-25,Cancelled,Cash on Delivery
ORD19392,CUST2425,2024-08-15,Pending,Credit Card
ORD19393,CUST1832,2025-01-25,Returned,PayPal
ORD19394,CUST4731,2023-09-20,Shipped,Cash on Delivery
ORD19395,CUST4593,2025-02-08,Delivered,Cash on Delivery
ORD19396,CUST1661,2024-11-27,Shipped,PayPal
ORD19397,CUST1291,2024-12-28,Cancelled,PayPal
ORD19398,CUST5528,2025-07-04,Pending,Cash on Delivery
ORD19399,CUST1278,2024-11-08,Returned,Credit Card
ORD19400,CUST4434,2023-11-21,Shipped,Credit Card
ORD19401,CUST3307,2022-11-25,Cancelled,PayPal
ORD19402,CUST3117,2022-09-05,Pending,Cash on Delivery
ORD19403,CUST5099,2024-05-27,Cancelled,PayPal
ORD19404,CUST4514,2023-11-21,Pending,Credit Card
ORD19405,CUST2936,2024-04-10,Pending,Cash on Delivery
ORD19406,CUST2995,2023-09-07,Pending,Cash on Delivery
ORD19407,CUST3242,2024-01-05,Delivered,Cash on Delivery
ORD19408,CUST4061,2023-03-17,Cancelled,Credit Card
ORD19409,CUST2301,2023-07-21,Cancelled,PayPal
ORD19410,CUST5407,2024-10-09,Pending,PayPal
ORD19411,CUST4680,2023-10-23,Returned,Credit Card
ORD19412,CUST4534,2023-08-18,Shipped,Cash on Delivery
ORD19413,CUST4638,2022-09-14,Delivered,Credit Card
ORD19414,CUST1376,2025-02-16,Pending,Cash on Delivery
ORD19415,CUST2977,2023-03-13,Pending,Credit Card
ORD19416,CUST2106,2024-04-16,Pending,PayPal
ORD19417,CUST5876,2023-03-17,Cancelled,Cash on Delivery
ORD19418,CUST5743,2023-04-28,Delivered,Credit Card
ORD19419,CUST4736,2023-10-21,Pending,Cash on Delivery
ORD19420,CUST5634,2025-04-29,Cancelled,Credit Card
ORD19421,CUST1068,2025-07-02,Returned,Cash on Delivery
ORD19422,CUST3848,2023-02-19,Cancelled,Cash on Delivery
ORD19423,CUST2417,2024-07-21,Delivered,Credit Card
ORD19424,CUST3929,2022-12-31,Pending,PayPal
ORD19425,CUST1166,2025-07-04,Cancelled,Credit Card
ORD19426,CUST2718,2024-07-30,Shipped,Cash on Delivery
ORD19427,CUST5375,2023-03-09,Pending,PayPal
ORD19428,CUST1949,2023-02-22,Shipped,Cash on Delivery
ORD19429,CUST4355,2024-01-22,Shipped,Cash on Delivery
ORD19430,CUST2282,2023-07-30,Shipped,Credit Card
ORD19431,CUST2255,2025-05-15,Returned,Cash on Delivery
ORD19432,CUST3026,2023-11-29,Shipped,PayPal
ORD19433,CUST1801,2023-10-26,Delivered,Cash on Delivery
ORD19434,CUST5568,2024-05-05,Pending,PayPal
ORD19435,CUST3646,2023-03-02,Pending,Credit Card
ORD19436,CUST3783,2025-03-29,Returned,PayPal
ORD19437,CUST5164,2023-11-17,Returned,Cash on Delivery
ORD19438,CUST4679,2024-03-14,Cancelled,Cash on Delivery
ORD19439,CUST3437,2024-03-17,Cancelled,PayPal
ORD19440,CUST2926,2023-11-19,Shipped,Cash on Delivery
ORD19441,CUST2103,2025-08-24,Shipped,Credit Card
ORD19442,CUST4765,2025-02-06,Pending,Cash on Delivery
ORD19443,CUST1557,2023-03-01,Delivered,Credit Card
ORD19444,CUST1168,2023-04-16,Returned,Cash on Delivery
ORD19445,CUST4109,2023-02-26,Returned,PayPal
ORD19446,CUST1781,2025-02-23,Returned,Cash on Delivery
ORD19447,CUST5312,2024-09-01,Cancelled,PayPal
ORD19448,CUST1220,2025-01-09,Pending,Credit Card
ORD19449,CUST1632,2024-10-08,Pending,PayPal
ORD19450,CUST1928,2025-08-17,Shipped,PayPal
ORD19451,CUST2934,2024-04-21,Cancelled,PayPal
ORD19452,CUST2385,2025-06-06,Delivered,Cash on Delivery
ORD19453,CUST5291,2023-10-13,Shipped,PayPal
ORD19454,CUST1135,2023-06-01,Returned,PayPal
ORD19455,CUST4527,2025-07-01,Returned,PayPal
ORD19456,CUST4344,2023-01-24,Returned,Cash on Delivery
ORD19457,CUST2981,2025-07-07,Shipped,PayPal
ORD19458,CUST1733,2023-10-15,Pending,Credit Card
ORD19459,CUST5044,2025-03-09,Returned,Cash on Delivery
ORD19460,CUST4723,2022-09-29,Cancelled,Cash on Delivery
ORD19461,CUST5263,2024-02-04,Returned,PayPal
ORD19462,CUST3917,2024-06-09,Returned,Cash on Delivery
ORD19463,CUST3075,2022-08-31,Pending,Credit Card
ORD19464,CUST4574,2023-12-28,Returned,Credit Card
ORD19465,CUST3814,2023-05-12,Pending,Credit Card
ORD19466,CUST1702,2024-03-16,Delivered,Cash on Delivery
ORD19467,CUST5799,2023-07-15,Pending,PayPal
ORD19468,CUST3626,2024-11-21,Shipped,Cash on Delivery
ORD19469,CUST2151,2023-03-16,Delivered,PayPal
ORD19470,CUST5074,2025-06-29,Delivered,PayPal
ORD19471,CUST4359,2023-09-01,Returned,Cash on Delivery
ORD19472,CUST5398,2023-08-22,Pending,Credit Card
ORD19473,CUST4884,2025-08-15,Delivered,Credit Card
ORD19474,CUST5871,2024-07-23,Delivered,Cash on Delivery
ORD19475,CUST4801,2024-11-12,Pending,Credit Card
ORD19476,CUST3079,2024-02-17,Delivered,PayPal
ORD19477,CUST4767,2025-03-15,Delivered,Cash on Delivery
ORD19478,CUST2047,2024-02-18,Shipped,Cash on Delivery
ORD19479,CUST1257,2025-07-30,Pending,Cash on Delivery
ORD19480,CUST2398,2025-06-04,Pending,PayPal
ORD19481,CUST4351,2023-02-01,Delivered,Credit Card
ORD19482,CUST4703,2022-11-15,Cancelled,Credit Card
ORD19483,CUST2114,2024-10-01,Delivered,PayPal
ORD19484,CUST4647,2024-08-13,Pending,PayPal
ORD19485,CUST1363,2025-04-08,Delivered,Cash on Delivery
ORD19486,CUST2090,2023-03-02,Cancelled,PayPal
ORD19487,CUST4515,2022-09-27,Shipped,PayPal
ORD19488,CUST1738,2024-09-14,Delivered,Cash on Delivery
ORD19489,CUST3980,2022-12-02,Pending,Credit Card
ORD19490,CUST5052,2022-11-25,Shipped,Credit Card
ORD19491,CUST3548,2023-02-26,Shipped,Cash on Delivery
ORD19492,CUST3421,2023-08-27,Pending,Cash on Delivery
ORD19493,CUST1210,2023-06-13,Delivered,PayPal
ORD19494,CUST4080,2023-12-22,Cancelled,Credit Card
ORD19495,CUST5469,2024-10-17,Pending,PayPal
ORD19496,CUST4202,2023-07-05,Cancelled,Cash on Delivery
ORD19497,CUST3330,2023-05-20,Cancelled,Credit Card
ORD19498,CUST2478,2022-10-28,Returned,PayPal
ORD19499,CUST3914,2024-10-24,Cancelled,Credit Card
ORD19500,CUST4817,2023-11-05,Returned,Cash on Delivery
ORD19501,CUST2822,2024-05-12,Shipped,Cash on Delivery
ORD19502,CUST2043,2023-06-07,Returned,PayPal
ORD19503,CUST4214,2024-01-24,Returned,PayPal
ORD19504,CUST4714,2024-05-24,Returned,Cash on Delivery
ORD19505,CUST4016,2025-08-15,Cancelled,PayPal
ORD19506,CUST1437,2023-09-16,Delivered,Credit Card
ORD19507,CUST1833,2025-02-24,Shipped,PayPal
ORD19508,CUST3412,2025-01-12,Delivered,PayPal
ORD19509,CUST5808,2025-02-05,Shipped,Credit Card
ORD19510,CUST5836,2023-06-15,Returned,Cash on Delivery
ORD19511,CUST1831,2022-11-26,Shipped,Credit Card
ORD19512,CUST5541,2025-08-15,Returned,Credit Card
ORD19513,CUST2857,2023-09-09,Delivered,Credit Card
ORD19514,CUST2681,2025-08-13,Delivered,Credit Card
ORD19515,CUST1553,2023-02-01,Delivered,Credit Card
ORD19516,CUST3966,2025-03-16,Shipped,PayPal
ORD19517,CUST3336,2023-05-14,Pending,Cash on Delivery
ORD19518,CUST2576,2023-07-26,Pending,PayPal
ORD19519,CUST3223,2025-02-20,Shipped,Cash on Delivery
ORD19520,CUST5770,2024-02-08,Returned,Cash on Delivery
ORD19521,CUST3981,2023-04-12,Returned,Credit Card
ORD19522,CUST2897,2024-07-12,Shipped,PayPal
ORD19523,CUST2111,2024-07-19,Cancelled,Cash on Delivery
ORD19524,CUST3741,2023-07-28,Delivered,PayPal
ORD19525,CUST3964,2022-08-29,Pending,PayPal
ORD19526,CUST5957,2025-07-18,Returned,PayPal
ORD19527,CUST5874,2023-01-18,Delivered,Cash on Delivery
ORD19528,CUST1690,2024-10-06,Returned,Cash on Delivery
ORD19529,CUST2457,2022-12-31,Shipped,Credit Card
ORD19530,CUST3801,2025-06-15,Cancelled,Cash on Delivery
ORD19531,CUST1752,2023-02-15,Cancelled,Credit Card
ORD19532,CUST2106,2025-03-25,Pending,Cash on Delivery
ORD19533,CUST5858,2024-09-25,Pending,Cash on Delivery
ORD19534,CUST3854,2023-08-16,Shipped,Credit Card
ORD19535,CUST5606,2025-04-26,Cancelled,Cash on Delivery
ORD19536,CUST2351,2023-04-28,Cancelled,Cash on Delivery
ORD19537,CUST4118,2025-02-10,Delivered,Cash on Delivery
ORD19538,CUST3388,2023-06-23,Delivered,PayPal
ORD19539,CUST3844,2023-11-09,Shipped,Credit Card
ORD19540,CUST2727,2022-10-31,Cancelled,PayPal
ORD19541,CUST1392,2024-10-31,Delivered,Credit Card
ORD19542,CUST4436,2024-01-27,Returned,Cash on Delivery
ORD19543,CUST3987,2025-07-19,Shipped,Cash on Delivery
ORD19544,CUST4677,2024-07-04,Shipped,Credit Card
ORD19545,CUST1784,2024-03-20,Shipped,Credit Card
ORD19546,CUST5023,2024-05-13,Delivered,Credit Card
ORD19547,CUST2542,2025-08-19,Delivered,Cash on Delivery
ORD19548,CUST2966,2023-04-16,Cancelled,Cash on Delivery
ORD19549,CUST5757,2024-01-21,Returned,Cash on Delivery
ORD19550,CUST2632,2023-06-02,Shipped,Cash on Delivery
ORD19551,CUST4186,2024-02-28,Returned,Cash on Delivery
ORD19552,CUST1172,2024-03-01,Shipped,Cash on Delivery
ORD19553,CUST2504,2023-12-02,Delivered,Cash on Delivery
ORD19554,CUST1712,2024-12-29,Cancelled,Credit Card
ORD19555,CUST2059,2024-07-02,Pending,PayPal
ORD19556,CUST1037,2024-07-29,Returned,Credit Card
ORD19557,CUST3565,2024-09-26,Delivered,Cash on Delivery
ORD19558,CUST1029,2024-06-27,Pending,PayPal
ORD19559,CUST4992,2022-10-13,Shipped,PayPal
ORD19560,CUST1272,2023-02-22,Cancelled,Cash on Delivery
ORD19561,CUST2917,2025-03-21,Returned,PayPal
ORD19562,CUST2081,2023-04-08,Returned,Credit Card
ORD19563,CUST1893,2023-04-21,Cancelled,Credit Card
ORD19564,CUST1376,2023-03-01,Shipped,PayPal
ORD19565,CUST3705,2024-01-26,Pending,PayPal
ORD19566,CUST2597,2025-01-12,Cancelled,PayPal
ORD19567,CUST5289,2023-03-15,Delivered,PayPal
ORD19568,CUST3568,2023-09-05,Returned,Credit Card
ORD19569,CUST3817,2024-11-21,Cancelled,Credit Card
ORD19570,CUST2340,2022-12-25,Returned,PayPal
ORD19571,CUST5228,2023-08-27,Shipped,Credit Card
ORD19572,CUST2092,2025-05-02,Returned,PayPal
ORD19573,CUST1687,2024-06-21,Cancelled,PayPal
ORD19574,CUST4676,2024-04-17,Returned,Cash on Delivery
ORD19575,CUST1851,2023-02-19,Returned,Credit Card
ORD19576,CUST2255,2024-05-21,Delivered,Cash on Delivery
ORD19577,CUST5023,2025-04-24,Pending,Credit Card
ORD19578,CUST2770,2023-03-04,Returned,Cash on Delivery
ORD19579,CUST1982,2025-06-21,Returned,Credit Card
ORD19580,CUST3680,2024-10-12,Delivered,PayPal
ORD19581,CUST4537,2025-04-22,Pending,PayPal
ORD19582,CUST4957,2025-01-28,Returned,Cash on Delivery
ORD19583,CUST1741,2023-03-14,Pending,Credit Card
ORD19584,CUST1087,2023-06-17,Returned,Credit Card
ORD19585,CUST4320,2023-05-29,Shipped,PayPal
ORD19586,CUST1861,2023-10-05,Shipped,PayPal
ORD19587,CUST1438,2022-10-13,Returned,Cash on Delivery
ORD19588,CUST1182,2025-01-11,Pending,Cash on Delivery
ORD19589,CUST3406,2025-03-03,Delivered,Cash on Delivery
ORD19590,CUST4413,2024-10-17,Shipped,Credit Card
ORD19591,CUST4614,2023-02-15,Cancelled,PayPal
ORD19592,CUST4255,2024-12-01,Pending,PayPal
ORD19593,CUST5777,2025-06-04,Pending,Cash on Delivery
ORD19594,CUST5510,2022-08-31,Cancelled,PayPal
ORD19595,CUST2165,2024-04-29,Cancelled,PayPal
ORD19596,CUST2906,2023-05-24,Delivered,Cash on Delivery
ORD19597,CUST4110,2024-07-21,Shipped,Cash on Delivery
ORD19598,CUST5705,2024-01-03,Pending,Credit Card
ORD19599,CUST5762,2023-04-09,Pending,Credit Card
ORD19600,CUST2865,2024-06-07,Pending,Credit Card
ORD19601,CUST3569,2023-03-15,Pending,Cash on Delivery
ORD19602,CUST2967,2025-05-14,Delivered,Cash on Delivery
ORD19603,CUST3523,2025-08-04,Returned,Credit Card
ORD19604,CUST5091,2024-06-05,Shipped,PayPal
ORD19605,CUST4996,2025-02-26,Delivered,Credit Card
ORD19606,CUST3089,2024-05-19,Cancelled,Credit Card
ORD19607,CUST1098,2022-11-20,Shipped,Credit Card
ORD19608,CUST1286,2024-05-17,Delivered,Credit Card
ORD19609,CUST5621,2024-03-12,Shipped,Credit Card
ORD19610,CUST2023,2022-12-17,Delivered,Cash on Delivery
ORD19611,CUST4321,2023-07-09,Shipped,PayPal
ORD19612,CUST3580,2023-09-01,Shipped,PayPal
ORD19613,CUST2529,2024-05-12,Pending,Credit Card
ORD19614,CUST2197,2025-04-23,Delivered,PayPal
ORD19615,CUST5079,2024-11-07,Shipped,Cash on Delivery
ORD19616,CUST1990,2024-12-22,Pending,Cash on Delivery
ORD19617,CUST3804,2024-01-22,Returned,PayPal
ORD19618,CUST5960,2024-03-19,Delivered,Cash on Delivery
ORD19619,CUST2171,2023-12-22,Delivered,Cash on Delivery
ORD19620,CUST2122,2022-10-30,Shipped,Credit Card
ORD19621,CUST4559,2023-03-22,Delivered,Cash on Delivery
ORD19622,CUST1032,2024-03-14,Cancelled,PayPal
ORD19623,CUST5861,2023-01-22,Cancelled,Credit Card
ORD19624,CUST4308,2023-11-30,Pending,Cash on Delivery
ORD19625,CUST1649,2022-09-24,Returned,Credit Card
ORD19626,CUST2379,2023-04-16,Shipped,Credit Card
ORD19627,CUST3157,2025-02-28,Delivered,PayPal
ORD19628,CUST5236,2025-05-03,Delivered,Cash on Delivery
ORD19629,CUST5372,2022-11-29,Cancelled,Credit Card
ORD19630,CUST1215,2022-11-22,Returned,PayPal
ORD19631,CUST1619,2024-10-28,Returned,Credit Card
ORD19632,CUST4346,2024-08-18,Shipped,Credit Card
ORD19633,CUST1015,2024-07-31,Cancelled,PayPal
ORD19634,CUST5566,2024-10-24,Delivered,Credit Card
ORD19635,CUST3870,2024-03-29,Delivered,PayPal
ORD19636,CUST2421,2025-06-26,Delivered,Cash on Delivery
ORD19637,CUST3675,2023-11-17,Delivered,Credit Card
ORD19638,CUST1645,2023-08-01,Delivered,Credit Card
ORD19639,CUST5892,2023-07-07,Cancelled,PayPal
ORD19640,CUST5484,2024-02-26,Returned,Cash on Delivery
ORD19641,CUST5667,2025-05-15,Pending,Credit Card
ORD19642,CUST4600,2023-08-02,Shipped,Cash on Delivery
ORD19643,CUST3986,2023-07-20,Cancelled,Credit Card
ORD19644,CUST3687,2022-11-19,Shipped,Cash on Delivery
ORD19645,CUST3104,2024-06-21,Cancelled,Cash on Delivery
ORD19646,CUST2367,2024-12-18,Returned,Credit Card
ORD19647,CUST2684,2024-04-28,Returned,Credit Card
ORD19648,CUST3649,2025-03-17,Shipped,Credit Card
ORD19649,CUST1387,2023-10-08,Cancelled,PayPal
ORD19650,CUST5338,2022-10-06,Cancelled,Cash on Delivery
ORD19651,CUST3917,2025-07-16,Cancelled,Cash on Delivery
ORD19652,CUST2342,2025-03-01,Delivered,Cash on Delivery
ORD19653,CUST5742,2023-10-21,Shipped,Cash on Delivery
ORD19654,CUST1119,2023-07-19,Delivered,PayPal
ORD19655,CUST2127,2024-01-22,Cancelled,Cash on Delivery
ORD19656,CUST5977,2025-02-17,Shipped,PayPal
ORD19657,CUST1338,2024-08-16,Cancelled,PayPal
ORD19658,CUST3259,2025-07-18,Shipped,Cash on Delivery
ORD19659,CUST3289,2024-04-10,Shipped,Credit Card
ORD19660,CUST2453,2024-11-28,Cancelled,PayPal
ORD19661,CUST4146,2023-02-16,Cancelled,Credit Card
ORD19662,CUST4960,2022-11-30,Delivered,Credit Card
ORD19663,CUST2495,2025-04-26,Shipped,Credit Card
ORD19664,CUST2490,2022-10-22,Delivered,PayPal
ORD19665,CUST3134,2025-05-20,Delivered,Cash on Delivery
ORD19666,CUST2553,2023-01-22,Pending,Credit Card
ORD19667,CUST1812,2023-12-20,Shipped,PayPal
ORD19668,CUST4192,2023-02-01,Cancelled,Cash on Delivery
ORD19669,CUST1806,2023-07-31,Returned,Credit Card
ORD19670,CUST4714,2025-06-20,Shipped,Credit Card
ORD19671,CUST1261,2023-02-15,Cancelled,Cash on Delivery
ORD19672,CUST2933,2024-08-23,Shipped,Credit Card
ORD19673,CUST1937,2024-12-23,Pending,Credit Card
ORD19674,CUST5234,2023-06-30,Delivered,Cash on Delivery
ORD19675,CUST3436,2023-02-12,Shipped,Cash on Delivery
ORD19676,CUST2529,2024-08-20,Delivered,PayPal
ORD19677,CUST1906,2024-01-02,Returned,PayPal
ORD19678,CUST2326,2023-09-06,Shipped,Credit Card
ORD19679,CUST3908,2023-02-07,Pending,Credit Card
ORD19680,CUST5860,2025-08-09,Cancelled,Cash on Delivery
ORD19681,CUST5691,2023-12-04,Returned,Credit Card
ORD19682,CUST5010,2025-08-22,Shipped,Credit Card
ORD19683,CUST2191,2023-12-20,Returned,Cash on Delivery
ORD19684,CUST4322,2024-06-04,Returned,Credit Card
ORD19685,CUST1064,2024-03-08,Pending,Cash on Delivery
ORD19686,CUST5276,2024-07-09,Shipped,PayPal
ORD19687,CUST4316,2024-02-28,Delivered,PayPal
ORD19688,CUST5652,2024-12-18,Delivered,Credit Card
ORD19689,CUST5094,2023-02-13,Returned,PayPal
ORD19690,CUST4723,2025-01-20,Shipped,PayPal
ORD19691,CUST3735,2023-02-28,Returned,PayPal
ORD19692,CUST4222,2023-03-02,Delivered,Cash on Delivery
ORD19693,CUST2482,2023-03-08,Delivered,PayPal
ORD19694,CUST5042,2023-02-10,Pending,PayPal
ORD19695,CUST4307,2022-10-28,Delivered,PayPal
ORD19696,CUST2847,2024-12-13,Shipped,PayPal
ORD19697,CUST3493,2024-03-25,Shipped,PayPal
ORD19698,CUST1285,2024-02-23,Shipped,Credit Card
ORD19699,CUST2455,2025-05-20,Cancelled,Cash on Delivery
ORD19700,CUST4045,2022-11-01,Shipped,Cash on Delivery
ORD19701,CUST2376,2023-11-11,Shipped,Credit Card
ORD19702,CUST3438,2022-12-02,Cancelled,PayPal
ORD19703,CUST2610,2022-09-15,Shipped,Credit Card
ORD19704,CUST4746,2025-02-09,Delivered,PayPal
ORD19705,CUST4990,2023-01-26,Returned,Credit Card
ORD19706,CUST1394,2022-09-08,Delivered,Cash on Delivery
ORD19707,CUST4800,2023-04-02,Pending,PayPal
ORD19708,CUST1027,2023-02-04,Returned,Cash on Delivery
ORD19709,CUST5227,2024-11-30,Pending,Credit Card
ORD19710,CUST2259,2025-06-19,Cancelled,PayPal
ORD19711,CUST1901,2025-01-21,Cancelled,Credit Card
ORD19712,CUST2637,2023-10-23,Cancelled,Cash on Delivery
ORD19713,CUST5545,2025-08-21,Returned,Cash on Delivery
ORD19714,CUST2826,2024-10-04,Returned,Cash on Delivery
ORD19715,CUST1152,2023-04-11,Shipped,Cash on Delivery
ORD19716,CUST4627,2024-11-17,Delivered,Cash on Delivery
ORD19717,CUST1999,2025-06-05,Pending,Credit Card
ORD19718,CUST5444,2022-10-07,Returned,Cash on Delivery
ORD19719,CUST4433,2024-04-04,Shipped,Credit Card
ORD19720,CUST4471,2023-12-31,Shipped,PayPal
ORD19721,CUST1599,2024-03-13,Delivered,Credit Card
ORD19722,CUST2772,2023-06-20,Cancelled,Credit Card
ORD19723,CUST5770,2023-06-06,Delivered,Cash on Delivery
ORD19724,CUST3702,2023-11-28,Cancelled,PayPal
ORD19725,CUST5698,2024-04-22,Cancelled,Credit Card
ORD19726,CUST3254,2024-06-20,Delivered,Cash on Delivery
ORD19727,CUST1449,2025-03-17,Pending,Credit Card
ORD19728,CUST1441,2025-06-14,Returned,PayPal
ORD19729,CUST3990,2022-09-23,Cancelled,Credit Card
ORD19730,CUST5797,2023-05-11,Pending,Credit Card
ORD19731,CUST1860,2025-04-10,Shipped,PayPal
ORD19732,CUST1152,2023-08-02,Cancelled,Credit Card
ORD19733,CUST5507,2022-10-10,Delivered,PayPal
ORD19734,CUST3614,2024-08-01,Delivered,PayPal
ORD19735,CUST5769,2023-11-26,Pending,Cash on Delivery
ORD19736,CUST5867,2022-10-01,Delivered,Credit Card
ORD19737,CUST5900,2023-05-27,Delivered,Cash on Delivery
ORD19738,CUST5059,2025-05-13,Cancelled,PayPal
ORD19739,CUST3184,2022-10-09,Delivered,PayPal
ORD19740,CUST2886,2023-06-10,Shipped,PayPal
ORD19741,CUST3906,2023-11-09,Returned,PayPal
ORD19742,CUST3552,2022-10-06,Delivered,Cash on Delivery
ORD19743,CUST2197,2022-11-11,Pending,Credit Card
ORD19744,CUST3723,2023-01-09,Pending,Credit Card
ORD19745,CUST5192,2025-02-18,Cancelled,Cash on Delivery
ORD19746,CUST2250,2022-10-18,Returned,Cash on Delivery
ORD19747,CUST2353,2024-10-31,Cancelled,PayPal
ORD19748,CUST4302,2025-07-29,Pending,PayPal
ORD19749,CUST2468,2025-03-03,Cancelled,Credit Card
ORD19750,CUST2589,2023-02-13,Shipped,Cash on Delivery
ORD19751,CUST3537,2024-12-09,Shipped,PayPal
ORD19752,CUST5505,2022-10-30,Pending,PayPal
ORD19753,CUST3033,2025-02-15,Pending,PayPal
ORD19754,CUST1676,2022-11-18,Returned,Cash on Delivery
ORD19755,CUST4474,2025-04-20,Delivered,PayPal
ORD19756,CUST1703,2024-01-23,Delivered,Credit Card
ORD19757,CUST4630,2024-01-24,Cancelled,Credit Card
ORD19758,CUST2375,2023-07-02,Shipped,Cash on Delivery
ORD19759,CUST2591,2025-04-10,Pending,PayPal
ORD19760,CUST1856,2024-11-28,Cancelled,Credit Card
ORD19761,CUST4338,2025-08-07,Returned,Credit Card
ORD19762,CUST2769,2024-03-10,Shipped,PayPal
ORD19763,CUST1934,2023-07-04,Shipped,PayPal
ORD19764,CUST4076,2025-07-06,Pending,Credit Card
ORD19765,CUST3309,2022-09-16,Cancelled,PayPal
ORD19766,CUST3800,2023-01-04,Delivered,Credit Card
ORD19767,CUST1509,2024-11-27,Returned,PayPal
ORD19768,CUST4787,2024-07-12,Cancelled,Credit Card
ORD19769,CUST2805,2024-05-18,Pending,Cash on Delivery
ORD19770,CUST4889,2024-03-18,Shipped,Cash on Delivery
ORD19771,CUST5051,2022-08-30,Pending,PayPal
ORD19772,CUST1375,2024-01-09,Delivered,PayPal
ORD19773,CUST4099,2023-11-03,Returned,Credit Card
ORD19774,CUST2192,2024-08-11,Cancelled,Credit Card
ORD19775,CUST3695,2023-04-14,Returned,Cash on Delivery
ORD19776,CUST2271,2023-05-05,Pending,PayPal
ORD19777,CUST4413,2024-12-14,Shipped,Credit Card
ORD19778,CUST4843,2025-07-24,Cancelled,Credit Card
ORD19779,CUST3209,2024-09-11,Shipped,PayPal
ORD19780,CUST5146,2023-03-12,Cancelled,Cash on Delivery
ORD19781,CUST4116,2023-04-02,Returned,Credit Card
ORD19782,CUST2570,2025-04-04,Pending,PayPal
ORD19783,CUST5286,2024-08-09,Shipped,Credit Card
ORD19784,CUST1942,2023-05-19,Shipped,PayPal
ORD19785,CUST2980,2025-06-02,Cancelled,Cash on Delivery
ORD19786,CUST3519,2023-12-08,Pending,PayPal
ORD19787,CUST1156,2025-06-07,Delivered,PayPal
ORD19788,CUST2586,2022-11-28,Delivered,Cash on Delivery
ORD19789,CUST2957,2022-08-27,Returned,Cash on Delivery
ORD19790,CUST3157,2025-02-07,Cancelled,Credit Card
ORD19791,CUST2558,2024-10-13,Shipped,PayPal
ORD19792,CUST4072,2023-02-01,Pending,Credit Card
ORD19793,CUST2059,2024-11-27,Delivered,Cash on Delivery
ORD19794,CUST4580,2025-03-05,Returned,Cash on Delivery
ORD19795,CUST1737,2025-02-07,Pending,Credit Card
ORD19796,CUST5034,2024-09-27,Returned,PayPal
ORD19797,CUST3781,2023-02-16,Delivered,Credit Card
ORD19798,CUST4581,2023-09-11,Returned,Credit Card
ORD19799,CUST4983,2024-06-01,Pending,Credit Card
ORD19800,CUST4087,2025-03-01,Returned,Cash on Delivery
ORD19801,CUST3958,2024-11-21,Pending,PayPal
ORD19802,CUST5711,2022-10-23,Returned,Cash on Delivery
ORD19803,CUST1805,2025-02-15,Delivered,Cash on Delivery
ORD19804,CUST2088,2022-12-15,Shipped,Credit Card
ORD19805,CUST3652,2024-04-27,Shipped,PayPal
ORD19806,CUST1455,2023-04-28,Pending,Cash on Delivery
ORD19807,CUST4244,2022-09-16,Returned,Cash on Delivery
ORD19808,CUST4836,2022-11-03,Cancelled,Credit Card
ORD19809,CUST5077,2025-03-07,Cancelled,PayPal
ORD19810,CUST1476,2024-06-01,Cancelled,PayPal
ORD19811,CUST1968,2024-11-09,Delivered,Credit Card
ORD19812,CUST1224,2023-04-27,Cancelled,Cash on Delivery
ORD19813,CUST2528,2025-01-05,Shipped,Credit Card
ORD19814,CUST3984,2024-08-31,Pending,PayPal
ORD19815,CUST4325,2024-03-12,Pending,Credit Card
ORD19816,CUST2736,2022-09-11,Shipped,Cash on Delivery
ORD19817,CUST3383,2024-11-20,Returned,PayPal
ORD19818,CUST4390,2023-04-03,Delivered,PayPal
ORD19819,CUST2182,2023-04-03,Shipped,PayPal
ORD19820,CUST5153,2024-08-26,Delivered,Cash on Delivery
ORD19821,CUST5617,2022-09-05,Cancelled,Cash on Delivery
ORD19822,CUST3157,2022-12-16,Delivered,Cash on Delivery
ORD19823,CUST5586,2023-05-24,Shipped,Credit Card
ORD19824,CUST1109,2023-10-06,Shipped,Cash on Delivery
ORD19825,CUST3634,2024-05-13,Returned,PayPal
ORD19826,CUST5429,2024-11-14,Cancelled,Cash on Delivery
ORD19827,CUST4975,2022-11-16,Shipped,Cash on Delivery
ORD19828,CUST3606,2025-05-20,Pending,Credit Card
ORD19829,CUST5252,2023-03-11,Pending,PayPal
ORD19830,CUST5812,2024-12-12,Returned,PayPal
ORD19831,CUST2956,2024-12-01,Pending,PayPal
ORD19832,CUST2479,2022-08-27,Returned,PayPal
ORD19833,CUST4278,2022-09-16,Cancelled,PayPal
ORD19834,CUST4277,2022-09-29,Delivered,Credit Card
ORD19835,CUST4509,2023-12-12,Returned,Cash on Delivery
ORD19836,CUST2123,2024-07-31,Delivered,PayPal
ORD19837,CUST4346,2024-08-28,Delivered,Credit Card
ORD19838,CUST4550,2023-11-23,Cancelled,Cash on Delivery
ORD19839,CUST4547,2023-02-10,Cancelled,PayPal
ORD19840,CUST1009,2024-02-17,Returned,PayPal
ORD19841,CUST1972,2025-01-17,Returned,Cash on Delivery
ORD19842,CUST2774,2024-07-16,Delivered,Cash on Delivery
ORD19843,CUST5685,2022-11-17,Pending,PayPal
ORD19844,CUST3810,2024-01-14,Cancelled,Credit Card
ORD19845,CUST2760,2025-08-04,Shipped,Cash on Delivery
ORD19846,CUST4773,2022-12-12,Returned,PayPal
ORD19847,CUST2535,2023-07-28,Pending,Cash on Delivery
ORD19848,CUST3195,2023-03-07,Cancelled,PayPal
ORD19849,CUST5125,2024-07-08,Delivered,PayPal
ORD19850,CUST5990,2024-11-13,Pending,Cash on Delivery
ORD19851,CUST3524,2023-08-05,Returned,Credit Card
ORD19852,CUST3513,2022-09-16,Cancelled,PayPal
ORD19853,CUST3535,2022-10-23,Returned,Credit Card
ORD19854,CUST3952,2024-06-22,Delivered,Credit Card
ORD19855,CUST4746,2023-02-20,Returned,PayPal
ORD19856,CUST3658,2023-12-24,Cancelled,Credit Card
ORD19857,CUST5684,2023-05-29,Shipped,Credit Card
ORD19858,CUST2168,2024-11-21,Returned,Cash on Delivery
ORD19859,CUST1538,2025-01-09,Shipped,Credit Card
ORD19860,CUST1888,2024-11-03,Pending,PayPal
ORD19861,CUST3503,2022-09-02,Returned,Credit Card
ORD19862,CUST4998,2023-08-11,Returned,Cash on Delivery
ORD19863,CUST5499,2022-11-06,Shipped,PayPal
ORD19864,CUST3004,2024-11-06,Pending,Credit Card
ORD19865,CUST4350,2023-02-11,Cancelled,Cash on Delivery
ORD19866,CUST2212,2025-05-12,Returned,Credit Card
ORD19867,CUST5098,2022-10-02,Pending,Credit Card
ORD19868,CUST4665,2024-10-02,Pending,Credit Card
ORD19869,CUST4452,2024-06-21,Shipped,Credit Card
ORD19870,CUST2763,2025-02-03,Shipped,Cash on Delivery
ORD19871,CUST2056,2024-03-02,Pending,Cash on Delivery
ORD19872,CUST3113,2024-11-23,Cancelled,PayPal
ORD19873,CUST5962,2023-04-14,Cancelled,PayPal
ORD19874,CUST2313,2024-09-07,Returned,Cash on Delivery
ORD19875,CUST2642,2024-08-27,Pending,Credit Card
ORD19876,CUST2091,2024-01-26,Returned,Credit Card
ORD19877,CUST4314,2023-11-21,Shipped,Credit Card
ORD19878,CUST5803,2024-10-24,Delivered,Cash on Delivery
ORD19879,CUST4436,2023-03-14,Shipped,Credit Card
ORD19880,CUST2816,2024-08-13,Delivered,Credit Card
ORD19881,CUST5799,2023-06-08,Pending,Cash on Delivery
ORD19882,CUST1750,2025-04-24,Returned,Cash on Delivery
ORD19883,CUST3043,2023-12-20,Returned,Cash on Delivery
ORD19884,CUST2118,2023-04-26,Delivered,Cash on Delivery
ORD19885,CUST4250,2025-04-02,Returned,Cash on Delivery
ORD19886,CUST5397,2023-06-04,Cancelled,Cash on Delivery
ORD19887,CUST4922,2024-03-01,Shipped,Credit Card
ORD19888,CUST3732,2023-05-19,Returned,Credit Card
ORD19889,CUST4170,2025-08-09,Returned,PayPal
ORD19890,CUST4562,2023-03-29,Returned,Credit Card
ORD19891,CUST5485,2023-08-19,Pending,PayPal
ORD19892,CUST5339,2023-11-25,Delivered,PayPal
ORD19893,CUST5998,2024-05-06,Returned,Credit Card
ORD19894,CUST3945,2024-07-22,Cancelled,Credit Card
ORD19895,CUST1723,2024-09-29,Delivered,Cash on Delivery
ORD19896,CUST5985,2023-06-19,Pending,Credit Card
ORD19897,CUST1018,2023-08-22,Delivered,Credit Card
ORD19898,CUST1206,2022-09-19,Delivered,Credit Card
ORD19899,CUST3856,2024-07-09,Delivered,PayPal
ORD19900,CUST4338,2025-06-12,Returned,PayPal
ORD19901,CUST4853,2025-05-17,Cancelled,PayPal
ORD19902,CUST4201,2024-06-18,Pending,Credit Card
ORD19903,CUST2480,2023-06-14,Shipped,Credit Card
ORD19904,CUST3179,2025-04-14,Returned,PayPal
ORD19905,CUST3673,2023-03-19,Returned,PayPal
ORD19906,CUST2435,2023-01-28,Delivered,PayPal
ORD19907,CUST2049,2025-04-27,Delivered,Cash on Delivery
ORD19908,CUST4691,2022-11-17,Delivered,Cash on Delivery
ORD19909,CUST2731,2023-05-13,Shipped,Credit Card
ORD19910,CUST2328,2024-12-12,Delivered,Credit Card
ORD19911,CUST3552,2025-05-30,Pending,Cash on Delivery
ORD19912,CUST1672,2025-05-08,Shipped,Credit Card
ORD19913,CUST1008,2024-06-15,Pending,Cash on Delivery
ORD19914,CUST5135,2024-03-09,Returned,Credit Card
ORD19915,CUST5715,2023-06-21,Pending,PayPal
ORD19916,CUST4503,2024-02-17,Delivered,Credit Card
ORD19917,CUST2133,2024-02-24,Pending,Credit Card
ORD19918,CUST4903,2023-01-28,Pending,PayPal
ORD19919,CUST5497,2023-02-14,Returned,PayPal
ORD19920,CUST5114,2023-03-22,Pending,Cash on Delivery
ORD19921,CUST2394,2024-06-29,Shipped,Credit Card
ORD19922,CUST2557,2023-07-09,Delivered,PayPal
ORD19923,CUST1779,2024-10-29,Shipped,Credit Card
ORD19924,CUST5111,2024-04-03,Pending,Credit Card
ORD19925,CUST1205,2024-02-01,Delivered,Credit Card
ORD19926,CUST2088,2025-04-27,Cancelled,PayPal
ORD19927,CUST2521,2022-12-24,Shipped,PayPal
ORD19928,CUST1540,2023-04-21,Pending,PayPal
ORD19929,CUST5761,2023-06-09,Shipped,PayPal
ORD19930,CUST2231,2023-02-06,Shipped,Cash on Delivery
ORD19931,CUST4706,2025-01-08,Returned,Credit Card
ORD19932,CUST4181,2023-10-03,Pending,PayPal
ORD19933,CUST3830,2024-06-29,Delivered,PayPal
ORD19934,CUST3256,2023-12-26,Returned,PayPal
ORD19935,CUST2578,2024-08-25,Delivered,Cash on Delivery
ORD19936,CUST5270,2025-07-10,Shipped,Cash on Delivery
ORD19937,CUST1492,2023-05-17,Shipped,Credit Card
ORD19938,CUST4060,2024-10-24,Shipped,Credit Card
ORD19939,CUST1259,2023-09-26,Shipped,Credit Card
ORD19940,CUST3538,2025-04-25,Delivered,Credit Card
ORD19941,CUST2354,2023-02-14,Shipped,Cash on Delivery
ORD19942,CUST1923,2025-06-30,Pending,Credit Card
ORD19943,CUST4599,2025-03-31,Returned,Credit Card
ORD19944,CUST2147,2024-08-05,Cancelled,PayPal
ORD19945,CUST3876,2023-11-19,Cancelled,PayPal
ORD19946,CUST2997,2024-07-12,Pending,Credit Card
ORD19947,CUST2777,2024-08-20,Cancelled,Credit Card
ORD19948,CUST1282,2023-10-09,Shipped,Cash on Delivery
ORD19949,CUST4138,2024-11-05,Delivered,Cash on Delivery
ORD19950,CUST1113,2025-03-10,Returned,Credit Card
ORD19951,CUST4964,2025-07-24,Delivered,PayPal
ORD19952,CUST5892,2023-03-23,Pending,Credit Card
ORD19953,CUST2546,2024-07-04,Cancelled,Credit Card
ORD19954,CUST5436,2024-02-02,Cancelled,Cash on Delivery
ORD19955,CUST2102,2025-01-15,Cancelled,Cash on Delivery
ORD19956,CUST1460,2022-12-06,Cancelled,PayPal
ORD19957,CUST4593,2022-11-29,Cancelled,Credit Card
ORD19958,CUST5992,2024-10-22,Delivered,Cash on Delivery
ORD19959,CUST5177,2022-11-14,Returned,Credit Card
ORD19960,CUST3236,2024-07-19,Shipped,Cash on Delivery
ORD19961,CUST4326,2024-01-01,Returned,Credit Card
ORD19962,CUST5602,2023-03-27,Returned,Credit Card
ORD19963,CUST3594,2023-07-28,Returned,PayPal
ORD19964,CUST5146,2023-11-14,Delivered,Cash on Delivery
ORD19965,CUST5554,2023-09-02,Pending,Credit Card
ORD19966,CUST2765,2024-03-07,Cancelled,PayPal
ORD19967,CUST5456,2023-08-23,Delivered,Credit Card
ORD19968,CUST2689,2024-07-12,Pending,Credit Card
ORD19969,CUST5987,2025-06-24,Delivered,Credit Card
ORD19970,CUST5665,2022-10-30,Pending,PayPal
ORD19971,CUST5531,2022-08-26,Returned,PayPal
ORD19972,CUST4700,2023-11-09,Shipped,Cash on Delivery
ORD19973,CUST4278,2024-10-29,Pending,Cash on Delivery
ORD19974,CUST4815,2025-02-05,Returned,PayPal
ORD19975,CUST4323,2025-06-27,Pending,Cash on Delivery
ORD19976,CUST2150,2023-11-20,Shipped,PayPal
ORD19977,CUST3881,2022-12-21,Shipped,PayPal
ORD19978,CUST2411,2023-09-08,Shipped,Cash on Delivery
ORD19979,CUST1109,2023-07-10,Returned,Credit Card
ORD19980,CUST4366,2024-02-13,Delivered,Credit Card
ORD19981,CUST5567,2023-05-29,Pending,Cash on Delivery
ORD19982,CUST5465,2024-10-16,Returned,PayPal
ORD19983,CUST5762,2024-06-29,Cancelled,Cash on Delivery
ORD19984,CUST1112,2025-01-31,Pending,PayPal
ORD19985,CUST3519,2023-07-20,Returned,PayPal
ORD19986,CUST1869,2025-02-25,Delivered,PayPal
ORD19987,CUST3788,2025-02-15,Cancelled,PayPal
ORD19988,CUST4960,2022-11-07,Delivered,PayPal
ORD19989,CUST2673,2025-01-16,Returned,PayPal
ORD19990,CUST2385,2024-12-26,Pending,Cash on Delivery
ORD19991,CUST2503,2022-09-04,Shipped,Cash on Delivery
ORD19992,CUST5987,2023-03-16,Shipped,PayPal
ORD19993,CUST5900,2025-05-21,Delivered,Cash on Delivery
ORD19994,CUST5192,2025-02-24,Returned,Credit Card
ORD19995,CUST2529,2023-06-07,Delivered,PayPal
ORD19996,CUST4602,2025-08-05,Returned,PayPal
ORD19997,CUST1448,2023-12-23,Returned,Cash on Delivery
ORD19998,CUST1343,2022-08-30,Cancelled,Credit Card
ORD19999,CUST1779,2025-07-10,Pending,PayPal
