review_id,product_id,customer_id,rating,review_text,review_date
REV20000,PROD108,CUST2353,2,good,2025-06-06
REV20001,PROD103,CUST4463,2,average,2023-08-05
REV20002,PROD111,CUST4512,5,good,2023-01-03
REV20003,PROD107,CUST5711,2,very good,2023-03-14
REV20004,PROD105,CUST1296,1,very good,2023-10-18
REV20005,PROD108,CUST2790,3,very good,2023-02-14
REV20006,PROD106,CUST2442,4,very good,2023-12-29
REV20007,PROD103,CUST2451,1,very good,2025-06-02
REV20008,PROD102,CUST2364,3,bad,2024-06-10
REV20009,PROD107,CUST4713,5,very good,2024-12-03
REV20010,PROD107,CUST1469,2,very good,2025-07-18
REV20011,PROD113,CUST5953,4,good,2025-04-26
REV20012,PROD109,CUST1438,1,very bad,2024-12-28
REV20013,PROD100,CUST2488,1,very good,2023-12-26
REV20014,PROD112,CUST1413,3,very bad,2024-09-11
REV20015,PROD105,CUST2160,3,bad,2025-01-28
REV20016,PROD109,CUST3830,1,good,2024-11-20
REV20017,PROD113,CUST4174,2,good,2023-10-25
REV20018,PROD110,CUST3281,1,very bad,2022-09-09
REV20019,PROD108,CUST3410,4,bad,2024-10-05
REV20020,PROD112,CUST3147,4,bad,2024-07-27
REV20021,PROD112,CUST4051,1,bad,2023-04-22
REV20022,PROD104,CUST1089,1,average,2024-02-07
REV20023,PROD109,CUST2314,1,good,2024-11-06
REV20024,PROD100,CUST5205,5,very bad,2024-11-08
REV20025,PROD105,CUST2997,2,average,2023-06-05
REV20026,PROD109,CUST2945,4,average,2024-03-10
REV20027,PROD101,CUST3650,4,good,2023-05-03
REV20028,PROD108,CUST5755,2,very good,2024-01-16
REV20029,PROD102,CUST2895,5,very good,2024-12-04
REV20030,PROD101,CUST3589,2,very bad,2025-02-03
REV20031,PROD107,CUST5161,4,bad,2025-06-07
REV20032,PROD105,CUST2370,1,very good,2024-11-12
REV20033,PROD109,CUST4430,5,very bad,2024-10-07
REV20034,PROD101,CUST3021,3,good,2022-10-05
REV20035,PROD113,CUST1182,5,average,2024-02-20
REV20036,PROD102,CUST4791,3,good,2023-10-24
REV20037,PROD100,CUST3310,1,bad,2024-12-26
REV20038,PROD100,CUST3661,2,very good,2023-08-27
REV20039,PROD104,CUST1500,1,good,2024-12-08
REV20040,PROD103,CUST5684,2,good,2023-09-17
REV20041,PROD109,CUST1186,4,very bad,2024-10-26
REV20042,PROD106,CUST1241,5,bad,2025-05-29
REV20043,PROD108,CUST4082,1,very good,2023-08-17
REV20044,PROD103,CUST3728,2,good,2024-10-13
REV20045,PROD112,CUST1742,1,average,2024-06-08
REV20046,PROD101,CUST3349,4,good,2024-10-19
REV20047,PROD112,CUST4751,1,average,2024-12-07
REV20048,PROD110,CUST2954,3,very good,2025-04-30
REV20049,PROD103,CUST4905,3,very bad,2024-05-05
REV20050,PROD107,CUST4613,4,bad,2024-02-26
REV20051,PROD108,CUST1209,3,good,2023-04-19
REV20052,PROD108,CUST5685,3,bad,2023-08-23
REV20053,PROD111,CUST2016,2,very bad,2025-01-03
REV20054,PROD102,CUST5282,3,bad,2023-03-13
REV20055,PROD100,CUST5144,3,good,2024-05-03
REV20056,PROD112,CUST2871,3,average,2024-12-01
REV20057,PROD108,CUST4853,3,very bad,2023-07-10
REV20058,PROD105,CUST3810,2,very bad,2025-07-24
REV20059,PROD100,CUST4294,3,very good,2022-11-21
REV20060,PROD107,CUST3033,1,very bad,2024-07-31
REV20061,PROD112,CUST3784,5,good,2024-01-21
REV20062,PROD110,CUST2808,5,very good,2022-12-29
REV20063,PROD114,CUST2357,1,bad,2022-09-23
REV20064,PROD102,CUST2617,2,very bad,2024-05-02
REV20065,PROD106,CUST4265,5,very good,2025-05-11
REV20066,PROD105,CUST3414,1,average,2024-06-20
REV20067,PROD113,CUST3933,2,very good,2023-05-14
REV20068,PROD113,CUST3963,1,good,2025-03-11
REV20069,PROD103,CUST3029,2,very good,2024-06-09
REV20070,PROD105,CUST2383,2,very good,2024-02-12
REV20071,PROD113,CUST1138,3,good,2022-11-17
REV20072,PROD106,CUST4400,3,bad,2024-12-26
REV20073,PROD102,CUST1693,1,bad,2024-11-13
REV20074,PROD105,CUST1371,4,very good,2022-12-07
REV20075,PROD112,CUST5445,1,good,2025-06-26
REV20076,PROD105,CUST1539,3,very bad,2024-04-18
REV20077,PROD103,CUST1892,5,average,2023-04-15
REV20078,PROD103,CUST5088,2,very good,2023-08-11
REV20079,PROD108,CUST3422,4,good,2024-07-14
REV20080,PROD111,CUST2079,5,very good,2023-11-19
REV20081,PROD109,CUST1624,4,average,2024-07-24
REV20082,PROD108,CUST4048,3,bad,2023-06-13
REV20083,PROD104,CUST2089,1,good,2023-01-18
REV20084,PROD103,CUST4354,1,very bad,2025-03-27
REV20085,PROD101,CUST5300,1,good,2025-08-01
REV20086,PROD109,CUST3660,3,good,2024-09-15
REV20087,PROD101,CUST5297,2,average,2024-09-19
REV20088,PROD104,CUST4458,3,good,2025-05-02
REV20089,PROD113,CUST2896,5,bad,2023-07-02
REV20090,PROD102,CUST3739,5,very good,2025-06-13
REV20091,PROD102,CUST1832,5,very good,2023-06-10
REV20092,PROD114,CUST1647,2,good,2023-01-09
REV20093,PROD113,CUST1807,2,very good,2025-03-11
REV20094,PROD104,CUST4296,2,bad,2025-06-30
REV20095,PROD105,CUST1254,5,average,2025-01-02
REV20096,PROD114,CUST1033,4,average,2023-05-12
REV20097,PROD103,CUST1698,4,bad,2023-11-30
REV20098,PROD101,CUST2386,5,very good,2024-02-09
REV20099,PROD110,CUST3511,3,bad,2025-02-17
REV20100,PROD107,CUST4247,4,bad,2023-02-24
REV20101,PROD107,CUST1711,5,bad,2022-12-17
REV20102,PROD112,CUST4202,1,average,2024-08-08
REV20103,PROD111,CUST2644,1,average,2022-12-20
REV20104,PROD104,CUST4536,2,very bad,2023-08-20
REV20105,PROD108,CUST4165,2,bad,2024-03-19
REV20106,PROD114,CUST1925,5,bad,2022-10-22
REV20107,PROD103,CUST4417,5,bad,2023-09-06
REV20108,PROD114,CUST2226,4,very bad,2023-06-27
REV20109,PROD110,CUST3865,1,good,2023-04-23
REV20110,PROD101,CUST4945,2,very good,2022-10-01
REV20111,PROD103,CUST2427,1,very good,2025-08-10
REV20112,PROD102,CUST4196,5,bad,2023-03-30
REV20113,PROD103,CUST3804,2,good,2024-02-27
REV20114,PROD108,CUST4589,2,very good,2023-12-23
REV20115,PROD114,CUST4582,2,good,2024-08-11
REV20116,PROD110,CUST5308,1,bad,2024-08-23
REV20117,PROD112,CUST5920,1,good,2023-03-23
REV20118,PROD101,CUST5795,5,average,2025-05-16
REV20119,PROD113,CUST1585,3,very bad,2024-01-02
REV20120,PROD103,CUST4058,1,very bad,2022-11-07
REV20121,PROD110,CUST1287,5,bad,2024-06-03
REV20122,PROD104,CUST3404,1,very good,2024-12-04
REV20123,PROD101,CUST4226,3,very good,2024-02-02
REV20124,PROD110,CUST5542,2,average,2024-07-15
REV20125,PROD105,CUST4004,5,good,2024-08-02
REV20126,PROD102,CUST1197,2,very bad,2023-12-16
REV20127,PROD100,CUST4677,5,very good,2025-03-19
REV20128,PROD100,CUST4076,4,bad,2023-07-29
REV20129,PROD100,CUST4734,5,good,2025-05-12
REV20130,PROD101,CUST2380,1,very bad,2024-05-03
REV20131,PROD105,CUST2688,4,very good,2024-02-09
REV20132,PROD103,CUST4943,5,good,2024-07-20
REV20133,PROD102,CUST1648,4,very good,2025-01-27
REV20134,PROD107,CUST1340,4,very good,2024-07-20
REV20135,PROD112,CUST4603,5,good,2023-10-13
REV20136,PROD112,CUST4267,5,average,2025-03-12
REV20137,PROD108,CUST1974,1,bad,2023-11-27
REV20138,PROD100,CUST5305,4,very good,2024-05-17
REV20139,PROD111,CUST4964,5,average,2024-12-14
REV20140,PROD108,CUST4916,3,bad,2024-06-07
REV20141,PROD102,CUST2328,2,very good,2023-07-10
REV20142,PROD108,CUST1192,4,bad,2024-03-23
REV20143,PROD109,CUST5839,4,average,2023-10-13
REV20144,PROD102,CUST4245,3,very bad,2023-04-21
REV20145,PROD105,CUST4244,2,good,2022-11-30
REV20146,PROD103,CUST4733,2,average,2024-05-08
REV20147,PROD112,CUST2820,2,average,2025-08-21
REV20148,PROD101,CUST5014,5,good,2024-03-16
REV20149,PROD111,CUST1716,1,good,2024-03-16
REV20150,PROD106,CUST1987,1,good,2024-02-03
REV20151,PROD111,CUST4033,5,very good,2024-01-05
REV20152,PROD110,CUST1292,4,very bad,2023-11-26
REV20153,PROD109,CUST1200,4,bad,2023-10-10
REV20154,PROD102,CUST5230,1,good,2022-12-17
REV20155,PROD101,CUST5498,3,very good,2022-11-18
REV20156,PROD112,CUST3570,4,average,2023-04-11
REV20157,PROD114,CUST3430,2,very good,2024-07-01
REV20158,PROD107,CUST1422,4,very good,2024-05-06
REV20159,PROD112,CUST3247,2,good,2023-07-30
REV20160,PROD109,CUST1148,4,good,2024-05-10
REV20161,PROD102,CUST4993,3,very good,2024-07-23
REV20162,PROD112,CUST5481,4,very bad,2023-09-06
REV20163,PROD106,CUST3163,1,good,2023-01-20
REV20164,PROD109,CUST2223,3,good,2023-03-17
REV20165,PROD106,CUST3450,3,bad,2025-05-28
REV20166,PROD101,CUST5229,5,very bad,2025-04-07
REV20167,PROD107,CUST4120,3,very good,2024-12-25
REV20168,PROD110,CUST3343,2,very good,2023-02-19
REV20169,PROD108,CUST5255,3,average,2023-12-11
REV20170,PROD112,CUST1552,5,very good,2023-09-06
REV20171,PROD105,CUST5599,3,good,2024-11-17
REV20172,PROD101,CUST3400,3,good,2024-01-19
REV20173,PROD106,CUST4387,2,very bad,2023-04-07
REV20174,PROD108,CUST1562,4,very bad,2022-12-03
REV20175,PROD110,CUST5652,4,very good,2024-10-12
REV20176,PROD111,CUST5448,1,bad,2023-07-12
REV20177,PROD104,CUST5125,3,very good,2023-03-21
REV20178,PROD108,CUST4573,5,very good,2024-03-24
REV20179,PROD103,CUST2946,2,very good,2024-03-26
REV20180,PROD113,CUST2644,3,very bad,2024-03-05
REV20181,PROD102,CUST3372,4,very good,2023-10-11
REV20182,PROD109,CUST5534,1,very good,2023-03-05
REV20183,PROD108,CUST5286,4,very good,2024-11-07
REV20184,PROD104,CUST4941,4,average,2025-03-01
REV20185,PROD106,CUST5175,4,good,2024-05-19
REV20186,PROD102,CUST2193,4,very bad,2023-05-05
REV20187,PROD112,CUST2784,4,bad,2022-10-28
REV20188,PROD101,CUST3466,4,bad,2024-06-12
REV20189,PROD109,CUST4591,4,very good,2022-12-08
REV20190,PROD113,CUST3835,4,very bad,2023-12-13
REV20191,PROD105,CUST2840,5,good,2022-12-12
REV20192,PROD102,CUST4438,2,average,2023-03-01
REV20193,PROD100,CUST4442,5,very good,2025-08-13
REV20194,PROD111,CUST2982,5,bad,2023-11-24
REV20195,PROD105,CUST1710,5,bad,2024-10-27
REV20196,PROD112,CUST4662,4,average,2024-06-18
REV20197,PROD113,CUST5602,2,bad,2023-04-13
REV20198,PROD104,CUST5363,2,average,2024-12-18
REV20199,PROD103,CUST5530,2,average,2023-08-28
REV20200,PROD107,CUST5616,2,bad,2023-09-20
REV20201,PROD106,CUST4600,1,bad,2023-09-24
REV20202,PROD107,CUST3934,2,very bad,2024-07-06
REV20203,PROD100,CUST4591,2,good,2023-08-21
REV20204,PROD108,CUST3190,2,good,2023-12-09
REV20205,PROD111,CUST3490,2,very good,2024-10-29
REV20206,PROD102,CUST1558,5,very good,2023-07-02
REV20207,PROD101,CUST5416,4,bad,2022-11-16
REV20208,PROD111,CUST2812,1,very good,2022-11-26
REV20209,PROD114,CUST3492,1,very good,2023-06-30
REV20210,PROD109,CUST2367,4,very good,2023-01-17
REV20211,PROD100,CUST2702,4,good,2023-04-22
REV20212,PROD109,CUST5639,5,bad,2024-01-11
REV20213,PROD109,CUST4161,1,very bad,2024-02-07
REV20214,PROD112,CUST5048,4,bad,2024-12-20
REV20215,PROD103,CUST1907,1,bad,2023-10-02
REV20216,PROD103,CUST3149,3,very bad,2023-11-16
REV20217,PROD113,CUST4951,4,average,2023-02-26
REV20218,PROD108,CUST3317,4,bad,2022-10-13
REV20219,PROD109,CUST1776,3,average,2023-12-05
REV20220,PROD104,CUST2634,5,average,2024-09-11
REV20221,PROD111,CUST2081,2,bad,2025-08-11
REV20222,PROD104,CUST1379,5,good,2025-04-19
REV20223,PROD109,CUST5727,3,average,2024-03-04
REV20224,PROD113,CUST1654,1,good,2024-12-01
REV20225,PROD106,CUST5054,2,bad,2024-04-17
REV20226,PROD110,CUST2263,5,very good,2023-09-07
REV20227,PROD106,CUST5922,3,very bad,2023-05-08
REV20228,PROD113,CUST5769,2,bad,2023-06-21
REV20229,PROD105,CUST1948,1,average,2023-10-30
REV20230,PROD113,CUST3153,4,good,2025-07-11
REV20231,PROD101,CUST2188,1,bad,2024-05-12
REV20232,PROD111,CUST2162,3,very good,2024-08-28
REV20233,PROD106,CUST3181,2,bad,2024-05-08
REV20234,PROD104,CUST1011,4,good,2025-08-19
REV20235,PROD104,CUST1587,3,bad,2023-12-01
REV20236,PROD102,CUST3656,2,very bad,2022-11-22
REV20237,PROD104,CUST1366,3,good,2023-10-02
REV20238,PROD108,CUST2406,5,very good,2025-06-08
REV20239,PROD113,CUST2944,4,very bad,2024-11-11
REV20240,PROD100,CUST2640,4,bad,2025-07-29
REV20241,PROD102,CUST5457,4,very good,2023-12-05
REV20242,PROD107,CUST1395,2,very bad,2025-04-25
REV20243,PROD101,CUST5595,1,very bad,2025-07-13
REV20244,PROD102,CUST2500,4,very bad,2023-06-03
REV20245,PROD101,CUST3649,2,very bad,2025-01-13
REV20246,PROD105,CUST4988,4,very bad,2023-05-26
REV20247,PROD107,CUST5522,1,good,2022-09-17
REV20248,PROD102,CUST3766,5,very bad,2023-03-25
REV20249,PROD105,CUST2332,5,average,2024-06-18
REV20250,PROD101,CUST5409,4,good,2025-06-07
REV20251,PROD100,CUST1101,3,bad,2023-01-20
REV20252,PROD106,CUST4425,1,very good,2023-02-01
REV20253,PROD110,CUST4623,4,very bad,2024-07-23
REV20254,PROD114,CUST1872,2,very bad,2022-10-27
REV20255,PROD114,CUST3649,2,bad,2023-05-20
REV20256,PROD109,CUST1662,3,bad,2024-12-21
REV20257,PROD108,CUST2020,5,very good,2025-05-12
REV20258,PROD104,CUST1954,5,bad,2025-06-11
REV20259,PROD101,CUST3325,3,good,2024-06-30
REV20260,PROD102,CUST1133,5,very good,2024-04-19
REV20261,PROD101,CUST1762,1,average,2022-10-24
REV20262,PROD108,CUST1518,5,bad,2025-07-12
REV20263,PROD111,CUST4258,5,bad,2025-01-06
REV20264,PROD109,CUST3773,2,bad,2024-12-25
REV20265,PROD107,CUST4410,3,bad,2024-11-07
REV20266,PROD107,CUST1103,4,average,2023-05-13
REV20267,PROD107,CUST3327,1,average,2025-05-13
REV20268,PROD106,CUST2917,5,bad,2024-09-09
REV20269,PROD108,CUST3174,1,very bad,2024-11-04
REV20270,PROD102,CUST5419,3,very bad,2022-09-26
REV20271,PROD114,CUST4068,5,very good,2024-03-28
REV20272,PROD100,CUST3909,3,very good,2023-01-01
REV20273,PROD102,CUST5886,4,very good,2024-01-06
REV20274,PROD109,CUST5198,3,bad,2024-03-01
REV20275,PROD100,CUST2961,1,very bad,2023-03-07
REV20276,PROD107,CUST3245,3,average,2023-04-26
REV20277,PROD109,CUST4040,2,very good,2023-04-24
REV20278,PROD103,CUST1375,1,very good,2024-02-16
REV20279,PROD114,CUST4647,2,average,2023-04-09
REV20280,PROD112,CUST4359,2,very good,2025-03-15
REV20281,PROD103,CUST5540,4,very bad,2024-10-30
REV20282,PROD107,CUST3904,2,bad,2023-02-19
REV20283,PROD103,CUST1742,4,average,2025-05-02
REV20284,PROD100,CUST4273,3,average,2022-10-28
REV20285,PROD101,CUST5346,2,good,2023-01-20
REV20286,PROD108,CUST5324,3,very good,2024-10-23
REV20287,PROD108,CUST2838,1,very good,2025-04-06
REV20288,PROD111,CUST1581,2,average,2023-03-06
REV20289,PROD114,CUST1579,3,very good,2024-10-19
REV20290,PROD111,CUST3487,2,very bad,2024-01-05
REV20291,PROD104,CUST5561,5,average,2024-11-25
REV20292,PROD110,CUST5616,5,very bad,2023-04-16
REV20293,PROD114,CUST4708,4,very bad,2025-06-10
REV20294,PROD114,CUST5644,5,very bad,2025-05-01
REV20295,PROD112,CUST2957,5,average,2022-12-07
REV20296,PROD101,CUST2019,3,very good,2024-09-20
REV20297,PROD105,CUST5221,5,very bad,2023-06-19
REV20298,PROD103,CUST4237,1,good,2023-03-07
REV20299,PROD113,CUST3172,2,average,2024-10-08
REV20300,PROD107,CUST2321,5,very bad,2024-12-16
REV20301,PROD110,CUST5839,2,very bad,2023-01-28
REV20302,PROD111,CUST2117,2,very bad,2024-12-21
REV20303,PROD105,CUST1544,5,bad,2023-01-04
REV20304,PROD106,CUST3146,3,very bad,2023-05-26
REV20305,PROD114,CUST5063,2,bad,2022-12-29
REV20306,PROD110,CUST2522,2,average,2023-01-24
REV20307,PROD106,CUST2928,1,good,2023-08-21
REV20308,PROD105,CUST1953,1,average,2024-03-13
REV20309,PROD113,CUST5329,3,good,2025-02-22
REV20310,PROD106,CUST2734,1,average,2023-09-29
REV20311,PROD103,CUST3282,5,good,2022-12-09
REV20312,PROD105,CUST2894,1,bad,2024-11-26
REV20313,PROD104,CUST3453,4,bad,2023-07-25
REV20314,PROD103,CUST1359,5,very bad,2022-11-17
REV20315,PROD102,CUST2179,2,bad,2023-09-25
REV20316,PROD114,CUST5812,3,average,2023-05-06
REV20317,PROD100,CUST3746,4,bad,2023-10-19
REV20318,PROD100,CUST5966,5,bad,2023-10-14
REV20319,PROD110,CUST3175,2,good,2024-08-31
REV20320,PROD109,CUST1430,5,very good,2025-07-14
REV20321,PROD113,CUST1731,3,good,2023-09-03
REV20322,PROD106,CUST2874,1,very bad,2023-12-29
REV20323,PROD111,CUST1224,3,good,2022-10-07
REV20324,PROD111,CUST1180,4,average,2022-11-22
REV20325,PROD113,CUST1139,5,very good,2022-12-31
REV20326,PROD110,CUST2404,2,average,2024-12-15
REV20327,PROD101,CUST3438,1,very good,2025-05-10
REV20328,PROD111,CUST2854,3,very bad,2022-12-26
REV20329,PROD110,CUST1434,3,average,2023-06-23
REV20330,PROD100,CUST1829,2,average,2023-01-16
REV20331,PROD111,CUST5677,4,average,2023-12-08
REV20332,PROD100,CUST1782,5,good,2023-07-17
REV20333,PROD100,CUST5827,5,bad,2023-03-25
REV20334,PROD112,CUST1318,5,very good,2024-01-02
REV20335,PROD108,CUST1802,2,very good,2024-01-14
REV20336,PROD110,CUST3346,5,very good,2022-12-08
REV20337,PROD103,CUST4417,5,bad,2025-08-12
REV20338,PROD100,CUST4516,2,very good,2023-10-19
REV20339,PROD103,CUST5739,1,very bad,2023-01-27
REV20340,PROD106,CUST2638,1,very good,2024-10-02
REV20341,PROD113,CUST3037,5,very bad,2023-09-29
REV20342,PROD101,CUST5246,4,bad,2024-11-24
REV20343,PROD107,CUST1008,1,very bad,2023-07-06
REV20344,PROD100,CUST4854,5,good,2024-10-01
REV20345,PROD109,CUST4085,1,good,2025-05-15
REV20346,PROD103,CUST4964,2,very good,2024-05-31
REV20347,PROD103,CUST5752,1,very good,2024-06-03
REV20348,PROD107,CUST2923,3,bad,2024-03-12
REV20349,PROD112,CUST1509,3,bad,2025-03-11
REV20350,PROD109,CUST5722,2,very bad,2023-04-07
REV20351,PROD111,CUST4191,3,bad,2023-04-15
REV20352,PROD112,CUST5111,1,bad,2024-06-28
REV20353,PROD112,CUST1363,5,very bad,2023-10-30
REV20354,PROD112,CUST5665,1,good,2025-06-28
REV20355,PROD110,CUST5925,2,good,2024-10-10
REV20356,PROD103,CUST4949,4,good,2024-07-27
REV20357,PROD102,CUST3141,4,bad,2024-06-16
REV20358,PROD107,CUST5435,3,bad,2023-10-31
REV20359,PROD106,CUST3978,2,good,2024-03-18
REV20360,PROD101,CUST2181,2,average,2022-11-24
REV20361,PROD107,CUST4101,3,good,2023-09-09
REV20362,PROD108,CUST1859,5,bad,2023-03-31
REV20363,PROD101,CUST5637,2,very good,2024-05-20
REV20364,PROD114,CUST1950,3,very bad,2022-09-09
REV20365,PROD102,CUST4958,5,good,2025-08-08
REV20366,PROD107,CUST1603,4,bad,2023-08-04
REV20367,PROD101,CUST5529,4,good,2025-08-06
REV20368,PROD100,CUST1183,5,very good,2022-10-06
REV20369,PROD104,CUST3931,4,bad,2023-09-24
REV20370,PROD104,CUST2238,5,good,2023-05-10
REV20371,PROD102,CUST2696,1,average,2023-05-08
REV20372,PROD107,CUST4530,5,very bad,2023-09-15
REV20373,PROD101,CUST2419,1,good,2022-09-03
REV20374,PROD109,CUST2592,4,bad,2022-12-01
REV20375,PROD114,CUST2547,5,very good,2024-05-13
REV20376,PROD106,CUST4021,1,average,2023-09-14
REV20377,PROD106,CUST3733,3,very good,2023-06-10
REV20378,PROD100,CUST3098,3,average,2025-06-19
REV20379,PROD111,CUST5183,5,good,2024-07-11
REV20380,PROD101,CUST5023,2,bad,2025-01-22
REV20381,PROD112,CUST2257,3,very bad,2023-08-04
REV20382,PROD109,CUST4986,1,very bad,2025-04-26
REV20383,PROD101,CUST2361,1,bad,2023-12-09
REV20384,PROD114,CUST1205,4,very bad,2023-09-11
REV20385,PROD106,CUST1388,2,very good,2024-05-19
REV20386,PROD104,CUST4534,1,average,2023-01-07
REV20387,PROD105,CUST3643,2,very bad,2023-04-20
REV20388,PROD107,CUST3031,2,very good,2024-07-25
REV20389,PROD102,CUST5243,2,very bad,2023-11-17
REV20390,PROD102,CUST5050,4,average,2025-06-23
REV20391,PROD106,CUST1064,5,very good,2023-08-06
REV20392,PROD100,CUST5014,5,very bad,2025-04-05
REV20393,PROD100,CUST2633,4,bad,2024-07-01
REV20394,PROD105,CUST5678,5,average,2024-01-11
REV20395,PROD107,CUST2954,1,very bad,2024-05-30
REV20396,PROD104,CUST3737,4,good,2024-05-24
REV20397,PROD100,CUST3060,2,good,2022-12-16
REV20398,PROD104,CUST3332,3,very bad,2025-08-22
REV20399,PROD108,CUST2985,1,good,2022-12-16
REV20400,PROD100,CUST1707,1,good,2024-04-05
REV20401,PROD104,CUST4239,2,bad,2023-01-03
REV20402,PROD108,CUST2686,1,very bad,2024-07-24
REV20403,PROD112,CUST3774,2,good,2024-04-03
REV20404,PROD105,CUST3392,1,bad,2025-04-11
REV20405,PROD107,CUST1541,4,very good,2025-05-07
REV20406,PROD111,CUST4678,4,average,2022-12-08
REV20407,PROD110,CUST2438,2,bad,2023-05-07
REV20408,PROD104,CUST2206,3,good,2023-05-15
REV20409,PROD114,CUST1976,3,average,2024-09-29
REV20410,PROD103,CUST2742,4,very bad,2023-02-11
REV20411,PROD110,CUST5251,1,good,2025-03-28
REV20412,PROD113,CUST1319,5,bad,2023-05-05
REV20413,PROD103,CUST5318,5,good,2024-12-05
REV20414,PROD103,CUST5441,4,good,2023-04-26
REV20415,PROD109,CUST1637,1,very bad,2023-04-01
REV20416,PROD111,CUST3096,3,average,2025-03-26
REV20417,PROD104,CUST5619,1,average,2022-12-14
REV20418,PROD102,CUST3497,2,bad,2023-07-28
REV20419,PROD107,CUST1281,1,good,2025-06-07
REV20420,PROD110,CUST3502,2,very bad,2024-03-16
REV20421,PROD106,CUST4671,2,bad,2024-06-25
REV20422,PROD101,CUST1258,4,average,2025-01-03
REV20423,PROD114,CUST1204,2,very bad,2025-07-01
REV20424,PROD110,CUST2988,5,good,2024-01-26
REV20425,PROD106,CUST3225,2,average,2023-04-15
REV20426,PROD107,CUST4090,5,very good,2023-11-28
REV20427,PROD107,CUST5919,3,good,2025-01-16
REV20428,PROD101,CUST3221,3,average,2023-09-26
REV20429,PROD105,CUST5306,4,bad,2022-08-26
REV20430,PROD113,CUST4192,5,bad,2025-02-03
REV20431,PROD112,CUST3839,4,good,2024-04-13
REV20432,PROD108,CUST2436,1,very good,2023-03-22
REV20433,PROD101,CUST1857,5,very bad,2025-02-22
REV20434,PROD106,CUST3958,5,bad,2022-11-08
REV20435,PROD104,CUST1640,5,bad,2023-02-22
REV20436,PROD102,CUST1302,1,bad,2023-02-20
REV20437,PROD103,CUST5366,5,average,2024-08-08
REV20438,PROD104,CUST3808,4,bad,2025-03-04
REV20439,PROD112,CUST5610,5,good,2023-02-23
REV20440,PROD112,CUST1875,5,good,2025-03-17
REV20441,PROD101,CUST5811,1,very bad,2023-01-09
REV20442,PROD105,CUST1939,1,good,2022-08-27
REV20443,PROD108,CUST1083,1,good,2023-09-06
REV20444,PROD100,CUST5627,3,average,2023-07-11
REV20445,PROD109,CUST2216,4,very good,2024-08-06
REV20446,PROD108,CUST4396,4,bad,2024-08-01
REV20447,PROD103,CUST2220,1,average,2025-05-24
REV20448,PROD110,CUST2713,1,average,2023-12-28
REV20449,PROD110,CUST4346,1,bad,2023-02-15
REV20450,PROD114,CUST4118,2,average,2023-12-18
REV20451,PROD100,CUST5325,3,bad,2023-08-15
REV20452,PROD101,CUST5462,4,average,2023-05-29
REV20453,PROD102,CUST4364,3,very good,2023-12-30
REV20454,PROD110,CUST1389,2,very good,2023-10-04
REV20455,PROD113,CUST3346,2,very good,2023-11-20
REV20456,PROD109,CUST1029,4,very bad,2025-08-16
REV20457,PROD107,CUST4080,4,average,2024-09-02
REV20458,PROD102,CUST4995,4,good,2024-07-23
REV20459,PROD114,CUST1350,2,very bad,2023-12-23
REV20460,PROD100,CUST5182,4,very bad,2022-09-28
REV20461,PROD100,CUST1917,3,very bad,2023-01-01
REV20462,PROD114,CUST4543,1,very good,2024-05-23
REV20463,PROD108,CUST3612,1,average,2023-04-01
REV20464,PROD109,CUST3254,2,very bad,2023-07-01
REV20465,PROD104,CUST1111,2,good,2025-03-12
REV20466,PROD108,CUST5028,5,very good,2023-11-06
REV20467,PROD102,CUST4624,4,very bad,2023-04-05
REV20468,PROD106,CUST1129,4,very good,2025-03-04
REV20469,PROD111,CUST3819,1,very bad,2024-06-09
REV20470,PROD112,CUST1320,2,bad,2025-03-18
REV20471,PROD103,CUST5048,3,bad,2025-01-20
REV20472,PROD106,CUST4573,3,good,2024-09-27
REV20473,PROD110,CUST1275,4,average,2025-02-11
REV20474,PROD107,CUST1178,2,good,2024-02-25
REV20475,PROD112,CUST2576,4,good,2025-04-11
REV20476,PROD101,CUST5203,4,average,2023-11-01
REV20477,PROD113,CUST4408,5,bad,2023-11-01
REV20478,PROD104,CUST5597,3,very good,2023-01-23
REV20479,PROD111,CUST3832,5,bad,2024-02-21
REV20480,PROD114,CUST4407,2,very good,2025-08-05
REV20481,PROD106,CUST3790,4,very bad,2023-02-07
REV20482,PROD108,CUST3995,3,very bad,2023-01-03
REV20483,PROD108,CUST3692,5,very good,2023-03-20
REV20484,PROD102,CUST2626,2,average,2024-11-08
REV20485,PROD112,CUST2201,3,good,2022-12-10
REV20486,PROD109,CUST1182,1,good,2023-11-07
REV20487,PROD110,CUST1168,2,very bad,2024-07-30
REV20488,PROD113,CUST4686,4,good,2023-04-04
REV20489,PROD102,CUST4145,3,bad,2024-03-15
REV20490,PROD107,CUST2679,5,good,2022-09-06
REV20491,PROD109,CUST2683,2,very good,2024-03-05
REV20492,PROD107,CUST4112,2,very bad,2024-03-20
REV20493,PROD109,CUST1241,5,bad,2023-01-08
REV20494,PROD103,CUST4208,5,good,2024-04-15
REV20495,PROD114,CUST1283,4,bad,2025-04-15
REV20496,PROD101,CUST4981,5,very good,2025-03-11
REV20497,PROD111,CUST3974,1,good,2023-09-05
REV20498,PROD113,CUST5518,5,bad,2023-01-25
REV20499,PROD113,CUST5274,5,very bad,2024-03-22
REV20500,PROD110,CUST4009,2,bad,2024-10-21
REV20501,PROD111,CUST3002,4,very bad,2025-03-16
REV20502,PROD113,CUST4137,1,average,2024-02-03
REV20503,PROD102,CUST4045,4,good,2024-03-09
REV20504,PROD100,CUST1438,4,very good,2022-10-14
REV20505,PROD101,CUST3891,1,very bad,2023-01-18
REV20506,PROD104,CUST5045,5,very good,2024-12-15
REV20507,PROD109,CUST4757,4,good,2025-08-22
REV20508,PROD102,CUST4304,5,very bad,2025-03-01
REV20509,PROD114,CUST2578,2,good,2023-04-01
REV20510,PROD105,CUST2993,2,very bad,2023-05-04
REV20511,PROD111,CUST1839,3,good,2024-04-05
REV20512,PROD106,CUST3325,5,good,2023-07-13
REV20513,PROD112,CUST3598,2,very bad,2024-01-24
REV20514,PROD104,CUST5513,1,very good,2025-06-22
REV20515,PROD111,CUST1691,1,bad,2024-10-31
REV20516,PROD114,CUST2811,3,very good,2022-12-24
REV20517,PROD103,CUST5594,3,bad,2024-01-21
REV20518,PROD104,CUST3060,3,good,2022-10-17
REV20519,PROD102,CUST4924,4,very good,2024-12-18
REV20520,PROD114,CUST1747,3,very good,2022-09-08
REV20521,PROD100,CUST2929,2,very good,2023-09-30
REV20522,PROD102,CUST3695,5,very good,2025-08-18
REV20523,PROD114,CUST2710,4,very good,2024-10-31
REV20524,PROD102,CUST4288,5,good,2024-04-18
REV20525,PROD104,CUST5402,2,very bad,2025-01-25
REV20526,PROD107,CUST4088,5,average,2024-02-20
REV20527,PROD112,CUST4586,3,good,2022-08-30
REV20528,PROD114,CUST4363,5,bad,2024-03-20
REV20529,PROD106,CUST5356,4,very good,2022-09-05
REV20530,PROD110,CUST4338,3,very good,2022-10-30
REV20531,PROD101,CUST5427,4,good,2023-09-18
REV20532,PROD113,CUST1332,5,bad,2025-07-31
REV20533,PROD101,CUST3940,4,very bad,2025-01-14
REV20534,PROD100,CUST2137,5,very good,2024-07-23
REV20535,PROD113,CUST2896,3,very good,2023-11-28
REV20536,PROD103,CUST3610,1,very bad,2024-11-27
REV20537,PROD114,CUST5478,5,bad,2023-01-06
REV20538,PROD102,CUST1033,5,good,2025-02-25
REV20539,PROD104,CUST4858,3,very good,2023-11-10
REV20540,PROD108,CUST1064,1,average,2024-09-24
REV20541,PROD100,CUST4237,5,bad,2023-12-11
REV20542,PROD106,CUST3262,2,good,2023-05-08
REV20543,PROD107,CUST2712,5,very bad,2023-04-25
REV20544,PROD102,CUST4085,2,bad,2024-07-13
REV20545,PROD112,CUST2758,4,good,2025-02-20
REV20546,PROD106,CUST4659,3,bad,2023-02-18
REV20547,PROD109,CUST3740,4,very bad,2024-12-29
REV20548,PROD110,CUST3925,4,very good,2024-11-16
REV20549,PROD101,CUST2203,5,very good,2025-02-19
REV20550,PROD104,CUST2170,5,good,2025-01-28
REV20551,PROD105,CUST4541,5,average,2023-11-07
REV20552,PROD100,CUST2467,2,very good,2023-09-04
REV20553,PROD103,CUST3889,4,very bad,2023-04-13
REV20554,PROD107,CUST5093,3,bad,2025-06-09
REV20555,PROD107,CUST5355,3,average,2024-12-24
REV20556,PROD113,CUST3542,1,bad,2024-11-28
REV20557,PROD102,CUST3229,4,very bad,2022-10-31
REV20558,PROD103,CUST2552,4,very good,2023-06-18
REV20559,PROD114,CUST2740,4,average,2023-12-29
REV20560,PROD112,CUST3412,3,bad,2024-12-22
REV20561,PROD103,CUST2384,3,good,2025-06-08
REV20562,PROD110,CUST2535,5,very good,2024-05-02
REV20563,PROD113,CUST2289,3,average,2024-11-05
REV20564,PROD109,CUST5618,4,average,2023-09-11
REV20565,PROD110,CUST2207,3,average,2023-05-20
REV20566,PROD104,CUST5319,1,very good,2023-04-15
REV20567,PROD113,CUST2896,1,good,2022-11-27
REV20568,PROD110,CUST1461,2,bad,2025-04-10
REV20569,PROD105,CUST3977,4,very bad,2022-11-18
REV20570,PROD100,CUST3240,1,bad,2024-11-29
REV20571,PROD109,CUST4516,2,bad,2024-03-21
REV20572,PROD109,CUST4822,1,very good,2024-09-22
REV20573,PROD110,CUST2050,4,bad,2023-05-29
REV20574,PROD108,CUST3308,4,very bad,2024-01-03
REV20575,PROD110,CUST1399,5,average,2025-04-19
REV20576,PROD102,CUST3343,1,very good,2025-02-23
REV20577,PROD109,CUST5003,2,good,2024-08-17
REV20578,PROD107,CUST3483,1,very good,2025-07-31
REV20579,PROD108,CUST2725,5,bad,2024-01-05
REV20580,PROD112,CUST5866,2,average,2023-01-17
REV20581,PROD112,CUST4646,4,average,2025-05-27
REV20582,PROD109,CUST1981,3,very bad,2024-03-20
REV20583,PROD107,CUST3185,4,bad,2023-12-31
REV20584,PROD113,CUST1473,1,very good,2022-11-13
REV20585,PROD111,CUST5278,1,good,2023-07-20
REV20586,PROD104,CUST2432,2,good,2022-10-28
REV20587,PROD113,CUST5767,4,average,2022-12-16
REV20588,PROD114,CUST4450,1,average,2024-11-27
REV20589,PROD103,CUST4081,1,bad,2024-05-25
REV20590,PROD114,CUST5693,1,average,2025-08-21
REV20591,PROD109,CUST5540,4,very good,2024-04-12
REV20592,PROD106,CUST4306,4,good,2023-03-25
REV20593,PROD106,CUST1089,3,average,2022-12-24
REV20594,PROD102,CUST2457,2,very good,2024-03-22
REV20595,PROD101,CUST4150,3,average,2025-01-18
REV20596,PROD102,CUST1824,3,very bad,2023-11-12
REV20597,PROD109,CUST1339,1,very bad,2023-01-27
REV20598,PROD100,CUST4129,5,very good,2025-06-01
REV20599,PROD110,CUST2130,2,very bad,2024-01-08
REV20600,PROD111,CUST5653,3,good,2023-11-24
REV20601,PROD103,CUST5101,5,very good,2023-11-10
REV20602,PROD105,CUST5284,3,bad,2025-01-30
REV20603,PROD113,CUST1411,5,good,2022-12-18
REV20604,PROD110,CUST3590,5,very good,2025-07-06
REV20605,PROD107,CUST2641,5,bad,2024-06-16
REV20606,PROD100,CUST1400,5,good,2023-10-16
REV20607,PROD113,CUST5215,2,very bad,2024-08-02
REV20608,PROD105,CUST3248,4,very bad,2025-01-17
REV20609,PROD101,CUST2706,5,average,2024-02-24
REV20610,PROD113,CUST1342,2,very bad,2024-11-03
REV20611,PROD101,CUST2332,5,average,2023-09-12
REV20612,PROD114,CUST5254,5,good,2025-07-11
REV20613,PROD105,CUST2708,1,bad,2022-12-22
REV20614,PROD107,CUST2047,2,very good,2025-07-25
REV20615,PROD104,CUST1092,1,very good,2025-04-04
REV20616,PROD107,CUST1058,3,average,2025-06-05
REV20617,PROD105,CUST2249,3,very bad,2023-01-02
REV20618,PROD114,CUST1008,4,average,2023-11-20
REV20619,PROD110,CUST2352,2,very good,2024-10-23
REV20620,PROD111,CUST2210,2,very bad,2025-04-21
REV20621,PROD112,CUST2783,3,good,2025-07-19
REV20622,PROD108,CUST2728,2,very bad,2023-10-01
REV20623,PROD114,CUST3232,3,average,2023-08-27
REV20624,PROD113,CUST3494,2,bad,2024-01-22
REV20625,PROD104,CUST2541,4,very bad,2023-01-07
REV20626,PROD113,CUST2055,5,very good,2025-04-11
REV20627,PROD104,CUST2595,3,bad,2024-11-30
REV20628,PROD106,CUST4760,3,average,2025-06-11
REV20629,PROD114,CUST3203,5,good,2024-06-23
REV20630,PROD105,CUST3484,2,very good,2023-05-12
REV20631,PROD101,CUST2913,2,bad,2024-09-21
REV20632,PROD105,CUST1109,3,very good,2023-02-11
REV20633,PROD110,CUST2479,1,bad,2024-11-08
REV20634,PROD109,CUST1358,5,very good,2024-05-01
REV20635,PROD100,CUST2213,5,bad,2022-12-01
REV20636,PROD111,CUST3302,5,bad,2024-07-13
REV20637,PROD107,CUST5809,2,bad,2025-01-13
REV20638,PROD111,CUST1021,5,very bad,2023-03-01
REV20639,PROD112,CUST4481,2,very bad,2022-10-04
REV20640,PROD110,CUST5783,5,very good,2023-09-30
REV20641,PROD105,CUST1376,1,very good,2024-06-04
REV20642,PROD102,CUST3122,3,very bad,2023-06-09
REV20643,PROD105,CUST1274,1,average,2022-09-12
REV20644,PROD113,CUST4847,3,very bad,2025-01-24
REV20645,PROD110,CUST5175,4,good,2024-08-16
REV20646,PROD101,CUST1359,2,good,2023-04-11
REV20647,PROD114,CUST5207,4,average,2023-11-08
REV20648,PROD100,CUST5136,4,very good,2023-07-04
REV20649,PROD103,CUST1025,4,bad,2024-09-03
REV20650,PROD104,CUST3996,4,very bad,2025-05-12
REV20651,PROD101,CUST5500,1,average,2025-04-24
REV20652,PROD100,CUST4781,5,very good,2025-07-05
REV20653,PROD114,CUST1566,3,good,2022-11-04
REV20654,PROD111,CUST2959,2,very bad,2022-09-07
REV20655,PROD107,CUST2943,5,good,2023-05-08
REV20656,PROD108,CUST5285,1,bad,2025-08-16
REV20657,PROD113,CUST5619,1,very bad,2022-10-24
REV20658,PROD104,CUST2076,3,bad,2023-07-06
REV20659,PROD108,CUST3663,3,bad,2024-10-15
REV20660,PROD111,CUST2919,4,average,2023-09-21
REV20661,PROD107,CUST4399,5,average,2023-10-22
REV20662,PROD112,CUST5430,5,good,2023-09-11
REV20663,PROD111,CUST3877,1,good,2023-07-16
REV20664,PROD103,CUST4868,4,very bad,2023-03-20
REV20665,PROD110,CUST1628,2,very bad,2024-08-22
REV20666,PROD113,CUST5497,3,bad,2024-01-17
REV20667,PROD105,CUST1988,4,good,2023-05-03
REV20668,PROD107,CUST4865,4,average,2024-06-30
REV20669,PROD109,CUST2822,5,very bad,2024-07-05
REV20670,PROD106,CUST1580,5,bad,2024-12-24
REV20671,PROD107,CUST5962,4,good,2024-11-08
REV20672,PROD111,CUST2527,5,very good,2022-11-15
REV20673,PROD110,CUST3877,3,average,2024-11-09
REV20674,PROD100,CUST3469,3,average,2022-12-23
REV20675,PROD113,CUST5576,3,very bad,2025-05-10
REV20676,PROD104,CUST4385,5,good,2024-02-19
REV20677,PROD104,CUST1499,1,bad,2025-01-02
REV20678,PROD102,CUST3692,2,very bad,2025-01-03
REV20679,PROD108,CUST2913,3,average,2023-08-08
REV20680,PROD106,CUST3597,5,bad,2022-11-26
REV20681,PROD105,CUST2381,2,very bad,2022-11-25
REV20682,PROD105,CUST2474,3,very good,2023-10-02
REV20683,PROD109,CUST4517,4,very good,2023-06-14
REV20684,PROD109,CUST3560,4,bad,2025-03-14
REV20685,PROD106,CUST3858,3,good,2022-08-29
REV20686,PROD103,CUST5461,2,good,2024-07-20
REV20687,PROD111,CUST4955,1,bad,2025-02-14
REV20688,PROD108,CUST1107,2,good,2024-06-09
REV20689,PROD107,CUST3150,3,bad,2025-07-24
REV20690,PROD113,CUST4905,5,very bad,2022-11-25
REV20691,PROD112,CUST3304,5,good,2023-11-13
REV20692,PROD114,CUST4053,2,very good,2023-11-12
REV20693,PROD105,CUST2685,2,good,2022-09-06
REV20694,PROD105,CUST2999,4,average,2025-01-01
REV20695,PROD109,CUST3235,1,very good,2024-03-16
REV20696,PROD107,CUST4764,1,bad,2023-05-20
REV20697,PROD101,CUST5744,4,very good,2023-08-06
REV20698,PROD107,CUST1902,4,good,2022-09-15
REV20699,PROD110,CUST2226,1,very good,2025-05-12
REV20700,PROD103,CUST2310,3,very good,2024-11-07
REV20701,PROD103,CUST2605,2,average,2024-05-09
REV20702,PROD113,CUST3948,2,bad,2025-04-11
REV20703,PROD105,CUST4044,5,bad,2024-06-09
REV20704,PROD109,CUST3035,1,very good,2024-09-18
REV20705,PROD101,CUST4826,3,average,2025-05-16
REV20706,PROD110,CUST1977,4,good,2023-12-24
REV20707,PROD105,CUST5818,5,very bad,2022-11-30
REV20708,PROD112,CUST4096,2,very bad,2025-02-17
REV20709,PROD110,CUST3379,2,very good,2023-07-13
REV20710,PROD112,CUST4892,4,very good,2023-07-24
REV20711,PROD108,CUST4649,5,bad,2024-03-10
REV20712,PROD101,CUST5229,4,very bad,2024-12-02
REV20713,PROD110,CUST5172,4,good,2023-08-22
REV20714,PROD104,CUST5721,2,bad,2023-01-04
REV20715,PROD109,CUST2798,1,very bad,2024-11-04
REV20716,PROD114,CUST5392,5,very good,2023-09-21
REV20717,PROD109,CUST2664,3,average,2025-05-30
REV20718,PROD107,CUST5482,5,bad,2022-11-08
REV20719,PROD102,CUST5405,3,average,2025-07-08
REV20720,PROD107,CUST5945,1,good,2023-11-29
REV20721,PROD114,CUST2695,1,very good,2024-09-27
REV20722,PROD109,CUST3954,5,bad,2024-04-28
REV20723,PROD112,CUST2577,1,good,2023-07-19
REV20724,PROD100,CUST5064,4,very bad,2022-10-21
REV20725,PROD103,CUST1255,3,very good,2025-06-17
REV20726,PROD101,CUST5777,4,very good,2024-04-28
REV20727,PROD112,CUST1332,5,average,2023-08-26
REV20728,PROD108,CUST4239,5,bad,2024-09-17
REV20729,PROD102,CUST5981,3,very bad,2023-12-06
REV20730,PROD113,CUST4309,3,bad,2024-04-23
REV20731,PROD108,CUST5022,2,very bad,2023-07-01
REV20732,PROD103,CUST3307,5,very bad,2024-07-21
REV20733,PROD110,CUST2955,1,good,2022-10-19
REV20734,PROD101,CUST4709,3,bad,2023-09-28
REV20735,PROD107,CUST5279,4,very good,2022-10-28
REV20736,PROD103,CUST5825,1,very bad,2023-12-16
REV20737,PROD110,CUST1515,1,very bad,2024-02-23
REV20738,PROD109,CUST4458,3,good,2023-10-21
REV20739,PROD105,CUST2134,4,very good,2023-04-04
REV20740,PROD100,CUST3982,2,very bad,2023-01-13
REV20741,PROD114,CUST4658,3,bad,2023-09-18
REV20742,PROD114,CUST2298,1,good,2023-01-29
REV20743,PROD113,CUST5561,1,good,2023-06-18
REV20744,PROD102,CUST2983,5,average,2025-01-07
REV20745,PROD110,CUST2294,3,average,2022-09-24
REV20746,PROD113,CUST2532,1,very bad,2024-04-16
REV20747,PROD104,CUST5221,3,good,2022-12-20
REV20748,PROD111,CUST5661,5,average,2023-05-29
REV20749,PROD110,CUST2991,3,very good,2023-10-14
REV20750,PROD114,CUST2131,4,very good,2022-09-10
REV20751,PROD114,CUST1863,2,good,2023-02-10
REV20752,PROD106,CUST4020,2,very bad,2024-10-03
REV20753,PROD112,CUST2826,1,very good,2024-10-18
REV20754,PROD100,CUST3732,3,good,2024-05-21
REV20755,PROD102,CUST1724,3,average,2023-05-04
REV20756,PROD102,CUST3966,5,good,2023-11-10
REV20757,PROD108,CUST3347,5,average,2023-03-24
REV20758,PROD108,CUST5254,2,good,2023-06-08
REV20759,PROD110,CUST1348,1,very good,2024-08-26
REV20760,PROD114,CUST5766,2,bad,2025-03-14
REV20761,PROD105,CUST1708,2,very bad,2023-05-16
REV20762,PROD109,CUST2841,1,very bad,2024-02-15
REV20763,PROD114,CUST2138,1,very bad,2025-05-07
REV20764,PROD114,CUST4168,5,bad,2025-01-12
REV20765,PROD113,CUST1719,4,very bad,2024-11-24
REV20766,PROD101,CUST3346,4,average,2024-08-03
REV20767,PROD109,CUST5195,2,very good,2022-09-20
REV20768,PROD104,CUST2732,3,very good,2023-08-20
REV20769,PROD104,CUST5441,4,average,2025-04-29
REV20770,PROD109,CUST1981,2,bad,2023-01-06
REV20771,PROD106,CUST1655,5,average,2022-12-24
REV20772,PROD105,CUST1951,2,very bad,2022-11-04
REV20773,PROD111,CUST4294,4,very good,2024-12-19
REV20774,PROD100,CUST5494,1,very bad,2024-05-13
REV20775,PROD102,CUST5027,5,bad,2022-12-15
REV20776,PROD108,CUST4851,1,good,2023-09-26
REV20777,PROD109,CUST1297,2,average,2024-04-22
REV20778,PROD112,CUST4717,5,average,2024-03-18
REV20779,PROD104,CUST4582,3,very bad,2023-09-30
REV20780,PROD100,CUST5832,1,good,2024-01-02
REV20781,PROD111,CUST2111,2,bad,2023-01-22
REV20782,PROD107,CUST2413,2,average,2024-01-21
REV20783,PROD100,CUST1917,1,good,2024-08-01
REV20784,PROD113,CUST2100,2,bad,2023-08-10
REV20785,PROD100,CUST5394,5,average,2025-03-01
REV20786,PROD101,CUST3574,2,average,2023-10-16
REV20787,PROD113,CUST1310,4,good,2025-03-18
REV20788,PROD100,CUST1521,5,very good,2025-07-03
REV20789,PROD106,CUST2301,4,good,2025-05-22
REV20790,PROD110,CUST4376,5,very good,2024-03-04
REV20791,PROD114,CUST2700,5,good,2025-04-16
REV20792,PROD107,CUST4127,3,very good,2025-05-29
REV20793,PROD104,CUST4522,1,very bad,2023-03-25
REV20794,PROD100,CUST5065,2,bad,2023-02-14
REV20795,PROD106,CUST4930,5,good,2025-03-23
REV20796,PROD104,CUST4066,3,average,2025-04-28
REV20797,PROD100,CUST1103,4,average,2023-10-27
REV20798,PROD111,CUST4049,1,very good,2024-11-14
REV20799,PROD109,CUST4174,2,average,2024-03-11
REV20800,PROD104,CUST5628,4,very bad,2024-04-05
REV20801,PROD112,CUST5987,5,very good,2023-07-22
REV20802,PROD105,CUST5056,3,bad,2024-05-20
REV20803,PROD103,CUST2067,1,average,2023-08-18
REV20804,PROD100,CUST1059,3,bad,2025-02-20
REV20805,PROD101,CUST5544,5,good,2023-10-05
REV20806,PROD104,CUST3363,3,average,2024-03-06
REV20807,PROD108,CUST5578,2,average,2025-02-12
REV20808,PROD100,CUST1765,2,very bad,2022-12-07
REV20809,PROD109,CUST1605,5,bad,2024-09-01
REV20810,PROD108,CUST3524,5,bad,2024-10-02
REV20811,PROD112,CUST1982,4,very good,2025-08-16
REV20812,PROD105,CUST2693,4,good,2023-11-15
REV20813,PROD105,CUST1317,1,average,2025-01-25
REV20814,PROD105,CUST5096,1,average,2022-12-12
REV20815,PROD101,CUST2305,2,bad,2025-02-20
REV20816,PROD106,CUST5274,3,good,2024-08-19
REV20817,PROD106,CUST1023,4,average,2024-08-05
REV20818,PROD112,CUST1722,2,bad,2024-05-26
REV20819,PROD113,CUST4746,1,good,2024-03-23
REV20820,PROD113,CUST1031,5,very good,2023-04-10
REV20821,PROD113,CUST3633,3,bad,2023-11-04
REV20822,PROD106,CUST4786,4,bad,2024-07-11
REV20823,PROD106,CUST3229,4,bad,2022-09-13
REV20824,PROD101,CUST4456,3,good,2023-10-24
REV20825,PROD104,CUST4920,1,very bad,2022-10-04
REV20826,PROD104,CUST3438,1,bad,2024-09-20
REV20827,PROD103,CUST5441,1,very good,2023-03-27
REV20828,PROD108,CUST5670,5,average,2024-03-19
REV20829,PROD109,CUST1453,1,good,2024-08-28
REV20830,PROD104,CUST2020,1,average,2023-11-23
REV20831,PROD108,CUST2898,5,bad,2023-07-25
REV20832,PROD103,CUST1788,1,very bad,2025-01-10
REV20833,PROD107,CUST4732,5,bad,2022-10-27
REV20834,PROD102,CUST3140,3,good,2024-05-30
REV20835,PROD101,CUST4717,3,good,2023-06-04
REV20836,PROD103,CUST5392,3,very good,2024-09-15
REV20837,PROD112,CUST5026,2,very good,2022-11-28
REV20838,PROD102,CUST3182,5,average,2023-11-04
REV20839,PROD113,CUST4826,3,bad,2024-10-18
REV20840,PROD114,CUST2114,2,average,2024-12-12
REV20841,PROD101,CUST5920,1,good,2022-10-07
REV20842,PROD109,CUST1294,1,very good,2023-04-30
REV20843,PROD108,CUST5624,2,bad,2024-01-22
REV20844,PROD106,CUST2832,4,good,2025-07-22
REV20845,PROD113,CUST2130,5,very bad,2023-02-17
REV20846,PROD102,CUST5766,4,very bad,2022-12-15
REV20847,PROD109,CUST1958,2,average,2022-10-29
REV20848,PROD109,CUST3620,3,very bad,2024-07-28
REV20849,PROD107,CUST3136,5,bad,2023-12-13
REV20850,PROD111,CUST1959,3,bad,2025-01-10
REV20851,PROD111,CUST5211,3,good,2023-07-21
REV20852,PROD114,CUST1756,2,very bad,2023-10-20
REV20853,PROD108,CUST3219,5,good,2025-02-12
REV20854,PROD102,CUST5507,4,bad,2024-04-11
REV20855,PROD111,CUST1952,2,bad,2023-11-17
REV20856,PROD101,CUST5187,2,good,2024-05-23
REV20857,PROD101,CUST2850,3,good,2024-04-12
REV20858,PROD106,CUST2948,5,very good,2024-11-27
REV20859,PROD102,CUST1333,3,average,2025-08-21
REV20860,PROD114,CUST2244,1,average,2025-05-05
REV20861,PROD104,CUST5679,2,bad,2025-04-21
REV20862,PROD107,CUST1800,3,good,2025-02-08
REV20863,PROD108,CUST4492,1,good,2024-09-12
REV20864,PROD105,CUST5637,4,average,2024-09-10
REV20865,PROD109,CUST2356,5,average,2022-10-03
REV20866,PROD102,CUST2099,1,very bad,2022-11-10
REV20867,PROD108,CUST2913,1,very good,2022-09-13
REV20868,PROD111,CUST4191,3,average,2025-04-27
REV20869,PROD112,CUST2412,1,very good,2023-12-26
REV20870,PROD107,CUST3231,5,good,2024-07-07
REV20871,PROD105,CUST3167,5,very bad,2024-07-02
REV20872,PROD106,CUST3967,1,good,2023-01-27
REV20873,PROD109,CUST3700,4,good,2024-06-26
REV20874,PROD105,CUST3683,4,good,2024-04-06
REV20875,PROD107,CUST2693,2,very good,2023-11-10
REV20876,PROD107,CUST3598,1,good,2024-11-16
REV20877,PROD108,CUST2574,1,average,2025-02-09
REV20878,PROD110,CUST4793,1,very good,2024-06-13
REV20879,PROD103,CUST3134,5,good,2024-08-15
REV20880,PROD109,CUST1047,5,bad,2022-09-29
REV20881,PROD101,CUST5168,1,very bad,2024-09-15
REV20882,PROD108,CUST2982,4,very bad,2025-07-04
REV20883,PROD111,CUST2367,3,average,2023-05-26
REV20884,PROD114,CUST5992,1,good,2022-09-10
REV20885,PROD101,CUST2915,1,very good,2025-01-02
REV20886,PROD100,CUST4131,2,very good,2022-12-08
REV20887,PROD105,CUST4828,2,very good,2024-12-29
REV20888,PROD100,CUST1837,2,average,2023-05-02
REV20889,PROD105,CUST2263,2,good,2023-08-17
REV20890,PROD102,CUST4987,2,very good,2024-02-06
REV20891,PROD108,CUST2908,4,very bad,2024-01-29
REV20892,PROD112,CUST1454,3,average,2023-01-11
REV20893,PROD112,CUST1483,5,average,2024-03-10
REV20894,PROD104,CUST5895,2,very good,2024-06-10
REV20895,PROD106,CUST5101,5,average,2024-12-14
REV20896,PROD103,CUST3566,2,very good,2024-05-04
REV20897,PROD108,CUST2173,1,very good,2022-10-03
REV20898,PROD108,CUST1086,2,very good,2024-07-11
REV20899,PROD113,CUST3888,5,average,2025-04-16
REV20900,PROD101,CUST4502,4,average,2023-10-07
REV20901,PROD108,CUST5987,3,average,2025-08-17
REV20902,PROD113,CUST2333,4,good,2023-03-23
REV20903,PROD108,CUST5830,1,very bad,2025-03-28
REV20904,PROD104,CUST4210,3,good,2022-12-13
REV20905,PROD107,CUST2845,2,very good,2025-03-04
REV20906,PROD103,CUST1704,3,bad,2023-08-29
REV20907,PROD101,CUST1335,4,average,2024-10-19
REV20908,PROD113,CUST3173,3,average,2024-06-15
REV20909,PROD107,CUST1223,4,very bad,2023-07-10
REV20910,PROD102,CUST1052,2,good,2024-12-16
REV20911,PROD111,CUST1687,1,very good,2024-02-17
REV20912,PROD102,CUST4978,3,very good,2024-10-24
REV20913,PROD108,CUST4850,2,very good,2025-06-10
REV20914,PROD112,CUST1491,5,average,2023-05-04
REV20915,PROD109,CUST1431,4,good,2022-09-10
REV20916,PROD108,CUST2458,4,good,2022-10-24
REV20917,PROD106,CUST1957,4,very bad,2022-11-08
REV20918,PROD106,CUST2140,1,very bad,2025-01-15
REV20919,PROD109,CUST4881,4,very bad,2024-02-23
REV20920,PROD109,CUST2149,3,very bad,2025-06-17
REV20921,PROD109,CUST1234,5,average,2025-03-06
REV20922,PROD101,CUST1123,5,bad,2023-04-06
REV20923,PROD104,CUST4931,3,very bad,2023-12-09
REV20924,PROD104,CUST5450,3,good,2024-04-17
REV20925,PROD103,CUST5087,1,bad,2023-06-16
REV20926,PROD108,CUST5856,1,average,2024-02-09
REV20927,PROD110,CUST1764,5,good,2024-07-25
REV20928,PROD105,CUST3422,1,very bad,2024-11-19
REV20929,PROD105,CUST3589,1,very good,2024-07-14
REV20930,PROD103,CUST5222,1,good,2023-11-01
REV20931,PROD104,CUST3548,3,average,2023-09-18
REV20932,PROD111,CUST2902,5,good,2024-08-28
REV20933,PROD100,CUST4410,3,bad,2024-08-23
REV20934,PROD105,CUST2315,5,bad,2025-02-13
REV20935,PROD101,CUST5669,5,bad,2025-02-20
REV20936,PROD111,CUST3122,2,average,2023-12-29
REV20937,PROD109,CUST5422,5,bad,2022-09-13
REV20938,PROD100,CUST1473,2,very bad,2024-12-25
REV20939,PROD104,CUST2596,5,average,2024-08-12
REV20940,PROD104,CUST2324,1,very bad,2023-03-02
REV20941,PROD101,CUST1040,2,bad,2022-12-17
REV20942,PROD112,CUST4580,5,bad,2023-08-09
REV20943,PROD104,CUST2596,1,very good,2024-02-10
REV20944,PROD104,CUST2656,3,very good,2024-05-28
REV20945,PROD101,CUST3471,2,very bad,2023-08-11
REV20946,PROD104,CUST5491,5,very good,2023-01-15
REV20947,PROD103,CUST4909,1,very good,2025-05-12
REV20948,PROD106,CUST5548,3,good,2023-06-11
REV20949,PROD101,CUST4995,2,average,2023-08-22
REV20950,PROD112,CUST1957,1,average,2024-12-26
REV20951,PROD102,CUST4186,2,bad,2023-04-18
REV20952,PROD113,CUST1532,3,good,2025-04-01
REV20953,PROD108,CUST5948,5,good,2022-09-19
REV20954,PROD100,CUST3970,5,average,2024-10-09
REV20955,PROD110,CUST5736,3,very good,2022-12-02
REV20956,PROD113,CUST4261,1,very bad,2025-01-09
REV20957,PROD111,CUST5128,4,good,2025-02-13
REV20958,PROD113,CUST2050,3,average,2023-11-29
REV20959,PROD113,CUST1400,3,very bad,2024-10-04
REV20960,PROD103,CUST4885,2,very bad,2023-10-08
REV20961,PROD109,CUST3946,5,very good,2025-04-17
REV20962,PROD105,CUST5180,5,bad,2024-10-09
REV20963,PROD101,CUST1608,3,good,2023-12-07
REV20964,PROD108,CUST2923,1,average,2025-01-22
REV20965,PROD104,CUST5043,3,very good,2022-11-23
REV20966,PROD108,CUST1108,1,bad,2022-12-31
REV20967,PROD107,CUST2715,1,bad,2025-02-10
REV20968,PROD102,CUST1439,4,very bad,2024-11-03
REV20969,PROD113,CUST4728,2,very good,2025-02-11
REV20970,PROD101,CUST4857,1,average,2022-10-20
REV20971,PROD110,CUST5982,5,good,2025-05-01
REV20972,PROD102,CUST5979,4,average,2025-04-09
REV20973,PROD110,CUST3660,2,very good,2024-02-12
REV20974,PROD103,CUST3873,4,very bad,2024-06-04
REV20975,PROD108,CUST1117,5,good,2025-06-01
REV20976,PROD113,CUST1209,2,average,2023-03-03
REV20977,PROD107,CUST2974,1,very good,2025-05-28
REV20978,PROD100,CUST1400,2,average,2023-08-28
REV20979,PROD112,CUST4931,5,good,2024-04-23
REV20980,PROD114,CUST2133,4,very good,2024-03-27
REV20981,PROD105,CUST1543,4,very good,2022-11-07
REV20982,PROD101,CUST1165,1,bad,2023-03-02
REV20983,PROD100,CUST2341,3,bad,2025-05-21
REV20984,PROD113,CUST4121,4,very bad,2022-09-10
REV20985,PROD103,CUST3926,5,very bad,2025-07-05
REV20986,PROD102,CUST5739,1,bad,2022-11-21
REV20987,PROD112,CUST4507,5,good,2024-11-23
REV20988,PROD105,CUST5821,4,good,2025-02-25
REV20989,PROD107,CUST4445,1,good,2023-03-01
REV20990,PROD105,CUST4041,5,very good,2024-01-15
REV20991,PROD113,CUST4091,4,very good,2024-12-09
REV20992,PROD108,CUST4905,2,very bad,2022-10-20
REV20993,PROD113,CUST4284,2,bad,2024-03-25
REV20994,PROD111,CUST4052,3,bad,2024-04-07
REV20995,PROD107,CUST2033,5,bad,2023-12-30
REV20996,PROD113,CUST2812,4,very good,2023-11-27
REV20997,PROD113,CUST2694,4,very good,2025-08-14
REV20998,PROD111,CUST2413,3,good,2025-03-16
REV20999,PROD103,CUST1215,1,very bad,2024-06-19
REV21000,PROD107,CUST5212,2,very good,2024-06-26
REV21001,PROD103,CUST4954,4,average,2022-11-02
REV21002,PROD112,CUST4311,3,average,2024-12-05
REV21003,PROD105,CUST2827,5,average,2023-08-24
REV21004,PROD106,CUST5601,5,bad,2022-10-14
REV21005,PROD104,CUST1530,4,very good,2024-05-06
REV21006,PROD106,CUST5804,3,very bad,2024-09-28
REV21007,PROD102,CUST3087,1,bad,2023-10-04
REV21008,PROD104,CUST4918,5,very good,2023-02-08
REV21009,PROD102,CUST5781,1,good,2024-09-07
REV21010,PROD114,CUST4595,1,very bad,2023-09-13
REV21011,PROD101,CUST3282,2,very bad,2024-02-16
REV21012,PROD103,CUST4948,3,bad,2022-09-06
REV21013,PROD102,CUST2805,3,good,2025-01-30
REV21014,PROD103,CUST2348,5,good,2023-03-31
REV21015,PROD109,CUST1014,5,bad,2023-11-02
REV21016,PROD109,CUST2335,4,very good,2024-09-11
REV21017,PROD104,CUST3199,4,very good,2022-11-30
REV21018,PROD100,CUST1668,2,very good,2023-01-27
REV21019,PROD100,CUST4862,1,average,2024-05-14
REV21020,PROD101,CUST4392,1,average,2023-06-16
REV21021,PROD103,CUST5464,2,bad,2025-03-30
REV21022,PROD110,CUST3473,1,very good,2024-07-25
REV21023,PROD108,CUST4656,4,average,2022-10-07
REV21024,PROD102,CUST4245,3,bad,2024-09-13
REV21025,PROD105,CUST5012,2,good,2025-08-01
REV21026,PROD104,CUST3262,4,very bad,2023-03-05
REV21027,PROD102,CUST1846,2,very good,2025-04-08
REV21028,PROD111,CUST3453,4,bad,2023-05-25
REV21029,PROD109,CUST3759,5,very bad,2024-11-19
REV21030,PROD100,CUST3612,4,bad,2024-03-18
REV21031,PROD101,CUST4637,5,very bad,2022-10-11
REV21032,PROD100,CUST4656,2,good,2025-07-21
REV21033,PROD110,CUST5130,2,very bad,2023-05-19
REV21034,PROD113,CUST2792,3,very good,2023-11-14
REV21035,PROD100,CUST5754,5,bad,2024-01-12
REV21036,PROD112,CUST2483,5,very bad,2023-10-30
REV21037,PROD113,CUST2045,5,bad,2025-01-22
REV21038,PROD114,CUST4471,1,very good,2022-08-26
REV21039,PROD109,CUST4459,4,very bad,2023-09-06
REV21040,PROD107,CUST3259,5,bad,2024-06-25
REV21041,PROD111,CUST1391,2,bad,2025-04-10
REV21042,PROD101,CUST1591,4,very good,2024-12-25
REV21043,PROD114,CUST3122,3,average,2024-03-01
REV21044,PROD108,CUST4211,2,very bad,2024-11-18
REV21045,PROD112,CUST2451,5,very bad,2023-03-30
REV21046,PROD113,CUST4906,5,very bad,2024-01-24
REV21047,PROD110,CUST2354,1,average,2023-12-05
REV21048,PROD102,CUST3840,1,bad,2023-06-16
REV21049,PROD101,CUST1291,5,very bad,2022-11-02
REV21050,PROD111,CUST5672,4,very good,2022-09-04
REV21051,PROD112,CUST4180,4,very bad,2023-01-28
REV21052,PROD111,CUST2674,4,very bad,2024-08-17
REV21053,PROD107,CUST4199,2,good,2024-06-21
REV21054,PROD107,CUST4471,4,good,2024-04-02
REV21055,PROD102,CUST2819,4,very bad,2022-12-05
REV21056,PROD102,CUST4574,5,very good,2023-05-07
REV21057,PROD106,CUST3740,2,average,2024-09-13
REV21058,PROD107,CUST1349,5,very good,2022-09-01
REV21059,PROD100,CUST5565,4,good,2023-10-13
REV21060,PROD104,CUST3107,3,average,2023-04-17
REV21061,PROD105,CUST5208,1,average,2025-05-10
REV21062,PROD104,CUST4415,5,very good,2024-03-03
REV21063,PROD106,CUST3716,1,very good,2024-11-10
REV21064,PROD110,CUST5126,2,very good,2023-12-16
REV21065,PROD108,CUST4132,4,bad,2022-10-03
REV21066,PROD100,CUST5872,2,bad,2023-06-25
REV21067,PROD100,CUST3230,4,very good,2025-07-19
REV21068,PROD107,CUST3410,5,average,2022-12-23
REV21069,PROD109,CUST1882,3,very bad,2024-09-05
REV21070,PROD104,CUST1118,3,bad,2023-09-19
REV21071,PROD103,CUST2429,1,very bad,2023-06-18
REV21072,PROD106,CUST2410,2,bad,2024-02-27
REV21073,PROD107,CUST1104,5,very bad,2023-07-05
REV21074,PROD113,CUST3105,3,very bad,2022-12-24
REV21075,PROD104,CUST4728,5,very bad,2023-05-29
REV21076,PROD102,CUST5756,4,very good,2022-09-05
REV21077,PROD110,CUST5720,5,bad,2024-07-16
REV21078,PROD110,CUST2715,2,very bad,2025-03-05
REV21079,PROD104,CUST4610,4,very good,2023-12-18
REV21080,PROD105,CUST2979,1,good,2022-12-18
REV21081,PROD109,CUST1656,4,good,2024-01-11
REV21082,PROD107,CUST1882,1,very good,2023-06-21
REV21083,PROD111,CUST1343,1,good,2025-05-25
REV21084,PROD102,CUST1453,3,good,2023-06-20
REV21085,PROD106,CUST5548,5,very good,2025-06-18
REV21086,PROD106,CUST2871,2,average,2023-11-05
REV21087,PROD109,CUST5748,3,average,2024-02-14
REV21088,PROD107,CUST5126,2,very bad,2023-05-29
REV21089,PROD110,CUST1448,5,very good,2024-09-10
REV21090,PROD100,CUST2149,5,very bad,2025-08-07
REV21091,PROD113,CUST5253,4,very good,2023-10-30
REV21092,PROD111,CUST4219,5,average,2022-12-19
REV21093,PROD101,CUST2067,5,bad,2023-03-22
REV21094,PROD111,CUST4016,1,very bad,2023-01-14
REV21095,PROD114,CUST2061,1,bad,2023-09-26
REV21096,PROD105,CUST2699,2,good,2023-06-20
REV21097,PROD109,CUST1050,4,average,2024-02-24
REV21098,PROD100,CUST3174,3,bad,2024-08-08
REV21099,PROD102,CUST3099,5,average,2024-08-03
REV21100,PROD111,CUST1760,5,good,2025-07-31
REV21101,PROD106,CUST4079,3,very bad,2023-08-03
REV21102,PROD114,CUST1606,5,very good,2023-04-05
REV21103,PROD105,CUST3179,2,very bad,2023-02-20
REV21104,PROD104,CUST3024,4,average,2022-11-01
REV21105,PROD103,CUST2199,5,good,2023-05-21
REV21106,PROD113,CUST3421,5,bad,2024-04-16
REV21107,PROD107,CUST2223,1,average,2023-01-04
REV21108,PROD113,CUST2630,2,very bad,2023-11-10
REV21109,PROD103,CUST4104,1,very bad,2022-12-18
REV21110,PROD109,CUST4253,3,very good,2024-01-25
REV21111,PROD109,CUST1230,2,very good,2023-04-01
REV21112,PROD107,CUST1384,5,very good,2025-04-23
REV21113,PROD106,CUST1282,3,very good,2024-05-13
REV21114,PROD114,CUST3770,5,very bad,2023-06-10
REV21115,PROD112,CUST1210,3,very bad,2022-12-09
REV21116,PROD103,CUST4090,5,average,2022-11-04
REV21117,PROD107,CUST3897,4,average,2024-09-19
REV21118,PROD105,CUST4718,1,average,2023-04-21
REV21119,PROD101,CUST5540,3,very bad,2024-05-07
REV21120,PROD114,CUST2538,5,very good,2022-11-13
REV21121,PROD112,CUST2208,1,average,2024-10-08
REV21122,PROD108,CUST5000,4,very bad,2023-04-14
REV21123,PROD108,CUST4148,3,very good,2025-01-31
REV21124,PROD109,CUST5600,4,good,2023-02-02
REV21125,PROD101,CUST2880,3,very good,2024-12-14
REV21126,PROD110,CUST4380,5,good,2023-07-20
REV21127,PROD111,CUST3879,4,very bad,2023-01-27
REV21128,PROD114,CUST3572,5,very good,2023-07-31
REV21129,PROD108,CUST5868,2,very bad,2023-11-04
REV21130,PROD105,CUST1033,2,average,2024-01-11
REV21131,PROD114,CUST1260,5,very good,2025-08-11
REV21132,PROD114,CUST2679,1,very bad,2022-12-24
REV21133,PROD109,CUST5982,5,very bad,2024-10-24
REV21134,PROD105,CUST5868,5,very bad,2024-09-05
REV21135,PROD111,CUST3442,1,bad,2024-05-24
REV21136,PROD103,CUST4150,4,very good,2022-09-12
REV21137,PROD105,CUST1522,4,bad,2024-05-03
REV21138,PROD101,CUST4602,1,very bad,2023-10-14
REV21139,PROD112,CUST2329,3,very good,2024-06-29
REV21140,PROD112,CUST3917,2,very good,2025-07-17
REV21141,PROD100,CUST1827,3,good,2024-04-10
REV21142,PROD100,CUST1079,2,bad,2023-08-05
REV21143,PROD100,CUST2937,4,very good,2024-11-13
REV21144,PROD102,CUST4379,5,average,2022-09-24
REV21145,PROD103,CUST2444,2,good,2023-05-16
REV21146,PROD110,CUST2416,3,very good,2025-07-14
REV21147,PROD110,CUST5359,4,very bad,2023-07-31
REV21148,PROD110,CUST3078,3,very bad,2023-03-30
REV21149,PROD110,CUST5741,5,very good,2024-05-15
REV21150,PROD108,CUST4131,2,very good,2023-02-13
REV21151,PROD113,CUST5055,1,very good,2023-11-09
REV21152,PROD111,CUST5404,1,very good,2024-01-06
REV21153,PROD111,CUST5412,4,average,2023-01-27
REV21154,PROD103,CUST4960,2,very bad,2025-06-13
REV21155,PROD107,CUST4158,3,very bad,2024-04-26
REV21156,PROD107,CUST5708,3,very good,2024-04-06
REV21157,PROD107,CUST5300,5,average,2023-03-07
REV21158,PROD110,CUST3152,5,very good,2025-01-06
REV21159,PROD110,CUST4459,4,very good,2022-08-26
REV21160,PROD109,CUST1614,1,very good,2023-02-16
REV21161,PROD114,CUST5893,4,average,2025-04-20
REV21162,PROD110,CUST4495,2,very good,2025-05-18
REV21163,PROD113,CUST3737,2,bad,2025-03-30
REV21164,PROD104,CUST4214,1,good,2022-09-22
REV21165,PROD112,CUST3138,3,very good,2023-09-29
REV21166,PROD106,CUST3465,1,average,2022-11-26
REV21167,PROD103,CUST1125,5,good,2023-01-03
REV21168,PROD108,CUST3958,3,very bad,2024-05-31
REV21169,PROD103,CUST1307,3,very bad,2025-06-01
REV21170,PROD108,CUST3689,5,good,2024-04-15
REV21171,PROD102,CUST5817,1,good,2024-02-16
REV21172,PROD108,CUST1050,2,good,2022-11-11
REV21173,PROD108,CUST4509,3,bad,2024-08-30
REV21174,PROD111,CUST1696,2,average,2022-09-03
REV21175,PROD107,CUST5413,2,very bad,2024-12-26
REV21176,PROD112,CUST1193,5,average,2025-02-07
REV21177,PROD110,CUST5262,3,very bad,2024-10-20
REV21178,PROD103,CUST4635,2,good,2023-03-16
REV21179,PROD101,CUST5922,3,good,2022-09-20
REV21180,PROD113,CUST5635,2,good,2024-05-12
REV21181,PROD105,CUST3788,5,very good,2024-05-07
REV21182,PROD105,CUST1944,1,very good,2023-03-29
REV21183,PROD104,CUST4335,3,average,2023-12-28
REV21184,PROD108,CUST1332,4,good,2023-08-18
REV21185,PROD109,CUST5489,4,average,2024-03-23
REV21186,PROD109,CUST5226,5,very good,2024-10-14
REV21187,PROD109,CUST1125,5,average,2023-01-18
REV21188,PROD100,CUST5832,4,very bad,2025-01-05
REV21189,PROD112,CUST5650,2,very good,2024-04-09
REV21190,PROD112,CUST3711,3,very bad,2024-06-14
REV21191,PROD104,CUST1690,4,average,2023-12-05
REV21192,PROD100,CUST3877,1,very bad,2023-03-28
REV21193,PROD102,CUST2523,5,good,2023-06-15
REV21194,PROD103,CUST5060,3,very bad,2024-09-29
REV21195,PROD108,CUST5165,4,very good,2023-07-06
REV21196,PROD105,CUST3452,4,very good,2023-03-26
REV21197,PROD114,CUST1461,5,very bad,2022-09-06
REV21198,PROD110,CUST4568,1,bad,2025-06-07
REV21199,PROD102,CUST3703,2,very good,2025-04-04
REV21200,PROD112,CUST5740,4,bad,2025-04-14
REV21201,PROD108,CUST2807,1,very good,2023-05-14
REV21202,PROD113,CUST1068,5,good,2025-01-11
REV21203,PROD106,CUST2356,1,bad,2024-02-15
REV21204,PROD107,CUST1143,3,very good,2024-12-11
REV21205,PROD103,CUST4692,3,average,2025-06-08
REV21206,PROD101,CUST1216,4,good,2022-11-06
REV21207,PROD107,CUST2613,2,good,2023-06-03
REV21208,PROD109,CUST5750,3,bad,2023-06-27
REV21209,PROD101,CUST4551,5,good,2024-11-09
REV21210,PROD113,CUST3299,3,good,2023-02-24
REV21211,PROD103,CUST5603,4,very bad,2022-10-12
REV21212,PROD100,CUST5952,1,very good,2023-10-29
REV21213,PROD101,CUST2661,4,bad,2023-11-15
REV21214,PROD100,CUST4676,1,very good,2025-07-02
REV21215,PROD110,CUST5200,5,average,2024-02-08
REV21216,PROD113,CUST3761,4,average,2024-10-21
REV21217,PROD101,CUST2010,5,very bad,2024-06-15
REV21218,PROD107,CUST3817,3,good,2022-11-01
REV21219,PROD112,CUST4383,5,very good,2025-02-13
REV21220,PROD105,CUST5774,5,average,2022-09-25
REV21221,PROD101,CUST1921,4,bad,2024-08-23
REV21222,PROD102,CUST3552,5,good,2023-08-16
REV21223,PROD111,CUST2128,1,good,2024-12-22
REV21224,PROD112,CUST5017,4,bad,2023-12-15
REV21225,PROD105,CUST4076,3,good,2023-09-24
REV21226,PROD107,CUST1351,2,bad,2025-07-17
REV21227,PROD109,CUST4911,1,very good,2023-10-03
REV21228,PROD109,CUST5790,3,bad,2025-08-07
REV21229,PROD105,CUST5165,5,very bad,2025-08-22
REV21230,PROD101,CUST4259,2,very good,2022-09-20
REV21231,PROD114,CUST4688,1,very bad,2022-09-25
REV21232,PROD105,CUST1196,2,very bad,2022-11-20
REV21233,PROD108,CUST1739,3,very bad,2024-11-27
REV21234,PROD113,CUST5473,2,very bad,2023-04-13
REV21235,PROD102,CUST1268,3,average,2025-06-01
REV21236,PROD113,CUST2778,4,bad,2023-07-27
REV21237,PROD109,CUST3180,3,bad,2023-02-13
REV21238,PROD111,CUST2192,4,average,2025-02-19
REV21239,PROD112,CUST2119,4,average,2025-04-10
REV21240,PROD104,CUST4188,1,average,2023-02-02
REV21241,PROD111,CUST2352,3,average,2024-08-20
REV21242,PROD100,CUST2947,3,very bad,2024-05-31
REV21243,PROD111,CUST1555,2,bad,2025-07-18
REV21244,PROD107,CUST4484,4,average,2024-12-21
REV21245,PROD100,CUST5093,1,very good,2023-12-13
REV21246,PROD105,CUST2919,1,very good,2023-11-23
REV21247,PROD109,CUST2133,5,very bad,2024-01-06
REV21248,PROD109,CUST5217,2,good,2023-03-06
REV21249,PROD110,CUST5802,4,very bad,2023-01-08
REV21250,PROD113,CUST4344,1,very bad,2024-07-17
REV21251,PROD103,CUST5979,5,bad,2023-10-23
REV21252,PROD105,CUST3414,4,average,2022-09-01
REV21253,PROD106,CUST3562,5,average,2025-02-08
REV21254,PROD110,CUST3507,5,bad,2022-11-27
REV21255,PROD113,CUST4201,2,good,2024-10-20
REV21256,PROD112,CUST3331,1,bad,2023-01-30
REV21257,PROD104,CUST5991,2,bad,2025-03-15
REV21258,PROD108,CUST4561,5,very good,2023-01-08
REV21259,PROD112,CUST3868,4,average,2024-02-17
REV21260,PROD110,CUST4634,1,average,2022-10-09
REV21261,PROD109,CUST4670,4,good,2023-10-13
REV21262,PROD113,CUST4724,2,very bad,2024-05-27
REV21263,PROD100,CUST5079,4,bad,2023-12-04
REV21264,PROD106,CUST4590,1,very good,2025-02-02
REV21265,PROD110,CUST2758,1,very bad,2024-07-12
REV21266,PROD101,CUST3933,2,very bad,2025-03-16
REV21267,PROD112,CUST3210,2,very bad,2024-04-24
REV21268,PROD103,CUST4130,3,very good,2024-09-12
REV21269,PROD106,CUST2892,2,bad,2023-05-30
REV21270,PROD106,CUST2473,4,average,2023-01-10
REV21271,PROD104,CUST2311,1,very bad,2024-06-05
REV21272,PROD113,CUST5636,3,average,2025-03-03
REV21273,PROD104,CUST4954,4,bad,2025-05-25
REV21274,PROD102,CUST1137,3,bad,2025-04-26
REV21275,PROD110,CUST2620,2,good,2024-10-30
REV21276,PROD101,CUST1164,4,very good,2023-03-05
REV21277,PROD102,CUST2341,5,good,2025-07-02
REV21278,PROD114,CUST4326,5,average,2024-01-03
REV21279,PROD114,CUST2434,4,bad,2023-10-01
REV21280,PROD106,CUST5196,2,very bad,2025-06-29
REV21281,PROD101,CUST3320,3,very bad,2023-03-12
REV21282,PROD112,CUST3314,2,good,2023-02-24
REV21283,PROD108,CUST3566,3,good,2023-08-03
REV21284,PROD112,CUST4977,3,very bad,2024-07-07
REV21285,PROD109,CUST2614,4,average,2024-05-24
REV21286,PROD100,CUST2963,2,average,2023-01-07
REV21287,PROD100,CUST4665,5,very bad,2024-11-07
REV21288,PROD106,CUST2452,4,very bad,2023-12-07
REV21289,PROD108,CUST2861,2,very bad,2024-02-01
REV21290,PROD109,CUST5161,4,good,2023-12-13
REV21291,PROD107,CUST4506,4,bad,2023-12-20
REV21292,PROD108,CUST5994,5,bad,2023-02-07
REV21293,PROD110,CUST1666,3,average,2022-10-18
REV21294,PROD108,CUST5500,1,average,2024-10-07
REV21295,PROD105,CUST1322,1,good,2023-06-07
REV21296,PROD103,CUST4246,2,very good,2025-01-30
REV21297,PROD106,CUST3726,2,very bad,2025-03-04
REV21298,PROD108,CUST5156,1,average,2023-11-11
REV21299,PROD107,CUST1704,1,bad,2024-09-29
REV21300,PROD102,CUST4860,3,very good,2024-04-10
REV21301,PROD112,CUST1309,2,very good,2024-08-30
REV21302,PROD110,CUST3684,4,average,2022-12-19
REV21303,PROD114,CUST4467,2,good,2025-04-15
REV21304,PROD106,CUST1659,3,very good,2024-04-15
REV21305,PROD109,CUST4847,5,very good,2023-06-11
REV21306,PROD110,CUST2375,5,very good,2022-11-23
REV21307,PROD103,CUST1358,1,bad,2022-10-03
REV21308,PROD108,CUST2685,1,good,2023-10-17
REV21309,PROD107,CUST2393,2,good,2023-11-19
REV21310,PROD101,CUST5705,1,very good,2025-05-04
REV21311,PROD100,CUST2069,4,very bad,2022-11-17
REV21312,PROD109,CUST4655,1,very bad,2023-09-28
REV21313,PROD105,CUST4203,4,bad,2024-08-11
REV21314,PROD102,CUST2241,3,very good,2024-09-24
REV21315,PROD109,CUST4050,1,average,2023-05-20
REV21316,PROD110,CUST5885,2,bad,2022-12-28
REV21317,PROD101,CUST5889,2,bad,2022-12-15
REV21318,PROD105,CUST5655,3,good,2023-11-21
REV21319,PROD105,CUST2305,5,bad,2024-08-22
REV21320,PROD114,CUST3809,2,bad,2023-07-14
REV21321,PROD111,CUST1886,2,average,2025-05-15
REV21322,PROD100,CUST5430,1,very good,2024-12-27
REV21323,PROD112,CUST3121,3,good,2022-11-28
REV21324,PROD105,CUST2548,2,very bad,2024-05-24
REV21325,PROD100,CUST4040,1,very bad,2024-05-23
REV21326,PROD108,CUST4999,3,good,2025-05-03
REV21327,PROD109,CUST2750,1,very bad,2024-07-14
REV21328,PROD112,CUST2160,3,average,2024-08-19
REV21329,PROD103,CUST4607,2,good,2023-04-01
REV21330,PROD105,CUST5880,2,very good,2024-04-23
REV21331,PROD111,CUST5422,5,very bad,2023-12-31
REV21332,PROD107,CUST1674,5,average,2023-08-20
REV21333,PROD105,CUST2476,1,very bad,2025-01-06
REV21334,PROD107,CUST3027,3,average,2023-09-16
REV21335,PROD106,CUST2684,1,very bad,2024-01-23
REV21336,PROD112,CUST5035,2,good,2023-09-26
REV21337,PROD101,CUST2429,3,very good,2024-10-21
REV21338,PROD107,CUST1793,4,average,2024-05-09
REV21339,PROD105,CUST3763,2,good,2022-12-29
REV21340,PROD111,CUST4358,2,bad,2025-04-18
REV21341,PROD109,CUST3731,5,average,2023-11-16
REV21342,PROD102,CUST3479,3,average,2023-06-03
REV21343,PROD100,CUST5937,1,very bad,2024-12-31
REV21344,PROD106,CUST2119,4,good,2023-03-19
REV21345,PROD114,CUST1624,2,very bad,2022-10-30
REV21346,PROD111,CUST5605,5,average,2024-05-30
REV21347,PROD113,CUST2234,1,very good,2022-11-14
REV21348,PROD100,CUST3967,3,average,2022-12-13
REV21349,PROD105,CUST4718,2,average,2024-01-09
REV21350,PROD107,CUST5410,1,bad,2024-09-16
REV21351,PROD109,CUST2352,2,very good,2024-01-06
REV21352,PROD100,CUST1355,3,bad,2023-12-01
REV21353,PROD105,CUST1631,5,good,2023-06-29
REV21354,PROD110,CUST5606,1,very good,2023-02-17
REV21355,PROD111,CUST4647,2,good,2025-03-12
REV21356,PROD103,CUST3619,5,good,2024-03-12
REV21357,PROD101,CUST1115,3,average,2022-10-01
REV21358,PROD113,CUST1928,2,average,2023-12-07
REV21359,PROD101,CUST2962,5,bad,2024-08-19
REV21360,PROD107,CUST3373,5,good,2023-01-17
REV21361,PROD102,CUST3868,4,very good,2025-04-14
REV21362,PROD112,CUST5969,2,very bad,2025-05-15
REV21363,PROD102,CUST1267,3,good,2023-08-28
REV21364,PROD110,CUST3716,4,good,2025-01-27
REV21365,PROD107,CUST4568,3,very bad,2023-05-21
REV21366,PROD111,CUST2971,5,bad,2023-11-05
REV21367,PROD107,CUST2318,2,bad,2024-10-16
REV21368,PROD102,CUST4123,5,very bad,2022-10-21
REV21369,PROD112,CUST5745,4,very bad,2022-10-19
REV21370,PROD102,CUST5147,4,bad,2022-09-11
REV21371,PROD101,CUST2158,3,good,2025-06-12
REV21372,PROD105,CUST2896,2,very bad,2023-02-19
REV21373,PROD100,CUST4642,3,very bad,2024-10-08
REV21374,PROD110,CUST2674,2,average,2025-02-16
REV21375,PROD113,CUST4473,1,bad,2023-01-04
REV21376,PROD108,CUST2186,3,very bad,2025-08-24
REV21377,PROD104,CUST3525,3,very bad,2024-10-12
REV21378,PROD110,CUST4953,2,bad,2025-04-15
REV21379,PROD102,CUST3719,5,very good,2024-06-17
REV21380,PROD112,CUST1098,2,good,2024-09-29
REV21381,PROD108,CUST3784,1,bad,2024-03-08
REV21382,PROD102,CUST1958,5,very good,2023-07-23
REV21383,PROD106,CUST1214,2,very good,2023-12-20
REV21384,PROD106,CUST5258,3,bad,2023-07-30
REV21385,PROD100,CUST1762,5,very bad,2025-08-05
REV21386,PROD106,CUST3421,5,bad,2023-05-15
REV21387,PROD101,CUST5604,5,good,2023-06-29
REV21388,PROD106,CUST5375,4,average,2024-01-06
REV21389,PROD112,CUST2382,2,good,2024-09-03
REV21390,PROD112,CUST2231,4,very good,2025-08-11
REV21391,PROD112,CUST3151,2,average,2024-06-07
REV21392,PROD106,CUST5627,1,average,2025-06-03
REV21393,PROD100,CUST4949,3,average,2024-02-25
REV21394,PROD104,CUST5309,5,very good,2024-10-29
REV21395,PROD106,CUST3006,1,good,2025-04-26
REV21396,PROD104,CUST3279,3,very good,2024-10-16
REV21397,PROD101,CUST2987,3,average,2024-08-01
REV21398,PROD109,CUST1155,2,bad,2024-07-14
REV21399,PROD109,CUST2366,1,bad,2025-06-26
REV21400,PROD106,CUST2930,1,very bad,2024-07-20
REV21401,PROD108,CUST1301,2,bad,2025-01-26
REV21402,PROD107,CUST3541,5,very bad,2022-12-07
REV21403,PROD101,CUST5539,4,average,2024-09-22
REV21404,PROD105,CUST4581,5,bad,2023-02-20
REV21405,PROD102,CUST4689,2,very good,2022-12-20
REV21406,PROD113,CUST5892,2,bad,2025-06-22
REV21407,PROD113,CUST1940,3,very good,2023-03-16
REV21408,PROD111,CUST3743,3,very bad,2024-10-28
REV21409,PROD108,CUST4510,2,good,2024-03-18
REV21410,PROD102,CUST4156,2,very bad,2025-06-24
REV21411,PROD102,CUST5695,3,good,2025-02-19
REV21412,PROD108,CUST3560,1,very good,2025-01-23
REV21413,PROD108,CUST4137,1,good,2023-01-12
REV21414,PROD101,CUST4356,4,very bad,2024-06-08
REV21415,PROD112,CUST4441,5,good,2024-10-07
REV21416,PROD112,CUST4049,5,good,2024-11-16
REV21417,PROD105,CUST3574,1,average,2024-05-31
REV21418,PROD107,CUST4704,4,very good,2023-11-26
REV21419,PROD113,CUST3698,3,very bad,2022-11-25
REV21420,PROD107,CUST4635,1,good,2025-05-23
REV21421,PROD110,CUST4068,1,very good,2025-07-08
REV21422,PROD113,CUST4556,4,very good,2022-09-04
REV21423,PROD105,CUST5258,2,average,2025-07-08
REV21424,PROD104,CUST2276,2,very bad,2025-04-25
REV21425,PROD106,CUST1810,1,average,2024-09-27
REV21426,PROD107,CUST1605,3,very good,2022-11-30
REV21427,PROD104,CUST2268,1,very bad,2023-11-20
REV21428,PROD112,CUST3108,3,bad,2023-04-05
REV21429,PROD106,CUST2628,1,bad,2023-10-07
REV21430,PROD111,CUST5022,3,very good,2024-12-01
REV21431,PROD102,CUST5057,2,average,2023-12-22
REV21432,PROD102,CUST2054,2,very bad,2025-07-07
REV21433,PROD104,CUST2601,4,very bad,2025-03-13
REV21434,PROD105,CUST1617,4,very good,2023-08-01
REV21435,PROD103,CUST3436,2,very good,2024-02-01
REV21436,PROD103,CUST4341,3,very bad,2025-06-08
REV21437,PROD108,CUST3347,3,very good,2025-05-22
REV21438,PROD103,CUST4369,4,bad,2025-04-22
REV21439,PROD103,CUST4987,2,bad,2024-03-05
REV21440,PROD114,CUST1911,3,very good,2024-03-14
REV21441,PROD107,CUST5129,1,bad,2024-05-26
REV21442,PROD101,CUST5837,5,good,2022-10-10
REV21443,PROD112,CUST4406,2,very good,2022-10-31
REV21444,PROD112,CUST4169,1,very good,2024-02-19
REV21445,PROD107,CUST1797,1,average,2024-01-16
REV21446,PROD111,CUST2708,1,bad,2025-02-21
REV21447,PROD103,CUST1769,5,average,2023-03-07
REV21448,PROD114,CUST2580,1,very bad,2023-02-11
REV21449,PROD112,CUST5850,1,good,2023-08-27
REV21450,PROD103,CUST5813,2,very good,2023-10-18
REV21451,PROD104,CUST2021,3,good,2025-03-09
REV21452,PROD108,CUST1833,3,very good,2023-11-16
REV21453,PROD114,CUST4491,1,bad,2024-02-19
REV21454,PROD112,CUST3237,1,bad,2024-10-03
REV21455,PROD104,CUST5598,3,bad,2025-04-18
REV21456,PROD106,CUST1402,4,bad,2023-10-22
REV21457,PROD110,CUST1945,4,bad,2022-12-09
REV21458,PROD108,CUST2063,4,average,2022-10-07
REV21459,PROD109,CUST4943,5,very good,2024-08-01
REV21460,PROD100,CUST1820,2,very bad,2023-02-06
REV21461,PROD107,CUST1010,2,very bad,2025-03-30
REV21462,PROD104,CUST3502,1,bad,2025-06-01
REV21463,PROD101,CUST3426,5,average,2022-12-24
REV21464,PROD106,CUST2096,2,average,2025-06-06
REV21465,PROD101,CUST5756,5,bad,2023-01-20
REV21466,PROD114,CUST5814,1,bad,2024-04-08
REV21467,PROD104,CUST1383,3,bad,2023-09-04
REV21468,PROD101,CUST3956,1,average,2023-08-22
REV21469,PROD111,CUST4939,2,very good,2025-02-04
REV21470,PROD111,CUST1425,5,very bad,2025-02-26
REV21471,PROD108,CUST3817,3,very bad,2024-10-18
REV21472,PROD103,CUST3386,3,good,2024-09-04
REV21473,PROD102,CUST4037,1,very good,2023-05-23
REV21474,PROD105,CUST4937,4,very bad,2025-08-08
REV21475,PROD106,CUST2630,3,average,2024-03-27
REV21476,PROD113,CUST4889,5,bad,2023-06-12
REV21477,PROD100,CUST4178,4,average,2024-11-07
REV21478,PROD109,CUST4614,2,very bad,2025-02-19
REV21479,PROD100,CUST1839,1,good,2023-09-05
REV21480,PROD100,CUST4767,3,very bad,2024-09-09
REV21481,PROD114,CUST3287,5,average,2024-03-31
REV21482,PROD113,CUST3207,4,very good,2025-05-06
REV21483,PROD105,CUST3246,1,average,2024-02-06
REV21484,PROD114,CUST2332,4,average,2024-07-26
REV21485,PROD107,CUST2925,3,very good,2022-10-02
REV21486,PROD102,CUST3174,4,very good,2023-07-27
REV21487,PROD101,CUST5110,1,average,2025-01-30
REV21488,PROD104,CUST3812,4,very good,2023-03-11
REV21489,PROD108,CUST1423,2,bad,2023-10-26
REV21490,PROD114,CUST2684,3,average,2025-07-02
REV21491,PROD107,CUST4704,4,bad,2025-06-18
REV21492,PROD105,CUST4053,4,very good,2023-12-20
REV21493,PROD101,CUST1703,5,good,2023-05-15
REV21494,PROD107,CUST4243,1,average,2025-02-01
REV21495,PROD100,CUST3168,2,bad,2024-01-25
REV21496,PROD106,CUST5155,4,very bad,2024-11-25
REV21497,PROD114,CUST3965,1,very bad,2025-03-07
REV21498,PROD100,CUST4807,3,good,2025-02-09
REV21499,PROD112,CUST2876,3,good,2024-12-27
REV21500,PROD105,CUST5799,1,good,2023-03-04
REV21501,PROD111,CUST5443,5,bad,2024-09-05
REV21502,PROD106,CUST1097,3,good,2022-10-15
REV21503,PROD101,CUST4038,4,bad,2023-08-04
REV21504,PROD104,CUST4497,1,bad,2025-04-12
REV21505,PROD110,CUST2382,1,very bad,2025-07-25
REV21506,PROD102,CUST4926,1,very good,2025-03-03
REV21507,PROD105,CUST5445,1,bad,2023-03-28
REV21508,PROD113,CUST2192,4,very good,2023-01-09
REV21509,PROD101,CUST5670,4,bad,2023-10-08
REV21510,PROD110,CUST2620,2,very bad,2024-07-22
REV21511,PROD110,CUST2686,4,good,2023-06-15
REV21512,PROD101,CUST2525,4,very bad,2024-07-31
REV21513,PROD105,CUST5779,3,average,2025-08-09
REV21514,PROD103,CUST1727,3,very good,2023-05-08
REV21515,PROD108,CUST4866,3,very good,2025-07-14
REV21516,PROD112,CUST4301,1,bad,2023-12-15
REV21517,PROD113,CUST4055,1,bad,2025-02-13
REV21518,PROD105,CUST3476,4,bad,2025-01-23
REV21519,PROD106,CUST5513,2,good,2024-01-11
REV21520,PROD106,CUST3271,1,bad,2025-04-12
REV21521,PROD111,CUST3441,3,good,2024-12-03
REV21522,PROD105,CUST3745,3,bad,2024-01-31
REV21523,PROD111,CUST2805,3,good,2025-08-01
REV21524,PROD112,CUST4333,5,very good,2023-06-30
REV21525,PROD108,CUST3428,1,very bad,2023-07-26
REV21526,PROD103,CUST5736,4,very bad,2023-04-30
REV21527,PROD106,CUST1541,1,very good,2023-02-11
REV21528,PROD106,CUST3424,2,bad,2025-07-01
REV21529,PROD104,CUST5040,1,very bad,2025-03-15
REV21530,PROD108,CUST2178,2,good,2025-05-01
REV21531,PROD105,CUST2258,4,bad,2023-04-30
REV21532,PROD101,CUST4194,3,very bad,2025-02-16
REV21533,PROD107,CUST2162,3,very good,2024-03-11
REV21534,PROD102,CUST1244,4,average,2024-04-01
REV21535,PROD111,CUST2579,2,good,2024-02-23
REV21536,PROD112,CUST3589,4,average,2024-03-01
REV21537,PROD103,CUST5524,5,very bad,2022-11-22
REV21538,PROD113,CUST4006,5,good,2023-06-06
REV21539,PROD110,CUST3882,2,average,2025-07-07
REV21540,PROD112,CUST4961,2,very bad,2025-04-08
REV21541,PROD111,CUST3798,1,bad,2022-11-20
REV21542,PROD103,CUST2833,1,very good,2023-01-25
REV21543,PROD114,CUST5543,5,very bad,2024-06-21
REV21544,PROD108,CUST4925,4,very good,2024-08-22
REV21545,PROD103,CUST2718,3,very good,2025-05-09
REV21546,PROD104,CUST3403,3,very good,2022-11-21
REV21547,PROD108,CUST2302,2,bad,2023-01-24
REV21548,PROD110,CUST3002,4,good,2024-10-22
REV21549,PROD110,CUST3801,2,bad,2023-01-29
REV21550,PROD108,CUST5876,4,bad,2024-04-08
REV21551,PROD108,CUST1678,3,average,2025-06-08
REV21552,PROD100,CUST1274,3,bad,2025-08-02
REV21553,PROD107,CUST5332,4,bad,2025-08-03
REV21554,PROD100,CUST1099,2,good,2023-11-09
REV21555,PROD112,CUST4925,3,very bad,2025-06-15
REV21556,PROD106,CUST5160,4,average,2025-07-09
REV21557,PROD111,CUST4503,2,good,2023-06-26
REV21558,PROD101,CUST2053,3,very good,2023-11-12
REV21559,PROD107,CUST4533,1,very bad,2022-12-17
REV21560,PROD106,CUST4904,4,good,2023-07-30
REV21561,PROD108,CUST1859,2,very bad,2025-06-18
REV21562,PROD101,CUST1533,1,bad,2024-06-04
REV21563,PROD104,CUST2045,5,very bad,2024-03-04
REV21564,PROD103,CUST5523,4,bad,2025-06-07
REV21565,PROD111,CUST4565,4,very good,2025-06-11
REV21566,PROD113,CUST1094,1,good,2024-09-22
REV21567,PROD103,CUST5024,4,very good,2023-09-20
REV21568,PROD106,CUST5984,2,average,2024-07-04
REV21569,PROD106,CUST1575,5,average,2025-05-11
REV21570,PROD114,CUST2494,5,very good,2025-02-01
REV21571,PROD113,CUST1648,5,average,2024-06-09
REV21572,PROD112,CUST3465,5,very bad,2022-11-05
REV21573,PROD101,CUST5045,3,bad,2023-05-20
REV21574,PROD112,CUST5805,1,very good,2022-10-01
REV21575,PROD109,CUST1280,1,very bad,2023-07-27
REV21576,PROD110,CUST3633,5,good,2024-03-28
REV21577,PROD102,CUST1007,2,very good,2024-06-14
REV21578,PROD105,CUST4534,3,very bad,2024-12-01
REV21579,PROD106,CUST2883,5,very good,2023-01-27
REV21580,PROD109,CUST3335,1,good,2024-10-10
REV21581,PROD100,CUST5027,5,good,2024-09-15
REV21582,PROD102,CUST5616,2,very bad,2022-12-07
REV21583,PROD102,CUST4921,2,very bad,2022-09-25
REV21584,PROD108,CUST2236,4,average,2025-07-18
REV21585,PROD107,CUST1609,4,average,2025-08-04
REV21586,PROD112,CUST4745,2,very good,2024-05-29
REV21587,PROD112,CUST1699,1,very bad,2023-10-14
REV21588,PROD114,CUST1952,1,average,2022-08-27
REV21589,PROD107,CUST1636,5,average,2024-09-15
REV21590,PROD108,CUST5005,3,very bad,2024-05-31
REV21591,PROD104,CUST3266,3,average,2024-04-07
REV21592,PROD101,CUST2109,1,average,2024-09-16
REV21593,PROD113,CUST2201,2,average,2022-11-14
REV21594,PROD110,CUST5983,4,good,2023-04-10
REV21595,PROD109,CUST4342,1,average,2025-07-26
REV21596,PROD111,CUST1387,1,good,2023-03-30
REV21597,PROD106,CUST2254,5,very bad,2024-08-15
REV21598,PROD106,CUST1292,3,bad,2023-07-07
REV21599,PROD113,CUST5939,5,good,2024-02-29
REV21600,PROD101,CUST5156,5,bad,2024-03-27
REV21601,PROD102,CUST1739,2,average,2025-05-29
REV21602,PROD102,CUST3394,5,average,2025-05-01
REV21603,PROD112,CUST3436,4,good,2025-08-07
REV21604,PROD104,CUST1628,1,average,2024-04-25
REV21605,PROD114,CUST2168,2,very good,2024-04-28
REV21606,PROD108,CUST1282,2,bad,2024-10-09
REV21607,PROD110,CUST1220,3,bad,2025-08-21
REV21608,PROD104,CUST4485,2,good,2024-11-25
REV21609,PROD102,CUST3609,5,bad,2023-08-05
REV21610,PROD108,CUST4780,4,bad,2022-09-09
REV21611,PROD113,CUST3763,2,very good,2025-02-23
REV21612,PROD100,CUST4836,1,very bad,2024-03-07
REV21613,PROD110,CUST4679,3,bad,2024-11-28
REV21614,PROD110,CUST5302,3,bad,2022-10-09
REV21615,PROD108,CUST4568,2,bad,2023-09-14
REV21616,PROD106,CUST2723,4,good,2025-02-18
REV21617,PROD108,CUST3305,1,good,2022-11-06
REV21618,PROD106,CUST5185,3,bad,2025-04-13
REV21619,PROD103,CUST5726,4,very bad,2024-04-03
REV21620,PROD107,CUST5498,1,bad,2023-03-02
REV21621,PROD108,CUST2576,5,very good,2022-11-17
REV21622,PROD102,CUST2977,4,very bad,2024-06-03
REV21623,PROD104,CUST3029,1,bad,2023-06-28
REV21624,PROD101,CUST3431,5,very good,2024-04-07
REV21625,PROD104,CUST4090,4,very bad,2024-08-04
REV21626,PROD104,CUST5324,5,bad,2025-05-04
REV21627,PROD108,CUST4282,2,average,2025-07-29
REV21628,PROD111,CUST5066,2,very good,2025-05-29
REV21629,PROD111,CUST3295,1,very bad,2023-03-26
REV21630,PROD103,CUST3398,3,good,2024-03-29
REV21631,PROD108,CUST3355,1,good,2025-02-06
REV21632,PROD100,CUST4526,5,average,2025-01-30
REV21633,PROD102,CUST2913,2,very bad,2023-10-28
REV21634,PROD114,CUST2209,2,average,2023-08-07
REV21635,PROD110,CUST2735,3,average,2023-07-26
REV21636,PROD109,CUST1494,2,good,2025-01-16
REV21637,PROD101,CUST1425,5,very bad,2023-10-29
REV21638,PROD109,CUST2601,1,good,2024-02-25
REV21639,PROD114,CUST5764,4,very bad,2022-09-10
REV21640,PROD103,CUST1029,3,very good,2023-03-18
REV21641,PROD107,CUST5625,3,very bad,2024-10-23
REV21642,PROD110,CUST5636,4,very bad,2024-06-03
REV21643,PROD107,CUST5131,2,average,2022-10-19
REV21644,PROD109,CUST3633,2,good,2023-12-23
REV21645,PROD113,CUST2811,3,very bad,2025-02-12
REV21646,PROD109,CUST4206,3,average,2025-01-20
REV21647,PROD102,CUST3442,1,very bad,2024-06-08
REV21648,PROD104,CUST1141,4,good,2023-06-08
REV21649,PROD105,CUST4688,5,average,2024-10-02
REV21650,PROD109,CUST2883,3,very good,2023-05-22
REV21651,PROD106,CUST2788,2,bad,2024-12-08
REV21652,PROD111,CUST4420,4,bad,2022-12-16
REV21653,PROD103,CUST1655,5,very good,2023-07-30
REV21654,PROD101,CUST1839,3,bad,2023-11-05
REV21655,PROD100,CUST2112,1,good,2023-01-31
REV21656,PROD105,CUST3306,2,bad,2024-12-28
REV21657,PROD113,CUST2129,1,good,2023-10-15
REV21658,PROD112,CUST4955,4,very bad,2024-10-28
REV21659,PROD108,CUST4075,5,bad,2023-07-08
REV21660,PROD102,CUST1182,5,bad,2025-06-27
REV21661,PROD101,CUST4905,4,very good,2024-04-14
REV21662,PROD105,CUST4220,3,average,2025-06-15
REV21663,PROD108,CUST4241,4,good,2022-09-27
REV21664,PROD100,CUST1895,2,very bad,2022-10-10
REV21665,PROD103,CUST4480,4,very bad,2023-08-13
REV21666,PROD111,CUST3946,3,bad,2022-09-20
REV21667,PROD102,CUST3911,3,very good,2023-09-20
REV21668,PROD110,CUST5388,4,very bad,2023-10-21
REV21669,PROD105,CUST2445,4,very good,2024-07-27
REV21670,PROD111,CUST3352,5,very good,2024-06-25
REV21671,PROD110,CUST5046,2,good,2022-10-25
REV21672,PROD114,CUST1257,5,bad,2024-01-01
REV21673,PROD105,CUST4383,5,good,2025-07-15
REV21674,PROD111,CUST3377,1,very bad,2023-07-21
REV21675,PROD113,CUST1623,1,average,2024-04-04
REV21676,PROD101,CUST4240,1,average,2025-03-27
REV21677,PROD113,CUST5395,4,very bad,2023-01-23
REV21678,PROD110,CUST5827,1,good,2022-10-19
REV21679,PROD111,CUST5564,5,very bad,2023-02-11
REV21680,PROD100,CUST3193,5,bad,2023-03-08
REV21681,PROD107,CUST5461,5,very bad,2023-04-06
REV21682,PROD114,CUST1524,3,average,2023-01-15
REV21683,PROD114,CUST5650,5,very bad,2022-11-02
REV21684,PROD114,CUST4827,5,average,2024-06-16
REV21685,PROD106,CUST4272,1,good,2024-06-03
REV21686,PROD111,CUST4117,4,very good,2022-10-09
REV21687,PROD100,CUST2352,3,very good,2023-10-21
REV21688,PROD113,CUST3665,3,good,2023-11-19
REV21689,PROD106,CUST2919,5,average,2023-10-14
REV21690,PROD104,CUST4516,2,bad,2025-04-02
REV21691,PROD112,CUST2060,5,average,2023-01-13
REV21692,PROD112,CUST1697,3,average,2023-05-29
REV21693,PROD104,CUST1063,2,very good,2025-08-19
REV21694,PROD100,CUST1084,1,good,2022-11-03
REV21695,PROD102,CUST3011,1,very bad,2023-05-07
REV21696,PROD110,CUST1451,5,bad,2024-10-13
REV21697,PROD103,CUST2585,2,very bad,2024-09-03
REV21698,PROD113,CUST2029,2,average,2023-12-28
REV21699,PROD104,CUST1991,1,average,2022-09-12
REV21700,PROD104,CUST2330,5,average,2023-07-19
REV21701,PROD103,CUST4164,5,very bad,2024-08-29
REV21702,PROD111,CUST5813,5,good,2025-08-03
REV21703,PROD112,CUST5148,1,very bad,2025-06-13
REV21704,PROD102,CUST1354,4,good,2024-03-02
REV21705,PROD101,CUST4056,1,bad,2024-12-18
REV21706,PROD103,CUST4315,2,average,2024-01-06
REV21707,PROD104,CUST4376,1,good,2024-07-01
REV21708,PROD114,CUST1977,5,very bad,2024-10-09
REV21709,PROD103,CUST2269,1,very bad,2024-03-28
REV21710,PROD110,CUST4872,3,very bad,2025-05-12
REV21711,PROD109,CUST5382,4,good,2025-07-02
REV21712,PROD101,CUST2716,2,very good,2024-04-30
REV21713,PROD105,CUST3420,5,good,2023-08-26
REV21714,PROD103,CUST1086,3,good,2025-05-16
REV21715,PROD104,CUST5096,4,very bad,2025-03-18
REV21716,PROD100,CUST4071,3,very good,2024-03-12
REV21717,PROD104,CUST2197,3,good,2023-06-23
REV21718,PROD103,CUST1166,3,good,2022-10-14
REV21719,PROD108,CUST1382,1,good,2024-12-23
REV21720,PROD104,CUST4725,3,bad,2025-01-27
REV21721,PROD105,CUST2431,1,very good,2023-04-24
REV21722,PROD105,CUST1717,5,bad,2023-07-03
REV21723,PROD103,CUST3853,4,average,2025-07-28
REV21724,PROD107,CUST2179,3,very good,2022-10-14
REV21725,PROD103,CUST4730,4,very bad,2022-12-31
REV21726,PROD102,CUST3554,5,good,2025-04-01
REV21727,PROD103,CUST4742,1,very bad,2025-05-07
REV21728,PROD106,CUST2492,5,bad,2025-05-17
REV21729,PROD104,CUST3042,1,good,2025-07-27
REV21730,PROD112,CUST5054,5,very bad,2022-10-08
REV21731,PROD107,CUST1579,1,very bad,2022-08-25
REV21732,PROD113,CUST4657,4,average,2024-05-28
REV21733,PROD104,CUST2507,5,bad,2023-12-12
REV21734,PROD110,CUST1826,5,bad,2024-10-16
REV21735,PROD108,CUST4208,3,bad,2024-05-04
REV21736,PROD109,CUST5065,5,average,2024-06-15
REV21737,PROD106,CUST5737,3,very good,2023-05-24
REV21738,PROD107,CUST4079,5,very good,2023-07-16
REV21739,PROD112,CUST4594,2,average,2022-12-11
REV21740,PROD108,CUST5487,3,good,2023-11-08
REV21741,PROD112,CUST5519,2,very bad,2023-01-26
REV21742,PROD110,CUST3666,4,bad,2024-12-17
REV21743,PROD101,CUST1702,4,bad,2023-07-20
REV21744,PROD105,CUST5091,2,very bad,2023-11-05
REV21745,PROD107,CUST1127,5,bad,2022-10-20
REV21746,PROD113,CUST1688,3,very bad,2024-12-29
REV21747,PROD114,CUST2989,5,good,2022-10-08
REV21748,PROD114,CUST2061,1,very bad,2023-05-05
REV21749,PROD104,CUST2477,1,good,2022-10-25
REV21750,PROD109,CUST5291,3,bad,2025-02-22
REV21751,PROD103,CUST2327,4,very bad,2023-02-07
REV21752,PROD104,CUST5912,1,good,2024-07-09
REV21753,PROD108,CUST2645,1,very bad,2024-06-22
REV21754,PROD108,CUST3768,4,bad,2024-10-04
REV21755,PROD112,CUST3192,1,average,2025-01-16
REV21756,PROD108,CUST1013,1,bad,2024-07-13
REV21757,PROD114,CUST4956,4,very good,2024-03-15
REV21758,PROD111,CUST1926,4,average,2024-01-15
REV21759,PROD111,CUST2156,1,very good,2023-07-09
REV21760,PROD107,CUST2557,1,good,2023-11-24
REV21761,PROD106,CUST1411,1,good,2022-10-16
REV21762,PROD113,CUST3999,2,very bad,2024-05-04
REV21763,PROD108,CUST4878,2,good,2024-11-05
REV21764,PROD107,CUST2211,2,very good,2025-04-24
REV21765,PROD107,CUST2185,5,good,2023-12-08
REV21766,PROD114,CUST2311,3,very bad,2022-10-10
REV21767,PROD107,CUST4941,3,good,2023-10-31
REV21768,PROD113,CUST2733,1,very bad,2025-08-05
REV21769,PROD112,CUST3039,5,very bad,2024-10-20
REV21770,PROD103,CUST4797,3,average,2025-06-26
REV21771,PROD110,CUST5373,3,average,2024-02-23
REV21772,PROD100,CUST4696,1,good,2025-05-01
REV21773,PROD114,CUST1804,4,good,2024-10-30
REV21774,PROD110,CUST2580,1,good,2023-09-16
REV21775,PROD105,CUST3685,1,good,2024-05-02
REV21776,PROD114,CUST5799,3,very good,2023-12-03
REV21777,PROD102,CUST3216,2,very bad,2023-01-29
REV21778,PROD101,CUST5135,1,very good,2023-03-02
REV21779,PROD112,CUST2093,2,good,2024-03-27
REV21780,PROD100,CUST4626,3,average,2024-08-02
REV21781,PROD112,CUST4337,3,good,2023-10-02
REV21782,PROD111,CUST5781,1,bad,2022-10-27
REV21783,PROD104,CUST4453,2,average,2025-01-06
REV21784,PROD113,CUST4351,5,very good,2024-12-28
REV21785,PROD101,CUST3492,5,very bad,2024-04-27
REV21786,PROD103,CUST4424,4,average,2024-08-26
REV21787,PROD114,CUST1809,2,average,2022-09-22
REV21788,PROD105,CUST2258,4,bad,2025-01-30
REV21789,PROD110,CUST2859,5,good,2024-03-08
REV21790,PROD109,CUST3991,2,good,2025-02-23
REV21791,PROD108,CUST5758,1,very bad,2025-02-15
REV21792,PROD114,CUST4130,4,good,2023-11-24
REV21793,PROD103,CUST2603,4,good,2024-10-15
REV21794,PROD113,CUST5018,5,bad,2023-04-14
REV21795,PROD112,CUST4016,1,bad,2023-01-16
REV21796,PROD112,CUST4817,4,very good,2025-03-15
REV21797,PROD112,CUST3427,4,good,2024-11-18
REV21798,PROD112,CUST4290,4,good,2023-10-02
REV21799,PROD114,CUST4006,4,good,2023-04-03
REV21800,PROD105,CUST4204,5,average,2023-08-10
REV21801,PROD103,CUST1988,3,very good,2024-12-14
REV21802,PROD103,CUST1804,2,average,2023-05-22
REV21803,PROD103,CUST4714,4,bad,2024-09-06
REV21804,PROD102,CUST1823,5,very good,2024-01-24
REV21805,PROD113,CUST4665,2,bad,2024-04-14
REV21806,PROD112,CUST3429,2,very good,2025-07-14
REV21807,PROD111,CUST2079,5,very bad,2022-10-09
REV21808,PROD113,CUST1972,2,good,2025-06-27
REV21809,PROD114,CUST3206,5,very good,2024-11-17
REV21810,PROD107,CUST1369,4,very good,2023-05-25
REV21811,PROD103,CUST1946,2,average,2024-08-21
REV21812,PROD103,CUST4691,4,average,2025-08-22
REV21813,PROD112,CUST3718,1,good,2025-02-18
REV21814,PROD103,CUST2000,5,very bad,2022-11-15
REV21815,PROD106,CUST3381,3,very good,2025-08-24
REV21816,PROD102,CUST4991,5,average,2022-12-15
REV21817,PROD109,CUST5719,4,very good,2025-03-25
REV21818,PROD105,CUST2909,5,average,2024-10-31
REV21819,PROD110,CUST5426,4,very bad,2024-09-28
REV21820,PROD111,CUST2176,4,bad,2025-01-21
REV21821,PROD113,CUST1324,3,average,2025-07-24
REV21822,PROD106,CUST1101,5,very good,2024-04-24
REV21823,PROD107,CUST1850,3,very bad,2025-08-24
REV21824,PROD111,CUST3433,4,bad,2024-02-26
REV21825,PROD106,CUST2362,5,very good,2024-03-16
REV21826,PROD111,CUST4642,3,bad,2023-06-14
REV21827,PROD113,CUST2505,1,good,2024-09-22
REV21828,PROD100,CUST3401,3,good,2023-07-23
REV21829,PROD100,CUST3995,5,very bad,2024-05-09
REV21830,PROD100,CUST3860,4,very good,2023-12-02
REV21831,PROD114,CUST4771,2,bad,2025-04-02
REV21832,PROD112,CUST1235,2,very good,2025-08-06
REV21833,PROD107,CUST3778,4,very bad,2023-12-06
REV21834,PROD109,CUST3257,5,very good,2022-10-04
REV21835,PROD113,CUST5128,3,very good,2024-04-08
REV21836,PROD109,CUST5463,4,very good,2024-02-10
REV21837,PROD107,CUST4247,4,bad,2023-11-22
REV21838,PROD112,CUST3943,4,very good,2023-09-07
REV21839,PROD103,CUST1830,2,very good,2025-07-09
REV21840,PROD112,CUST4871,4,very good,2025-02-25
REV21841,PROD106,CUST3637,5,very good,2023-10-07
REV21842,PROD104,CUST5654,4,very bad,2024-12-29
REV21843,PROD108,CUST2637,1,bad,2024-02-03
REV21844,PROD109,CUST4921,2,average,2025-04-15
REV21845,PROD100,CUST5403,4,bad,2023-05-27
REV21846,PROD101,CUST3043,5,bad,2025-04-26
REV21847,PROD110,CUST4989,5,bad,2023-07-21
REV21848,PROD112,CUST3476,4,very bad,2022-12-11
REV21849,PROD111,CUST2660,5,average,2025-07-21
REV21850,PROD111,CUST1163,4,very bad,2023-02-18
REV21851,PROD101,CUST4682,2,very good,2025-07-05
REV21852,PROD109,CUST2940,2,bad,2023-07-02
REV21853,PROD105,CUST1386,4,good,2025-07-05
REV21854,PROD110,CUST4227,1,very bad,2022-10-09
REV21855,PROD100,CUST3159,5,very bad,2024-10-04
REV21856,PROD105,CUST4706,3,very good,2025-01-22
REV21857,PROD109,CUST2412,2,good,2024-05-11
REV21858,PROD101,CUST5026,1,bad,2022-08-28
REV21859,PROD105,CUST4853,4,very good,2025-05-14
REV21860,PROD100,CUST5010,4,average,2023-12-24
REV21861,PROD104,CUST1144,5,average,2025-04-28
REV21862,PROD105,CUST1001,4,very bad,2022-10-26
REV21863,PROD106,CUST3401,3,good,2023-04-20
REV21864,PROD110,CUST4705,1,bad,2024-10-30
REV21865,PROD101,CUST3998,2,good,2023-01-28
REV21866,PROD108,CUST2678,3,very good,2023-10-06
REV21867,PROD111,CUST3218,3,average,2024-04-15
REV21868,PROD114,CUST3863,4,bad,2025-05-13
REV21869,PROD103,CUST2100,3,good,2024-03-10
REV21870,PROD108,CUST5347,5,very bad,2024-11-19
REV21871,PROD107,CUST1510,3,very good,2023-07-12
REV21872,PROD100,CUST4516,2,very good,2022-11-09
REV21873,PROD101,CUST2296,5,average,2025-05-17
REV21874,PROD108,CUST1517,5,good,2023-12-09
REV21875,PROD104,CUST3082,4,bad,2025-08-21
REV21876,PROD102,CUST4503,5,very good,2022-12-21
REV21877,PROD108,CUST1821,5,bad,2023-11-15
REV21878,PROD108,CUST1733,1,very good,2024-11-19
REV21879,PROD100,CUST1070,1,good,2024-12-07
REV21880,PROD111,CUST2842,4,very good,2024-02-10
REV21881,PROD112,CUST5074,1,bad,2023-04-28
REV21882,PROD107,CUST1026,2,very good,2023-01-24
REV21883,PROD105,CUST4317,5,good,2022-12-05
REV21884,PROD102,CUST3739,1,very good,2023-02-16
REV21885,PROD107,CUST2787,1,bad,2025-03-12
REV21886,PROD106,CUST4327,5,very good,2024-01-04
REV21887,PROD112,CUST2526,3,bad,2023-07-11
REV21888,PROD101,CUST3926,1,very good,2024-07-05
REV21889,PROD102,CUST2454,5,very good,2024-04-10
REV21890,PROD108,CUST1690,4,average,2023-03-31
REV21891,PROD105,CUST5854,4,very bad,2024-11-29
REV21892,PROD109,CUST5706,3,average,2024-05-03
REV21893,PROD107,CUST4886,3,bad,2023-12-28
REV21894,PROD112,CUST2939,5,very good,2025-06-27
REV21895,PROD102,CUST4204,5,good,2025-05-17
REV21896,PROD102,CUST2695,1,very good,2022-12-31
REV21897,PROD109,CUST3456,3,bad,2024-11-17
REV21898,PROD103,CUST4329,3,very good,2025-05-20
REV21899,PROD102,CUST5005,1,good,2025-08-14
REV21900,PROD100,CUST4464,1,bad,2023-12-13
REV21901,PROD107,CUST3760,2,very bad,2023-07-01
REV21902,PROD112,CUST2989,5,good,2023-04-17
REV21903,PROD107,CUST3577,5,very good,2023-05-22
REV21904,PROD100,CUST4008,4,bad,2023-02-02
REV21905,PROD100,CUST3855,3,very bad,2024-10-26
REV21906,PROD105,CUST3126,4,very bad,2025-02-14
REV21907,PROD101,CUST5406,3,good,2023-10-06
REV21908,PROD112,CUST1671,1,bad,2022-09-03
REV21909,PROD113,CUST4581,1,bad,2023-08-15
REV21910,PROD101,CUST3669,1,good,2023-04-09
REV21911,PROD107,CUST5918,2,bad,2024-04-01
REV21912,PROD114,CUST2182,4,average,2022-10-09
REV21913,PROD102,CUST5850,4,very good,2025-05-07
REV21914,PROD102,CUST3105,3,very bad,2025-02-28
REV21915,PROD113,CUST2080,3,very bad,2023-03-11
REV21916,PROD105,CUST2192,4,very good,2023-12-16
REV21917,PROD113,CUST3794,1,good,2024-04-16
REV21918,PROD105,CUST5265,2,very good,2025-01-31
REV21919,PROD106,CUST4394,3,very good,2023-10-14
REV21920,PROD110,CUST2457,5,very good,2024-08-27
REV21921,PROD100,CUST4004,2,good,2023-08-22
REV21922,PROD102,CUST5869,5,average,2024-06-14
REV21923,PROD104,CUST3528,3,bad,2023-12-29
REV21924,PROD101,CUST2292,1,average,2023-12-05
REV21925,PROD109,CUST5035,4,good,2024-02-03
REV21926,PROD106,CUST1164,4,good,2025-01-22
REV21927,PROD114,CUST3673,3,bad,2025-01-13
REV21928,PROD108,CUST4855,5,bad,2023-01-16
REV21929,PROD114,CUST2213,4,bad,2025-05-12
REV21930,PROD104,CUST5327,5,good,2025-01-24
REV21931,PROD108,CUST1189,1,good,2023-12-21
REV21932,PROD107,CUST2946,2,bad,2024-05-18
REV21933,PROD103,CUST5910,4,bad,2023-12-01
REV21934,PROD100,CUST5639,5,good,2023-03-22
REV21935,PROD101,CUST1992,1,good,2024-01-09
REV21936,PROD101,CUST2018,2,average,2024-02-09
REV21937,PROD102,CUST1609,3,good,2023-08-20
REV21938,PROD114,CUST4445,3,very good,2023-06-15
REV21939,PROD109,CUST3150,2,very bad,2024-11-14
REV21940,PROD101,CUST5904,3,bad,2022-11-25
REV21941,PROD114,CUST5481,1,average,2025-08-16
REV21942,PROD105,CUST2525,5,average,2025-07-04
REV21943,PROD103,CUST3247,4,bad,2024-11-25
REV21944,PROD112,CUST5044,5,average,2024-12-05
REV21945,PROD102,CUST1651,1,very bad,2023-04-04
REV21946,PROD102,CUST3027,3,bad,2023-08-31
REV21947,PROD101,CUST2316,1,very good,2024-11-01
REV21948,PROD110,CUST2132,3,good,2025-04-04
REV21949,PROD101,CUST5905,1,average,2025-04-07
REV21950,PROD113,CUST2965,1,very bad,2023-06-09
REV21951,PROD111,CUST5761,2,very good,2025-04-04
REV21952,PROD109,CUST3784,4,bad,2023-06-14
REV21953,PROD101,CUST5016,1,bad,2023-08-31
REV21954,PROD108,CUST1199,2,good,2025-06-01
REV21955,PROD107,CUST2549,1,good,2025-06-17
REV21956,PROD100,CUST5774,2,very bad,2023-02-18
REV21957,PROD105,CUST1981,2,bad,2022-11-17
REV21958,PROD100,CUST1026,5,bad,2025-05-27
REV21959,PROD112,CUST3710,5,good,2024-01-29
REV21960,PROD104,CUST4828,4,very bad,2024-02-06
REV21961,PROD109,CUST3619,2,very good,2025-01-20
REV21962,PROD111,CUST2765,1,very good,2023-10-15
REV21963,PROD111,CUST2495,3,very bad,2024-10-26
REV21964,PROD101,CUST3521,3,very bad,2024-10-18
REV21965,PROD105,CUST5178,5,average,2023-01-28
REV21966,PROD107,CUST4844,1,very bad,2024-03-23
REV21967,PROD107,CUST2909,3,very good,2023-01-24
REV21968,PROD106,CUST5550,5,good,2023-05-18
REV21969,PROD112,CUST4924,2,very good,2023-11-27
REV21970,PROD100,CUST1914,3,bad,2024-05-04
REV21971,PROD102,CUST5506,5,average,2025-05-05
REV21972,PROD100,CUST4255,5,good,2025-05-25
REV21973,PROD111,CUST2736,2,very good,2024-12-12
REV21974,PROD109,CUST2252,1,very good,2023-04-10
REV21975,PROD104,CUST3521,4,average,2024-05-01
REV21976,PROD105,CUST1959,2,good,2024-04-25
REV21977,PROD113,CUST1930,1,bad,2024-05-08
REV21978,PROD106,CUST1122,2,average,2024-06-19
REV21979,PROD112,CUST1830,3,very bad,2024-01-03
REV21980,PROD114,CUST1490,4,bad,2023-07-10
REV21981,PROD107,CUST5563,4,average,2023-09-24
REV21982,PROD105,CUST1142,3,bad,2024-09-15
REV21983,PROD107,CUST1980,1,average,2022-11-07
REV21984,PROD111,CUST4776,5,average,2024-09-14
REV21985,PROD102,CUST4061,4,very bad,2025-01-31
REV21986,PROD111,CUST1021,4,average,2024-10-16
REV21987,PROD114,CUST3978,1,average,2023-05-10
REV21988,PROD104,CUST3150,4,very good,2024-02-24
REV21989,PROD112,CUST1488,4,very good,2023-04-07
REV21990,PROD114,CUST4324,2,average,2023-08-14
REV21991,PROD109,CUST4412,2,average,2023-12-18
REV21992,PROD100,CUST4083,1,bad,2025-01-09
REV21993,PROD113,CUST1261,4,very good,2023-02-13
REV21994,PROD113,CUST4041,1,very good,2025-01-02
REV21995,PROD106,CUST3402,1,bad,2023-02-23
REV21996,PROD101,CUST3186,4,very bad,2024-12-16
REV21997,PROD101,CUST3139,1,bad,2024-06-26
REV21998,PROD107,CUST2655,3,very bad,2025-05-05
REV21999,PROD107,CUST3295,1,bad,2023-02-14
REV22000,PROD104,CUST1285,4,very good,2024-05-01
REV22001,PROD112,CUST2415,1,average,2024-11-29
REV22002,PROD113,CUST3012,3,good,2024-02-04
REV22003,PROD112,CUST1729,1,bad,2022-11-17
REV22004,PROD102,CUST4452,3,bad,2023-08-01
REV22005,PROD100,CUST4931,3,very good,2025-04-13
REV22006,PROD107,CUST5445,3,very good,2025-04-16
REV22007,PROD102,CUST5018,2,very bad,2023-02-28
REV22008,PROD112,CUST4213,4,good,2024-06-08
REV22009,PROD109,CUST4454,3,very bad,2023-12-02
REV22010,PROD111,CUST4122,1,good,2024-07-19
REV22011,PROD109,CUST3866,1,very bad,2025-05-25
REV22012,PROD105,CUST1862,1,very good,2025-01-02
REV22013,PROD105,CUST4820,1,good,2025-05-13
REV22014,PROD111,CUST2215,4,good,2024-09-11
REV22015,PROD114,CUST2344,1,good,2023-05-07
REV22016,PROD114,CUST4868,3,very bad,2022-11-17
REV22017,PROD113,CUST2334,2,very good,2024-04-28
REV22018,PROD103,CUST1964,3,very bad,2024-11-19
REV22019,PROD112,CUST1959,1,average,2025-04-22
REV22020,PROD113,CUST1594,4,good,2023-08-11
REV22021,PROD111,CUST4479,3,very bad,2025-01-08
REV22022,PROD111,CUST3082,3,very bad,2024-03-05
REV22023,PROD105,CUST1763,5,very bad,2023-01-15
REV22024,PROD110,CUST2977,5,bad,2023-03-22
REV22025,PROD107,CUST5391,2,average,2024-07-29
REV22026,PROD107,CUST2938,1,average,2024-08-01
REV22027,PROD110,CUST3063,1,bad,2024-02-15
REV22028,PROD114,CUST2202,4,average,2023-01-04
REV22029,PROD111,CUST4494,1,good,2023-11-24
REV22030,PROD113,CUST2304,1,bad,2025-05-03
REV22031,PROD104,CUST4139,4,good,2022-09-30
REV22032,PROD108,CUST4447,3,average,2024-09-10
REV22033,PROD110,CUST1333,5,average,2024-09-01
REV22034,PROD106,CUST5579,3,bad,2024-08-27
REV22035,PROD113,CUST1116,5,average,2025-04-09
REV22036,PROD105,CUST3897,1,bad,2023-07-17
REV22037,PROD114,CUST4234,5,very good,2025-07-22
REV22038,PROD109,CUST1586,1,very good,2024-09-25
REV22039,PROD112,CUST4607,5,very bad,2023-12-24
REV22040,PROD112,CUST1203,4,very good,2022-12-17
REV22041,PROD111,CUST5756,4,very bad,2023-05-05
REV22042,PROD109,CUST2278,2,very good,2024-02-13
REV22043,PROD111,CUST4019,4,good,2023-07-25
REV22044,PROD110,CUST1879,5,bad,2024-04-13
REV22045,PROD112,CUST1627,5,very bad,2025-07-24
REV22046,PROD100,CUST2889,5,bad,2025-08-22
REV22047,PROD113,CUST4375,3,very good,2024-01-14
REV22048,PROD111,CUST5267,2,very good,2025-05-08
REV22049,PROD114,CUST5601,4,good,2023-01-11
REV22050,PROD107,CUST3310,5,bad,2023-03-30
REV22051,PROD109,CUST4636,3,bad,2025-06-21
REV22052,PROD104,CUST1981,2,very bad,2024-02-15
REV22053,PROD103,CUST3668,5,average,2023-12-03
REV22054,PROD112,CUST1898,1,average,2023-05-26
REV22055,PROD113,CUST3877,3,average,2024-02-24
REV22056,PROD113,CUST3985,1,very good,2025-05-19
REV22057,PROD104,CUST4039,4,bad,2025-02-09
REV22058,PROD101,CUST5661,1,bad,2024-07-19
REV22059,PROD111,CUST3462,4,very good,2023-05-02
REV22060,PROD102,CUST2187,5,bad,2023-03-27
REV22061,PROD114,CUST5697,4,good,2025-05-03
REV22062,PROD110,CUST5981,4,very good,2022-12-22
REV22063,PROD110,CUST3790,1,bad,2024-03-19
REV22064,PROD105,CUST2635,1,good,2023-03-24
REV22065,PROD113,CUST4356,3,very good,2023-05-20
REV22066,PROD100,CUST3096,5,bad,2024-07-16
REV22067,PROD103,CUST4588,3,good,2025-02-18
REV22068,PROD113,CUST5163,3,very bad,2023-09-21
REV22069,PROD105,CUST5694,4,good,2024-05-22
REV22070,PROD109,CUST3393,2,bad,2024-09-29
REV22071,PROD105,CUST1697,5,bad,2022-09-05
REV22072,PROD105,CUST5819,3,bad,2024-11-24
REV22073,PROD111,CUST2759,4,very good,2024-11-04
REV22074,PROD111,CUST2323,2,average,2024-03-09
REV22075,PROD109,CUST3990,3,very good,2025-01-02
REV22076,PROD102,CUST2732,3,very good,2023-12-26
REV22077,PROD105,CUST4588,1,very bad,2023-08-29
REV22078,PROD108,CUST1500,4,average,2023-11-01
REV22079,PROD103,CUST5696,5,average,2024-06-16
REV22080,PROD111,CUST2648,2,very good,2024-07-09
REV22081,PROD105,CUST4017,1,very good,2023-01-25
REV22082,PROD103,CUST5040,1,very bad,2025-06-15
REV22083,PROD102,CUST1924,5,good,2022-09-12
REV22084,PROD107,CUST1667,2,average,2024-07-06
REV22085,PROD105,CUST1198,2,very bad,2023-08-15
REV22086,PROD109,CUST2077,2,bad,2024-11-30
REV22087,PROD109,CUST2420,3,average,2023-12-07
REV22088,PROD102,CUST5991,5,average,2025-01-07
REV22089,PROD109,CUST4074,2,very good,2024-04-13
REV22090,PROD109,CUST1577,1,average,2024-01-02
REV22091,PROD111,CUST4342,1,good,2025-02-24
REV22092,PROD113,CUST2475,1,very bad,2023-03-19
REV22093,PROD109,CUST5328,2,average,2023-12-09
REV22094,PROD107,CUST2256,2,very bad,2024-05-11
REV22095,PROD110,CUST2243,3,average,2024-06-24
REV22096,PROD100,CUST1399,4,very good,2025-07-01
REV22097,PROD113,CUST2322,2,very good,2024-07-02
REV22098,PROD107,CUST5125,4,average,2024-07-02
REV22099,PROD102,CUST5082,3,good,2024-04-24
REV22100,PROD105,CUST2378,3,very good,2023-10-02
REV22101,PROD105,CUST2110,3,very bad,2024-01-12
REV22102,PROD114,CUST3240,5,average,2023-12-05
REV22103,PROD113,CUST5552,5,average,2022-12-09
REV22104,PROD100,CUST1200,5,good,2025-07-25
REV22105,PROD107,CUST4881,1,average,2023-02-23
REV22106,PROD108,CUST3372,2,average,2023-10-23
REV22107,PROD114,CUST1248,2,very bad,2022-12-17
REV22108,PROD114,CUST1717,1,good,2023-06-30
REV22109,PROD101,CUST5094,2,good,2024-05-14
REV22110,PROD106,CUST1319,1,bad,2024-08-06
REV22111,PROD106,CUST1285,1,average,2022-12-09
REV22112,PROD109,CUST3592,2,good,2025-07-12
REV22113,PROD102,CUST4688,5,very good,2023-11-13
REV22114,PROD103,CUST2462,3,very good,2024-01-20
REV22115,PROD100,CUST5782,2,average,2023-01-14
REV22116,PROD101,CUST5125,3,bad,2023-07-14
REV22117,PROD105,CUST2385,5,very bad,2023-04-15
REV22118,PROD101,CUST4757,5,bad,2024-03-31
REV22119,PROD113,CUST4643,2,bad,2022-10-23
REV22120,PROD111,CUST5045,1,very good,2024-12-22
REV22121,PROD111,CUST2638,1,average,2023-03-09
REV22122,PROD104,CUST1458,1,very bad,2023-04-15
REV22123,PROD112,CUST3286,2,average,2025-06-23
REV22124,PROD114,CUST1741,1,very bad,2023-10-24
REV22125,PROD108,CUST1863,1,bad,2022-08-28
REV22126,PROD101,CUST3550,1,very good,2022-11-23
REV22127,PROD103,CUST1659,3,very bad,2023-11-15
REV22128,PROD113,CUST1357,1,very bad,2023-01-22
REV22129,PROD103,CUST4896,3,average,2025-07-16
REV22130,PROD103,CUST3016,2,very bad,2025-04-01
REV22131,PROD102,CUST3660,4,very good,2022-12-22
REV22132,PROD114,CUST4520,5,average,2022-12-20
REV22133,PROD101,CUST3841,4,average,2024-11-01
REV22134,PROD109,CUST5743,5,bad,2023-10-04
REV22135,PROD108,CUST2363,1,bad,2025-01-27
REV22136,PROD109,CUST2888,4,very bad,2023-06-16
REV22137,PROD104,CUST3174,3,bad,2024-01-23
REV22138,PROD102,CUST1438,2,average,2023-03-23
REV22139,PROD110,CUST2429,3,average,2024-12-19
REV22140,PROD105,CUST5398,1,very bad,2023-06-21
REV22141,PROD105,CUST2330,4,very bad,2024-03-17
REV22142,PROD107,CUST4917,3,bad,2023-06-19
REV22143,PROD113,CUST3063,2,average,2022-11-06
REV22144,PROD108,CUST1982,4,very bad,2023-01-30
REV22145,PROD111,CUST3696,2,bad,2022-09-30
REV22146,PROD103,CUST1990,2,average,2024-10-11
REV22147,PROD108,CUST1456,3,very bad,2025-02-21
REV22148,PROD114,CUST4899,5,good,2025-05-28
REV22149,PROD113,CUST1754,4,bad,2024-11-19
REV22150,PROD113,CUST3421,3,very good,2023-07-10
REV22151,PROD111,CUST2340,4,very bad,2024-01-03
REV22152,PROD114,CUST4977,4,very good,2023-06-16
REV22153,PROD107,CUST5010,2,bad,2024-06-09
REV22154,PROD110,CUST1000,2,good,2025-02-18
REV22155,PROD109,CUST5003,3,good,2023-07-16
REV22156,PROD103,CUST3381,1,very bad,2023-06-21
REV22157,PROD107,CUST5811,2,good,2024-08-10
REV22158,PROD102,CUST5165,2,good,2024-02-28
REV22159,PROD114,CUST5206,1,good,2022-11-06
REV22160,PROD107,CUST1243,5,very bad,2023-05-01
REV22161,PROD100,CUST4837,4,average,2023-03-09
REV22162,PROD109,CUST2424,3,bad,2025-05-09
REV22163,PROD104,CUST3135,3,bad,2024-08-28
REV22164,PROD104,CUST4229,1,very good,2024-10-01
REV22165,PROD102,CUST3621,2,very bad,2025-07-12
REV22166,PROD103,CUST4024,5,bad,2024-11-27
REV22167,PROD109,CUST5361,2,average,2023-04-29
REV22168,PROD104,CUST4744,4,very good,2025-02-24
REV22169,PROD106,CUST5529,1,average,2024-08-08
REV22170,PROD110,CUST1969,5,average,2023-06-07
REV22171,PROD102,CUST5148,3,average,2023-08-09
REV22172,PROD105,CUST1387,4,bad,2025-01-07
REV22173,PROD104,CUST3783,5,good,2024-12-15
REV22174,PROD106,CUST1103,3,bad,2023-01-27
REV22175,PROD109,CUST3050,3,average,2024-02-12
REV22176,PROD111,CUST3242,3,good,2023-04-11
REV22177,PROD110,CUST2633,3,very bad,2025-05-07
REV22178,PROD107,CUST1104,5,very good,2024-02-29
REV22179,PROD107,CUST4723,2,very bad,2024-04-26
REV22180,PROD105,CUST1446,1,very good,2025-08-09
REV22181,PROD104,CUST2342,2,very bad,2023-06-11
REV22182,PROD109,CUST4057,2,very good,2022-10-28
REV22183,PROD106,CUST3886,3,average,2023-12-02
REV22184,PROD107,CUST3620,3,bad,2025-03-12
REV22185,PROD111,CUST1053,2,average,2025-03-09
REV22186,PROD102,CUST5520,5,very bad,2023-11-12
REV22187,PROD113,CUST4552,1,average,2023-05-10
REV22188,PROD106,CUST5050,4,bad,2025-06-11
REV22189,PROD100,CUST2438,1,very bad,2024-09-01
REV22190,PROD104,CUST5519,3,good,2023-09-23
REV22191,PROD106,CUST1364,4,good,2023-01-11
REV22192,PROD113,CUST2797,2,very good,2022-09-01
REV22193,PROD101,CUST1478,5,bad,2024-08-26
REV22194,PROD106,CUST4753,5,bad,2023-08-15
REV22195,PROD112,CUST4177,3,very good,2023-08-05
REV22196,PROD100,CUST5415,3,very good,2023-06-26
REV22197,PROD102,CUST1195,3,very good,2023-03-18
REV22198,PROD108,CUST2109,1,bad,2023-03-19
REV22199,PROD110,CUST5763,3,good,2025-02-28
REV22200,PROD103,CUST1392,2,good,2023-05-26
REV22201,PROD106,CUST2851,4,very bad,2023-10-08
REV22202,PROD104,CUST4143,2,average,2024-04-06
REV22203,PROD102,CUST2368,2,bad,2024-07-25
REV22204,PROD101,CUST5532,3,bad,2025-01-11
REV22205,PROD103,CUST1035,5,average,2023-09-13
REV22206,PROD104,CUST4022,2,average,2023-11-13
REV22207,PROD112,CUST3271,2,bad,2024-09-25
REV22208,PROD112,CUST2792,4,very good,2025-04-30
REV22209,PROD105,CUST3076,4,very good,2023-06-01
REV22210,PROD108,CUST4769,3,very bad,2023-06-30
REV22211,PROD102,CUST1232,2,average,2023-03-08
REV22212,PROD107,CUST5780,5,average,2024-11-09
REV22213,PROD104,CUST4885,5,average,2024-10-11
REV22214,PROD110,CUST1252,1,bad,2025-08-21
REV22215,PROD106,CUST4523,3,very good,2023-07-18
REV22216,PROD100,CUST3801,4,average,2024-06-06
REV22217,PROD110,CUST2325,4,average,2025-04-28
REV22218,PROD103,CUST5316,4,very bad,2023-03-01
REV22219,PROD105,CUST5114,1,bad,2025-06-27
REV22220,PROD113,CUST5966,1,very good,2024-04-29
REV22221,PROD105,CUST2945,5,very good,2024-07-21
REV22222,PROD112,CUST5783,1,bad,2023-05-22
REV22223,PROD109,CUST4546,3,bad,2023-10-22
REV22224,PROD104,CUST3217,2,average,2022-12-19
REV22225,PROD109,CUST3120,3,good,2025-06-30
REV22226,PROD100,CUST3198,5,bad,2023-12-24
REV22227,PROD104,CUST2928,3,bad,2024-10-24
REV22228,PROD103,CUST1413,2,good,2025-02-03
REV22229,PROD110,CUST2595,2,average,2025-06-24
REV22230,PROD107,CUST2754,5,good,2025-08-04
REV22231,PROD112,CUST1395,1,average,2024-09-18
REV22232,PROD112,CUST3900,4,average,2023-01-19
REV22233,PROD104,CUST5404,4,very bad,2024-05-18
REV22234,PROD107,CUST5391,2,good,2024-01-14
REV22235,PROD101,CUST1681,1,average,2023-09-18
REV22236,PROD108,CUST1405,2,good,2024-05-27
REV22237,PROD105,CUST5681,3,very bad,2025-05-23
REV22238,PROD108,CUST3407,3,good,2024-01-12
REV22239,PROD101,CUST2434,1,very good,2024-12-14
REV22240,PROD106,CUST5485,5,average,2025-05-12
REV22241,PROD110,CUST4835,1,average,2025-02-08
REV22242,PROD111,CUST3272,2,very good,2024-05-20
REV22243,PROD105,CUST2794,4,very good,2024-06-06
REV22244,PROD103,CUST2559,5,average,2023-09-28
REV22245,PROD101,CUST4859,5,bad,2024-05-06
REV22246,PROD107,CUST4410,2,very bad,2025-05-29
REV22247,PROD109,CUST5101,3,very bad,2023-06-26
REV22248,PROD105,CUST2483,2,very good,2025-03-28
REV22249,PROD102,CUST1538,3,average,2023-11-07
REV22250,PROD101,CUST3288,1,very bad,2023-03-30
REV22251,PROD104,CUST5079,5,very good,2023-01-16
REV22252,PROD103,CUST5103,4,very good,2025-05-19
REV22253,PROD110,CUST4697,5,bad,2023-07-07
REV22254,PROD101,CUST1242,4,very bad,2024-05-01
REV22255,PROD114,CUST5384,2,very bad,2024-02-26
REV22256,PROD101,CUST1232,3,very bad,2023-10-16
REV22257,PROD103,CUST2731,3,very good,2023-01-26
REV22258,PROD112,CUST5445,2,average,2024-11-19
REV22259,PROD100,CUST2286,4,bad,2022-08-31
REV22260,PROD101,CUST1428,3,bad,2024-07-20
REV22261,PROD108,CUST3755,3,bad,2024-11-22
REV22262,PROD100,CUST4016,2,good,2024-05-07
REV22263,PROD100,CUST4122,2,bad,2024-04-28
REV22264,PROD112,CUST4924,3,very bad,2024-10-04
REV22265,PROD103,CUST1416,4,good,2023-04-19
REV22266,PROD107,CUST5060,2,bad,2023-04-28
REV22267,PROD113,CUST2383,1,average,2024-05-13
REV22268,PROD105,CUST1274,2,good,2023-07-23
REV22269,PROD104,CUST3440,3,good,2023-08-20
REV22270,PROD111,CUST1619,5,very good,2024-12-16
REV22271,PROD104,CUST5028,3,very good,2022-10-23
REV22272,PROD101,CUST3937,4,bad,2023-06-04
REV22273,PROD100,CUST4997,1,very good,2025-05-13
REV22274,PROD108,CUST4323,4,very bad,2024-10-12
REV22275,PROD106,CUST3166,1,bad,2023-08-09
REV22276,PROD111,CUST2010,2,bad,2025-06-26
REV22277,PROD113,CUST3331,2,good,2023-09-23
REV22278,PROD105,CUST3135,3,average,2025-06-10
REV22279,PROD107,CUST4765,1,average,2024-06-11
REV22280,PROD102,CUST5744,1,good,2024-08-05
REV22281,PROD110,CUST2586,2,average,2025-08-04
REV22282,PROD101,CUST2745,1,average,2022-09-08
REV22283,PROD102,CUST5091,4,bad,2025-02-13
REV22284,PROD103,CUST1376,4,good,2024-04-26
REV22285,PROD113,CUST5093,4,very bad,2023-04-22
REV22286,PROD101,CUST1512,3,good,2024-03-08
REV22287,PROD113,CUST2403,1,very bad,2025-04-28
REV22288,PROD114,CUST5999,1,average,2023-07-05
REV22289,PROD114,CUST2290,1,bad,2023-09-13
REV22290,PROD103,CUST2112,5,bad,2025-08-21
REV22291,PROD103,CUST1120,5,good,2024-11-04
REV22292,PROD110,CUST5153,2,good,2023-01-02
REV22293,PROD103,CUST5758,4,very good,2022-10-03
REV22294,PROD100,CUST2933,1,bad,2022-11-09
REV22295,PROD105,CUST1177,2,very good,2024-08-21
REV22296,PROD114,CUST2160,4,average,2022-11-24
REV22297,PROD113,CUST3643,3,bad,2025-07-16
REV22298,PROD114,CUST1767,3,very good,2023-08-20
REV22299,PROD110,CUST4243,1,bad,2022-09-12
REV22300,PROD102,CUST5842,3,average,2023-05-07
REV22301,PROD109,CUST4983,2,very good,2024-12-27
REV22302,PROD113,CUST2012,1,very bad,2023-03-18
REV22303,PROD110,CUST1176,1,very bad,2024-01-25
REV22304,PROD106,CUST1185,4,good,2023-09-11
REV22305,PROD103,CUST3303,5,average,2023-01-08
REV22306,PROD113,CUST5529,1,bad,2022-11-18
REV22307,PROD107,CUST1618,2,very bad,2024-12-30
REV22308,PROD114,CUST4459,2,very good,2024-06-15
REV22309,PROD100,CUST1240,2,very good,2023-05-29
REV22310,PROD112,CUST5694,1,good,2024-01-22
REV22311,PROD109,CUST1459,3,good,2022-10-14
REV22312,PROD112,CUST4924,2,bad,2022-11-15
REV22313,PROD100,CUST1488,5,good,2025-06-30
REV22314,PROD100,CUST5753,5,average,2023-09-11
REV22315,PROD104,CUST5445,2,bad,2025-06-09
REV22316,PROD114,CUST1406,4,very bad,2024-09-16
REV22317,PROD112,CUST1031,5,very good,2024-04-21
REV22318,PROD108,CUST4383,4,good,2023-12-12
REV22319,PROD110,CUST2532,2,very good,2023-06-08
REV22320,PROD101,CUST1938,2,average,2025-05-11
REV22321,PROD106,CUST1049,1,very bad,2023-01-31
REV22322,PROD101,CUST4303,3,average,2024-01-15
REV22323,PROD100,CUST3589,2,very bad,2025-07-19
REV22324,PROD111,CUST1178,3,very good,2024-04-07
REV22325,PROD111,CUST5448,2,very bad,2023-01-24
REV22326,PROD106,CUST2572,4,bad,2022-10-15
REV22327,PROD103,CUST5176,5,bad,2024-04-02
REV22328,PROD110,CUST3625,4,average,2024-12-26
REV22329,PROD106,CUST3916,2,good,2022-08-28
REV22330,PROD111,CUST2789,3,bad,2025-01-04
REV22331,PROD110,CUST3324,1,very good,2025-06-22
REV22332,PROD110,CUST3331,4,average,2024-08-05
REV22333,PROD107,CUST1651,3,very bad,2025-05-02
REV22334,PROD106,CUST5273,4,very good,2022-11-20
REV22335,PROD109,CUST4986,1,average,2023-03-21
REV22336,PROD107,CUST2835,2,good,2024-02-23
REV22337,PROD104,CUST4209,3,very bad,2025-01-17
REV22338,PROD110,CUST1156,2,very bad,2024-09-04
REV22339,PROD101,CUST5998,3,good,2023-08-17
REV22340,PROD109,CUST1186,2,average,2023-07-30
REV22341,PROD110,CUST4353,3,good,2022-12-11
REV22342,PROD102,CUST4118,2,average,2023-04-24
REV22343,PROD101,CUST3354,1,average,2024-12-17
REV22344,PROD107,CUST5086,5,average,2023-06-24
REV22345,PROD104,CUST4693,4,bad,2023-05-17
REV22346,PROD102,CUST5194,1,very good,2025-01-01
REV22347,PROD113,CUST2881,2,very good,2023-06-19
REV22348,PROD103,CUST1085,3,good,2023-01-12
REV22349,PROD104,CUST1332,5,average,2023-02-27
REV22350,PROD113,CUST3647,5,very good,2024-09-23
REV22351,PROD109,CUST3465,2,very good,2024-07-30
REV22352,PROD112,CUST2058,3,very bad,2025-02-01
REV22353,PROD104,CUST3985,3,average,2024-05-07
REV22354,PROD102,CUST2326,1,very good,2023-02-26
REV22355,PROD109,CUST2991,1,good,2025-07-09
REV22356,PROD103,CUST2767,3,good,2023-02-27
REV22357,PROD112,CUST5051,2,average,2024-03-02
REV22358,PROD101,CUST2447,4,average,2024-05-21
REV22359,PROD114,CUST1987,4,good,2023-04-17
REV22360,PROD105,CUST1489,3,very bad,2024-06-03
REV22361,PROD103,CUST5464,4,bad,2023-08-07
REV22362,PROD107,CUST4026,1,very good,2023-12-24
REV22363,PROD107,CUST3702,5,very bad,2024-08-23
REV22364,PROD105,CUST1531,5,average,2024-06-13
REV22365,PROD111,CUST2457,5,very bad,2025-05-06
REV22366,PROD109,CUST2079,1,average,2024-04-20
REV22367,PROD105,CUST1208,3,good,2023-11-16
REV22368,PROD111,CUST2668,4,very good,2024-03-02
REV22369,PROD111,CUST2948,4,very good,2024-05-06
REV22370,PROD102,CUST5779,3,good,2024-09-28
REV22371,PROD109,CUST3438,2,very good,2022-12-20
REV22372,PROD110,CUST3159,4,very good,2023-12-17
REV22373,PROD113,CUST1333,1,very bad,2022-09-26
REV22374,PROD104,CUST3759,1,very bad,2025-05-16
REV22375,PROD108,CUST1782,1,very good,2023-06-15
REV22376,PROD106,CUST4194,4,average,2023-12-25
REV22377,PROD103,CUST4428,4,bad,2024-02-17
REV22378,PROD107,CUST2824,5,very good,2025-03-03
REV22379,PROD105,CUST2540,1,very bad,2024-06-06
REV22380,PROD114,CUST5298,4,very bad,2022-10-06
REV22381,PROD106,CUST1576,4,average,2024-11-21
REV22382,PROD114,CUST2586,5,bad,2024-02-24
REV22383,PROD109,CUST4479,3,bad,2024-04-04
REV22384,PROD107,CUST3006,5,average,2024-05-02
REV22385,PROD103,CUST4635,4,average,2023-04-24
REV22386,PROD111,CUST5610,2,bad,2025-04-04
REV22387,PROD103,CUST5271,4,good,2023-01-09
REV22388,PROD113,CUST3006,5,good,2024-04-26
REV22389,PROD109,CUST1700,1,good,2025-06-19
REV22390,PROD113,CUST3490,3,very good,2025-06-18
REV22391,PROD106,CUST1535,5,average,2023-09-27
REV22392,PROD113,CUST3596,1,average,2023-07-23
REV22393,PROD108,CUST4452,4,very good,2024-11-22
REV22394,PROD113,CUST5587,2,very good,2025-05-09
REV22395,PROD107,CUST2916,1,very bad,2025-07-28
REV22396,PROD109,CUST2843,1,good,2025-01-26
REV22397,PROD106,CUST5135,4,good,2024-12-10
REV22398,PROD109,CUST3079,2,average,2023-08-30
REV22399,PROD105,CUST1573,3,bad,2024-02-12
REV22400,PROD103,CUST1418,2,good,2023-02-14
REV22401,PROD104,CUST2794,5,bad,2024-04-19
REV22402,PROD101,CUST1622,3,average,2024-09-20
REV22403,PROD111,CUST2492,2,good,2024-01-19
REV22404,PROD106,CUST5596,4,average,2025-01-29
REV22405,PROD111,CUST3398,2,bad,2023-11-13
REV22406,PROD111,CUST1354,4,bad,2025-05-23
REV22407,PROD107,CUST3434,3,very bad,2023-09-24
REV22408,PROD113,CUST4760,1,average,2025-05-14
REV22409,PROD101,CUST5514,4,bad,2024-03-17
REV22410,PROD105,CUST4144,4,very good,2023-05-10
REV22411,PROD106,CUST2406,4,very good,2024-08-30
REV22412,PROD104,CUST3470,4,bad,2024-03-11
REV22413,PROD109,CUST3387,5,good,2023-04-11
REV22414,PROD113,CUST1768,4,very bad,2023-07-15
REV22415,PROD109,CUST2983,4,very good,2023-01-06
REV22416,PROD106,CUST5364,4,very bad,2023-11-02
REV22417,PROD103,CUST5086,4,very good,2024-05-16
REV22418,PROD113,CUST4533,4,very good,2024-01-29
REV22419,PROD100,CUST4441,2,average,2022-11-18
REV22420,PROD104,CUST1001,1,bad,2024-01-18
REV22421,PROD110,CUST2951,1,very bad,2024-04-04
REV22422,PROD108,CUST3132,2,very bad,2024-08-28
REV22423,PROD103,CUST5472,5,average,2023-10-12
REV22424,PROD102,CUST2100,3,average,2023-11-17
REV22425,PROD112,CUST2366,5,average,2023-08-27
REV22426,PROD103,CUST2047,2,bad,2024-09-27
REV22427,PROD104,CUST1085,1,average,2025-04-17
REV22428,PROD108,CUST4013,1,very bad,2024-08-23
REV22429,PROD113,CUST1232,4,average,2025-07-17
REV22430,PROD106,CUST2217,1,very bad,2023-05-27
REV22431,PROD114,CUST3164,4,bad,2024-11-12
REV22432,PROD112,CUST3708,3,average,2023-10-13
REV22433,PROD102,CUST1769,4,average,2024-03-03
REV22434,PROD100,CUST5505,2,average,2025-02-13
REV22435,PROD103,CUST2533,1,good,2025-07-09
REV22436,PROD103,CUST3063,3,very good,2023-08-22
REV22437,PROD114,CUST2293,1,good,2023-11-01
REV22438,PROD106,CUST5408,5,good,2025-04-26
REV22439,PROD106,CUST2401,1,average,2023-07-21
REV22440,PROD109,CUST4507,5,very good,2023-02-04
REV22441,PROD107,CUST3909,5,very bad,2024-09-28
REV22442,PROD107,CUST5873,3,very bad,2023-04-23
REV22443,PROD103,CUST1180,2,very bad,2025-03-04
REV22444,PROD114,CUST5097,4,very bad,2023-06-23
REV22445,PROD109,CUST3330,1,bad,2024-03-29
REV22446,PROD114,CUST2269,2,very good,2023-08-07
REV22447,PROD112,CUST2176,3,bad,2022-12-04
REV22448,PROD100,CUST4765,4,average,2024-08-06
REV22449,PROD114,CUST4083,2,good,2025-07-02
REV22450,PROD114,CUST4793,1,very good,2024-03-18
REV22451,PROD112,CUST3233,2,good,2024-08-12
REV22452,PROD108,CUST2231,5,very bad,2023-03-01
REV22453,PROD108,CUST2766,2,very bad,2024-07-15
REV22454,PROD114,CUST4834,5,average,2023-08-23
REV22455,PROD108,CUST2065,2,very good,2024-01-27
REV22456,PROD107,CUST2073,1,bad,2022-09-14
REV22457,PROD106,CUST3288,2,average,2025-06-13
REV22458,PROD101,CUST5612,4,good,2025-01-04
REV22459,PROD110,CUST5050,1,very bad,2023-09-16
REV22460,PROD105,CUST5880,1,average,2024-08-03
REV22461,PROD109,CUST4525,3,very good,2025-01-08
REV22462,PROD100,CUST4053,4,average,2024-08-13
REV22463,PROD106,CUST5298,2,good,2022-10-14
REV22464,PROD111,CUST4225,1,very bad,2023-04-16
REV22465,PROD107,CUST1701,4,good,2023-04-24
REV22466,PROD110,CUST2684,4,very good,2023-06-19
REV22467,PROD103,CUST3887,1,bad,2025-01-23
REV22468,PROD103,CUST5342,1,very good,2023-12-29
REV22469,PROD112,CUST4493,4,very bad,2023-01-02
REV22470,PROD110,CUST2699,5,very bad,2022-11-08
REV22471,PROD103,CUST3350,1,very good,2025-01-31
REV22472,PROD100,CUST4922,3,very good,2024-09-06
REV22473,PROD100,CUST2804,3,average,2024-03-26
REV22474,PROD113,CUST2477,5,good,2023-02-17
REV22475,PROD105,CUST5267,1,average,2023-03-15
REV22476,PROD113,CUST4245,4,good,2023-03-16
REV22477,PROD111,CUST2981,5,good,2023-12-13
REV22478,PROD112,CUST4573,2,bad,2024-06-26
REV22479,PROD105,CUST5902,5,average,2022-08-25
REV22480,PROD113,CUST4903,4,very bad,2023-08-07
REV22481,PROD114,CUST2417,1,very bad,2025-05-30
REV22482,PROD110,CUST5048,5,bad,2024-03-27
REV22483,PROD106,CUST5933,2,good,2024-06-01
REV22484,PROD104,CUST5005,4,good,2022-11-12
REV22485,PROD105,CUST5234,1,average,2023-10-21
REV22486,PROD109,CUST3863,5,bad,2025-03-31
REV22487,PROD108,CUST3756,5,very bad,2024-06-05
REV22488,PROD104,CUST2064,1,very bad,2022-09-11
REV22489,PROD107,CUST4539,1,very good,2025-06-21
REV22490,PROD114,CUST2406,5,very good,2024-11-28
REV22491,PROD113,CUST3780,5,average,2025-08-07
REV22492,PROD114,CUST4789,1,average,2025-06-25
REV22493,PROD110,CUST1199,1,bad,2024-01-06
REV22494,PROD110,CUST1401,2,average,2023-02-02
REV22495,PROD111,CUST2909,3,bad,2025-06-01
REV22496,PROD114,CUST2588,2,good,2023-02-14
REV22497,PROD110,CUST3383,4,average,2025-05-29
REV22498,PROD104,CUST2485,5,very bad,2024-04-05
REV22499,PROD107,CUST2877,2,very good,2025-02-12
REV22500,PROD108,CUST3491,4,bad,2024-12-23
REV22501,PROD113,CUST4296,4,very bad,2025-07-16
REV22502,PROD107,CUST3922,3,very good,2024-07-19
REV22503,PROD112,CUST3876,5,very good,2023-08-18
REV22504,PROD106,CUST1881,3,very good,2024-06-10
REV22505,PROD108,CUST3497,2,bad,2024-12-06
REV22506,PROD104,CUST4389,1,very good,2025-08-04
REV22507,PROD103,CUST5079,4,average,2024-05-18
REV22508,PROD110,CUST1761,2,bad,2024-10-25
REV22509,PROD100,CUST2595,1,good,2025-01-03
REV22510,PROD107,CUST4352,3,good,2022-11-11
REV22511,PROD114,CUST3626,2,bad,2025-05-27
REV22512,PROD100,CUST1103,4,good,2022-09-19
REV22513,PROD104,CUST2859,1,bad,2025-02-26
REV22514,PROD111,CUST4005,5,very bad,2024-11-11
REV22515,PROD110,CUST1837,3,very good,2024-09-25
REV22516,PROD107,CUST5314,1,bad,2023-05-28
REV22517,PROD107,CUST5805,4,very bad,2023-09-13
REV22518,PROD110,CUST2612,5,average,2024-08-15
REV22519,PROD109,CUST5874,4,average,2025-06-20
REV22520,PROD110,CUST1478,2,very good,2023-05-25
REV22521,PROD106,CUST4223,1,average,2024-02-19
REV22522,PROD100,CUST1323,2,good,2024-05-31
REV22523,PROD112,CUST2587,5,bad,2024-10-23
REV22524,PROD108,CUST4565,2,very bad,2023-12-15
REV22525,PROD108,CUST4379,3,very good,2025-04-30
REV22526,PROD106,CUST1634,1,average,2022-11-16
REV22527,PROD108,CUST4630,3,average,2023-03-23
REV22528,PROD102,CUST3827,3,average,2023-09-19
REV22529,PROD101,CUST1089,1,average,2022-09-01
REV22530,PROD111,CUST3483,3,average,2025-07-02
REV22531,PROD110,CUST2445,1,bad,2022-09-19
REV22532,PROD108,CUST2169,2,good,2023-07-27
REV22533,PROD104,CUST5410,5,average,2023-12-01
REV22534,PROD102,CUST2208,3,good,2022-08-30
REV22535,PROD106,CUST1239,3,average,2025-03-15
REV22536,PROD108,CUST2901,5,very bad,2024-09-25
REV22537,PROD100,CUST2597,3,very bad,2024-03-11
REV22538,PROD111,CUST2653,1,good,2022-09-02
REV22539,PROD105,CUST3605,4,average,2023-10-30
REV22540,PROD111,CUST4514,4,average,2024-08-07
REV22541,PROD100,CUST3945,1,average,2024-01-07
REV22542,PROD111,CUST2389,3,bad,2022-08-29
REV22543,PROD108,CUST5856,5,average,2023-09-16
REV22544,PROD100,CUST4831,3,very bad,2024-05-13
REV22545,PROD101,CUST1612,1,average,2023-05-03
REV22546,PROD114,CUST2670,3,very bad,2024-08-03
REV22547,PROD107,CUST2272,4,bad,2023-08-11
REV22548,PROD104,CUST1686,4,good,2023-12-09
REV22549,PROD105,CUST5889,3,very good,2025-07-15
REV22550,PROD110,CUST2387,2,very good,2024-09-23
REV22551,PROD101,CUST2055,2,average,2025-07-12
REV22552,PROD111,CUST3788,1,very bad,2024-01-09
REV22553,PROD107,CUST2605,2,very good,2024-12-18
REV22554,PROD111,CUST4320,2,bad,2025-02-21
REV22555,PROD101,CUST2391,5,average,2023-11-28
REV22556,PROD104,CUST1377,4,average,2023-11-08
REV22557,PROD101,CUST2312,2,good,2023-07-22
REV22558,PROD114,CUST2501,4,very good,2022-09-10
REV22559,PROD102,CUST5047,3,good,2023-06-27
REV22560,PROD102,CUST3152,2,average,2022-11-11
REV22561,PROD100,CUST2302,4,good,2024-07-01
REV22562,PROD107,CUST2021,4,average,2023-04-26
REV22563,PROD111,CUST5775,3,bad,2025-07-24
REV22564,PROD108,CUST2372,3,very bad,2023-10-22
REV22565,PROD105,CUST2544,5,good,2025-01-17
REV22566,PROD110,CUST4930,3,very bad,2024-03-07
REV22567,PROD110,CUST1912,5,good,2023-01-23
REV22568,PROD104,CUST3895,5,bad,2025-03-07
REV22569,PROD104,CUST3090,2,very bad,2024-07-29
REV22570,PROD114,CUST3099,4,good,2023-11-09
REV22571,PROD106,CUST4027,1,average,2023-05-16
REV22572,PROD100,CUST5916,4,very bad,2023-04-09
REV22573,PROD112,CUST4823,5,good,2022-10-13
REV22574,PROD101,CUST3747,3,very bad,2023-12-25
REV22575,PROD109,CUST1105,4,bad,2024-01-13
REV22576,PROD111,CUST1901,5,very bad,2023-03-27
REV22577,PROD113,CUST2664,4,very bad,2023-07-24
REV22578,PROD102,CUST4909,4,very bad,2023-04-09
REV22579,PROD111,CUST4409,2,bad,2024-04-23
REV22580,PROD108,CUST4786,3,average,2023-01-26
REV22581,PROD114,CUST2430,2,bad,2023-06-04
REV22582,PROD103,CUST2968,4,very good,2024-11-03
REV22583,PROD106,CUST1357,1,good,2023-10-29
REV22584,PROD111,CUST3904,5,very bad,2022-11-07
REV22585,PROD109,CUST1439,3,very bad,2023-11-29
REV22586,PROD102,CUST2689,4,good,2025-08-15
REV22587,PROD106,CUST1862,5,bad,2023-10-30
REV22588,PROD107,CUST2165,5,average,2023-09-21
REV22589,PROD108,CUST4763,1,very bad,2023-02-06
REV22590,PROD101,CUST3906,5,very good,2023-09-26
REV22591,PROD100,CUST4366,3,average,2025-07-16
REV22592,PROD114,CUST5808,5,average,2024-05-12
REV22593,PROD112,CUST3894,5,very good,2025-01-30
REV22594,PROD109,CUST2225,4,bad,2023-12-24
REV22595,PROD100,CUST4868,4,very bad,2025-08-19
REV22596,PROD106,CUST4872,2,average,2024-04-19
REV22597,PROD102,CUST3635,2,bad,2024-09-17
REV22598,PROD114,CUST5907,4,bad,2024-03-12
REV22599,PROD101,CUST1978,5,very good,2025-02-15
REV22600,PROD103,CUST4863,1,bad,2024-09-22
REV22601,PROD100,CUST2031,3,good,2024-06-08
REV22602,PROD103,CUST3247,5,very bad,2024-07-05
REV22603,PROD106,CUST4377,1,bad,2023-04-07
REV22604,PROD103,CUST5324,4,good,2022-09-14
REV22605,PROD101,CUST2600,1,average,2024-03-16
REV22606,PROD114,CUST2329,1,very good,2025-08-12
REV22607,PROD108,CUST2668,2,bad,2023-01-06
REV22608,PROD100,CUST5771,2,very good,2023-10-25
REV22609,PROD108,CUST4549,1,very bad,2024-06-10
REV22610,PROD113,CUST3195,2,average,2023-05-01
REV22611,PROD103,CUST3837,4,very bad,2024-09-08
REV22612,PROD101,CUST1060,4,very bad,2024-10-20
REV22613,PROD110,CUST5909,5,very bad,2024-02-12
REV22614,PROD111,CUST4777,2,bad,2024-02-25
REV22615,PROD103,CUST2771,1,good,2024-10-17
REV22616,PROD105,CUST1587,5,good,2023-05-04
REV22617,PROD109,CUST5377,4,bad,2025-08-16
REV22618,PROD110,CUST4998,1,bad,2024-11-08
REV22619,PROD107,CUST5187,3,very bad,2025-04-09
REV22620,PROD100,CUST1163,4,very good,2023-09-26
REV22621,PROD105,CUST2658,2,good,2022-12-12
REV22622,PROD111,CUST5840,1,very good,2023-04-03
REV22623,PROD113,CUST2747,1,bad,2023-05-16
REV22624,PROD102,CUST1347,3,good,2024-02-16
REV22625,PROD108,CUST3333,3,very bad,2025-06-18
REV22626,PROD106,CUST1192,4,very bad,2025-07-02
REV22627,PROD104,CUST2370,4,very good,2023-08-30
REV22628,PROD111,CUST1716,5,very good,2025-05-28
REV22629,PROD113,CUST5848,4,very good,2023-10-21
REV22630,PROD103,CUST4383,5,bad,2024-06-15
REV22631,PROD105,CUST2137,3,good,2022-12-07
REV22632,PROD108,CUST1209,3,bad,2023-06-19
REV22633,PROD107,CUST5539,3,bad,2023-10-09
REV22634,PROD101,CUST4141,5,good,2024-11-24
REV22635,PROD107,CUST1569,2,very good,2024-04-17
REV22636,PROD106,CUST1842,1,average,2025-01-15
REV22637,PROD108,CUST1000,1,bad,2023-03-25
REV22638,PROD109,CUST1259,4,bad,2023-06-02
REV22639,PROD113,CUST5282,4,bad,2023-09-12
REV22640,PROD111,CUST1268,1,good,2025-02-28
REV22641,PROD105,CUST3607,2,good,2024-03-04
REV22642,PROD111,CUST5656,1,average,2024-05-23
REV22643,PROD110,CUST1356,2,bad,2023-11-20
REV22644,PROD109,CUST2843,5,good,2025-01-10
REV22645,PROD110,CUST2404,4,very good,2024-08-24
REV22646,PROD107,CUST2868,1,very good,2022-10-28
REV22647,PROD114,CUST2168,5,very bad,2023-12-07
REV22648,PROD114,CUST4305,1,very good,2025-06-25
REV22649,PROD109,CUST1733,1,bad,2025-08-04
REV22650,PROD109,CUST1080,1,very bad,2024-12-09
REV22651,PROD105,CUST1517,4,average,2024-05-24
REV22652,PROD114,CUST1232,2,bad,2024-08-13
REV22653,PROD111,CUST4803,1,very bad,2023-09-26
REV22654,PROD104,CUST3365,1,good,2024-07-19
REV22655,PROD105,CUST5530,1,very good,2024-02-27
REV22656,PROD108,CUST2628,4,average,2024-12-12
REV22657,PROD112,CUST4264,2,very bad,2024-03-07
REV22658,PROD107,CUST3618,3,very good,2023-01-13
REV22659,PROD112,CUST1847,1,very good,2025-06-20
REV22660,PROD114,CUST5852,1,very bad,2025-05-23
REV22661,PROD106,CUST5256,4,average,2022-09-14
REV22662,PROD103,CUST5726,4,bad,2023-02-21
REV22663,PROD112,CUST2224,1,good,2025-08-24
REV22664,PROD106,CUST2120,3,good,2023-06-19
REV22665,PROD107,CUST4876,3,good,2024-08-31
REV22666,PROD109,CUST2285,3,very good,2023-04-22
REV22667,PROD107,CUST4521,3,good,2025-08-16
REV22668,PROD114,CUST4807,1,bad,2025-02-09
REV22669,PROD113,CUST5722,4,very bad,2024-04-27
REV22670,PROD107,CUST5001,5,very good,2023-06-12
REV22671,PROD108,CUST2499,3,very good,2025-02-25
REV22672,PROD111,CUST4102,5,bad,2023-09-04
REV22673,PROD113,CUST5104,1,bad,2023-04-30
REV22674,PROD107,CUST4859,4,bad,2025-07-12
REV22675,PROD101,CUST1779,5,good,2023-11-01
REV22676,PROD100,CUST1279,1,good,2025-07-06
REV22677,PROD105,CUST1586,3,bad,2023-05-21
REV22678,PROD114,CUST5808,3,bad,2023-02-16
REV22679,PROD100,CUST3955,3,very good,2024-02-11
REV22680,PROD106,CUST1204,2,very bad,2025-06-22
REV22681,PROD107,CUST3326,5,good,2023-12-28
REV22682,PROD110,CUST1480,1,average,2022-10-27
REV22683,PROD108,CUST3558,2,bad,2024-11-15
REV22684,PROD103,CUST1726,3,good,2024-05-09
REV22685,PROD110,CUST5020,4,very bad,2023-12-17
REV22686,PROD112,CUST2621,4,good,2023-09-08
REV22687,PROD113,CUST1819,5,very good,2023-02-01
REV22688,PROD109,CUST5201,3,very good,2023-07-13
REV22689,PROD104,CUST5916,5,very bad,2024-06-10
REV22690,PROD106,CUST3960,5,average,2022-09-12
REV22691,PROD107,CUST4236,2,bad,2024-11-16
REV22692,PROD111,CUST1204,2,very good,2022-11-27
REV22693,PROD105,CUST1305,2,good,2023-03-07
REV22694,PROD104,CUST5116,5,bad,2024-08-18
REV22695,PROD105,CUST5792,1,average,2022-11-20
REV22696,PROD109,CUST3702,4,good,2024-05-23
REV22697,PROD108,CUST5701,4,average,2024-10-19
REV22698,PROD110,CUST3837,4,very good,2023-01-14
REV22699,PROD105,CUST1095,5,very good,2023-08-22
REV22700,PROD110,CUST2760,5,average,2024-11-14
REV22701,PROD104,CUST2922,4,good,2023-01-20
REV22702,PROD109,CUST3306,4,good,2023-04-30
REV22703,PROD109,CUST4155,1,very good,2023-12-25
REV22704,PROD109,CUST5277,4,bad,2022-10-07
REV22705,PROD113,CUST4921,5,average,2025-08-18
REV22706,PROD100,CUST3717,3,good,2024-12-07
REV22707,PROD110,CUST1729,4,bad,2023-03-09
REV22708,PROD102,CUST1020,2,very bad,2025-08-08
REV22709,PROD106,CUST3089,4,very good,2024-03-13
REV22710,PROD107,CUST5315,4,very bad,2024-11-29
REV22711,PROD113,CUST2759,4,bad,2024-12-18
REV22712,PROD107,CUST5384,2,very bad,2023-05-18
REV22713,PROD105,CUST2067,2,very bad,2022-11-13
REV22714,PROD101,CUST4347,5,average,2025-03-03
REV22715,PROD107,CUST1833,5,average,2023-10-23
REV22716,PROD109,CUST3274,1,good,2025-07-21
REV22717,PROD102,CUST3049,2,very bad,2024-07-25
REV22718,PROD101,CUST4327,2,average,2022-10-02
REV22719,PROD109,CUST5422,3,average,2024-12-13
REV22720,PROD114,CUST5173,5,bad,2025-07-14
REV22721,PROD110,CUST2868,5,very good,2022-12-11
REV22722,PROD107,CUST5972,1,average,2025-06-11
REV22723,PROD109,CUST4382,4,good,2024-06-11
REV22724,PROD106,CUST4017,4,bad,2025-06-07
REV22725,PROD110,CUST2554,1,very bad,2024-01-02
REV22726,PROD104,CUST5713,2,bad,2022-09-21
REV22727,PROD103,CUST4283,2,bad,2023-09-17
REV22728,PROD102,CUST3939,3,very bad,2024-09-24
REV22729,PROD102,CUST2846,5,very bad,2022-10-26
REV22730,PROD110,CUST4193,5,bad,2025-05-26
REV22731,PROD106,CUST2948,2,very bad,2022-10-03
REV22732,PROD104,CUST2481,3,bad,2024-01-24
REV22733,PROD101,CUST4398,4,very bad,2022-09-30
REV22734,PROD100,CUST2080,5,very bad,2022-12-10
REV22735,PROD107,CUST2962,4,very good,2024-12-30
REV22736,PROD107,CUST3022,2,average,2023-12-03
REV22737,PROD104,CUST1712,3,good,2024-03-04
REV22738,PROD100,CUST1348,4,good,2025-03-06
REV22739,PROD102,CUST5418,2,very good,2023-01-27
REV22740,PROD114,CUST3433,3,good,2025-05-10
REV22741,PROD109,CUST5176,4,very bad,2022-10-16
REV22742,PROD111,CUST5217,1,very good,2023-09-06
REV22743,PROD100,CUST2149,1,good,2023-12-08
REV22744,PROD113,CUST2677,5,average,2022-10-06
REV22745,PROD105,CUST2055,5,average,2024-05-27
REV22746,PROD114,CUST1724,2,very bad,2025-03-04
REV22747,PROD111,CUST5034,5,very good,2025-07-15
REV22748,PROD112,CUST1945,4,good,2025-06-26
REV22749,PROD114,CUST3052,2,bad,2022-10-01
REV22750,PROD102,CUST2444,2,good,2024-12-29
REV22751,PROD110,CUST5104,3,average,2023-07-01
REV22752,PROD109,CUST5172,2,very bad,2022-12-21
REV22753,PROD110,CUST2897,3,average,2023-08-11
REV22754,PROD103,CUST5009,4,average,2022-11-04
REV22755,PROD105,CUST4757,3,very good,2022-10-23
REV22756,PROD109,CUST1342,5,average,2024-08-24
REV22757,PROD111,CUST4335,5,average,2024-05-12
REV22758,PROD114,CUST1048,5,average,2025-02-21
REV22759,PROD104,CUST2581,4,bad,2025-01-17
REV22760,PROD108,CUST1953,3,bad,2025-03-07
REV22761,PROD101,CUST2485,5,very good,2025-08-02
REV22762,PROD106,CUST4592,4,very good,2024-10-09
REV22763,PROD105,CUST1616,2,good,2025-08-22
REV22764,PROD106,CUST1459,3,bad,2023-11-11
REV22765,PROD111,CUST3845,3,average,2023-10-22
REV22766,PROD113,CUST1556,2,average,2024-12-21
REV22767,PROD107,CUST4033,3,average,2022-09-04
REV22768,PROD109,CUST5362,4,average,2023-04-20
REV22769,PROD107,CUST4266,2,good,2024-07-14
REV22770,PROD110,CUST3260,5,very bad,2024-04-25
REV22771,PROD110,CUST5684,1,good,2024-07-30
REV22772,PROD107,CUST5262,1,average,2024-08-28
REV22773,PROD105,CUST3721,4,average,2024-06-05
REV22774,PROD107,CUST1069,5,good,2023-05-11
REV22775,PROD107,CUST4178,5,average,2023-10-11
REV22776,PROD104,CUST1839,3,very good,2023-05-22
REV22777,PROD101,CUST1846,3,average,2025-04-02
REV22778,PROD111,CUST1444,1,average,2023-09-07
REV22779,PROD104,CUST3485,2,very bad,2024-07-27
REV22780,PROD108,CUST1024,2,average,2025-04-04
REV22781,PROD113,CUST5962,2,very bad,2024-11-04
REV22782,PROD111,CUST1753,3,bad,2023-10-24
REV22783,PROD112,CUST3195,4,bad,2025-04-19
REV22784,PROD107,CUST1160,2,very bad,2024-11-16
REV22785,PROD105,CUST3152,3,good,2025-08-21
REV22786,PROD105,CUST3837,1,average,2024-02-05
REV22787,PROD112,CUST4535,1,bad,2024-09-01
REV22788,PROD102,CUST4561,1,average,2024-05-20
REV22789,PROD101,CUST2033,3,very bad,2024-03-06
REV22790,PROD112,CUST4737,3,good,2024-02-13
REV22791,PROD112,CUST2139,1,average,2025-01-11
REV22792,PROD108,CUST1465,1,average,2024-03-20
REV22793,PROD103,CUST3325,2,very bad,2023-05-17
REV22794,PROD108,CUST1133,2,good,2022-09-06
REV22795,PROD101,CUST3757,1,average,2025-05-09
REV22796,PROD113,CUST4013,1,average,2024-01-31
REV22797,PROD101,CUST3222,1,bad,2023-07-08
REV22798,PROD109,CUST3993,4,average,2023-01-06
REV22799,PROD101,CUST4789,4,very good,2024-07-20
REV22800,PROD111,CUST4028,3,average,2025-02-09
REV22801,PROD100,CUST3582,2,bad,2023-11-28
REV22802,PROD107,CUST5151,1,bad,2023-11-14
REV22803,PROD105,CUST3688,3,bad,2024-02-11
REV22804,PROD108,CUST3279,5,very bad,2022-09-28
REV22805,PROD107,CUST4996,4,very good,2024-01-30
REV22806,PROD113,CUST1053,5,average,2024-04-20
REV22807,PROD102,CUST3002,1,good,2024-08-23
REV22808,PROD104,CUST4732,1,average,2022-12-13
REV22809,PROD110,CUST3984,3,very bad,2023-02-25
REV22810,PROD107,CUST2284,5,good,2023-12-05
REV22811,PROD110,CUST1107,5,good,2025-02-12
REV22812,PROD107,CUST1642,5,bad,2024-05-25
REV22813,PROD110,CUST2632,1,bad,2023-05-22
REV22814,PROD107,CUST2268,5,very good,2022-11-10
REV22815,PROD102,CUST1357,3,bad,2023-02-28
REV22816,PROD100,CUST4425,3,good,2024-11-22
REV22817,PROD105,CUST2529,2,bad,2022-10-09
REV22818,PROD105,CUST3766,2,bad,2022-12-05
REV22819,PROD101,CUST4005,1,very good,2024-05-05
REV22820,PROD111,CUST1681,2,good,2023-11-10
REV22821,PROD113,CUST3517,4,bad,2023-01-05
REV22822,PROD107,CUST5817,3,good,2023-07-07
REV22823,PROD111,CUST2794,1,very bad,2025-05-08
REV22824,PROD102,CUST3172,5,very good,2023-09-06
REV22825,PROD106,CUST5366,5,bad,2023-05-23
REV22826,PROD103,CUST3238,4,bad,2025-05-07
REV22827,PROD106,CUST3984,2,average,2024-10-24
REV22828,PROD100,CUST3051,1,bad,2023-12-05
REV22829,PROD113,CUST3696,1,very bad,2022-10-30
REV22830,PROD100,CUST2112,4,bad,2023-01-30
REV22831,PROD106,CUST4098,3,very bad,2023-12-13
REV22832,PROD106,CUST4245,4,bad,2024-05-23
REV22833,PROD108,CUST1471,3,average,2024-02-22
REV22834,PROD101,CUST1096,4,good,2024-05-06
REV22835,PROD108,CUST1926,5,bad,2023-11-13
REV22836,PROD104,CUST5183,5,average,2023-12-08
REV22837,PROD111,CUST5542,2,average,2025-01-18
REV22838,PROD108,CUST2163,4,good,2024-06-26
REV22839,PROD103,CUST2053,5,very good,2023-01-29
REV22840,PROD112,CUST5772,4,very good,2023-04-06
REV22841,PROD109,CUST1784,5,bad,2024-03-22
REV22842,PROD100,CUST5652,5,very bad,2025-05-03
REV22843,PROD110,CUST3815,2,average,2024-09-06
REV22844,PROD101,CUST3932,3,bad,2023-12-26
REV22845,PROD100,CUST4964,3,very bad,2024-07-16
REV22846,PROD114,CUST3751,3,very bad,2023-04-16
REV22847,PROD113,CUST5345,1,very good,2025-01-01
REV22848,PROD110,CUST4130,4,average,2023-11-23
REV22849,PROD112,CUST2270,3,very good,2024-03-20
REV22850,PROD106,CUST1253,3,average,2024-04-10
REV22851,PROD114,CUST4660,3,very good,2024-11-24
REV22852,PROD110,CUST1972,2,good,2025-04-19
REV22853,PROD109,CUST2501,3,bad,2023-03-22
REV22854,PROD112,CUST5400,2,good,2025-04-16
REV22855,PROD114,CUST1520,1,very bad,2022-09-06
REV22856,PROD100,CUST1201,4,average,2024-04-08
REV22857,PROD102,CUST4467,1,bad,2025-08-23
REV22858,PROD114,CUST5173,1,very bad,2023-08-01
REV22859,PROD101,CUST2794,2,very good,2023-10-19
REV22860,PROD112,CUST2866,5,very bad,2023-12-19
REV22861,PROD102,CUST5884,3,good,2023-12-06
REV22862,PROD103,CUST4639,2,very bad,2025-02-28
REV22863,PROD111,CUST5468,1,bad,2023-06-19
REV22864,PROD104,CUST1658,5,very good,2025-06-30
REV22865,PROD101,CUST1860,2,very good,2024-09-29
REV22866,PROD108,CUST5263,2,bad,2024-12-02
REV22867,PROD108,CUST3621,1,very good,2025-04-17
REV22868,PROD100,CUST4169,5,good,2025-05-25
REV22869,PROD112,CUST1139,1,average,2024-12-26
REV22870,PROD112,CUST3798,2,very good,2024-07-24
REV22871,PROD109,CUST2854,1,very good,2022-11-18
REV22872,PROD103,CUST4307,4,average,2023-10-12
REV22873,PROD101,CUST5502,1,average,2022-11-17
REV22874,PROD102,CUST4593,5,good,2024-12-23
REV22875,PROD105,CUST1920,4,average,2025-08-22
REV22876,PROD102,CUST5500,2,very good,2022-09-19
REV22877,PROD102,CUST5066,3,bad,2024-05-05
REV22878,PROD107,CUST2310,2,average,2023-09-27
REV22879,PROD111,CUST3415,1,average,2023-05-27
REV22880,PROD109,CUST4554,4,average,2024-03-22
REV22881,PROD106,CUST4001,5,very bad,2023-10-13
REV22882,PROD107,CUST1898,5,good,2022-10-02
REV22883,PROD105,CUST1787,5,bad,2025-01-13
REV22884,PROD107,CUST3927,5,bad,2024-08-26
REV22885,PROD113,CUST2390,1,very good,2023-05-03
REV22886,PROD107,CUST4018,4,very bad,2025-05-06
REV22887,PROD109,CUST4646,1,bad,2023-12-30
REV22888,PROD101,CUST2973,5,average,2025-04-25
REV22889,PROD102,CUST1575,4,very good,2025-01-29
REV22890,PROD107,CUST4538,1,good,2024-07-06
REV22891,PROD114,CUST2781,4,very good,2024-11-22
REV22892,PROD101,CUST4756,3,bad,2024-12-08
REV22893,PROD112,CUST2107,5,good,2024-05-09
REV22894,PROD103,CUST3442,4,bad,2023-11-17
REV22895,PROD113,CUST4076,1,good,2023-07-30
REV22896,PROD108,CUST1716,3,very good,2025-04-30
REV22897,PROD106,CUST2857,3,very bad,2023-07-07
REV22898,PROD102,CUST4366,4,very good,2022-11-30
REV22899,PROD104,CUST5856,4,very good,2023-08-15
REV22900,PROD111,CUST2965,3,very good,2023-06-02
REV22901,PROD107,CUST3800,5,bad,2023-10-01
REV22902,PROD100,CUST1385,2,good,2023-06-03
REV22903,PROD110,CUST4967,2,average,2025-05-03
REV22904,PROD107,CUST4524,3,very good,2023-02-07
REV22905,PROD111,CUST1271,5,average,2022-12-30
REV22906,PROD113,CUST5881,2,average,2023-12-02
REV22907,PROD113,CUST1038,3,average,2024-03-10
REV22908,PROD112,CUST5516,4,very good,2023-10-23
REV22909,PROD114,CUST4739,5,average,2023-04-26
REV22910,PROD104,CUST5734,4,bad,2024-01-15
REV22911,PROD100,CUST5601,5,very good,2024-02-22
REV22912,PROD100,CUST1742,3,bad,2023-12-21
REV22913,PROD112,CUST4673,1,average,2024-01-07
REV22914,PROD112,CUST3776,3,very bad,2023-05-10
REV22915,PROD100,CUST1630,3,good,2024-09-08
REV22916,PROD104,CUST4073,2,very good,2025-06-02
REV22917,PROD103,CUST2456,2,very good,2025-08-03
REV22918,PROD106,CUST4533,5,very bad,2023-02-23
REV22919,PROD110,CUST3652,4,average,2024-06-15
REV22920,PROD111,CUST5039,5,very bad,2023-05-17
REV22921,PROD104,CUST4953,3,average,2023-03-21
REV22922,PROD112,CUST4574,5,very good,2022-12-26
REV22923,PROD104,CUST2250,3,good,2025-07-28
REV22924,PROD112,CUST2045,1,very bad,2024-10-30
REV22925,PROD106,CUST2167,5,very good,2025-08-15
REV22926,PROD105,CUST4195,5,very bad,2024-09-30
REV22927,PROD104,CUST1084,1,bad,2024-07-26
REV22928,PROD102,CUST1454,4,average,2023-07-12
REV22929,PROD104,CUST4559,5,bad,2023-02-08
REV22930,PROD102,CUST5147,1,very bad,2024-06-18
REV22931,PROD103,CUST5194,2,very good,2024-12-02
REV22932,PROD111,CUST2206,5,average,2023-09-14
REV22933,PROD103,CUST3355,5,very bad,2025-01-02
REV22934,PROD103,CUST4086,5,good,2024-06-01
REV22935,PROD108,CUST4482,2,very good,2025-01-07
REV22936,PROD102,CUST2902,1,very bad,2023-07-27
REV22937,PROD100,CUST2488,5,very good,2025-07-10
REV22938,PROD109,CUST1315,3,bad,2023-02-18
REV22939,PROD107,CUST4375,3,good,2024-12-11
REV22940,PROD110,CUST4289,1,bad,2023-06-27
REV22941,PROD114,CUST2021,5,bad,2024-12-07
REV22942,PROD107,CUST2470,1,very bad,2023-12-30
REV22943,PROD109,CUST4698,2,very bad,2023-07-17
REV22944,PROD102,CUST3482,2,average,2025-03-09
REV22945,PROD104,CUST3134,4,average,2023-10-18
REV22946,PROD101,CUST2148,1,bad,2025-02-19
REV22947,PROD107,CUST3411,3,average,2024-11-27
REV22948,PROD104,CUST2427,5,average,2025-08-16
REV22949,PROD108,CUST4559,4,very bad,2022-09-17
REV22950,PROD104,CUST1943,4,good,2023-12-11
REV22951,PROD113,CUST3692,3,very good,2023-09-18
REV22952,PROD100,CUST4807,3,average,2024-04-05
REV22953,PROD109,CUST2724,1,bad,2024-09-13
REV22954,PROD110,CUST3240,5,very good,2025-06-25
REV22955,PROD107,CUST5424,4,average,2023-11-15
REV22956,PROD109,CUST1465,1,very good,2025-03-13
REV22957,PROD113,CUST3564,1,very good,2023-05-28
REV22958,PROD108,CUST1919,4,bad,2023-09-17
REV22959,PROD107,CUST2896,2,very good,2023-05-07
REV22960,PROD111,CUST3102,3,average,2025-07-22
REV22961,PROD109,CUST1896,5,good,2023-06-30
REV22962,PROD104,CUST1349,5,good,2023-06-28
REV22963,PROD112,CUST4830,3,very good,2025-01-25
REV22964,PROD110,CUST2489,4,good,2025-08-21
REV22965,PROD106,CUST5084,4,bad,2025-01-05
REV22966,PROD108,CUST3175,1,average,2022-11-22
REV22967,PROD112,CUST5954,5,bad,2023-09-23
REV22968,PROD102,CUST2742,1,good,2023-10-10
REV22969,PROD107,CUST1444,1,very good,2025-03-05
REV22970,PROD110,CUST2853,1,bad,2022-09-26
REV22971,PROD105,CUST5730,3,average,2022-09-24
REV22972,PROD114,CUST5921,5,bad,2023-04-27
REV22973,PROD104,CUST1359,4,very good,2023-04-24
REV22974,PROD103,CUST3156,1,good,2024-04-16
REV22975,PROD104,CUST3296,2,good,2023-07-08
REV22976,PROD114,CUST3323,3,bad,2024-03-14
REV22977,PROD100,CUST1725,3,average,2024-03-19
REV22978,PROD104,CUST1849,2,good,2023-04-17
REV22979,PROD105,CUST3931,3,good,2024-04-05
REV22980,PROD102,CUST5630,3,good,2025-03-30
REV22981,PROD104,CUST5041,5,very good,2023-05-14
REV22982,PROD107,CUST1456,5,very bad,2024-07-08
REV22983,PROD108,CUST5449,3,very bad,2023-09-16
REV22984,PROD113,CUST2947,5,very good,2023-08-05
REV22985,PROD110,CUST1193,3,average,2023-08-30
REV22986,PROD102,CUST2501,4,average,2024-10-05
REV22987,PROD101,CUST2098,2,average,2023-05-23
REV22988,PROD109,CUST1328,3,good,2023-08-25
REV22989,PROD101,CUST3418,1,very bad,2024-11-17
REV22990,PROD113,CUST3555,2,very good,2023-10-02
REV22991,PROD110,CUST1055,2,very good,2023-03-07
REV22992,PROD103,CUST1079,2,very bad,2025-01-23
REV22993,PROD103,CUST2306,5,average,2022-09-24
REV22994,PROD108,CUST2716,4,very bad,2023-02-16
REV22995,PROD110,CUST1145,3,bad,2025-03-06
REV22996,PROD111,CUST1730,2,good,2024-09-27
REV22997,PROD111,CUST3438,2,very good,2023-01-06
REV22998,PROD106,CUST4021,2,very good,2024-11-19
REV22999,PROD110,CUST4217,5,very good,2024-09-12
REV23000,PROD104,CUST3647,5,average,2024-08-03
REV23001,PROD104,CUST1095,4,good,2024-10-01
REV23002,PROD106,CUST2921,2,very bad,2023-03-12
REV23003,PROD106,CUST2596,1,very bad,2024-09-25
REV23004,PROD113,CUST3137,5,very bad,2023-04-10
REV23005,PROD100,CUST3431,1,good,2024-12-27
REV23006,PROD109,CUST3065,3,average,2025-07-03
REV23007,PROD113,CUST3003,1,good,2022-09-09
REV23008,PROD103,CUST5242,3,very good,2023-03-08
REV23009,PROD104,CUST3174,2,bad,2024-05-23
REV23010,PROD112,CUST1504,5,good,2024-09-29
REV23011,PROD110,CUST2410,5,bad,2024-10-08
REV23012,PROD114,CUST1698,4,bad,2024-12-25
REV23013,PROD110,CUST5435,1,average,2023-08-07
REV23014,PROD101,CUST2354,1,good,2024-04-09
REV23015,PROD100,CUST4752,2,very good,2023-01-23
REV23016,PROD108,CUST4086,5,bad,2025-05-10
REV23017,PROD110,CUST5411,5,good,2024-02-24
REV23018,PROD113,CUST5930,3,very good,2025-07-08
REV23019,PROD107,CUST4219,4,good,2025-05-15
REV23020,PROD108,CUST3505,1,average,2022-09-23
REV23021,PROD108,CUST4606,3,very good,2025-06-15
REV23022,PROD100,CUST1878,1,very good,2022-12-15
REV23023,PROD111,CUST1961,1,good,2022-09-24
REV23024,PROD107,CUST1337,3,bad,2024-06-23
REV23025,PROD106,CUST5446,2,good,2023-05-29
REV23026,PROD105,CUST4114,3,very bad,2023-01-18
REV23027,PROD110,CUST2460,2,average,2022-09-21
REV23028,PROD105,CUST4492,2,average,2024-12-10
REV23029,PROD102,CUST5547,5,good,2024-07-12
REV23030,PROD100,CUST5371,2,very good,2022-12-02
REV23031,PROD100,CUST2930,2,bad,2023-10-28
REV23032,PROD111,CUST2540,2,bad,2024-12-26
REV23033,PROD109,CUST3083,3,good,2022-10-04
REV23034,PROD110,CUST4497,3,average,2024-09-04
REV23035,PROD105,CUST4636,2,very bad,2023-05-28
REV23036,PROD108,CUST4824,5,average,2024-10-31
REV23037,PROD113,CUST5663,2,very good,2023-03-19
REV23038,PROD106,CUST5956,2,bad,2023-02-27
REV23039,PROD108,CUST4928,5,very good,2023-02-27
REV23040,PROD108,CUST3547,3,average,2023-05-23
REV23041,PROD102,CUST4326,5,very good,2023-03-03
REV23042,PROD106,CUST5928,3,very good,2022-08-25
REV23043,PROD101,CUST1647,4,bad,2024-01-07
REV23044,PROD104,CUST1015,4,bad,2022-11-12
REV23045,PROD110,CUST5457,3,good,2024-06-20
REV23046,PROD114,CUST2622,3,very bad,2023-06-30
REV23047,PROD103,CUST4387,4,very bad,2024-08-09
REV23048,PROD107,CUST3727,5,bad,2022-09-19
REV23049,PROD108,CUST4678,3,average,2023-01-11
REV23050,PROD105,CUST3801,3,good,2023-06-24
REV23051,PROD108,CUST5523,2,very good,2023-02-17
REV23052,PROD110,CUST2687,1,bad,2025-06-02
REV23053,PROD103,CUST5001,1,good,2024-12-09
REV23054,PROD113,CUST4828,1,bad,2023-10-20
REV23055,PROD107,CUST2524,4,average,2022-11-23
REV23056,PROD111,CUST2713,4,average,2023-04-25
REV23057,PROD106,CUST4313,3,average,2024-09-04
REV23058,PROD107,CUST3263,1,bad,2024-07-26
REV23059,PROD112,CUST2109,4,good,2025-03-31
REV23060,PROD100,CUST3411,1,good,2023-03-11
REV23061,PROD105,CUST3114,5,average,2023-10-30
REV23062,PROD106,CUST1646,4,very bad,2022-12-03
REV23063,PROD102,CUST4969,4,good,2023-07-21
REV23064,PROD100,CUST1358,1,average,2025-01-05
REV23065,PROD110,CUST5184,4,very good,2025-02-03
REV23066,PROD108,CUST5768,5,very good,2024-11-19
REV23067,PROD102,CUST5217,3,good,2023-11-29
REV23068,PROD105,CUST5785,1,average,2022-09-04
REV23069,PROD112,CUST4345,4,average,2025-08-16
REV23070,PROD102,CUST4173,3,very good,2023-12-09
REV23071,PROD106,CUST2716,1,average,2023-02-19
REV23072,PROD114,CUST4499,1,very good,2023-11-22
REV23073,PROD108,CUST2653,4,very bad,2025-05-14
REV23074,PROD113,CUST2185,2,average,2025-04-17
REV23075,PROD113,CUST3961,4,good,2023-11-01
REV23076,PROD101,CUST2251,3,very good,2024-01-01
REV23077,PROD109,CUST5299,1,bad,2023-04-09
REV23078,PROD101,CUST4271,2,bad,2025-02-15
REV23079,PROD110,CUST1850,3,good,2022-09-19
REV23080,PROD108,CUST1693,1,very good,2023-10-28
REV23081,PROD113,CUST3202,4,good,2022-11-08
REV23082,PROD105,CUST5418,4,average,2025-06-16
REV23083,PROD107,CUST1307,4,very bad,2024-11-18
REV23084,PROD103,CUST3678,3,very bad,2023-04-12
REV23085,PROD104,CUST2348,3,bad,2025-07-04
REV23086,PROD108,CUST5813,3,good,2024-10-28
REV23087,PROD109,CUST2977,3,good,2025-08-17
REV23088,PROD108,CUST3551,5,average,2025-06-18
REV23089,PROD114,CUST1496,1,bad,2023-02-17
REV23090,PROD103,CUST4771,3,very bad,2024-01-20
REV23091,PROD106,CUST3453,1,bad,2022-10-11
REV23092,PROD101,CUST3904,4,bad,2024-03-24
REV23093,PROD113,CUST5775,5,very good,2025-02-13
REV23094,PROD100,CUST1664,4,bad,2023-10-05
REV23095,PROD105,CUST3792,1,very good,2023-06-19
REV23096,PROD102,CUST5140,1,very good,2024-07-28
REV23097,PROD107,CUST2860,1,very bad,2023-12-08
REV23098,PROD100,CUST4413,2,good,2025-02-22
REV23099,PROD114,CUST4948,3,average,2024-08-12
REV23100,PROD106,CUST4874,1,very bad,2025-03-27
REV23101,PROD105,CUST3711,3,very bad,2023-07-29
REV23102,PROD109,CUST1754,3,very good,2024-04-10
REV23103,PROD100,CUST1671,2,bad,2023-03-27
REV23104,PROD102,CUST1381,3,very good,2022-12-31
REV23105,PROD105,CUST2928,2,very good,2023-04-11
REV23106,PROD108,CUST2294,4,very bad,2023-11-12
REV23107,PROD107,CUST1179,2,average,2024-05-01
REV23108,PROD107,CUST2456,2,good,2024-02-26
REV23109,PROD105,CUST4418,3,bad,2023-04-14
REV23110,PROD101,CUST3703,3,very bad,2023-08-18
REV23111,PROD104,CUST3302,2,bad,2024-03-21
REV23112,PROD106,CUST2827,2,good,2024-10-04
REV23113,PROD108,CUST5915,3,very good,2024-09-14
REV23114,PROD106,CUST1612,1,average,2024-08-25
REV23115,PROD105,CUST3533,3,bad,2022-09-04
REV23116,PROD100,CUST2158,3,good,2023-12-15
REV23117,PROD104,CUST3421,5,very bad,2025-08-23
REV23118,PROD108,CUST1671,4,good,2025-01-18
REV23119,PROD110,CUST5639,5,average,2024-01-27
REV23120,PROD106,CUST2270,2,average,2023-09-15
REV23121,PROD114,CUST1500,4,good,2024-02-16
REV23122,PROD100,CUST1380,1,very bad,2023-08-28
REV23123,PROD108,CUST3675,3,average,2023-09-12
REV23124,PROD107,CUST5429,5,very good,2023-06-29
REV23125,PROD108,CUST2656,2,average,2024-05-15
REV23126,PROD109,CUST5814,5,average,2024-11-01
REV23127,PROD109,CUST5905,5,good,2023-02-18
REV23128,PROD113,CUST5052,1,very good,2022-09-01
REV23129,PROD113,CUST1652,1,very bad,2023-04-06
REV23130,PROD106,CUST4000,1,very good,2023-11-28
REV23131,PROD113,CUST2308,3,average,2023-01-09
REV23132,PROD112,CUST1180,3,bad,2025-06-08
REV23133,PROD107,CUST3441,3,average,2024-02-07
REV23134,PROD100,CUST1176,3,average,2024-01-24
REV23135,PROD107,CUST3311,3,very bad,2023-04-10
REV23136,PROD110,CUST5619,4,very good,2025-06-23
REV23137,PROD114,CUST3487,3,good,2025-06-25
REV23138,PROD111,CUST1875,5,very bad,2023-03-05
REV23139,PROD103,CUST4884,5,very bad,2023-05-30
REV23140,PROD111,CUST5144,1,very good,2024-04-28
REV23141,PROD102,CUST1309,4,good,2023-10-06
REV23142,PROD100,CUST4603,2,good,2025-02-04
REV23143,PROD113,CUST2484,3,very bad,2022-09-02
REV23144,PROD107,CUST3652,1,very good,2023-11-26
REV23145,PROD114,CUST1651,3,good,2024-03-26
REV23146,PROD109,CUST1171,5,very good,2024-04-24
REV23147,PROD102,CUST5635,1,very bad,2023-10-09
REV23148,PROD111,CUST3792,3,average,2023-05-18
REV23149,PROD104,CUST3211,3,bad,2024-12-24
REV23150,PROD105,CUST1150,5,average,2023-09-18
REV23151,PROD113,CUST1028,4,very bad,2025-03-23
REV23152,PROD109,CUST5908,4,good,2024-03-27
REV23153,PROD107,CUST2102,4,very good,2024-02-06
REV23154,PROD111,CUST5045,1,bad,2023-12-18
REV23155,PROD113,CUST3284,4,very bad,2023-07-05
REV23156,PROD104,CUST4716,2,very bad,2024-07-25
REV23157,PROD112,CUST3694,3,very good,2024-03-10
REV23158,PROD109,CUST4753,5,very bad,2025-04-08
REV23159,PROD112,CUST2442,1,bad,2023-09-15
REV23160,PROD101,CUST5706,3,average,2023-12-29
REV23161,PROD110,CUST1377,3,very good,2023-02-18
REV23162,PROD114,CUST2148,5,average,2024-10-03
REV23163,PROD101,CUST3909,4,good,2024-11-18
REV23164,PROD105,CUST3842,3,very bad,2024-10-12
REV23165,PROD110,CUST5865,5,very bad,2022-11-06
REV23166,PROD103,CUST2540,3,very bad,2025-06-02
REV23167,PROD108,CUST1608,2,very bad,2023-09-30
REV23168,PROD103,CUST3072,1,very good,2022-11-28
REV23169,PROD100,CUST2657,4,good,2022-10-06
REV23170,PROD111,CUST1477,5,very good,2024-04-26
REV23171,PROD103,CUST4121,4,bad,2023-02-12
REV23172,PROD112,CUST5001,1,good,2025-05-08
REV23173,PROD109,CUST3900,4,very bad,2023-06-06
REV23174,PROD106,CUST4179,2,average,2024-11-25
REV23175,PROD108,CUST1401,5,very bad,2022-12-08
REV23176,PROD103,CUST1977,4,very good,2024-04-30
REV23177,PROD112,CUST2965,1,bad,2022-09-20
REV23178,PROD112,CUST3992,5,very good,2025-01-10
REV23179,PROD114,CUST5689,1,average,2023-11-29
REV23180,PROD105,CUST5006,2,average,2023-04-18
REV23181,PROD112,CUST4866,5,good,2025-02-23
REV23182,PROD108,CUST4047,3,average,2023-03-08
REV23183,PROD103,CUST4192,1,average,2023-12-09
REV23184,PROD107,CUST1712,5,very bad,2023-06-16
REV23185,PROD109,CUST2830,4,bad,2024-12-13
REV23186,PROD114,CUST4693,2,average,2025-04-11
REV23187,PROD100,CUST4894,1,very good,2022-09-06
REV23188,PROD111,CUST1412,1,good,2023-09-16
REV23189,PROD100,CUST2261,5,very bad,2025-07-27
REV23190,PROD114,CUST1590,4,good,2022-09-30
REV23191,PROD108,CUST4681,4,bad,2022-12-05
REV23192,PROD114,CUST4045,3,bad,2024-07-12
REV23193,PROD109,CUST2274,2,very bad,2024-05-27
REV23194,PROD100,CUST2694,5,bad,2022-11-05
REV23195,PROD109,CUST4389,1,average,2024-10-27
REV23196,PROD105,CUST5874,5,very good,2025-05-20
REV23197,PROD103,CUST2552,1,good,2023-01-28
REV23198,PROD104,CUST1825,1,bad,2023-03-02
REV23199,PROD108,CUST1560,5,very good,2025-08-19
REV23200,PROD101,CUST2454,1,good,2025-01-15
REV23201,PROD101,CUST4890,2,very good,2024-01-02
REV23202,PROD105,CUST4819,2,very bad,2023-09-23
REV23203,PROD106,CUST3585,4,very bad,2024-05-07
REV23204,PROD103,CUST1724,2,good,2024-08-02
REV23205,PROD111,CUST5915,2,bad,2023-12-18
REV23206,PROD104,CUST1648,3,very bad,2024-01-18
REV23207,PROD114,CUST3260,1,very good,2023-11-11
REV23208,PROD107,CUST5596,1,very good,2025-02-11
REV23209,PROD101,CUST2520,1,average,2023-01-08
REV23210,PROD114,CUST2192,1,very bad,2024-04-22
REV23211,PROD106,CUST2304,3,very good,2024-05-04
REV23212,PROD101,CUST2721,5,bad,2022-08-28
REV23213,PROD111,CUST3043,1,very bad,2024-03-25
REV23214,PROD108,CUST1612,4,good,2025-04-03
REV23215,PROD110,CUST1241,2,average,2024-05-13
REV23216,PROD107,CUST2681,2,very bad,2024-07-31
REV23217,PROD110,CUST4173,5,good,2024-05-16
REV23218,PROD112,CUST1650,1,bad,2023-03-29
REV23219,PROD103,CUST1962,5,good,2023-02-17
REV23220,PROD112,CUST1529,2,good,2025-04-16
REV23221,PROD100,CUST2262,1,good,2025-03-02
REV23222,PROD104,CUST1061,5,very bad,2025-07-05
REV23223,PROD101,CUST3360,3,very bad,2025-05-16
REV23224,PROD102,CUST4994,4,very bad,2025-06-07
REV23225,PROD114,CUST5378,1,good,2024-03-26
REV23226,PROD107,CUST1285,2,very bad,2024-09-06
REV23227,PROD107,CUST2693,4,bad,2022-12-27
REV23228,PROD111,CUST5266,4,bad,2024-07-02
REV23229,PROD100,CUST3960,2,very bad,2024-09-29
REV23230,PROD112,CUST5767,3,bad,2022-10-20
REV23231,PROD112,CUST3132,4,very good,2022-12-03
REV23232,PROD102,CUST5348,5,very good,2023-11-13
REV23233,PROD112,CUST2535,2,very good,2024-07-05
REV23234,PROD109,CUST3614,3,good,2022-09-17
REV23235,PROD105,CUST5264,3,good,2024-10-09
REV23236,PROD108,CUST2459,4,bad,2024-05-23
REV23237,PROD108,CUST5467,3,bad,2024-05-19
REV23238,PROD100,CUST5135,1,good,2024-10-01
REV23239,PROD108,CUST5408,2,good,2024-07-09
REV23240,PROD113,CUST2730,3,good,2023-03-10
REV23241,PROD111,CUST1429,2,bad,2025-04-19
REV23242,PROD110,CUST5758,3,very good,2023-08-19
REV23243,PROD100,CUST2443,2,good,2024-03-18
REV23244,PROD105,CUST4968,5,average,2022-11-18
REV23245,PROD101,CUST3435,3,bad,2024-07-25
REV23246,PROD113,CUST5735,5,very bad,2024-12-24
REV23247,PROD101,CUST5472,3,very good,2024-07-01
REV23248,PROD104,CUST2180,1,very good,2023-05-14
REV23249,PROD105,CUST2162,2,very bad,2025-08-06
REV23250,PROD108,CUST2984,4,bad,2024-12-19
REV23251,PROD103,CUST5282,1,bad,2023-08-17
REV23252,PROD106,CUST1406,3,very bad,2024-11-24
REV23253,PROD101,CUST4622,5,bad,2024-10-23
REV23254,PROD112,CUST2477,2,good,2024-12-01
REV23255,PROD108,CUST2146,2,very good,2024-04-09
REV23256,PROD112,CUST4846,4,average,2024-09-07
REV23257,PROD107,CUST1880,4,bad,2023-11-13
REV23258,PROD105,CUST5795,3,bad,2023-10-14
REV23259,PROD101,CUST4881,1,average,2024-11-03
REV23260,PROD107,CUST4872,1,bad,2025-03-10
REV23261,PROD110,CUST4168,2,bad,2022-10-15
REV23262,PROD111,CUST5875,4,bad,2025-07-25
REV23263,PROD101,CUST2855,5,very bad,2023-05-24
REV23264,PROD112,CUST2432,1,very good,2025-02-16
REV23265,PROD108,CUST2249,4,bad,2025-03-15
REV23266,PROD101,CUST3761,5,average,2024-07-17
REV23267,PROD113,CUST2963,3,very bad,2024-12-20
REV23268,PROD110,CUST5427,5,very good,2023-09-03
REV23269,PROD112,CUST2096,3,average,2024-09-18
REV23270,PROD104,CUST2986,3,average,2024-04-26
REV23271,PROD102,CUST2389,3,good,2023-01-19
REV23272,PROD101,CUST4927,2,very good,2024-05-28
REV23273,PROD104,CUST5160,5,very good,2023-02-06
REV23274,PROD111,CUST1334,5,very good,2024-08-12
REV23275,PROD112,CUST5922,5,good,2023-06-03
REV23276,PROD105,CUST4138,3,average,2022-08-29
REV23277,PROD111,CUST4670,4,bad,2025-04-04
REV23278,PROD100,CUST3650,1,bad,2023-04-22
REV23279,PROD100,CUST1542,3,very good,2023-10-17
REV23280,PROD101,CUST3226,4,very bad,2024-03-29
REV23281,PROD107,CUST3819,1,very bad,2022-11-03
REV23282,PROD107,CUST4094,1,average,2023-08-04
REV23283,PROD110,CUST2120,5,very bad,2025-07-10
REV23284,PROD109,CUST1123,5,very good,2024-06-07
REV23285,PROD100,CUST4574,4,average,2023-03-28
REV23286,PROD104,CUST5348,3,average,2024-09-20
REV23287,PROD105,CUST3293,4,very bad,2023-05-17
REV23288,PROD100,CUST2667,3,very bad,2024-04-02
REV23289,PROD107,CUST2133,5,very good,2024-05-29
REV23290,PROD105,CUST5494,3,very good,2025-07-14
REV23291,PROD101,CUST4047,2,good,2025-05-18
REV23292,PROD105,CUST3643,2,bad,2022-09-14
REV23293,PROD105,CUST5736,3,bad,2024-05-24
REV23294,PROD114,CUST5910,5,very bad,2025-05-06
REV23295,PROD110,CUST2270,3,bad,2022-10-15
REV23296,PROD110,CUST5683,5,very good,2023-08-02
REV23297,PROD109,CUST1337,5,very good,2024-01-21
REV23298,PROD106,CUST3516,5,very bad,2024-07-06
REV23299,PROD112,CUST2501,2,average,2023-01-24
REV23300,PROD104,CUST2066,3,average,2025-04-11
REV23301,PROD101,CUST1299,5,average,2023-07-29
REV23302,PROD111,CUST4538,4,very good,2024-02-19
REV23303,PROD112,CUST1656,4,average,2024-07-29
REV23304,PROD100,CUST4749,5,very good,2022-09-05
REV23305,PROD114,CUST3416,2,very bad,2024-06-18
REV23306,PROD102,CUST2741,5,very good,2023-02-15
REV23307,PROD101,CUST4121,1,average,2024-01-08
REV23308,PROD105,CUST3754,3,average,2023-06-10
REV23309,PROD112,CUST4027,3,very bad,2025-01-03
REV23310,PROD109,CUST5111,5,very bad,2023-10-24
REV23311,PROD101,CUST1148,1,bad,2024-07-30
REV23312,PROD110,CUST4850,3,very good,2023-08-07
REV23313,PROD110,CUST3376,3,bad,2023-12-05
REV23314,PROD109,CUST2393,2,good,2023-08-07
REV23315,PROD111,CUST5699,2,very good,2024-07-31
REV23316,PROD103,CUST5819,3,good,2024-06-18
REV23317,PROD101,CUST4298,1,very bad,2023-06-06
REV23318,PROD105,CUST3127,5,very bad,2023-07-01
REV23319,PROD110,CUST3246,3,average,2023-01-27
REV23320,PROD101,CUST5417,1,bad,2023-06-27
REV23321,PROD101,CUST1187,2,very bad,2023-04-12
REV23322,PROD108,CUST2474,2,good,2024-01-24
REV23323,PROD103,CUST1823,2,very bad,2024-08-04
REV23324,PROD110,CUST2301,3,very good,2023-04-25
REV23325,PROD107,CUST1325,3,bad,2024-03-10
REV23326,PROD102,CUST3515,2,very good,2022-09-28
REV23327,PROD104,CUST5061,5,bad,2024-12-09
REV23328,PROD103,CUST2196,5,bad,2022-10-01
REV23329,PROD105,CUST3856,2,very good,2023-11-11
REV23330,PROD109,CUST3690,1,very good,2025-05-16
REV23331,PROD113,CUST1643,4,good,2022-09-18
REV23332,PROD107,CUST5095,3,bad,2025-01-13
REV23333,PROD106,CUST4209,5,average,2024-03-31
REV23334,PROD100,CUST4960,3,average,2024-02-28
REV23335,PROD111,CUST1284,5,very bad,2022-10-09
REV23336,PROD102,CUST3563,4,very bad,2025-07-17
REV23337,PROD105,CUST4846,4,average,2025-03-21
REV23338,PROD109,CUST4469,5,bad,2025-07-25
REV23339,PROD105,CUST4240,4,average,2022-09-27
REV23340,PROD109,CUST5576,4,bad,2025-01-11
REV23341,PROD107,CUST4761,5,good,2023-01-07
REV23342,PROD106,CUST1453,3,bad,2024-08-16
REV23343,PROD105,CUST1593,4,very bad,2025-02-27
REV23344,PROD100,CUST4032,4,very bad,2022-10-23
REV23345,PROD111,CUST5838,2,very good,2023-09-04
REV23346,PROD108,CUST4701,3,very bad,2024-07-04
REV23347,PROD114,CUST1043,3,very bad,2024-04-13
REV23348,PROD110,CUST1988,1,average,2025-03-11
REV23349,PROD109,CUST3983,4,very bad,2024-12-26
REV23350,PROD114,CUST3095,1,very bad,2023-05-23
REV23351,PROD107,CUST4402,3,bad,2023-02-13
REV23352,PROD102,CUST3345,3,good,2024-11-26
REV23353,PROD105,CUST1311,1,bad,2022-11-01
REV23354,PROD100,CUST2497,4,very good,2023-08-29
REV23355,PROD108,CUST4516,2,very bad,2025-04-04
REV23356,PROD110,CUST1970,4,very bad,2023-03-12
REV23357,PROD109,CUST2943,1,bad,2025-08-04
REV23358,PROD103,CUST3076,5,very bad,2025-02-25
REV23359,PROD101,CUST3190,5,average,2023-04-14
REV23360,PROD102,CUST4950,4,good,2024-10-19
REV23361,PROD102,CUST5047,2,very good,2025-02-09
REV23362,PROD109,CUST2212,5,very bad,2024-01-19
REV23363,PROD103,CUST2724,1,very good,2025-06-09
REV23364,PROD109,CUST5701,3,good,2022-08-28
REV23365,PROD101,CUST4814,3,very good,2024-04-04
REV23366,PROD104,CUST2285,4,good,2023-04-04
REV23367,PROD107,CUST2054,4,bad,2025-05-04
REV23368,PROD104,CUST3406,1,average,2023-11-01
REV23369,PROD111,CUST5278,1,bad,2023-03-18
REV23370,PROD101,CUST2393,5,very good,2023-03-27
REV23371,PROD105,CUST4316,1,average,2023-11-25
REV23372,PROD106,CUST3746,4,good,2024-04-25
REV23373,PROD114,CUST4040,3,bad,2023-07-24
REV23374,PROD112,CUST4800,4,very good,2024-04-28
REV23375,PROD108,CUST2729,5,good,2025-07-18
REV23376,PROD101,CUST3200,5,good,2024-07-12
REV23377,PROD102,CUST4320,4,average,2025-06-19
REV23378,PROD101,CUST5548,3,very bad,2022-12-01
REV23379,PROD105,CUST1139,2,very bad,2025-07-12
REV23380,PROD111,CUST4372,1,bad,2025-04-19
REV23381,PROD107,CUST2192,5,very bad,2023-04-04
REV23382,PROD102,CUST4940,3,good,2023-12-23
REV23383,PROD101,CUST3895,2,very good,2023-11-03
REV23384,PROD106,CUST3479,3,bad,2025-01-06
REV23385,PROD105,CUST3429,4,very bad,2025-04-12
REV23386,PROD105,CUST3088,4,average,2024-04-19
REV23387,PROD104,CUST3931,5,good,2025-02-07
REV23388,PROD112,CUST4042,5,very bad,2022-11-20
REV23389,PROD113,CUST3655,3,very good,2024-10-20
REV23390,PROD110,CUST3241,4,very bad,2024-09-21
REV23391,PROD105,CUST4897,5,very good,2023-08-31
REV23392,PROD102,CUST4942,4,good,2024-08-07
REV23393,PROD107,CUST1910,4,average,2024-09-10
REV23394,PROD100,CUST5800,2,very bad,2025-01-29
REV23395,PROD106,CUST2049,1,good,2023-03-02
REV23396,PROD112,CUST5669,3,average,2022-12-13
REV23397,PROD107,CUST1676,1,very good,2025-07-20
REV23398,PROD108,CUST4100,2,very good,2025-01-28
REV23399,PROD106,CUST2210,1,bad,2024-04-11
REV23400,PROD105,CUST4303,3,very bad,2022-10-14
REV23401,PROD107,CUST4237,5,very good,2023-01-27
REV23402,PROD104,CUST2516,2,very good,2023-01-27
REV23403,PROD112,CUST4525,3,very good,2025-06-09
REV23404,PROD103,CUST3011,1,bad,2023-05-26
REV23405,PROD110,CUST4841,4,average,2023-06-12
REV23406,PROD109,CUST2646,2,average,2025-05-21
REV23407,PROD101,CUST3363,3,very good,2024-06-03
REV23408,PROD101,CUST1059,2,bad,2025-08-21
REV23409,PROD110,CUST3482,4,very bad,2025-02-14
REV23410,PROD106,CUST5737,2,very good,2023-08-13
REV23411,PROD102,CUST5978,3,good,2025-08-07
REV23412,PROD109,CUST1252,5,bad,2024-06-30
REV23413,PROD105,CUST4850,4,very good,2025-08-22
REV23414,PROD100,CUST4058,4,average,2023-07-09
REV23415,PROD111,CUST1163,5,bad,2023-12-27
REV23416,PROD110,CUST5702,4,average,2025-03-01
REV23417,PROD112,CUST4043,5,very good,2025-08-02
REV23418,PROD105,CUST3942,3,good,2023-11-13
REV23419,PROD113,CUST5124,1,very good,2023-03-04
REV23420,PROD112,CUST1641,5,average,2023-04-05
REV23421,PROD101,CUST4097,5,good,2024-07-06
REV23422,PROD108,CUST2740,5,very good,2022-10-12
REV23423,PROD111,CUST1340,4,bad,2023-10-27
REV23424,PROD111,CUST2152,4,average,2024-01-16
REV23425,PROD107,CUST2877,3,good,2024-09-04
REV23426,PROD101,CUST2970,4,average,2024-06-09
REV23427,PROD107,CUST4354,1,very good,2024-10-18
REV23428,PROD102,CUST1632,1,very good,2023-07-18
REV23429,PROD105,CUST5929,1,very good,2025-05-17
REV23430,PROD110,CUST3518,3,very good,2023-03-03
REV23431,PROD109,CUST2354,4,very good,2023-03-04
REV23432,PROD101,CUST3262,2,very good,2024-06-07
REV23433,PROD105,CUST1846,5,very bad,2023-07-08
REV23434,PROD109,CUST4688,2,average,2024-10-17
REV23435,PROD112,CUST3639,1,average,2023-05-25
REV23436,PROD109,CUST5210,5,average,2024-06-20
REV23437,PROD110,CUST5227,3,good,2023-12-17
REV23438,PROD114,CUST5107,5,bad,2023-02-22
REV23439,PROD109,CUST5365,1,bad,2024-12-19
REV23440,PROD105,CUST3425,2,very bad,2022-12-18
REV23441,PROD109,CUST5501,3,very bad,2022-08-29
REV23442,PROD105,CUST3427,2,very good,2025-08-19
REV23443,PROD110,CUST1363,1,very bad,2023-05-03
REV23444,PROD106,CUST3702,2,good,2022-09-06
REV23445,PROD110,CUST5546,5,bad,2022-10-07
REV23446,PROD104,CUST5428,5,very good,2023-08-08
REV23447,PROD106,CUST2365,5,average,2024-05-11
REV23448,PROD109,CUST2461,3,average,2023-11-28
REV23449,PROD113,CUST2459,5,average,2024-01-29
REV23450,PROD100,CUST5229,5,good,2024-03-27
REV23451,PROD107,CUST3281,3,bad,2024-09-13
REV23452,PROD104,CUST5818,1,good,2023-10-05
REV23453,PROD102,CUST1254,5,good,2022-11-13
REV23454,PROD109,CUST4911,2,very good,2024-09-20
REV23455,PROD109,CUST2843,3,very bad,2024-12-29
REV23456,PROD114,CUST3394,1,bad,2023-03-17
REV23457,PROD112,CUST5943,3,good,2023-03-31
REV23458,PROD108,CUST2941,5,average,2023-01-17
REV23459,PROD103,CUST4974,3,average,2023-06-07
REV23460,PROD113,CUST4128,3,very bad,2022-10-17
REV23461,PROD104,CUST2614,2,very bad,2022-12-06
REV23462,PROD102,CUST2231,5,average,2025-04-10
REV23463,PROD106,CUST4803,3,good,2022-11-12
REV23464,PROD102,CUST5988,3,good,2024-07-07
REV23465,PROD106,CUST5000,4,average,2024-12-04
REV23466,PROD108,CUST1542,3,very good,2024-07-16
REV23467,PROD109,CUST2524,5,good,2025-05-03
REV23468,PROD104,CUST2372,4,average,2025-01-06
REV23469,PROD100,CUST1218,4,very bad,2024-05-08
REV23470,PROD101,CUST5140,5,very bad,2022-10-02
REV23471,PROD104,CUST3450,2,very good,2024-01-11
REV23472,PROD105,CUST3585,3,very bad,2023-01-10
REV23473,PROD107,CUST4910,1,good,2024-12-21
REV23474,PROD101,CUST3998,3,good,2024-05-31
REV23475,PROD108,CUST5592,4,bad,2024-10-04
REV23476,PROD112,CUST4632,5,very bad,2023-12-17
REV23477,PROD112,CUST5012,4,bad,2025-08-24
REV23478,PROD100,CUST2730,3,bad,2023-05-17
REV23479,PROD107,CUST3162,4,very good,2023-09-09
REV23480,PROD102,CUST3124,5,good,2023-06-20
REV23481,PROD105,CUST3633,3,good,2025-06-15
REV23482,PROD105,CUST2644,1,very good,2024-02-09
REV23483,PROD109,CUST5722,3,good,2025-03-16
REV23484,PROD106,CUST3201,3,very good,2025-03-29
REV23485,PROD103,CUST5930,1,bad,2023-12-21
REV23486,PROD103,CUST5600,1,very bad,2023-06-27
REV23487,PROD114,CUST3540,4,very good,2025-03-27
REV23488,PROD106,CUST5274,4,good,2022-12-26
REV23489,PROD106,CUST1902,4,good,2025-01-12
REV23490,PROD104,CUST5086,1,bad,2025-03-23
REV23491,PROD110,CUST4158,4,good,2024-03-13
REV23492,PROD109,CUST1551,3,very good,2024-04-12
REV23493,PROD113,CUST1423,5,average,2024-09-28
REV23494,PROD101,CUST4859,3,average,2023-08-03
REV23495,PROD113,CUST4577,5,very good,2023-12-12
REV23496,PROD113,CUST4581,5,good,2024-01-30
REV23497,PROD101,CUST3994,3,bad,2024-08-10
REV23498,PROD113,CUST1851,3,good,2022-11-12
REV23499,PROD107,CUST2409,3,very bad,2022-12-11
REV23500,PROD114,CUST5493,1,good,2024-11-27
REV23501,PROD100,CUST4284,2,bad,2022-11-14
REV23502,PROD105,CUST4784,3,very bad,2024-11-27
REV23503,PROD110,CUST4740,1,bad,2024-03-22
REV23504,PROD110,CUST1989,1,average,2025-06-16
REV23505,PROD112,CUST4460,4,bad,2022-11-25
REV23506,PROD100,CUST5325,2,bad,2024-08-04
REV23507,PROD108,CUST5184,2,very bad,2022-12-07
REV23508,PROD106,CUST5589,1,average,2022-12-28
REV23509,PROD101,CUST2701,5,bad,2022-08-29
REV23510,PROD106,CUST3488,2,average,2024-01-28
REV23511,PROD103,CUST4428,2,very good,2023-06-27
REV23512,PROD110,CUST4500,2,very good,2024-09-03
REV23513,PROD106,CUST3869,3,bad,2023-05-07
REV23514,PROD101,CUST3811,1,bad,2023-09-07
REV23515,PROD112,CUST3111,2,bad,2022-11-20
REV23516,PROD113,CUST5608,4,very good,2022-10-09
REV23517,PROD114,CUST2838,2,very bad,2025-03-06
REV23518,PROD114,CUST1608,5,bad,2022-12-25
REV23519,PROD111,CUST5441,3,very bad,2023-01-12
REV23520,PROD105,CUST4668,5,very bad,2024-01-25
REV23521,PROD110,CUST1840,4,good,2023-04-20
REV23522,PROD107,CUST3280,4,average,2023-01-28
REV23523,PROD114,CUST2431,2,very good,2025-01-12
REV23524,PROD113,CUST1549,4,very good,2023-04-04
REV23525,PROD100,CUST1244,5,very good,2025-05-21
REV23526,PROD106,CUST3194,4,very bad,2022-09-09
REV23527,PROD108,CUST4618,2,average,2023-04-21
REV23528,PROD102,CUST1184,4,bad,2023-01-05
REV23529,PROD103,CUST3979,1,average,2024-09-29
REV23530,PROD109,CUST3032,5,bad,2024-05-24
REV23531,PROD113,CUST4456,2,very good,2024-04-10
REV23532,PROD102,CUST3429,1,very good,2023-01-15
REV23533,PROD113,CUST4451,2,bad,2025-01-12
REV23534,PROD103,CUST5156,2,very good,2025-08-21
REV23535,PROD110,CUST5601,5,good,2023-04-11
REV23536,PROD113,CUST3635,2,bad,2024-08-27
REV23537,PROD102,CUST1511,3,bad,2024-08-12
REV23538,PROD111,CUST5872,3,very good,2023-10-13
REV23539,PROD101,CUST3967,1,good,2024-02-29
REV23540,PROD110,CUST3552,1,very bad,2023-11-18
REV23541,PROD105,CUST2066,3,bad,2024-07-21
REV23542,PROD104,CUST2182,1,average,2023-05-22
REV23543,PROD100,CUST4048,4,average,2023-09-09
REV23544,PROD101,CUST2132,1,good,2023-12-07
REV23545,PROD100,CUST2723,5,average,2024-10-16
REV23546,PROD112,CUST5494,1,average,2023-09-29
REV23547,PROD103,CUST3091,4,bad,2025-04-23
REV23548,PROD105,CUST5509,1,good,2023-08-13
REV23549,PROD103,CUST4210,1,very bad,2025-06-16
REV23550,PROD108,CUST4325,1,very bad,2025-06-26
REV23551,PROD113,CUST5754,3,bad,2023-04-07
REV23552,PROD100,CUST4509,1,good,2024-11-13
REV23553,PROD100,CUST1268,3,very good,2022-11-05
REV23554,PROD103,CUST1528,1,average,2025-01-18
REV23555,PROD100,CUST5167,3,very bad,2023-05-10
REV23556,PROD108,CUST4856,4,very bad,2024-06-17
REV23557,PROD111,CUST4637,3,good,2024-02-28
REV23558,PROD101,CUST1466,5,very good,2024-02-27
REV23559,PROD103,CUST2940,1,very good,2024-01-06
REV23560,PROD106,CUST4520,4,very good,2024-09-21
REV23561,PROD103,CUST5610,3,very good,2023-01-07
REV23562,PROD111,CUST2781,1,bad,2025-01-21
REV23563,PROD100,CUST4840,2,bad,2023-05-26
REV23564,PROD114,CUST1680,1,good,2023-07-28
REV23565,PROD112,CUST3513,3,bad,2024-06-17
REV23566,PROD102,CUST1000,5,good,2023-05-07
REV23567,PROD113,CUST5673,2,average,2025-03-05
REV23568,PROD109,CUST4223,4,very good,2023-12-20
REV23569,PROD100,CUST3078,2,average,2024-09-13
REV23570,PROD107,CUST5864,2,good,2022-11-09
REV23571,PROD107,CUST5366,1,bad,2025-06-15
REV23572,PROD106,CUST1435,4,very bad,2024-06-18
REV23573,PROD107,CUST1763,1,very bad,2022-10-12
REV23574,PROD108,CUST1767,4,very good,2024-01-20
REV23575,PROD113,CUST1692,4,very good,2023-07-29
REV23576,PROD105,CUST3012,4,average,2022-12-04
REV23577,PROD104,CUST4937,2,good,2023-03-24
REV23578,PROD101,CUST3666,3,good,2024-08-13
REV23579,PROD113,CUST2396,2,very bad,2024-12-13
REV23580,PROD112,CUST3738,4,good,2024-07-15
REV23581,PROD113,CUST5209,4,bad,2023-01-12
REV23582,PROD105,CUST3446,4,very bad,2025-03-07
REV23583,PROD109,CUST3580,1,bad,2024-08-23
REV23584,PROD110,CUST3967,5,bad,2025-08-22
REV23585,PROD100,CUST3883,5,very bad,2023-06-14
REV23586,PROD108,CUST3601,4,very good,2024-02-03
REV23587,PROD111,CUST3689,5,good,2023-06-05
REV23588,PROD105,CUST1324,1,very bad,2023-08-30
REV23589,PROD101,CUST5834,2,average,2024-03-18
REV23590,PROD105,CUST2604,5,good,2022-11-22
REV23591,PROD112,CUST1475,1,good,2023-04-09
REV23592,PROD104,CUST4094,4,average,2023-02-14
REV23593,PROD104,CUST5122,4,bad,2023-07-28
REV23594,PROD114,CUST4334,4,good,2024-09-03
REV23595,PROD114,CUST1321,4,average,2024-10-27
REV23596,PROD102,CUST5852,1,good,2023-08-12
REV23597,PROD101,CUST2529,2,average,2024-03-11
REV23598,PROD113,CUST2328,3,bad,2024-08-02
REV23599,PROD102,CUST1761,3,bad,2024-01-01
REV23600,PROD110,CUST3423,5,bad,2025-07-29
REV23601,PROD104,CUST5851,2,good,2023-07-10
REV23602,PROD105,CUST1892,3,good,2023-10-16
REV23603,PROD114,CUST3350,2,very good,2023-09-12
REV23604,PROD107,CUST5466,4,very bad,2024-08-11
REV23605,PROD113,CUST5236,3,very bad,2024-01-03
REV23606,PROD108,CUST2415,1,average,2025-08-12
REV23607,PROD102,CUST2344,3,average,2024-01-07
REV23608,PROD102,CUST5957,4,average,2024-04-05
REV23609,PROD112,CUST3499,5,bad,2025-07-04
REV23610,PROD106,CUST3457,3,good,2025-07-18
REV23611,PROD100,CUST1712,4,average,2023-12-28
REV23612,PROD114,CUST5558,1,very good,2022-11-30
REV23613,PROD112,CUST1642,3,very bad,2024-09-30
REV23614,PROD110,CUST4488,4,bad,2023-04-12
REV23615,PROD109,CUST3435,3,bad,2025-08-12
REV23616,PROD111,CUST5094,1,average,2023-11-02
REV23617,PROD109,CUST5154,2,good,2024-07-28
REV23618,PROD110,CUST4544,2,bad,2024-02-05
REV23619,PROD108,CUST5427,4,average,2025-03-18
REV23620,PROD103,CUST1248,2,bad,2025-05-06
REV23621,PROD107,CUST3639,4,very good,2024-04-28
REV23622,PROD111,CUST1510,3,very bad,2025-04-14
REV23623,PROD106,CUST4978,4,very good,2022-09-09
REV23624,PROD104,CUST4616,1,average,2024-02-21
REV23625,PROD105,CUST5251,4,good,2025-08-14
REV23626,PROD101,CUST5623,3,good,2025-08-03
REV23627,PROD102,CUST2238,3,average,2023-03-03
REV23628,PROD101,CUST3967,5,very bad,2024-05-17
REV23629,PROD110,CUST2259,1,average,2023-01-09
REV23630,PROD108,CUST1386,1,average,2025-04-10
REV23631,PROD102,CUST3992,3,very bad,2023-07-06
REV23632,PROD112,CUST2215,4,very bad,2023-12-16
REV23633,PROD104,CUST3023,1,average,2024-11-27
REV23634,PROD102,CUST5456,3,average,2025-07-19
REV23635,PROD102,CUST2372,5,very good,2024-07-03
REV23636,PROD110,CUST1101,3,very good,2023-08-28
REV23637,PROD111,CUST3673,1,average,2025-03-03
REV23638,PROD104,CUST2815,4,average,2022-10-05
REV23639,PROD110,CUST4938,1,very good,2023-11-10
REV23640,PROD101,CUST3959,5,average,2025-06-22
REV23641,PROD109,CUST5133,4,bad,2023-04-04
REV23642,PROD103,CUST4862,5,very good,2024-03-18
REV23643,PROD101,CUST2831,4,very good,2023-02-28
REV23644,PROD103,CUST3385,3,bad,2025-05-07
REV23645,PROD103,CUST3103,3,good,2024-11-10
REV23646,PROD107,CUST1067,2,average,2024-10-09
REV23647,PROD106,CUST2758,4,average,2025-03-19
REV23648,PROD108,CUST2358,3,very bad,2023-01-14
REV23649,PROD103,CUST4124,4,average,2023-04-05
REV23650,PROD106,CUST1237,2,good,2024-04-13
REV23651,PROD107,CUST5640,4,very good,2024-09-16
REV23652,PROD111,CUST4057,4,average,2024-03-31
REV23653,PROD103,CUST5214,4,very good,2023-12-18
REV23654,PROD101,CUST1414,1,very bad,2025-07-10
REV23655,PROD102,CUST2911,3,average,2024-10-08
REV23656,PROD110,CUST3344,2,bad,2024-06-11
REV23657,PROD105,CUST2576,3,good,2023-03-03
REV23658,PROD104,CUST2751,2,very bad,2024-05-12
REV23659,PROD108,CUST4029,4,good,2023-03-01
REV23660,PROD100,CUST5118,4,bad,2024-08-26
REV23661,PROD112,CUST2128,1,very good,2022-09-19
REV23662,PROD114,CUST2399,1,average,2025-02-10
REV23663,PROD104,CUST4183,4,very bad,2022-10-06
REV23664,PROD107,CUST1272,2,very bad,2024-09-04
REV23665,PROD106,CUST5819,2,good,2024-04-08
REV23666,PROD108,CUST1492,1,bad,2025-04-01
REV23667,PROD110,CUST2170,5,good,2024-05-07
REV23668,PROD103,CUST2132,5,very good,2025-03-18
REV23669,PROD105,CUST5342,2,good,2023-04-13
REV23670,PROD100,CUST3138,4,average,2025-01-05
REV23671,PROD104,CUST5226,1,average,2024-02-28
REV23672,PROD110,CUST4529,1,average,2022-09-04
REV23673,PROD106,CUST1481,4,bad,2023-07-04
REV23674,PROD109,CUST4415,1,very bad,2024-06-08
REV23675,PROD102,CUST5881,1,very good,2023-07-19
REV23676,PROD112,CUST4517,4,very bad,2023-05-23
REV23677,PROD105,CUST5939,2,average,2023-09-08
REV23678,PROD112,CUST1279,3,good,2024-03-20
REV23679,PROD109,CUST5200,4,average,2024-10-02
REV23680,PROD108,CUST3286,3,average,2023-08-02
REV23681,PROD109,CUST2210,5,very good,2023-07-26
REV23682,PROD105,CUST3876,1,bad,2024-12-22
REV23683,PROD113,CUST1321,5,very bad,2024-11-11
REV23684,PROD108,CUST4481,1,average,2023-11-22
REV23685,PROD110,CUST5727,1,very bad,2025-03-19
REV23686,PROD102,CUST4203,1,average,2023-09-22
REV23687,PROD108,CUST2942,4,very good,2023-02-26
REV23688,PROD110,CUST4699,3,good,2025-06-18
REV23689,PROD108,CUST1241,2,average,2024-11-15
REV23690,PROD108,CUST3713,3,very bad,2023-06-29
REV23691,PROD102,CUST1480,2,very good,2023-08-02
REV23692,PROD103,CUST4422,3,average,2022-09-21
REV23693,PROD107,CUST3096,4,very bad,2025-01-10
REV23694,PROD106,CUST3900,2,good,2023-10-02
REV23695,PROD110,CUST1617,3,very good,2024-12-16
REV23696,PROD103,CUST2400,2,average,2024-02-12
REV23697,PROD107,CUST4245,4,good,2023-01-14
REV23698,PROD109,CUST5378,5,good,2025-04-18
REV23699,PROD102,CUST1116,2,bad,2025-04-16
REV23700,PROD100,CUST1007,2,average,2022-08-26
REV23701,PROD114,CUST1862,1,very bad,2023-05-03
REV23702,PROD112,CUST1915,4,average,2025-08-19
REV23703,PROD111,CUST2699,5,very bad,2023-07-04
REV23704,PROD114,CUST4135,3,very bad,2023-06-23
REV23705,PROD114,CUST2832,5,average,2024-09-30
REV23706,PROD113,CUST2696,3,good,2024-11-18
REV23707,PROD105,CUST5880,3,good,2023-04-13
REV23708,PROD107,CUST1641,5,average,2025-02-03
REV23709,PROD107,CUST5481,2,average,2024-12-16
REV23710,PROD105,CUST5116,5,bad,2022-09-15
REV23711,PROD107,CUST4557,4,very good,2025-08-10
REV23712,PROD113,CUST2150,5,good,2024-03-05
REV23713,PROD108,CUST1992,3,very bad,2023-01-14
REV23714,PROD102,CUST5354,3,bad,2025-08-15
REV23715,PROD109,CUST3524,5,good,2022-09-01
REV23716,PROD101,CUST4494,1,bad,2025-06-14
REV23717,PROD100,CUST5765,5,average,2023-01-08
REV23718,PROD104,CUST5350,1,good,2025-07-05
REV23719,PROD102,CUST5649,3,very bad,2024-07-08
REV23720,PROD105,CUST3059,2,bad,2024-10-30
REV23721,PROD113,CUST4606,2,bad,2025-01-15
REV23722,PROD100,CUST4895,4,very bad,2025-03-01
REV23723,PROD106,CUST1683,2,very bad,2023-04-23
REV23724,PROD112,CUST1027,4,bad,2023-02-15
REV23725,PROD109,CUST3727,5,bad,2024-01-17
REV23726,PROD109,CUST3086,1,very good,2023-11-08
REV23727,PROD109,CUST3704,2,average,2024-02-06
REV23728,PROD106,CUST2161,2,good,2024-06-01
REV23729,PROD105,CUST4445,2,average,2024-12-01
REV23730,PROD108,CUST4046,2,very good,2025-01-14
REV23731,PROD104,CUST2378,3,bad,2022-09-14
REV23732,PROD111,CUST2596,1,very good,2024-06-29
REV23733,PROD113,CUST2977,3,average,2022-11-19
REV23734,PROD110,CUST1790,1,very bad,2024-07-06
REV23735,PROD100,CUST2351,5,average,2024-08-18
REV23736,PROD111,CUST1485,4,very good,2024-11-20
REV23737,PROD103,CUST2444,2,average,2025-06-28
REV23738,PROD100,CUST1164,2,very good,2024-10-12
REV23739,PROD104,CUST4734,4,bad,2024-06-06
REV23740,PROD112,CUST2862,4,very good,2024-10-06
REV23741,PROD112,CUST4621,3,very good,2023-05-31
REV23742,PROD105,CUST4244,5,very good,2024-03-20
REV23743,PROD114,CUST5892,2,good,2025-04-30
REV23744,PROD104,CUST5089,5,good,2024-10-16
REV23745,PROD110,CUST4065,4,good,2023-09-01
REV23746,PROD110,CUST1444,1,very good,2024-12-01
REV23747,PROD111,CUST5182,2,very good,2024-04-13
REV23748,PROD102,CUST1829,4,good,2024-09-02
REV23749,PROD103,CUST3778,2,very good,2024-05-19
REV23750,PROD102,CUST4525,5,good,2025-06-03
REV23751,PROD101,CUST5661,5,average,2025-02-01
REV23752,PROD102,CUST1234,5,very good,2023-03-11
REV23753,PROD100,CUST2752,2,good,2024-10-28
REV23754,PROD100,CUST4581,1,average,2024-06-20
REV23755,PROD107,CUST4664,5,very bad,2024-07-21
REV23756,PROD109,CUST1464,2,very good,2025-01-25
REV23757,PROD113,CUST3842,3,very bad,2023-12-26
REV23758,PROD103,CUST1851,1,very good,2024-04-25
REV23759,PROD110,CUST5887,5,average,2024-01-06
REV23760,PROD106,CUST4489,2,very good,2025-08-03
REV23761,PROD105,CUST2059,1,bad,2024-04-05
REV23762,PROD106,CUST3663,2,very good,2022-09-04
REV23763,PROD103,CUST1805,4,bad,2023-05-17
REV23764,PROD112,CUST5171,3,very bad,2024-07-23
REV23765,PROD110,CUST1015,1,good,2022-09-03
REV23766,PROD112,CUST3780,1,good,2024-02-13
REV23767,PROD100,CUST2782,1,very good,2024-01-21
REV23768,PROD101,CUST5590,4,very good,2023-07-28
REV23769,PROD111,CUST2068,5,average,2022-10-30
REV23770,PROD106,CUST1072,4,very bad,2022-09-16
REV23771,PROD112,CUST5284,4,average,2025-06-18
REV23772,PROD109,CUST2448,5,average,2024-10-23
REV23773,PROD107,CUST4920,4,average,2024-04-02
REV23774,PROD108,CUST3917,4,very bad,2024-10-01
REV23775,PROD100,CUST2287,1,very good,2023-12-01
REV23776,PROD111,CUST2893,1,average,2023-03-06
REV23777,PROD107,CUST4761,5,good,2023-02-03
REV23778,PROD109,CUST1892,4,very bad,2023-09-28
REV23779,PROD107,CUST4431,3,very bad,2025-03-12
REV23780,PROD104,CUST5724,5,bad,2024-11-16
REV23781,PROD103,CUST1522,4,very bad,2024-03-08
REV23782,PROD103,CUST2155,3,bad,2023-04-01
REV23783,PROD112,CUST1437,2,very good,2024-06-02
REV23784,PROD113,CUST2396,3,average,2025-01-18
REV23785,PROD100,CUST1996,1,very good,2025-04-06
REV23786,PROD102,CUST2744,4,bad,2024-09-09
REV23787,PROD114,CUST4483,4,very bad,2025-02-14
REV23788,PROD109,CUST3334,4,very good,2025-06-28
REV23789,PROD109,CUST1158,3,bad,2024-04-09
REV23790,PROD104,CUST4894,4,good,2023-07-09
REV23791,PROD108,CUST1186,1,average,2023-09-28
REV23792,PROD110,CUST5492,4,very good,2022-10-07
REV23793,PROD102,CUST2861,5,good,2024-01-06
REV23794,PROD106,CUST3237,1,good,2025-06-24
REV23795,PROD104,CUST5468,4,very good,2024-02-03
REV23796,PROD113,CUST4583,4,good,2024-05-18
REV23797,PROD106,CUST4500,1,average,2022-12-10
REV23798,PROD111,CUST1474,3,very good,2024-03-03
REV23799,PROD109,CUST5485,1,average,2024-06-28
REV23800,PROD106,CUST1263,4,very bad,2024-02-13
REV23801,PROD105,CUST1969,2,very bad,2024-11-01
REV23802,PROD100,CUST3378,2,bad,2023-05-18
REV23803,PROD111,CUST3752,4,very bad,2023-07-27
REV23804,PROD103,CUST5391,2,very good,2023-11-21
REV23805,PROD102,CUST4075,1,bad,2023-01-23
REV23806,PROD113,CUST1667,2,good,2025-02-22
REV23807,PROD107,CUST2011,1,very bad,2024-11-28
REV23808,PROD103,CUST3934,2,bad,2024-10-26
REV23809,PROD104,CUST4218,5,average,2022-11-25
REV23810,PROD100,CUST2954,5,bad,2023-05-01
REV23811,PROD111,CUST1620,2,average,2025-01-31
REV23812,PROD107,CUST1838,4,bad,2025-01-07
REV23813,PROD104,CUST1558,4,good,2022-12-01
REV23814,PROD104,CUST3520,3,average,2023-08-03
REV23815,PROD104,CUST4201,4,bad,2024-03-29
REV23816,PROD111,CUST3836,2,very bad,2024-06-04
REV23817,PROD108,CUST4252,5,bad,2023-08-28
REV23818,PROD113,CUST1244,4,very good,2023-02-24
REV23819,PROD105,CUST1486,1,very bad,2024-04-08
REV23820,PROD104,CUST1175,4,good,2024-04-02
REV23821,PROD103,CUST5164,4,average,2025-08-05
REV23822,PROD104,CUST1073,1,good,2023-11-04
REV23823,PROD106,CUST1249,2,very bad,2023-04-01
REV23824,PROD110,CUST3499,4,average,2024-02-24
REV23825,PROD100,CUST2630,5,good,2023-01-02
REV23826,PROD110,CUST3756,1,good,2024-04-24
REV23827,PROD104,CUST4470,2,good,2023-11-29
REV23828,PROD101,CUST2773,5,very bad,2022-12-09
REV23829,PROD100,CUST4703,3,bad,2023-09-28
REV23830,PROD111,CUST2775,3,very good,2023-12-06
REV23831,PROD113,CUST2495,4,very bad,2024-01-16
REV23832,PROD111,CUST3868,2,good,2022-09-14
REV23833,PROD106,CUST1097,4,average,2024-02-09
REV23834,PROD101,CUST5604,2,good,2023-09-29
REV23835,PROD110,CUST1194,4,average,2025-08-04
REV23836,PROD106,CUST2397,2,very good,2024-02-14
REV23837,PROD105,CUST4900,1,very bad,2025-03-22
REV23838,PROD107,CUST4925,1,very bad,2024-10-21
REV23839,PROD110,CUST2624,2,good,2024-11-19
REV23840,PROD109,CUST3447,1,good,2025-04-03
REV23841,PROD101,CUST2097,5,average,2024-07-20
REV23842,PROD108,CUST3462,2,good,2022-12-16
REV23843,PROD101,CUST3151,2,good,2023-09-18
REV23844,PROD106,CUST3999,4,good,2024-11-14
REV23845,PROD103,CUST5707,3,very bad,2024-05-11
REV23846,PROD108,CUST3041,5,average,2023-01-17
REV23847,PROD102,CUST2541,5,very bad,2025-02-06
REV23848,PROD109,CUST2152,1,good,2023-02-23
REV23849,PROD112,CUST4646,1,very good,2024-08-01
REV23850,PROD110,CUST5410,4,bad,2022-09-28
REV23851,PROD102,CUST1547,5,very bad,2025-03-05
REV23852,PROD102,CUST5197,1,very bad,2023-05-18
REV23853,PROD103,CUST4021,3,very good,2024-10-07
REV23854,PROD107,CUST3600,5,very bad,2024-09-04
REV23855,PROD107,CUST1533,2,good,2023-09-03
REV23856,PROD100,CUST3838,4,average,2024-10-01
REV23857,PROD105,CUST3328,1,very bad,2024-03-12
REV23858,PROD104,CUST3813,4,average,2025-06-20
REV23859,PROD100,CUST1969,4,bad,2023-01-04
REV23860,PROD114,CUST4116,2,bad,2023-05-22
REV23861,PROD114,CUST3258,2,very bad,2022-09-06
REV23862,PROD113,CUST1917,5,good,2025-02-24
REV23863,PROD110,CUST4076,1,good,2025-05-17
REV23864,PROD104,CUST3511,4,average,2023-09-03
REV23865,PROD104,CUST1279,2,average,2022-09-29
REV23866,PROD106,CUST4080,4,very good,2024-07-28
REV23867,PROD111,CUST2877,5,average,2022-10-21
REV23868,PROD108,CUST1455,2,good,2025-03-08
REV23869,PROD106,CUST5714,3,very bad,2023-03-23
REV23870,PROD100,CUST2014,5,average,2023-03-30
REV23871,PROD114,CUST3085,1,very bad,2024-12-25
REV23872,PROD101,CUST3415,4,very bad,2025-03-19
REV23873,PROD102,CUST2316,1,average,2022-10-25
REV23874,PROD103,CUST4923,5,good,2025-05-19
REV23875,PROD102,CUST1798,3,average,2025-02-11
REV23876,PROD102,CUST2393,5,very good,2022-08-28
REV23877,PROD111,CUST2865,3,bad,2023-08-11
REV23878,PROD100,CUST2620,4,very good,2024-08-08
REV23879,PROD110,CUST3409,2,good,2023-12-11
REV23880,PROD101,CUST4837,4,very bad,2025-04-09
REV23881,PROD110,CUST4413,5,very good,2024-11-08
REV23882,PROD112,CUST3072,1,very good,2024-05-19
REV23883,PROD111,CUST5514,1,very bad,2022-10-18
REV23884,PROD101,CUST5324,3,average,2023-12-30
REV23885,PROD103,CUST5568,1,average,2023-12-11
REV23886,PROD109,CUST5393,4,very bad,2024-11-12
REV23887,PROD113,CUST1914,1,very good,2022-09-30
REV23888,PROD111,CUST5603,1,very bad,2025-04-21
REV23889,PROD110,CUST3598,5,good,2024-05-01
REV23890,PROD103,CUST2960,1,very good,2023-03-22
REV23891,PROD107,CUST2447,3,good,2025-02-22
REV23892,PROD100,CUST2281,1,very good,2024-08-24
REV23893,PROD113,CUST3202,5,average,2025-07-01
REV23894,PROD100,CUST3835,3,very bad,2025-03-24
REV23895,PROD108,CUST1157,1,very good,2023-11-05
REV23896,PROD105,CUST4627,5,very good,2023-10-01
REV23897,PROD114,CUST4079,1,very good,2023-03-15
REV23898,PROD106,CUST3631,5,very good,2025-05-05
REV23899,PROD113,CUST5023,3,very bad,2025-01-13
REV23900,PROD106,CUST5119,3,average,2023-08-24
REV23901,PROD105,CUST5203,4,good,2024-01-02
REV23902,PROD102,CUST1932,5,bad,2025-08-19
REV23903,PROD110,CUST3859,4,average,2024-11-03
REV23904,PROD102,CUST1458,3,bad,2024-08-08
REV23905,PROD111,CUST3375,2,very bad,2024-11-02
REV23906,PROD114,CUST2827,1,very good,2022-10-29
REV23907,PROD101,CUST1628,1,very good,2022-10-01
REV23908,PROD109,CUST3870,4,average,2023-07-12
REV23909,PROD110,CUST4341,2,bad,2023-04-18
REV23910,PROD107,CUST1103,2,very bad,2022-10-10
REV23911,PROD107,CUST5512,2,good,2025-08-17
REV23912,PROD112,CUST1421,3,good,2024-06-04
REV23913,PROD108,CUST2691,2,very bad,2025-05-15
REV23914,PROD112,CUST1076,1,average,2024-04-08
REV23915,PROD103,CUST1208,4,good,2025-04-18
REV23916,PROD101,CUST1717,5,average,2022-12-02
REV23917,PROD106,CUST1054,3,bad,2024-08-06
REV23918,PROD109,CUST1533,4,good,2024-09-05
REV23919,PROD108,CUST4861,3,very bad,2024-09-08
REV23920,PROD105,CUST3371,2,average,2025-01-22
REV23921,PROD111,CUST5625,2,very bad,2023-02-24
REV23922,PROD113,CUST1127,2,bad,2023-01-30
REV23923,PROD103,CUST4098,3,very bad,2022-11-04
REV23924,PROD102,CUST1874,4,average,2024-08-05
REV23925,PROD107,CUST5906,5,bad,2023-03-29
REV23926,PROD111,CUST1884,5,very bad,2023-08-03
REV23927,PROD113,CUST4958,2,good,2025-04-11
REV23928,PROD107,CUST3122,4,very bad,2024-09-20
REV23929,PROD111,CUST4771,1,good,2023-05-10
REV23930,PROD106,CUST3806,3,very bad,2023-04-13
REV23931,PROD104,CUST1933,3,bad,2024-10-11
REV23932,PROD105,CUST2729,2,very good,2024-05-25
REV23933,PROD105,CUST1909,2,very bad,2024-06-02
REV23934,PROD111,CUST3391,5,average,2024-01-28
REV23935,PROD102,CUST1657,5,good,2025-02-16
REV23936,PROD112,CUST4338,3,very good,2024-08-17
REV23937,PROD111,CUST5078,5,bad,2024-07-14
REV23938,PROD112,CUST3948,4,good,2024-02-07
REV23939,PROD112,CUST3993,1,good,2025-07-04
REV23940,PROD104,CUST3672,5,very bad,2024-11-06
REV23941,PROD103,CUST1622,1,good,2023-04-25
REV23942,PROD114,CUST1222,1,average,2024-12-15
REV23943,PROD112,CUST3289,4,good,2024-07-15
REV23944,PROD106,CUST4246,5,average,2022-11-12
REV23945,PROD109,CUST4895,5,very good,2022-12-10
REV23946,PROD109,CUST3462,2,very good,2023-11-02
REV23947,PROD105,CUST2455,1,very good,2025-08-20
REV23948,PROD110,CUST3611,3,very bad,2023-05-06
REV23949,PROD104,CUST3073,4,average,2024-10-15
REV23950,PROD111,CUST2676,3,very good,2024-12-10
REV23951,PROD101,CUST1360,5,good,2024-07-15
REV23952,PROD103,CUST2189,4,good,2024-12-11
REV23953,PROD113,CUST4216,2,very bad,2025-04-27
REV23954,PROD112,CUST4377,3,good,2022-09-21
REV23955,PROD108,CUST3165,1,bad,2023-12-22
REV23956,PROD101,CUST4941,1,very good,2023-11-18
REV23957,PROD109,CUST3327,3,good,2024-06-27
REV23958,PROD103,CUST1968,5,good,2024-12-02
REV23959,PROD108,CUST3565,2,good,2024-02-25
REV23960,PROD100,CUST5704,1,very good,2023-09-23
REV23961,PROD103,CUST4450,1,average,2023-11-23
REV23962,PROD108,CUST3542,4,very good,2024-11-05
REV23963,PROD107,CUST1084,3,very bad,2025-06-07
REV23964,PROD107,CUST1412,3,very good,2025-07-05
REV23965,PROD106,CUST1877,1,very good,2024-10-06
REV23966,PROD109,CUST4468,5,very good,2023-04-20
REV23967,PROD103,CUST5006,1,very good,2025-03-22
REV23968,PROD111,CUST2203,1,very bad,2025-06-03
REV23969,PROD100,CUST2490,4,bad,2022-12-05
REV23970,PROD108,CUST4611,2,good,2022-08-26
REV23971,PROD104,CUST1539,4,average,2024-08-25
REV23972,PROD105,CUST1535,5,very bad,2024-10-26
REV23973,PROD108,CUST4160,3,good,2024-05-17
REV23974,PROD105,CUST1530,2,very good,2023-05-01
REV23975,PROD100,CUST4526,3,average,2022-10-07
REV23976,PROD106,CUST1967,1,average,2025-06-19
REV23977,PROD111,CUST1260,3,average,2025-08-12
REV23978,PROD109,CUST1916,5,very good,2023-12-14
REV23979,PROD113,CUST2317,1,very bad,2024-10-21
REV23980,PROD108,CUST2125,1,very bad,2023-10-08
REV23981,PROD113,CUST3051,4,average,2025-01-03
REV23982,PROD112,CUST1082,4,very bad,2022-10-03
REV23983,PROD102,CUST4899,2,average,2023-12-19
REV23984,PROD108,CUST2456,4,very good,2025-03-09
REV23985,PROD103,CUST2253,2,very good,2023-01-25
REV23986,PROD114,CUST5620,3,bad,2023-11-11
REV23987,PROD112,CUST5727,5,very bad,2025-06-03
REV23988,PROD111,CUST4713,3,very bad,2023-07-18
REV23989,PROD104,CUST2003,2,good,2024-09-01
REV23990,PROD110,CUST4063,3,bad,2023-07-05
REV23991,PROD113,CUST4873,2,very bad,2025-03-21
REV23992,PROD104,CUST1430,2,very good,2022-10-22
REV23993,PROD109,CUST2400,1,bad,2025-02-10
REV23994,PROD112,CUST1969,4,very bad,2024-12-22
REV23995,PROD111,CUST3759,4,good,2023-01-01
REV23996,PROD102,CUST4688,4,very bad,2023-02-13
REV23997,PROD113,CUST3623,3,average,2022-09-18
REV23998,PROD106,CUST1980,1,bad,2023-11-01
REV23999,PROD113,CUST2328,4,bad,2025-07-03
REV24000,PROD111,CUST4623,4,very bad,2023-11-08
REV24001,PROD114,CUST3053,1,very bad,2022-10-27
REV24002,PROD108,CUST1340,2,bad,2023-05-11
REV24003,PROD108,CUST3342,1,very good,2024-12-05
REV24004,PROD101,CUST2891,2,very good,2023-08-28
REV24005,PROD109,CUST2608,3,very bad,2024-08-29
REV24006,PROD101,CUST2055,3,average,2023-07-30
REV24007,PROD105,CUST4247,2,bad,2025-03-11
REV24008,PROD100,CUST1179,4,very good,2023-07-12
REV24009,PROD102,CUST4234,4,average,2022-10-15
REV24010,PROD105,CUST3012,1,very good,2023-03-13
REV24011,PROD106,CUST2786,3,bad,2025-02-06
REV24012,PROD103,CUST5313,1,very bad,2023-01-24
REV24013,PROD106,CUST4683,3,good,2023-07-03
REV24014,PROD107,CUST3789,3,average,2023-01-22
REV24015,PROD107,CUST1072,5,very bad,2025-01-11
REV24016,PROD102,CUST2910,2,good,2024-06-17
REV24017,PROD111,CUST1602,3,very bad,2023-06-30
REV24018,PROD109,CUST4689,4,good,2022-12-24
REV24019,PROD114,CUST1603,1,very bad,2025-08-18
REV24020,PROD110,CUST1711,5,bad,2023-08-13
REV24021,PROD101,CUST4092,3,very bad,2022-09-04
REV24022,PROD113,CUST4549,2,very good,2023-12-17
REV24023,PROD112,CUST5902,4,bad,2024-05-21
REV24024,PROD113,CUST2092,2,very good,2025-01-10
REV24025,PROD105,CUST2875,5,very good,2022-11-04
REV24026,PROD107,CUST2385,2,bad,2024-08-02
REV24027,PROD104,CUST1867,1,bad,2024-08-02
REV24028,PROD106,CUST3550,1,good,2024-11-12
REV24029,PROD106,CUST2716,3,very good,2023-03-09
REV24030,PROD102,CUST3019,2,very good,2025-02-15
REV24031,PROD112,CUST4259,2,very bad,2023-05-28
REV24032,PROD112,CUST5825,3,bad,2024-10-22
REV24033,PROD105,CUST1375,2,good,2024-12-21
REV24034,PROD102,CUST2810,5,average,2023-03-24
REV24035,PROD102,CUST4618,3,very bad,2024-01-30
REV24036,PROD106,CUST4577,5,average,2023-10-09
REV24037,PROD106,CUST3233,2,good,2025-07-03
REV24038,PROD102,CUST5021,5,good,2024-08-10
REV24039,PROD100,CUST3551,3,good,2025-07-06
REV24040,PROD112,CUST5394,3,good,2022-11-14
REV24041,PROD105,CUST5418,3,good,2022-11-11
REV24042,PROD102,CUST2665,2,very good,2024-03-23
REV24043,PROD109,CUST5023,4,very bad,2024-01-26
REV24044,PROD111,CUST1389,4,average,2023-04-21
REV24045,PROD104,CUST2130,4,very bad,2024-11-23
REV24046,PROD114,CUST3703,5,average,2022-11-05
REV24047,PROD113,CUST2225,2,very good,2025-06-09
REV24048,PROD103,CUST4523,2,average,2023-09-17
REV24049,PROD103,CUST5155,1,very good,2023-03-09
REV24050,PROD102,CUST5238,2,bad,2025-07-23
REV24051,PROD113,CUST4384,1,good,2025-01-13
REV24052,PROD109,CUST2886,1,good,2025-07-05
REV24053,PROD102,CUST5126,2,average,2024-04-05
REV24054,PROD109,CUST3252,3,very good,2025-07-23
REV24055,PROD106,CUST3125,3,very good,2023-02-13
REV24056,PROD103,CUST2995,3,very bad,2025-05-11
REV24057,PROD102,CUST2109,5,good,2024-01-21
REV24058,PROD112,CUST5600,5,very good,2024-11-13
REV24059,PROD105,CUST3455,1,very good,2024-04-02
REV24060,PROD113,CUST4497,1,very bad,2022-12-23
REV24061,PROD100,CUST4254,2,very good,2023-07-08
REV24062,PROD106,CUST3278,1,very bad,2025-06-01
REV24063,PROD106,CUST5116,3,very good,2024-08-30
REV24064,PROD111,CUST1130,3,bad,2025-07-13
REV24065,PROD103,CUST2533,3,very good,2024-12-08
REV24066,PROD111,CUST2558,2,bad,2023-02-08
REV24067,PROD114,CUST5990,1,good,2023-04-02
REV24068,PROD101,CUST3072,1,bad,2023-01-27
REV24069,PROD113,CUST1304,2,bad,2024-12-21
REV24070,PROD114,CUST2681,1,good,2024-05-14
REV24071,PROD101,CUST1441,5,good,2023-03-11
REV24072,PROD104,CUST5018,3,good,2024-02-29
REV24073,PROD108,CUST5623,1,bad,2023-04-30
REV24074,PROD112,CUST3712,5,bad,2022-10-03
REV24075,PROD107,CUST1289,1,bad,2023-07-06
REV24076,PROD107,CUST2260,4,bad,2023-08-01
REV24077,PROD110,CUST1598,4,average,2023-01-02
REV24078,PROD100,CUST1407,2,very bad,2025-04-27
REV24079,PROD112,CUST1132,2,bad,2024-07-18
REV24080,PROD109,CUST3908,2,very bad,2025-08-22
REV24081,PROD102,CUST5440,4,bad,2022-09-10
REV24082,PROD114,CUST5338,3,very good,2024-04-27
REV24083,PROD113,CUST3182,3,very bad,2023-07-04
REV24084,PROD108,CUST3310,4,good,2024-08-01
REV24085,PROD107,CUST3192,4,good,2024-09-08
REV24086,PROD111,CUST5352,1,average,2023-10-11
REV24087,PROD113,CUST5803,1,good,2022-10-13
REV24088,PROD111,CUST4025,4,very good,2024-03-03
REV24089,PROD104,CUST2139,1,average,2023-05-29
REV24090,PROD105,CUST1908,4,very bad,2025-05-08
REV24091,PROD114,CUST1612,5,average,2024-12-22
REV24092,PROD101,CUST1193,3,average,2025-02-11
REV24093,PROD101,CUST4156,2,very good,2023-12-01
REV24094,PROD113,CUST5990,3,very good,2024-07-11
REV24095,PROD114,CUST2386,5,good,2025-07-04
REV24096,PROD113,CUST2489,2,average,2023-03-04
REV24097,PROD104,CUST4984,5,bad,2023-11-26
REV24098,PROD113,CUST3208,4,good,2023-05-18
REV24099,PROD101,CUST3298,5,very bad,2025-07-28
REV24100,PROD103,CUST3798,3,good,2023-09-24
REV24101,PROD107,CUST5428,4,very bad,2023-04-05
REV24102,PROD103,CUST5975,1,average,2022-09-12
REV24103,PROD112,CUST4085,2,very bad,2023-12-28
REV24104,PROD104,CUST2481,3,good,2023-02-10
REV24105,PROD104,CUST1910,1,good,2023-02-09
REV24106,PROD105,CUST1447,4,very good,2024-09-11
REV24107,PROD101,CUST5898,4,good,2025-06-19
REV24108,PROD113,CUST2583,1,bad,2024-05-05
REV24109,PROD112,CUST4537,4,very good,2023-03-06
REV24110,PROD105,CUST3776,4,very good,2024-10-18
REV24111,PROD102,CUST1340,3,bad,2025-04-17
REV24112,PROD102,CUST4064,2,very bad,2024-12-11
REV24113,PROD100,CUST5299,2,very bad,2025-07-22
REV24114,PROD101,CUST3200,4,good,2025-08-09
REV24115,PROD108,CUST4272,1,bad,2024-06-03
REV24116,PROD105,CUST2800,4,very bad,2024-05-22
REV24117,PROD110,CUST5668,2,good,2023-07-15
REV24118,PROD106,CUST4585,5,very good,2023-05-31
REV24119,PROD112,CUST4824,2,average,2023-08-19
REV24120,PROD111,CUST4149,5,bad,2023-01-07
REV24121,PROD109,CUST1150,3,very bad,2025-03-26
REV24122,PROD104,CUST1863,1,good,2024-09-17
REV24123,PROD114,CUST3921,4,good,2023-11-27
REV24124,PROD102,CUST4005,2,bad,2024-05-12
REV24125,PROD100,CUST5338,2,very good,2025-08-08
REV24126,PROD105,CUST4633,5,average,2024-08-28
REV24127,PROD106,CUST5353,5,good,2025-02-19
REV24128,PROD114,CUST2884,1,bad,2023-04-01
REV24129,PROD106,CUST3456,1,average,2024-10-28
REV24130,PROD101,CUST4066,1,very bad,2023-05-26
REV24131,PROD102,CUST2702,2,good,2023-06-15
REV24132,PROD113,CUST2038,3,good,2025-03-13
REV24133,PROD105,CUST3633,1,bad,2024-06-13
REV24134,PROD110,CUST5162,1,bad,2025-04-10
REV24135,PROD108,CUST4606,3,average,2025-06-29
REV24136,PROD103,CUST2373,2,average,2023-02-27
REV24137,PROD108,CUST1952,1,average,2024-07-23
REV24138,PROD110,CUST2669,5,very bad,2024-01-30
REV24139,PROD108,CUST4975,4,very bad,2025-08-05
REV24140,PROD109,CUST1074,2,good,2023-12-01
REV24141,PROD100,CUST2722,1,average,2023-01-06
REV24142,PROD105,CUST1121,2,good,2024-11-26
REV24143,PROD111,CUST5417,4,good,2024-09-18
REV24144,PROD109,CUST2716,5,good,2024-03-04
REV24145,PROD105,CUST5823,5,bad,2024-02-22
REV24146,PROD104,CUST2206,4,very bad,2024-07-04
REV24147,PROD103,CUST1322,4,bad,2022-11-04
REV24148,PROD100,CUST4618,4,bad,2025-05-28
REV24149,PROD100,CUST1606,4,bad,2023-12-20
REV24150,PROD112,CUST5410,3,bad,2025-05-01
REV24151,PROD109,CUST3857,1,bad,2023-03-17
REV24152,PROD108,CUST2981,1,good,2023-04-05
REV24153,PROD102,CUST2562,5,good,2024-01-07
REV24154,PROD109,CUST5985,3,very good,2023-09-03
REV24155,PROD109,CUST4130,3,bad,2023-10-20
REV24156,PROD105,CUST1616,3,very good,2023-09-30
REV24157,PROD113,CUST1590,2,very bad,2025-07-30
REV24158,PROD102,CUST5308,2,good,2022-12-09
REV24159,PROD108,CUST1282,2,bad,2022-12-27
REV24160,PROD113,CUST4884,5,bad,2025-08-05
REV24161,PROD108,CUST1695,4,very bad,2024-05-01
REV24162,PROD102,CUST5356,1,good,2023-04-05
REV24163,PROD114,CUST1311,3,average,2023-08-26
REV24164,PROD113,CUST3005,3,average,2023-12-02
REV24165,PROD105,CUST5805,3,bad,2025-02-26
REV24166,PROD110,CUST2068,3,average,2024-02-02
REV24167,PROD105,CUST3632,4,good,2023-07-16
REV24168,PROD109,CUST1737,4,good,2022-11-26
REV24169,PROD106,CUST5032,4,good,2023-02-10
REV24170,PROD105,CUST4054,1,good,2024-10-24
REV24171,PROD109,CUST4923,1,bad,2023-09-29
REV24172,PROD111,CUST2920,2,very bad,2023-09-15
REV24173,PROD103,CUST5388,3,good,2024-02-21
REV24174,PROD103,CUST4202,5,very bad,2025-08-23
REV24175,PROD109,CUST2795,1,very bad,2023-07-22
REV24176,PROD104,CUST2526,2,average,2023-11-22
REV24177,PROD105,CUST3786,3,average,2023-08-09
REV24178,PROD105,CUST4253,2,good,2023-04-25
REV24179,PROD107,CUST3904,2,very bad,2022-10-05
REV24180,PROD107,CUST4234,3,good,2025-04-15
REV24181,PROD110,CUST2066,2,bad,2024-05-09
REV24182,PROD113,CUST4006,4,bad,2022-12-09
REV24183,PROD108,CUST5965,2,average,2024-11-17
REV24184,PROD102,CUST1404,3,good,2024-04-26
REV24185,PROD112,CUST4678,4,very bad,2024-07-13
REV24186,PROD102,CUST5268,1,average,2024-04-12
REV24187,PROD108,CUST5156,4,good,2022-10-09
REV24188,PROD108,CUST3701,1,average,2024-09-04
REV24189,PROD111,CUST1767,3,bad,2023-10-18
REV24190,PROD105,CUST1806,3,good,2023-12-20
REV24191,PROD105,CUST1151,3,very good,2025-08-10
REV24192,PROD108,CUST4181,3,bad,2022-10-14
REV24193,PROD102,CUST2716,2,very bad,2023-05-07
REV24194,PROD110,CUST5766,1,good,2023-01-30
REV24195,PROD103,CUST1817,2,good,2022-09-14
REV24196,PROD109,CUST4578,3,very good,2023-01-21
REV24197,PROD113,CUST4386,1,very bad,2023-02-05
REV24198,PROD114,CUST5990,3,very bad,2025-03-18
REV24199,PROD103,CUST5974,5,bad,2025-01-01
REV24200,PROD101,CUST4544,1,good,2022-12-29
REV24201,PROD109,CUST2232,3,very good,2024-07-12
REV24202,PROD101,CUST4645,2,average,2024-08-12
REV24203,PROD100,CUST2824,4,very good,2022-11-14
REV24204,PROD110,CUST5710,4,good,2025-05-18
REV24205,PROD108,CUST5113,3,very good,2023-06-22
REV24206,PROD110,CUST1586,3,good,2023-03-04
REV24207,PROD110,CUST4429,5,very bad,2022-09-15
REV24208,PROD101,CUST1259,5,bad,2023-08-23
REV24209,PROD114,CUST3909,1,very good,2025-02-11
REV24210,PROD110,CUST4142,1,very good,2023-02-16
REV24211,PROD108,CUST1782,1,good,2025-01-23
REV24212,PROD110,CUST4861,1,average,2024-11-26
REV24213,PROD111,CUST1541,2,good,2025-07-05
REV24214,PROD112,CUST1871,2,good,2024-08-08
REV24215,PROD105,CUST4228,2,good,2023-08-12
REV24216,PROD111,CUST4752,1,average,2024-10-20
REV24217,PROD112,CUST3714,3,bad,2022-10-09
REV24218,PROD113,CUST3893,5,bad,2024-06-08
REV24219,PROD100,CUST3346,1,very bad,2025-02-26
REV24220,PROD108,CUST4794,3,good,2023-10-20
REV24221,PROD105,CUST1849,3,very good,2023-07-23
REV24222,PROD110,CUST2491,3,good,2025-03-15
REV24223,PROD104,CUST1973,5,very good,2024-06-20
REV24224,PROD114,CUST1280,5,very bad,2024-07-28
REV24225,PROD109,CUST1193,2,good,2024-12-30
REV24226,PROD107,CUST3049,4,average,2023-07-02
REV24227,PROD102,CUST1116,4,very bad,2023-06-14
REV24228,PROD103,CUST5813,3,average,2023-12-31
REV24229,PROD111,CUST1371,5,very bad,2023-12-07
REV24230,PROD101,CUST2866,4,very good,2023-06-12
REV24231,PROD103,CUST3777,4,very bad,2025-05-03
REV24232,PROD107,CUST4096,1,very bad,2025-08-15
REV24233,PROD105,CUST4107,1,average,2023-09-03
REV24234,PROD105,CUST1645,1,good,2024-04-26
REV24235,PROD109,CUST2186,3,average,2023-09-26
REV24236,PROD104,CUST5647,2,good,2023-06-22
REV24237,PROD112,CUST2798,2,very bad,2022-12-28
REV24238,PROD114,CUST1611,5,good,2024-08-08
REV24239,PROD109,CUST3940,2,bad,2022-12-25
REV24240,PROD107,CUST5041,1,good,2024-03-21
REV24241,PROD103,CUST4401,1,very bad,2023-02-26
REV24242,PROD109,CUST2990,4,good,2022-11-18
REV24243,PROD106,CUST1471,5,bad,2024-02-19
REV24244,PROD111,CUST4483,4,average,2024-07-11
REV24245,PROD101,CUST3640,4,very good,2024-04-04
REV24246,PROD114,CUST2409,5,average,2022-12-12
REV24247,PROD106,CUST3416,1,bad,2025-02-20
REV24248,PROD109,CUST4344,1,very good,2023-06-07
REV24249,PROD113,CUST2868,1,bad,2023-06-08
REV24250,PROD106,CUST2146,3,very good,2025-05-04
REV24251,PROD102,CUST3854,3,very bad,2023-02-21
REV24252,PROD113,CUST4092,2,average,2025-01-15
REV24253,PROD102,CUST1840,2,average,2024-01-24
REV24254,PROD109,CUST5004,3,very good,2025-08-08
REV24255,PROD106,CUST3649,1,very good,2024-11-22
REV24256,PROD106,CUST5490,5,good,2025-08-14
REV24257,PROD101,CUST1914,2,good,2024-02-29
REV24258,PROD101,CUST3226,5,very good,2022-10-25
REV24259,PROD114,CUST3210,1,good,2024-02-26
REV24260,PROD105,CUST4361,3,good,2023-10-27
REV24261,PROD105,CUST2306,4,good,2024-03-23
REV24262,PROD108,CUST1046,4,very bad,2024-08-15
REV24263,PROD107,CUST5684,3,good,2025-08-21
REV24264,PROD114,CUST4666,1,bad,2024-06-24
REV24265,PROD106,CUST5662,1,good,2024-05-23
REV24266,PROD106,CUST4133,1,bad,2023-05-02
REV24267,PROD100,CUST3893,1,average,2024-08-31
REV24268,PROD109,CUST4563,5,very good,2024-10-08
REV24269,PROD113,CUST4399,1,very bad,2025-03-08
REV24270,PROD112,CUST5822,1,bad,2025-06-17
REV24271,PROD100,CUST2049,5,very bad,2023-02-03
REV24272,PROD114,CUST1632,3,bad,2022-09-18
REV24273,PROD114,CUST3710,5,good,2024-05-16
REV24274,PROD112,CUST5436,1,very bad,2025-03-14
REV24275,PROD100,CUST1646,5,very bad,2024-07-15
REV24276,PROD106,CUST1758,1,bad,2024-03-06
REV24277,PROD101,CUST3205,4,average,2023-07-07
REV24278,PROD112,CUST1667,5,very good,2023-04-04
REV24279,PROD105,CUST2647,5,very good,2023-09-16
REV24280,PROD103,CUST5500,5,very good,2024-10-30
REV24281,PROD107,CUST2792,2,very good,2024-05-20
REV24282,PROD101,CUST4589,5,good,2025-01-30
REV24283,PROD114,CUST2097,1,very bad,2022-09-13
REV24284,PROD108,CUST3051,1,very good,2024-05-03
REV24285,PROD106,CUST3473,5,very bad,2023-11-16
REV24286,PROD104,CUST4307,2,bad,2022-12-04
REV24287,PROD114,CUST2364,4,good,2024-02-29
REV24288,PROD114,CUST2163,5,very bad,2022-12-12
REV24289,PROD111,CUST1486,1,good,2022-11-29
REV24290,PROD104,CUST3436,2,good,2023-02-16
REV24291,PROD106,CUST5611,2,bad,2024-12-28
REV24292,PROD108,CUST3327,3,very bad,2025-07-24
REV24293,PROD101,CUST1341,2,very bad,2024-03-19
REV24294,PROD101,CUST1359,1,good,2025-07-04
REV24295,PROD106,CUST4237,4,bad,2023-05-09
REV24296,PROD108,CUST3191,1,average,2025-02-27
REV24297,PROD110,CUST4282,2,average,2023-04-09
REV24298,PROD103,CUST1003,2,good,2024-03-14
REV24299,PROD102,CUST3318,2,bad,2024-01-17
REV24300,PROD102,CUST4888,4,very good,2024-01-25
REV24301,PROD112,CUST1716,4,bad,2025-03-14
REV24302,PROD108,CUST5148,3,very bad,2023-07-18
REV24303,PROD103,CUST5886,1,good,2025-04-11
REV24304,PROD110,CUST1496,2,good,2024-04-11
REV24305,PROD112,CUST1178,3,very bad,2025-06-19
REV24306,PROD112,CUST4343,4,very bad,2025-03-03
REV24307,PROD100,CUST2594,2,good,2024-12-26
REV24308,PROD108,CUST1277,5,very bad,2024-12-27
REV24309,PROD102,CUST2810,5,average,2023-09-20
REV24310,PROD112,CUST1253,1,very bad,2023-06-25
REV24311,PROD114,CUST5992,1,average,2025-04-16
REV24312,PROD102,CUST1928,1,very bad,2024-02-19
REV24313,PROD105,CUST5521,3,very good,2023-04-04
REV24314,PROD110,CUST4448,4,very good,2023-02-26
REV24315,PROD102,CUST3640,2,bad,2024-09-25
REV24316,PROD101,CUST2243,5,good,2025-01-15
REV24317,PROD103,CUST2786,5,bad,2024-10-01
REV24318,PROD102,CUST1654,1,bad,2025-07-23
REV24319,PROD114,CUST3719,4,good,2024-12-16
REV24320,PROD107,CUST5467,2,bad,2024-12-06
REV24321,PROD114,CUST2379,5,average,2024-02-12
REV24322,PROD101,CUST2842,4,good,2023-08-16
REV24323,PROD105,CUST1244,5,very bad,2024-08-18
REV24324,PROD109,CUST4794,2,average,2024-02-23
REV24325,PROD106,CUST4914,4,good,2024-07-01
REV24326,PROD108,CUST5583,4,average,2025-03-30
REV24327,PROD114,CUST1426,3,average,2025-04-21
REV24328,PROD112,CUST1546,5,good,2022-10-15
REV24329,PROD111,CUST2578,1,very bad,2025-04-28
REV24330,PROD100,CUST2522,1,very bad,2023-06-11
REV24331,PROD109,CUST1344,4,average,2023-04-10
REV24332,PROD102,CUST5765,4,very bad,2023-12-09
REV24333,PROD114,CUST1814,5,bad,2023-11-30
REV24334,PROD106,CUST1160,3,very good,2025-03-03
REV24335,PROD111,CUST3652,1,very bad,2023-01-03
REV24336,PROD102,CUST4743,1,very bad,2022-12-16
REV24337,PROD100,CUST4206,1,very good,2024-03-08
REV24338,PROD111,CUST3684,2,very good,2023-04-28
REV24339,PROD108,CUST1044,5,very good,2024-08-08
REV24340,PROD114,CUST4968,3,good,2024-09-29
REV24341,PROD105,CUST5670,5,very bad,2022-09-28
REV24342,PROD110,CUST4286,2,very bad,2025-03-06
REV24343,PROD107,CUST2829,4,good,2024-12-16
REV24344,PROD105,CUST2145,5,average,2024-11-14
REV24345,PROD107,CUST2427,4,average,2023-06-27
REV24346,PROD105,CUST5544,5,bad,2023-02-21
REV24347,PROD104,CUST1032,3,very bad,2025-03-18
REV24348,PROD100,CUST5272,5,very bad,2025-03-05
REV24349,PROD103,CUST3738,1,good,2025-08-15
REV24350,PROD105,CUST2279,1,good,2024-02-01
REV24351,PROD106,CUST4092,3,very good,2024-11-28
REV24352,PROD113,CUST5636,4,bad,2024-02-26
REV24353,PROD108,CUST4926,3,very good,2023-07-10
REV24354,PROD103,CUST1513,4,very bad,2025-05-27
REV24355,PROD100,CUST3913,5,average,2023-11-05
REV24356,PROD100,CUST4469,1,average,2023-09-21
REV24357,PROD114,CUST2459,3,good,2025-06-13
REV24358,PROD102,CUST5512,2,very good,2023-05-02
REV24359,PROD102,CUST1744,1,good,2023-04-25
REV24360,PROD100,CUST4626,1,very good,2022-10-01
REV24361,PROD113,CUST5944,3,good,2024-03-09
REV24362,PROD111,CUST3788,3,bad,2024-07-06
REV24363,PROD105,CUST2501,5,very good,2023-07-24
REV24364,PROD105,CUST2816,2,very bad,2023-01-27
REV24365,PROD110,CUST2896,1,good,2024-11-08
REV24366,PROD102,CUST4491,4,very good,2023-06-20
REV24367,PROD103,CUST3985,5,bad,2023-08-13
REV24368,PROD109,CUST1722,5,good,2022-11-01
REV24369,PROD110,CUST3135,4,average,2023-04-13
REV24370,PROD104,CUST3550,2,very good,2024-07-14
REV24371,PROD110,CUST1969,5,very good,2024-02-10
REV24372,PROD112,CUST2178,3,very good,2024-07-05
REV24373,PROD108,CUST1373,1,good,2025-04-17
REV24374,PROD113,CUST1493,3,bad,2024-06-23
REV24375,PROD101,CUST2917,5,bad,2024-04-13
REV24376,PROD107,CUST3304,3,very good,2025-04-24
REV24377,PROD111,CUST4512,3,good,2022-10-12
REV24378,PROD107,CUST3772,5,average,2023-10-24
REV24379,PROD100,CUST4309,2,good,2023-02-17
REV24380,PROD104,CUST1619,5,bad,2025-04-13
REV24381,PROD101,CUST2180,1,average,2024-10-21
REV24382,PROD106,CUST4334,2,very good,2025-05-10
REV24383,PROD100,CUST3340,5,very bad,2023-11-14
REV24384,PROD112,CUST2318,5,very bad,2024-05-03
REV24385,PROD111,CUST5328,1,average,2024-09-29
REV24386,PROD108,CUST5476,3,average,2025-07-30
REV24387,PROD110,CUST5983,2,very bad,2024-01-24
REV24388,PROD100,CUST2953,4,very good,2023-05-03
REV24389,PROD113,CUST1548,2,average,2023-06-05
REV24390,PROD101,CUST1174,1,bad,2024-05-29
REV24391,PROD102,CUST1997,2,bad,2023-12-22
REV24392,PROD110,CUST2644,5,very good,2023-11-01
REV24393,PROD101,CUST3912,4,bad,2023-01-26
REV24394,PROD107,CUST4007,5,good,2024-01-31
REV24395,PROD102,CUST2938,1,very bad,2024-04-26
REV24396,PROD110,CUST2971,5,good,2023-10-25
REV24397,PROD107,CUST5977,3,very bad,2023-12-01
REV24398,PROD107,CUST2880,5,very good,2024-07-05
REV24399,PROD114,CUST2164,4,very bad,2025-05-22
REV24400,PROD112,CUST1101,3,good,2025-06-03
REV24401,PROD108,CUST1952,4,bad,2023-08-06
REV24402,PROD100,CUST3305,3,bad,2023-04-30
REV24403,PROD110,CUST3768,3,very bad,2023-12-27
REV24404,PROD102,CUST5135,2,very good,2024-09-16
REV24405,PROD101,CUST2541,4,bad,2025-06-09
REV24406,PROD113,CUST3445,2,very bad,2023-03-23
REV24407,PROD106,CUST5586,2,bad,2024-06-22
REV24408,PROD103,CUST1000,5,average,2023-03-12
REV24409,PROD103,CUST4697,4,very bad,2022-09-23
REV24410,PROD100,CUST5417,3,very good,2024-10-03
REV24411,PROD108,CUST5896,4,bad,2024-05-12
REV24412,PROD100,CUST1943,4,bad,2023-03-04
REV24413,PROD113,CUST5354,5,bad,2025-03-11
REV24414,PROD104,CUST5324,3,good,2025-05-18
REV24415,PROD103,CUST1640,5,good,2023-08-09
REV24416,PROD100,CUST2527,3,average,2022-10-20
REV24417,PROD106,CUST3748,1,good,2023-12-28
REV24418,PROD100,CUST1005,1,very good,2025-06-08
REV24419,PROD113,CUST1244,2,very good,2023-10-22
REV24420,PROD113,CUST2064,2,good,2022-11-21
REV24421,PROD104,CUST1272,3,very bad,2024-08-01
REV24422,PROD103,CUST3418,2,good,2023-05-23
REV24423,PROD106,CUST4540,1,very good,2023-07-08
REV24424,PROD104,CUST2605,4,very good,2025-04-20
REV24425,PROD101,CUST3323,4,very good,2024-02-14
REV24426,PROD113,CUST4185,3,very good,2025-06-04
REV24427,PROD104,CUST5963,1,bad,2025-02-12
REV24428,PROD109,CUST2419,5,very good,2023-02-01
REV24429,PROD108,CUST3076,3,bad,2023-01-25
REV24430,PROD110,CUST3056,5,very bad,2024-07-01
REV24431,PROD107,CUST2014,5,good,2023-05-29
REV24432,PROD111,CUST4513,1,very good,2023-04-08
REV24433,PROD113,CUST4458,3,good,2022-11-24
REV24434,PROD109,CUST1276,2,very good,2024-01-20
REV24435,PROD108,CUST1288,4,average,2024-03-04
REV24436,PROD105,CUST2764,5,bad,2022-10-04
REV24437,PROD101,CUST3693,5,good,2022-12-16
REV24438,PROD113,CUST4569,1,very good,2024-08-27
REV24439,PROD106,CUST2256,4,very good,2023-07-23
REV24440,PROD104,CUST5269,3,good,2023-12-23
REV24441,PROD107,CUST2781,3,good,2024-02-02
REV24442,PROD105,CUST1294,1,very bad,2025-02-03
REV24443,PROD111,CUST4741,5,very bad,2023-06-30
REV24444,PROD108,CUST4003,5,good,2023-12-09
REV24445,PROD107,CUST4456,3,very bad,2024-05-06
REV24446,PROD113,CUST5819,1,average,2025-01-25
REV24447,PROD101,CUST1000,5,very good,2023-03-09
REV24448,PROD101,CUST5493,5,average,2024-10-29
REV24449,PROD112,CUST4989,5,average,2024-09-13
REV24450,PROD110,CUST3327,2,very good,2025-02-10
REV24451,PROD107,CUST3071,3,very good,2025-07-02
REV24452,PROD112,CUST4624,5,bad,2025-08-22
REV24453,PROD102,CUST5684,5,very good,2023-06-29
REV24454,PROD105,CUST5554,1,very bad,2023-03-31
REV24455,PROD106,CUST5798,2,good,2023-10-13
REV24456,PROD101,CUST3077,5,very bad,2022-08-27
REV24457,PROD114,CUST1122,5,very good,2024-07-11
REV24458,PROD111,CUST5058,2,good,2024-08-12
REV24459,PROD110,CUST4764,3,good,2023-02-18
REV24460,PROD112,CUST4479,4,good,2025-08-14
REV24461,PROD105,CUST5385,1,average,2024-06-13
REV24462,PROD114,CUST2560,4,good,2023-08-02
REV24463,PROD106,CUST3602,4,average,2022-09-08
REV24464,PROD109,CUST1600,5,very bad,2024-01-24
REV24465,PROD102,CUST4913,3,bad,2023-09-12
REV24466,PROD108,CUST1103,3,very good,2025-03-16
REV24467,PROD108,CUST5737,5,average,2024-05-11
REV24468,PROD101,CUST2488,1,good,2024-02-24
REV24469,PROD109,CUST1571,1,average,2024-12-14
REV24470,PROD108,CUST1455,3,good,2025-04-13
REV24471,PROD103,CUST3838,4,good,2024-10-28
REV24472,PROD103,CUST1451,3,very good,2023-11-22
REV24473,PROD103,CUST3105,3,very good,2024-10-10
REV24474,PROD100,CUST3366,2,very bad,2024-01-04
REV24475,PROD101,CUST4505,5,very bad,2024-10-25
REV24476,PROD110,CUST1862,5,very good,2023-06-11
REV24477,PROD103,CUST5798,3,average,2025-07-24
REV24478,PROD104,CUST1772,5,very bad,2023-09-11
REV24479,PROD101,CUST2857,5,average,2023-05-21
REV24480,PROD102,CUST3003,5,good,2024-12-09
REV24481,PROD102,CUST3030,3,average,2023-12-28
REV24482,PROD114,CUST1837,4,bad,2025-01-24
REV24483,PROD106,CUST3352,2,average,2024-12-21
REV24484,PROD103,CUST1035,1,very bad,2025-02-08
REV24485,PROD105,CUST4103,1,bad,2024-04-15
REV24486,PROD101,CUST4311,1,very bad,2024-04-03
REV24487,PROD104,CUST4563,2,average,2024-06-20
REV24488,PROD103,CUST3897,1,very bad,2023-09-22
REV24489,PROD108,CUST2357,5,good,2023-06-10
REV24490,PROD107,CUST4181,5,very bad,2023-07-16
REV24491,PROD112,CUST3170,1,very bad,2024-07-06
REV24492,PROD111,CUST1227,3,good,2023-10-21
REV24493,PROD101,CUST2923,3,good,2025-06-19
REV24494,PROD109,CUST1530,5,average,2024-08-11
REV24495,PROD109,CUST2838,3,very good,2024-07-25
REV24496,PROD112,CUST3609,4,very good,2025-05-13
REV24497,PROD107,CUST1521,1,very good,2024-01-06
REV24498,PROD110,CUST2543,2,very bad,2025-05-31
REV24499,PROD104,CUST3759,2,very bad,2025-03-12
REV24500,PROD112,CUST2225,4,good,2023-01-10
REV24501,PROD108,CUST4351,5,very bad,2023-11-13
REV24502,PROD103,CUST1172,1,good,2024-05-06
REV24503,PROD110,CUST2450,5,average,2025-03-03
REV24504,PROD105,CUST1543,5,bad,2024-02-23
REV24505,PROD112,CUST2932,4,very good,2023-03-23
REV24506,PROD110,CUST5368,1,bad,2023-02-15
REV24507,PROD105,CUST3347,3,very good,2022-09-21
REV24508,PROD108,CUST4802,3,very bad,2022-09-27
REV24509,PROD105,CUST2157,5,good,2025-03-31
REV24510,PROD107,CUST4669,4,average,2024-04-19
REV24511,PROD105,CUST2225,4,bad,2024-08-20
REV24512,PROD107,CUST1940,3,bad,2023-11-10
REV24513,PROD104,CUST5430,2,very bad,2024-02-29
REV24514,PROD100,CUST5165,5,very bad,2024-04-09
REV24515,PROD112,CUST5140,4,bad,2024-01-29
REV24516,PROD103,CUST2191,2,very bad,2025-03-20
REV24517,PROD105,CUST2792,1,very bad,2023-05-18
REV24518,PROD110,CUST4141,5,very bad,2023-12-01
REV24519,PROD112,CUST5042,3,very bad,2023-11-05
REV24520,PROD113,CUST3329,1,average,2023-10-01
REV24521,PROD111,CUST3867,1,good,2024-04-26
REV24522,PROD111,CUST1231,4,very bad,2022-10-24
REV24523,PROD103,CUST3572,2,bad,2023-01-06
REV24524,PROD108,CUST2442,5,very bad,2025-02-13
REV24525,PROD104,CUST5160,2,bad,2024-09-03
REV24526,PROD101,CUST2716,4,very bad,2023-06-06
REV24527,PROD101,CUST1753,3,average,2024-09-04
REV24528,PROD112,CUST5103,1,very bad,2023-11-06
REV24529,PROD101,CUST2797,2,very good,2025-03-24
REV24530,PROD112,CUST1141,5,bad,2023-06-22
REV24531,PROD109,CUST5877,5,very good,2025-03-24
REV24532,PROD112,CUST5907,1,bad,2024-02-05
REV24533,PROD103,CUST2020,3,bad,2025-07-08
REV24534,PROD102,CUST3617,5,very bad,2022-12-02
REV24535,PROD114,CUST2805,3,average,2025-07-08
REV24536,PROD104,CUST4324,2,average,2025-02-09
REV24537,PROD108,CUST3238,1,very bad,2023-05-01
REV24538,PROD109,CUST3109,3,very bad,2025-02-24
REV24539,PROD103,CUST1895,4,average,2023-03-30
REV24540,PROD110,CUST3333,2,average,2024-03-04
REV24541,PROD111,CUST4373,2,good,2023-04-26
REV24542,PROD105,CUST1272,4,very bad,2023-08-14
REV24543,PROD101,CUST4385,5,very bad,2024-04-24
REV24544,PROD108,CUST2730,3,very bad,2024-04-03
REV24545,PROD113,CUST5028,1,very good,2025-03-05
REV24546,PROD108,CUST3048,3,very bad,2025-03-21
REV24547,PROD112,CUST1512,2,bad,2023-12-17
REV24548,PROD111,CUST3344,5,average,2024-08-04
REV24549,PROD100,CUST3556,4,very bad,2024-10-09
REV24550,PROD114,CUST5611,5,very good,2023-12-30
REV24551,PROD102,CUST5726,2,good,2023-07-26
REV24552,PROD112,CUST2561,2,very good,2024-11-13
REV24553,PROD104,CUST2548,5,good,2025-08-21
REV24554,PROD108,CUST3679,3,bad,2022-11-05
REV24555,PROD112,CUST5075,2,average,2022-12-04
REV24556,PROD113,CUST5641,1,very good,2024-09-06
REV24557,PROD100,CUST5498,3,very bad,2024-03-15
REV24558,PROD105,CUST1879,3,good,2025-04-24
REV24559,PROD107,CUST2034,5,very bad,2023-12-08
REV24560,PROD114,CUST4366,3,very good,2025-08-03
REV24561,PROD110,CUST2022,5,very bad,2024-09-14
REV24562,PROD104,CUST2741,1,bad,2023-08-25
REV24563,PROD106,CUST1615,3,bad,2023-01-08
REV24564,PROD102,CUST5535,4,very bad,2024-05-24
REV24565,PROD109,CUST4397,5,very good,2024-02-16
REV24566,PROD114,CUST3948,4,bad,2024-03-21
REV24567,PROD102,CUST5844,2,bad,2024-09-23
REV24568,PROD112,CUST5502,5,good,2023-01-23
REV24569,PROD107,CUST3960,4,average,2023-07-07
REV24570,PROD113,CUST3573,1,bad,2023-04-01
REV24571,PROD100,CUST2922,3,bad,2024-06-29
REV24572,PROD107,CUST1554,5,average,2024-01-15
REV24573,PROD110,CUST4986,3,good,2024-01-04
REV24574,PROD110,CUST3412,1,very good,2025-06-18
REV24575,PROD111,CUST1929,2,very bad,2025-08-14
REV24576,PROD101,CUST2354,1,average,2025-01-13
REV24577,PROD108,CUST4402,2,very good,2023-09-30
REV24578,PROD107,CUST1320,5,very bad,2023-03-22
REV24579,PROD109,CUST2572,1,average,2024-06-12
REV24580,PROD105,CUST4309,3,very good,2023-07-27
REV24581,PROD113,CUST2728,2,very good,2024-01-17
REV24582,PROD104,CUST3932,1,very good,2023-05-31
REV24583,PROD110,CUST1873,3,average,2023-07-24
REV24584,PROD112,CUST2583,3,average,2025-02-27
REV24585,PROD113,CUST2731,3,very bad,2025-08-10
REV24586,PROD110,CUST4963,2,good,2025-02-16
REV24587,PROD100,CUST3267,2,good,2023-03-31
REV24588,PROD111,CUST2232,3,very good,2023-01-26
REV24589,PROD111,CUST1099,2,very good,2024-06-06
REV24590,PROD113,CUST4008,1,good,2025-03-18
REV24591,PROD106,CUST2883,4,very good,2023-09-30
REV24592,PROD101,CUST2352,4,very bad,2023-07-23
REV24593,PROD113,CUST2353,2,very bad,2024-02-27
REV24594,PROD114,CUST1673,2,very good,2025-03-09
REV24595,PROD113,CUST2013,1,average,2025-08-14
REV24596,PROD105,CUST3902,3,very good,2023-09-04
REV24597,PROD113,CUST2674,5,bad,2023-09-06
REV24598,PROD109,CUST1850,4,average,2025-04-16
REV24599,PROD105,CUST2841,1,very bad,2023-09-22
REV24600,PROD110,CUST3595,3,very bad,2023-04-15
REV24601,PROD105,CUST5078,3,very bad,2023-01-12
REV24602,PROD103,CUST2828,3,bad,2025-02-08
REV24603,PROD104,CUST2489,4,very good,2024-02-18
REV24604,PROD113,CUST3204,4,good,2024-04-23
REV24605,PROD100,CUST1441,3,very bad,2022-09-03
REV24606,PROD109,CUST4739,5,very good,2025-01-11
REV24607,PROD111,CUST4341,1,very good,2022-11-04
REV24608,PROD110,CUST2256,3,very bad,2023-04-12
REV24609,PROD109,CUST4950,4,very bad,2023-07-27
REV24610,PROD101,CUST3012,2,bad,2023-04-15
REV24611,PROD110,CUST2289,2,very good,2024-01-17
REV24612,PROD113,CUST2723,5,very bad,2025-03-24
REV24613,PROD107,CUST3887,1,bad,2024-12-05
REV24614,PROD101,CUST1188,5,good,2024-02-10
REV24615,PROD110,CUST5188,3,bad,2024-02-29
REV24616,PROD110,CUST5033,1,bad,2025-08-20
REV24617,PROD114,CUST1305,2,very good,2023-01-07
REV24618,PROD114,CUST2203,1,good,2024-07-03
REV24619,PROD109,CUST4742,3,very bad,2025-03-25
REV24620,PROD106,CUST3666,2,good,2024-01-09
REV24621,PROD114,CUST4018,4,very good,2023-12-16
REV24622,PROD100,CUST1372,4,very bad,2023-11-22
REV24623,PROD112,CUST3118,5,bad,2024-07-07
REV24624,PROD100,CUST3686,4,good,2025-05-17
REV24625,PROD112,CUST1900,5,good,2023-06-06
REV24626,PROD114,CUST3661,3,very good,2023-02-25
REV24627,PROD112,CUST2778,1,average,2025-01-28
REV24628,PROD104,CUST4950,5,very bad,2024-10-10
REV24629,PROD112,CUST2879,2,good,2024-09-14
REV24630,PROD113,CUST5703,2,bad,2023-11-25
REV24631,PROD110,CUST4086,4,very good,2023-12-01
REV24632,PROD113,CUST2118,4,average,2024-09-26
REV24633,PROD106,CUST4925,1,very bad,2024-12-30
REV24634,PROD100,CUST4980,3,very bad,2024-12-28
REV24635,PROD101,CUST4552,2,good,2022-10-14
REV24636,PROD112,CUST5213,5,average,2025-06-25
REV24637,PROD111,CUST1974,1,very good,2024-06-02
REV24638,PROD110,CUST2054,1,average,2024-05-30
REV24639,PROD100,CUST3759,3,average,2023-08-12
REV24640,PROD109,CUST1920,2,very good,2024-10-22
REV24641,PROD105,CUST3102,2,bad,2024-11-22
REV24642,PROD114,CUST3989,5,very bad,2023-05-03
REV24643,PROD105,CUST1975,2,average,2023-06-26
REV24644,PROD105,CUST4529,3,good,2025-01-17
REV24645,PROD102,CUST4224,1,very good,2024-11-03
REV24646,PROD107,CUST1551,3,very good,2025-03-26
REV24647,PROD105,CUST2237,2,average,2023-12-21
REV24648,PROD114,CUST4863,5,very bad,2025-04-30
REV24649,PROD107,CUST1861,2,good,2024-12-01
REV24650,PROD102,CUST3605,2,bad,2023-08-15
REV24651,PROD110,CUST5320,5,good,2023-06-19
REV24652,PROD112,CUST3861,3,average,2024-08-08
REV24653,PROD109,CUST2597,1,good,2023-07-29
REV24654,PROD108,CUST2468,3,good,2024-05-15
REV24655,PROD102,CUST3903,1,very bad,2025-08-23
REV24656,PROD100,CUST4761,4,very bad,2023-06-12
REV24657,PROD112,CUST4731,2,very good,2024-09-11
REV24658,PROD107,CUST1765,1,very good,2024-03-28
REV24659,PROD104,CUST4079,1,very good,2025-02-01
REV24660,PROD114,CUST2298,5,average,2024-10-20
REV24661,PROD103,CUST1843,4,very bad,2025-02-17
REV24662,PROD104,CUST4885,3,very good,2022-09-05
REV24663,PROD112,CUST1859,5,very good,2022-10-26
REV24664,PROD103,CUST4231,5,very bad,2023-06-13
REV24665,PROD106,CUST4589,3,very bad,2023-12-31
REV24666,PROD104,CUST4120,3,very bad,2024-09-11
REV24667,PROD113,CUST3921,3,good,2024-11-24
REV24668,PROD100,CUST4185,3,average,2024-10-18
REV24669,PROD108,CUST3799,2,good,2025-01-01
REV24670,PROD114,CUST1094,4,average,2023-08-15
REV24671,PROD106,CUST2598,2,very good,2024-06-02
REV24672,PROD100,CUST5221,3,very bad,2023-02-23
REV24673,PROD101,CUST3265,1,average,2025-01-12
REV24674,PROD113,CUST2481,5,good,2023-09-06
REV24675,PROD112,CUST3745,5,bad,2022-12-05
REV24676,PROD114,CUST1290,5,very good,2024-07-31
REV24677,PROD113,CUST3676,2,very good,2023-06-15
REV24678,PROD112,CUST4288,3,bad,2025-05-13
REV24679,PROD108,CUST5726,1,average,2025-05-04
REV24680,PROD109,CUST4288,3,bad,2025-01-30
REV24681,PROD103,CUST1047,4,average,2023-02-03
REV24682,PROD110,CUST1707,5,good,2022-10-20
REV24683,PROD102,CUST3184,2,very good,2024-10-13
REV24684,PROD107,CUST4418,2,good,2023-03-15
REV24685,PROD108,CUST1952,4,very bad,2025-08-04
REV24686,PROD113,CUST2294,2,very good,2025-04-27
REV24687,PROD100,CUST1259,1,very good,2023-03-08
REV24688,PROD109,CUST4740,4,average,2024-03-25
REV24689,PROD111,CUST5129,2,very good,2024-04-16
REV24690,PROD105,CUST2193,1,average,2023-09-13
REV24691,PROD101,CUST4126,1,very good,2023-01-10
REV24692,PROD106,CUST5094,5,bad,2024-02-19
REV24693,PROD101,CUST3018,4,good,2024-02-19
REV24694,PROD100,CUST1145,4,good,2025-06-10
REV24695,PROD109,CUST4144,4,average,2022-11-09
REV24696,PROD103,CUST4986,5,average,2023-08-21
REV24697,PROD114,CUST1368,3,average,2024-01-22
REV24698,PROD111,CUST3597,3,bad,2025-03-06
REV24699,PROD109,CUST5340,3,good,2023-10-26
REV24700,PROD104,CUST3140,1,good,2023-09-06
REV24701,PROD114,CUST1276,5,very bad,2024-03-20
REV24702,PROD113,CUST3487,3,average,2025-06-14
REV24703,PROD111,CUST2761,5,bad,2023-12-21
REV24704,PROD104,CUST5911,4,average,2022-12-30
REV24705,PROD105,CUST5965,4,very good,2024-02-26
REV24706,PROD103,CUST1190,5,very good,2022-10-08
REV24707,PROD110,CUST4074,5,very good,2023-10-04
REV24708,PROD108,CUST2308,1,good,2025-08-07
REV24709,PROD102,CUST5846,1,very bad,2022-11-26
REV24710,PROD109,CUST4461,1,good,2023-01-21
REV24711,PROD103,CUST2819,2,very good,2024-10-24
REV24712,PROD102,CUST5138,4,average,2025-03-02
REV24713,PROD101,CUST4387,5,bad,2024-09-11
REV24714,PROD100,CUST3947,4,very bad,2023-01-12
REV24715,PROD109,CUST5175,5,very bad,2022-09-15
REV24716,PROD113,CUST5699,2,good,2025-08-06
REV24717,PROD105,CUST5289,4,bad,2025-07-01
REV24718,PROD105,CUST1924,3,very good,2022-12-10
REV24719,PROD100,CUST3736,4,very bad,2024-12-03
REV24720,PROD103,CUST5370,1,good,2023-05-01
REV24721,PROD103,CUST5409,1,bad,2025-02-07
REV24722,PROD104,CUST3037,3,very bad,2024-06-02
REV24723,PROD110,CUST3010,2,very bad,2024-11-17
REV24724,PROD105,CUST3916,3,bad,2023-08-24
REV24725,PROD103,CUST3186,2,very bad,2023-12-07
REV24726,PROD114,CUST5744,2,very bad,2023-02-09
REV24727,PROD112,CUST4863,4,very bad,2024-06-29
REV24728,PROD109,CUST4315,1,very good,2023-07-31
REV24729,PROD114,CUST5729,1,average,2024-09-19
REV24730,PROD103,CUST5373,4,average,2024-05-10
REV24731,PROD104,CUST5041,1,bad,2025-03-06
REV24732,PROD111,CUST2536,2,average,2023-01-30
REV24733,PROD105,CUST4200,2,bad,2024-10-16
REV24734,PROD113,CUST4781,4,very good,2023-10-04
REV24735,PROD104,CUST4578,3,bad,2024-04-26
REV24736,PROD100,CUST2692,1,average,2023-08-07
REV24737,PROD100,CUST2574,1,very bad,2024-07-05
REV24738,PROD102,CUST5212,3,good,2023-02-09
REV24739,PROD107,CUST2858,5,very bad,2023-08-29
REV24740,PROD102,CUST5930,4,bad,2023-07-30
REV24741,PROD103,CUST3505,3,very good,2025-08-21
REV24742,PROD108,CUST2470,3,bad,2024-06-10
REV24743,PROD105,CUST4263,1,bad,2024-11-06
REV24744,PROD102,CUST1844,2,average,2025-07-27
REV24745,PROD114,CUST2205,2,very bad,2024-12-28
REV24746,PROD114,CUST4353,1,very good,2024-04-29
REV24747,PROD107,CUST4487,1,very bad,2022-09-18
REV24748,PROD106,CUST5184,5,bad,2023-01-27
REV24749,PROD108,CUST1653,4,average,2024-04-05
REV24750,PROD111,CUST4096,3,average,2025-05-21
REV24751,PROD107,CUST2600,2,good,2022-09-14
REV24752,PROD101,CUST2234,1,good,2023-08-09
REV24753,PROD107,CUST4416,3,very good,2023-04-06
REV24754,PROD113,CUST2766,1,average,2024-01-20
REV24755,PROD110,CUST5168,1,good,2025-02-04
REV24756,PROD105,CUST1639,1,good,2023-06-17
REV24757,PROD112,CUST3738,2,very bad,2023-05-14
REV24758,PROD113,CUST1407,4,very good,2025-02-23
REV24759,PROD107,CUST4936,1,bad,2025-01-26
REV24760,PROD109,CUST1333,5,very good,2024-03-12
REV24761,PROD107,CUST3489,3,very good,2023-12-02
REV24762,PROD112,CUST4444,1,good,2025-05-19
REV24763,PROD102,CUST5527,2,very bad,2023-09-27
REV24764,PROD106,CUST3076,4,bad,2024-02-27
REV24765,PROD114,CUST4309,1,very good,2024-04-06
REV24766,PROD114,CUST1105,3,average,2024-10-18
REV24767,PROD106,CUST4461,2,good,2025-01-09
REV24768,PROD106,CUST3509,4,bad,2023-11-19
REV24769,PROD111,CUST2571,1,very good,2024-12-18
REV24770,PROD114,CUST1956,1,bad,2023-12-30
REV24771,PROD106,CUST1779,2,good,2024-06-06
REV24772,PROD107,CUST5517,2,average,2022-10-29
REV24773,PROD113,CUST3954,3,very bad,2024-01-12
REV24774,PROD104,CUST3103,2,average,2024-08-18
REV24775,PROD114,CUST3293,4,very bad,2025-03-01
REV24776,PROD108,CUST2877,4,very good,2024-09-23
REV24777,PROD113,CUST2444,5,bad,2023-09-27
REV24778,PROD100,CUST1440,1,bad,2023-07-01
REV24779,PROD102,CUST4058,5,average,2023-03-26
REV24780,PROD103,CUST1097,1,good,2024-01-07
REV24781,PROD109,CUST4884,4,very bad,2023-11-07
REV24782,PROD108,CUST2757,1,bad,2024-04-20
REV24783,PROD104,CUST1639,4,very good,2023-12-04
REV24784,PROD114,CUST3447,5,very bad,2025-06-29
REV24785,PROD102,CUST2164,5,very good,2024-08-27
REV24786,PROD106,CUST3505,4,good,2024-01-10
REV24787,PROD107,CUST3910,5,good,2023-11-09
REV24788,PROD102,CUST5477,3,average,2023-06-21
REV24789,PROD108,CUST1225,2,very bad,2024-02-08
REV24790,PROD107,CUST3297,4,average,2023-03-04
REV24791,PROD106,CUST2128,4,bad,2023-03-27
REV24792,PROD101,CUST3287,3,bad,2023-01-14
REV24793,PROD103,CUST5644,4,bad,2024-12-16
REV24794,PROD101,CUST3413,4,very good,2023-01-30
REV24795,PROD106,CUST3654,2,very good,2025-06-30
REV24796,PROD103,CUST3396,2,average,2022-09-02
REV24797,PROD108,CUST1447,3,very bad,2023-09-16
REV24798,PROD112,CUST5887,3,average,2024-01-13
REV24799,PROD105,CUST5288,1,good,2024-11-07
REV24800,PROD104,CUST4232,1,bad,2025-06-06
REV24801,PROD114,CUST1842,1,bad,2024-05-11
REV24802,PROD112,CUST1854,5,good,2025-08-12
REV24803,PROD113,CUST3409,5,average,2024-12-25
REV24804,PROD106,CUST3041,2,very bad,2025-06-21
REV24805,PROD109,CUST3244,4,very good,2025-01-07
REV24806,PROD102,CUST3435,5,bad,2024-03-31
REV24807,PROD105,CUST3472,2,average,2024-11-20
REV24808,PROD105,CUST3271,5,very bad,2025-01-25
REV24809,PROD113,CUST5789,4,bad,2023-12-06
REV24810,PROD100,CUST4521,3,bad,2022-09-13
REV24811,PROD109,CUST4123,3,very bad,2025-08-07
REV24812,PROD114,CUST1939,3,average,2023-04-23
REV24813,PROD103,CUST5505,1,very bad,2023-09-03
REV24814,PROD111,CUST3383,2,very bad,2023-01-15
REV24815,PROD105,CUST2078,1,very good,2025-01-31
REV24816,PROD103,CUST1374,2,very good,2025-01-30
REV24817,PROD105,CUST1547,2,very bad,2022-10-23
REV24818,PROD114,CUST3137,5,very good,2024-08-21
REV24819,PROD101,CUST5010,5,very bad,2025-02-17
REV24820,PROD111,CUST1319,1,very bad,2024-04-25
REV24821,PROD103,CUST4303,4,average,2023-06-17
REV24822,PROD110,CUST1670,1,good,2024-07-26
REV24823,PROD108,CUST4884,5,bad,2023-04-30
REV24824,PROD110,CUST4516,4,very good,2025-06-25
REV24825,PROD114,CUST2783,3,average,2025-07-20
REV24826,PROD105,CUST3586,4,good,2023-08-16
REV24827,PROD105,CUST4716,5,very bad,2024-12-28
REV24828,PROD109,CUST2957,4,good,2024-04-28
REV24829,PROD111,CUST4129,3,very good,2024-05-12
REV24830,PROD114,CUST3093,3,very good,2024-06-23
REV24831,PROD103,CUST3912,3,average,2022-12-01
REV24832,PROD108,CUST2607,2,very good,2024-01-22
REV24833,PROD108,CUST4710,2,very bad,2022-11-17
REV24834,PROD106,CUST1357,2,bad,2023-12-21
REV24835,PROD113,CUST4372,4,average,2023-09-20
REV24836,PROD104,CUST2663,1,very bad,2023-12-24
REV24837,PROD114,CUST5663,3,very bad,2024-11-24
REV24838,PROD112,CUST4222,3,average,2024-08-15
REV24839,PROD107,CUST1886,3,average,2024-12-20
REV24840,PROD103,CUST1028,2,good,2022-10-04
REV24841,PROD102,CUST4920,2,very good,2023-05-06
REV24842,PROD101,CUST1316,1,very bad,2023-01-20
REV24843,PROD102,CUST4136,5,very bad,2023-03-06
REV24844,PROD111,CUST2298,1,bad,2024-01-11
REV24845,PROD110,CUST5488,3,very bad,2024-02-23
REV24846,PROD108,CUST5076,5,good,2023-03-22
REV24847,PROD106,CUST1463,3,good,2024-07-02
REV24848,PROD110,CUST4358,4,bad,2023-11-15
REV24849,PROD110,CUST3273,2,very good,2023-06-01
REV24850,PROD103,CUST2766,3,very bad,2023-02-05
REV24851,PROD103,CUST3458,1,good,2025-05-18
REV24852,PROD106,CUST5043,1,average,2023-11-19
REV24853,PROD113,CUST5876,1,bad,2022-11-03
REV24854,PROD100,CUST2893,4,good,2025-05-05
REV24855,PROD110,CUST2545,4,average,2024-05-10
REV24856,PROD106,CUST4536,1,bad,2023-11-29
REV24857,PROD104,CUST3989,4,bad,2022-12-12
REV24858,PROD113,CUST4449,5,good,2024-10-05
REV24859,PROD105,CUST5665,4,average,2023-06-11
REV24860,PROD114,CUST1785,3,bad,2023-06-03
REV24861,PROD106,CUST4939,2,very good,2024-09-05
REV24862,PROD108,CUST2813,3,bad,2024-08-14
REV24863,PROD105,CUST5019,1,very good,2023-04-21
REV24864,PROD106,CUST2579,4,very bad,2024-08-27
REV24865,PROD108,CUST1188,4,bad,2025-07-27
REV24866,PROD101,CUST3883,3,average,2023-10-13
REV24867,PROD113,CUST2566,4,very good,2024-08-27
REV24868,PROD103,CUST1898,5,good,2024-11-10
REV24869,PROD111,CUST3241,1,bad,2024-09-05
REV24870,PROD108,CUST5556,5,bad,2023-05-30
REV24871,PROD108,CUST5707,3,very bad,2025-05-23
REV24872,PROD101,CUST1920,4,bad,2025-05-29
REV24873,PROD114,CUST2941,4,average,2024-06-23
REV24874,PROD106,CUST3932,1,average,2024-06-09
REV24875,PROD103,CUST4205,2,very good,2024-12-17
REV24876,PROD102,CUST3349,5,very good,2024-03-18
REV24877,PROD111,CUST5500,1,very good,2022-09-08
REV24878,PROD102,CUST4094,1,very bad,2023-04-25
REV24879,PROD104,CUST5699,4,very good,2024-04-17
REV24880,PROD112,CUST1975,4,good,2024-08-05
REV24881,PROD112,CUST5169,2,bad,2024-05-13
REV24882,PROD114,CUST5347,4,very good,2025-01-22
REV24883,PROD108,CUST1849,3,average,2024-06-04
REV24884,PROD111,CUST2365,3,very good,2025-06-04
REV24885,PROD110,CUST3039,1,very bad,2025-07-24
REV24886,PROD111,CUST4676,3,average,2024-04-12
REV24887,PROD104,CUST4163,5,average,2023-03-21
REV24888,PROD101,CUST2314,2,very bad,2024-07-05
REV24889,PROD112,CUST1775,5,very bad,2024-08-22
REV24890,PROD100,CUST5565,3,very bad,2023-03-07
REV24891,PROD106,CUST4598,3,very bad,2022-12-24
REV24892,PROD110,CUST5670,1,good,2025-01-20
REV24893,PROD110,CUST1140,4,average,2024-07-24
REV24894,PROD104,CUST2885,2,very bad,2024-06-24
REV24895,PROD105,CUST4056,3,very bad,2024-07-04
REV24896,PROD102,CUST5001,1,average,2023-11-22
REV24897,PROD109,CUST1359,4,very bad,2022-11-30
REV24898,PROD114,CUST5363,2,bad,2023-09-04
REV24899,PROD114,CUST3111,3,good,2024-05-25
REV24900,PROD100,CUST5317,5,very good,2025-02-01
REV24901,PROD104,CUST2143,4,bad,2023-04-01
REV24902,PROD108,CUST3728,2,average,2023-04-18
REV24903,PROD101,CUST4000,5,very bad,2024-07-03
REV24904,PROD102,CUST5692,2,good,2024-07-06
REV24905,PROD113,CUST5373,2,good,2025-01-18
REV24906,PROD111,CUST1255,3,bad,2025-04-17
REV24907,PROD109,CUST1763,2,bad,2025-02-26
REV24908,PROD102,CUST2973,2,bad,2025-07-08
REV24909,PROD110,CUST2534,3,very bad,2023-09-16
REV24910,PROD103,CUST1842,3,very good,2024-04-26
REV24911,PROD108,CUST1257,5,very good,2024-10-31
REV24912,PROD108,CUST3685,2,average,2023-01-22
REV24913,PROD103,CUST4439,1,average,2024-02-16
REV24914,PROD105,CUST4320,4,very good,2024-11-27
REV24915,PROD107,CUST5069,2,very bad,2024-07-07
REV24916,PROD111,CUST1533,4,good,2025-05-07
REV24917,PROD108,CUST2633,4,average,2023-02-19
REV24918,PROD103,CUST1402,3,bad,2022-12-03
REV24919,PROD100,CUST2795,3,good,2024-05-31
REV24920,PROD109,CUST3379,5,very bad,2025-05-19
REV24921,PROD110,CUST4896,4,very good,2025-03-16
REV24922,PROD113,CUST4807,5,very bad,2024-05-29
REV24923,PROD109,CUST3157,2,very good,2025-01-05
REV24924,PROD107,CUST4574,1,bad,2025-03-24
REV24925,PROD110,CUST2285,3,bad,2023-04-08
REV24926,PROD100,CUST2921,5,average,2024-09-07
REV24927,PROD107,CUST1788,2,average,2025-07-24
REV24928,PROD100,CUST4988,2,bad,2023-01-14
REV24929,PROD106,CUST2343,1,very good,2023-10-02
REV24930,PROD105,CUST5074,1,very bad,2023-08-07
REV24931,PROD107,CUST2905,1,very bad,2023-08-06
REV24932,PROD103,CUST4475,3,good,2023-04-03
REV24933,PROD107,CUST4071,5,average,2024-06-07
REV24934,PROD108,CUST5272,3,average,2023-09-18
REV24935,PROD104,CUST4094,4,average,2023-03-11
REV24936,PROD101,CUST1773,3,average,2024-02-27
REV24937,PROD113,CUST2833,5,very good,2023-10-23
REV24938,PROD101,CUST4554,1,bad,2022-10-23
REV24939,PROD104,CUST3580,1,very bad,2024-01-19
REV24940,PROD111,CUST4170,5,very bad,2022-11-07
REV24941,PROD105,CUST2050,3,very bad,2025-05-19
REV24942,PROD105,CUST1149,4,average,2025-03-06
REV24943,PROD109,CUST1446,5,average,2025-03-18
REV24944,PROD113,CUST5615,3,very good,2025-02-24
REV24945,PROD101,CUST1164,4,bad,2024-07-09
REV24946,PROD100,CUST4952,1,average,2023-07-25
REV24947,PROD110,CUST4860,4,good,2023-09-02
REV24948,PROD102,CUST2113,3,very good,2025-03-13
REV24949,PROD102,CUST1160,5,good,2023-12-13
REV24950,PROD109,CUST4525,5,bad,2023-02-03
REV24951,PROD112,CUST2810,2,bad,2022-12-25
REV24952,PROD110,CUST1919,4,good,2023-04-14
REV24953,PROD100,CUST1872,4,average,2025-03-06
REV24954,PROD113,CUST2726,5,average,2023-04-13
REV24955,PROD100,CUST1703,5,bad,2025-04-15
REV24956,PROD110,CUST2562,5,very good,2023-05-22
REV24957,PROD105,CUST3791,2,bad,2023-03-12
REV24958,PROD114,CUST2341,2,very good,2022-09-29
REV24959,PROD113,CUST4833,1,very good,2022-11-04
REV24960,PROD111,CUST5552,2,bad,2022-12-25
REV24961,PROD102,CUST2045,2,average,2023-11-02
REV24962,PROD111,CUST5291,4,average,2024-08-30
REV24963,PROD109,CUST4212,5,average,2023-08-09
REV24964,PROD105,CUST4707,4,very bad,2024-02-12
REV24965,PROD107,CUST3620,4,very good,2025-01-30
REV24966,PROD110,CUST3941,2,average,2023-04-08
REV24967,PROD110,CUST2413,2,good,2025-08-09
REV24968,PROD110,CUST1229,5,average,2025-06-28
REV24969,PROD113,CUST4243,5,average,2024-02-23
REV24970,PROD108,CUST4847,5,very good,2024-09-22
REV24971,PROD112,CUST5861,5,bad,2024-10-10
REV24972,PROD109,CUST3808,4,average,2025-06-25
REV24973,PROD110,CUST3536,2,very good,2024-07-27
REV24974,PROD103,CUST3007,5,good,2024-06-15
REV24975,PROD106,CUST4452,5,good,2023-04-29
REV24976,PROD101,CUST1613,5,average,2024-07-24
REV24977,PROD101,CUST3633,3,bad,2025-02-08
REV24978,PROD109,CUST2804,2,very bad,2024-01-06
REV24979,PROD100,CUST1838,4,very good,2025-07-21
REV24980,PROD104,CUST2199,2,good,2024-04-26
REV24981,PROD104,CUST2626,3,good,2025-02-08
REV24982,PROD104,CUST1076,3,very good,2024-04-18
REV24983,PROD110,CUST2944,4,bad,2023-03-01
REV24984,PROD104,CUST1457,1,very good,2023-02-06
REV24985,PROD104,CUST1339,4,bad,2024-01-02
REV24986,PROD100,CUST4696,5,very bad,2024-05-13
REV24987,PROD111,CUST2743,4,average,2024-08-31
REV24988,PROD103,CUST1607,5,average,2023-04-08
REV24989,PROD103,CUST5408,4,very bad,2025-07-18
REV24990,PROD109,CUST3838,3,very good,2025-07-10
REV24991,PROD107,CUST4965,4,bad,2024-09-09
REV24992,PROD113,CUST1366,1,bad,2024-10-29
REV24993,PROD104,CUST3924,1,very good,2023-11-15
REV24994,PROD114,CUST2196,3,average,2023-07-01
REV24995,PROD109,CUST3650,1,bad,2025-03-03
REV24996,PROD103,CUST5213,3,bad,2023-11-27
REV24997,PROD100,CUST1396,2,good,2024-07-09
REV24998,PROD109,CUST5465,2,very bad,2022-08-30
REV24999,PROD104,CUST5222,1,very bad,2025-08-19
REV25000,PROD108,CUST3165,2,bad,2024-02-01
REV25001,PROD106,CUST1458,4,good,2024-02-08
REV25002,PROD101,CUST1650,1,bad,2023-03-28
REV25003,PROD104,CUST2855,1,bad,2023-11-07
REV25004,PROD111,CUST3013,5,average,2024-08-14
REV25005,PROD102,CUST3486,5,very bad,2022-12-25
REV25006,PROD107,CUST5967,2,good,2025-08-14
REV25007,PROD110,CUST2446,4,average,2023-05-27
REV25008,PROD104,CUST4890,4,very good,2025-07-07
REV25009,PROD106,CUST4105,5,very good,2023-12-12
REV25010,PROD110,CUST5116,1,good,2024-12-13
REV25011,PROD108,CUST5392,1,very bad,2025-06-03
REV25012,PROD103,CUST4685,3,good,2024-03-11
REV25013,PROD110,CUST2186,5,average,2023-09-17
REV25014,PROD107,CUST2637,5,average,2022-09-19
REV25015,PROD108,CUST3810,4,good,2024-01-27
REV25016,PROD114,CUST4999,5,bad,2023-01-18
REV25017,PROD106,CUST1265,5,bad,2024-12-08
REV25018,PROD100,CUST2365,4,good,2022-11-28
REV25019,PROD103,CUST4283,1,good,2023-10-14
REV25020,PROD106,CUST5523,3,good,2022-09-19
REV25021,PROD104,CUST4008,2,very bad,2023-10-14
REV25022,PROD107,CUST4207,4,good,2023-10-26
REV25023,PROD104,CUST1105,2,good,2023-05-12
REV25024,PROD101,CUST4299,3,good,2023-04-06
REV25025,PROD114,CUST4334,5,bad,2022-08-28
REV25026,PROD109,CUST4172,5,average,2024-04-27
REV25027,PROD100,CUST2612,2,very bad,2024-10-15
REV25028,PROD103,CUST3421,5,average,2024-10-09
REV25029,PROD103,CUST1159,3,good,2024-08-22
REV25030,PROD101,CUST1362,5,very good,2023-10-27
REV25031,PROD114,CUST4250,2,very good,2024-08-24
REV25032,PROD110,CUST3202,1,bad,2023-12-22
REV25033,PROD109,CUST4192,2,good,2025-07-24
REV25034,PROD100,CUST5972,5,average,2023-09-27
REV25035,PROD114,CUST3355,4,very good,2024-06-11
REV25036,PROD102,CUST1731,1,bad,2023-09-26
REV25037,PROD106,CUST2356,1,good,2023-03-19
REV25038,PROD101,CUST4778,2,very good,2024-08-14
REV25039,PROD105,CUST3224,3,average,2023-08-03
REV25040,PROD100,CUST1744,4,average,2024-10-02
REV25041,PROD113,CUST1660,4,bad,2023-05-09
REV25042,PROD101,CUST5594,5,bad,2023-07-25
REV25043,PROD102,CUST4253,1,good,2022-12-12
REV25044,PROD102,CUST2608,4,bad,2023-08-12
REV25045,PROD113,CUST4911,4,average,2024-08-25
REV25046,PROD109,CUST4851,3,average,2023-12-25
REV25047,PROD110,CUST5801,3,bad,2025-05-02
REV25048,PROD105,CUST4160,4,very bad,2025-02-12
REV25049,PROD114,CUST5563,2,very bad,2024-12-11
REV25050,PROD112,CUST3947,1,good,2022-10-04
REV25051,PROD104,CUST2001,5,very bad,2025-04-08
REV25052,PROD104,CUST5933,2,good,2022-10-22
REV25053,PROD109,CUST5128,3,very good,2023-04-19
REV25054,PROD110,CUST5607,3,good,2024-01-28
REV25055,PROD108,CUST2699,3,very bad,2024-08-20
REV25056,PROD105,CUST3613,1,average,2023-01-11
REV25057,PROD113,CUST3554,1,very good,2022-10-06
REV25058,PROD103,CUST4190,5,average,2023-06-04
REV25059,PROD102,CUST1800,5,very good,2023-09-03
REV25060,PROD102,CUST3608,1,very bad,2025-06-28
REV25061,PROD111,CUST2003,2,very good,2024-01-24
REV25062,PROD112,CUST1794,2,good,2024-10-08
REV25063,PROD106,CUST5533,5,average,2023-06-11
REV25064,PROD110,CUST5324,5,very good,2023-09-07
REV25065,PROD113,CUST3607,2,bad,2023-04-21
REV25066,PROD103,CUST4903,4,very good,2022-10-11
REV25067,PROD113,CUST3570,3,very bad,2023-08-05
REV25068,PROD102,CUST5859,3,good,2022-11-18
REV25069,PROD111,CUST5710,5,very good,2023-12-12
REV25070,PROD114,CUST2644,5,bad,2024-02-01
REV25071,PROD112,CUST1998,1,average,2023-09-27
REV25072,PROD104,CUST5249,3,average,2024-07-28
REV25073,PROD106,CUST3470,4,good,2023-05-26
REV25074,PROD100,CUST3067,2,very bad,2024-07-28
REV25075,PROD103,CUST1160,4,average,2023-02-12
REV25076,PROD107,CUST3877,4,very bad,2025-01-14
REV25077,PROD107,CUST5913,2,very good,2023-01-25
REV25078,PROD105,CUST5962,4,good,2025-04-17
REV25079,PROD100,CUST4964,1,bad,2023-08-05
REV25080,PROD114,CUST1827,2,good,2023-12-11
REV25081,PROD111,CUST5900,2,average,2024-05-15
REV25082,PROD100,CUST3335,5,very bad,2025-01-14
REV25083,PROD103,CUST5034,1,very good,2023-09-27
REV25084,PROD107,CUST2783,2,average,2025-02-23
REV25085,PROD109,CUST5272,5,average,2024-01-21
REV25086,PROD101,CUST3109,4,very bad,2024-05-14
REV25087,PROD102,CUST5962,1,bad,2024-11-08
REV25088,PROD108,CUST3350,5,average,2023-03-12
REV25089,PROD105,CUST5496,5,average,2023-12-20
REV25090,PROD106,CUST2017,5,average,2022-08-26
REV25091,PROD110,CUST3735,5,very good,2025-06-14
REV25092,PROD100,CUST2944,3,bad,2022-11-01
REV25093,PROD106,CUST1218,1,very bad,2023-03-02
REV25094,PROD113,CUST4273,3,average,2023-04-19
REV25095,PROD108,CUST5931,4,very good,2024-07-27
REV25096,PROD107,CUST2597,4,very bad,2025-02-22
REV25097,PROD114,CUST3381,3,very good,2022-10-05
REV25098,PROD107,CUST3365,1,good,2024-08-07
REV25099,PROD107,CUST5801,5,average,2025-03-16
REV25100,PROD109,CUST1349,5,bad,2024-05-01
REV25101,PROD107,CUST2590,5,average,2023-03-04
REV25102,PROD111,CUST1154,1,good,2023-07-03
REV25103,PROD104,CUST1733,4,bad,2023-10-08
REV25104,PROD102,CUST3769,1,very bad,2024-06-13
REV25105,PROD105,CUST1580,4,very bad,2025-01-02
REV25106,PROD103,CUST5756,3,average,2024-01-10
REV25107,PROD103,CUST4665,1,bad,2024-08-01
REV25108,PROD111,CUST1140,5,bad,2024-10-05
REV25109,PROD105,CUST4328,5,very good,2024-03-26
REV25110,PROD110,CUST5265,1,average,2025-03-16
REV25111,PROD102,CUST2131,2,very bad,2023-05-11
REV25112,PROD108,CUST2044,5,bad,2023-10-31
REV25113,PROD106,CUST3982,3,very good,2023-10-28
REV25114,PROD106,CUST4534,4,very bad,2023-11-15
REV25115,PROD109,CUST3878,5,bad,2023-09-11
REV25116,PROD109,CUST4392,2,good,2023-03-30
REV25117,PROD112,CUST5117,2,average,2025-06-14
REV25118,PROD102,CUST2856,2,bad,2022-12-28
REV25119,PROD110,CUST1804,1,bad,2023-11-18
REV25120,PROD114,CUST4003,1,bad,2024-11-02
REV25121,PROD103,CUST1776,5,very bad,2023-03-20
REV25122,PROD107,CUST4827,4,very bad,2024-05-31
REV25123,PROD109,CUST4932,1,bad,2023-11-13
REV25124,PROD105,CUST5077,5,good,2023-06-21
REV25125,PROD101,CUST2565,2,very good,2024-03-24
REV25126,PROD111,CUST5898,1,good,2023-02-28
REV25127,PROD112,CUST2854,5,good,2023-07-19
REV25128,PROD112,CUST5842,1,very bad,2025-02-09
REV25129,PROD107,CUST3708,2,bad,2025-02-20
REV25130,PROD106,CUST3615,4,very bad,2024-08-31
REV25131,PROD114,CUST3917,1,good,2025-01-10
REV25132,PROD114,CUST3654,3,bad,2022-09-06
REV25133,PROD104,CUST1008,4,average,2025-07-02
REV25134,PROD100,CUST3335,2,very good,2023-02-22
REV25135,PROD105,CUST2531,2,very bad,2025-04-09
REV25136,PROD102,CUST1638,5,very good,2025-07-29
REV25137,PROD107,CUST3762,2,bad,2024-04-20
REV25138,PROD112,CUST5251,5,very good,2025-06-22
REV25139,PROD107,CUST1091,1,very bad,2025-03-19
REV25140,PROD113,CUST1223,4,good,2023-02-19
REV25141,PROD108,CUST5234,3,very bad,2025-03-12
REV25142,PROD113,CUST2524,2,good,2023-10-29
REV25143,PROD104,CUST3270,2,very bad,2024-08-02
REV25144,PROD106,CUST2914,5,average,2024-02-09
REV25145,PROD114,CUST2952,4,very good,2025-01-16
REV25146,PROD101,CUST2383,3,good,2025-08-17
REV25147,PROD113,CUST3239,1,very good,2025-04-29
REV25148,PROD111,CUST1702,5,good,2024-08-30
REV25149,PROD107,CUST4439,4,good,2025-02-12
REV25150,PROD101,CUST5313,5,bad,2025-01-18
REV25151,PROD113,CUST2789,2,good,2022-11-25
REV25152,PROD105,CUST4562,5,bad,2023-08-23
REV25153,PROD103,CUST2797,2,good,2022-09-28
REV25154,PROD107,CUST2009,4,very good,2023-09-27
REV25155,PROD114,CUST1807,2,bad,2025-03-03
REV25156,PROD108,CUST4283,5,good,2023-02-11
REV25157,PROD114,CUST2318,1,average,2024-04-06
REV25158,PROD107,CUST5289,1,average,2024-07-12
REV25159,PROD102,CUST3562,1,very bad,2023-01-07
REV25160,PROD100,CUST5219,2,very bad,2023-11-20
REV25161,PROD107,CUST1930,4,average,2024-02-26
REV25162,PROD108,CUST1698,5,average,2025-05-24
REV25163,PROD107,CUST4826,5,average,2023-12-30
REV25164,PROD104,CUST2379,3,very bad,2024-01-22
REV25165,PROD102,CUST3436,5,average,2023-10-23
REV25166,PROD108,CUST3358,4,good,2023-02-17
REV25167,PROD103,CUST3591,4,very bad,2024-11-27
REV25168,PROD107,CUST3531,5,bad,2022-09-22
REV25169,PROD106,CUST4223,2,very bad,2024-12-17
REV25170,PROD111,CUST3216,1,good,2024-10-14
REV25171,PROD104,CUST1069,3,bad,2023-07-20
REV25172,PROD112,CUST2809,3,bad,2023-10-04
REV25173,PROD114,CUST2031,3,very good,2023-02-23
REV25174,PROD112,CUST3119,2,very good,2025-01-31
REV25175,PROD114,CUST3097,3,good,2023-06-18
REV25176,PROD107,CUST2205,2,very good,2025-08-09
REV25177,PROD103,CUST1603,1,bad,2024-01-31
REV25178,PROD114,CUST5166,4,very bad,2024-10-15
REV25179,PROD111,CUST5924,4,very bad,2022-09-06
REV25180,PROD112,CUST3569,2,bad,2022-11-19
REV25181,PROD111,CUST3508,2,average,2024-07-09
REV25182,PROD106,CUST4154,3,good,2022-12-27
REV25183,PROD113,CUST4602,4,very good,2025-02-24
REV25184,PROD101,CUST5061,4,very good,2024-10-17
REV25185,PROD114,CUST1410,5,average,2025-06-03
REV25186,PROD105,CUST1106,2,very good,2023-06-14
REV25187,PROD101,CUST4793,5,very bad,2024-01-01
REV25188,PROD104,CUST1932,3,good,2023-09-15
REV25189,PROD111,CUST3247,4,bad,2024-01-31
REV25190,PROD106,CUST2955,1,bad,2022-09-23
REV25191,PROD104,CUST1802,1,average,2023-04-17
REV25192,PROD106,CUST5460,3,very good,2023-03-05
REV25193,PROD104,CUST3027,1,bad,2024-08-28
REV25194,PROD111,CUST4907,2,very bad,2023-08-12
REV25195,PROD105,CUST4611,1,good,2023-02-07
REV25196,PROD104,CUST4484,4,very bad,2024-02-03
REV25197,PROD105,CUST3696,4,good,2024-03-02
REV25198,PROD110,CUST2122,4,average,2024-09-22
REV25199,PROD104,CUST1009,2,very bad,2025-06-28
REV25200,PROD110,CUST4011,2,bad,2023-11-02
REV25201,PROD111,CUST4118,1,bad,2023-09-08
REV25202,PROD109,CUST5446,3,very good,2024-05-10
REV25203,PROD101,CUST4410,1,average,2024-03-26
REV25204,PROD109,CUST1807,2,good,2022-09-13
REV25205,PROD105,CUST5046,2,very bad,2024-10-15
REV25206,PROD113,CUST3946,4,good,2022-10-29
REV25207,PROD103,CUST1514,3,good,2023-10-01
REV25208,PROD111,CUST5246,4,very bad,2024-03-14
REV25209,PROD103,CUST2872,4,good,2023-04-22
REV25210,PROD104,CUST5515,2,very bad,2025-01-21
REV25211,PROD100,CUST5241,2,average,2023-03-12
REV25212,PROD107,CUST3656,1,very bad,2025-07-29
REV25213,PROD112,CUST4593,3,average,2023-06-02
REV25214,PROD114,CUST4370,3,very bad,2025-03-29
REV25215,PROD106,CUST1637,5,very good,2025-02-11
REV25216,PROD103,CUST5665,3,average,2024-06-28
REV25217,PROD107,CUST3902,5,very good,2024-12-20
REV25218,PROD114,CUST1240,5,very bad,2024-07-10
REV25219,PROD111,CUST4683,2,good,2023-11-06
REV25220,PROD111,CUST3802,3,average,2023-08-09
REV25221,PROD102,CUST1680,4,very bad,2025-05-05
REV25222,PROD113,CUST1261,2,average,2025-01-29
REV25223,PROD101,CUST2611,1,average,2024-04-13
REV25224,PROD105,CUST4003,4,bad,2024-07-17
REV25225,PROD109,CUST4251,4,bad,2023-11-25
REV25226,PROD109,CUST5299,2,very good,2024-04-26
REV25227,PROD112,CUST2191,5,very bad,2025-04-17
REV25228,PROD101,CUST2097,4,average,2022-10-16
REV25229,PROD107,CUST4739,2,very bad,2023-08-24
REV25230,PROD102,CUST1676,4,very bad,2024-05-01
REV25231,PROD110,CUST3729,4,very good,2023-11-17
REV25232,PROD109,CUST2050,2,very bad,2022-12-02
REV25233,PROD102,CUST4788,4,bad,2025-05-30
REV25234,PROD113,CUST5617,1,good,2023-12-20
REV25235,PROD103,CUST3078,1,average,2023-10-03
REV25236,PROD103,CUST4980,5,average,2024-10-24
REV25237,PROD107,CUST3213,3,bad,2024-02-17
REV25238,PROD102,CUST4193,3,very bad,2022-11-03
REV25239,PROD106,CUST5491,1,average,2023-01-10
REV25240,PROD100,CUST3858,1,very good,2025-02-13
REV25241,PROD114,CUST1992,3,very good,2022-09-08
REV25242,PROD102,CUST5600,5,average,2024-07-31
REV25243,PROD106,CUST5514,1,good,2024-09-30
REV25244,PROD104,CUST1555,5,bad,2023-01-09
REV25245,PROD104,CUST1716,4,very good,2023-02-06
REV25246,PROD106,CUST2811,3,very good,2024-08-02
REV25247,PROD103,CUST1848,5,average,2023-03-01
REV25248,PROD104,CUST2017,2,good,2023-10-23
REV25249,PROD104,CUST1402,3,average,2025-05-01
REV25250,PROD106,CUST2200,3,bad,2022-10-04
REV25251,PROD106,CUST5055,4,good,2023-10-22
REV25252,PROD101,CUST5984,1,average,2025-02-25
REV25253,PROD107,CUST4630,5,very bad,2024-03-29
REV25254,PROD105,CUST5841,4,average,2024-06-14
REV25255,PROD111,CUST2720,2,average,2024-04-21
REV25256,PROD103,CUST5809,3,very good,2024-02-13
REV25257,PROD113,CUST4583,3,bad,2023-11-28
REV25258,PROD103,CUST5450,2,very bad,2022-10-13
REV25259,PROD113,CUST1954,5,good,2023-03-14
REV25260,PROD101,CUST2987,4,good,2024-12-30
REV25261,PROD100,CUST3369,2,average,2025-02-01
REV25262,PROD112,CUST3399,2,good,2022-11-24
REV25263,PROD110,CUST3585,1,very bad,2023-09-12
REV25264,PROD113,CUST1334,2,average,2022-09-27
REV25265,PROD111,CUST3873,4,good,2023-11-24
REV25266,PROD109,CUST5186,5,bad,2023-10-24
REV25267,PROD100,CUST1450,5,very bad,2023-10-22
REV25268,PROD104,CUST4030,3,bad,2022-08-28
REV25269,PROD114,CUST4312,3,very good,2025-06-03
REV25270,PROD112,CUST4600,4,very good,2025-06-02
REV25271,PROD102,CUST2345,5,good,2023-07-26
REV25272,PROD100,CUST1664,1,average,2024-11-19
REV25273,PROD105,CUST2664,4,average,2023-11-13
REV25274,PROD110,CUST3870,5,very bad,2022-10-06
REV25275,PROD113,CUST1852,1,very good,2024-10-28
REV25276,PROD109,CUST4204,5,very good,2023-09-06
REV25277,PROD105,CUST4327,1,very good,2023-10-30
REV25278,PROD114,CUST1810,1,very bad,2022-11-01
REV25279,PROD102,CUST3519,5,very good,2023-01-20
REV25280,PROD107,CUST2219,4,good,2024-05-18
REV25281,PROD106,CUST5652,4,very good,2025-04-24
REV25282,PROD104,CUST2174,1,very good,2022-12-10
REV25283,PROD108,CUST5513,4,bad,2022-09-09
REV25284,PROD114,CUST2090,2,very bad,2023-01-29
REV25285,PROD113,CUST1055,3,very good,2024-09-09
REV25286,PROD109,CUST4126,1,very good,2023-08-17
REV25287,PROD105,CUST4277,3,bad,2024-09-23
REV25288,PROD108,CUST5082,4,very bad,2023-03-18
REV25289,PROD102,CUST5371,3,very bad,2025-01-21
REV25290,PROD106,CUST5859,5,average,2024-07-21
REV25291,PROD109,CUST4772,5,bad,2023-07-13
REV25292,PROD113,CUST2531,3,bad,2022-11-18
REV25293,PROD104,CUST3015,4,bad,2023-04-11
REV25294,PROD102,CUST5909,4,very bad,2023-01-17
REV25295,PROD100,CUST1134,3,bad,2025-02-23
REV25296,PROD113,CUST4439,3,very good,2023-06-28
REV25297,PROD113,CUST5103,4,very bad,2022-12-08
REV25298,PROD107,CUST5899,5,bad,2025-07-09
REV25299,PROD103,CUST2818,2,very good,2023-10-14
REV25300,PROD101,CUST2668,5,very bad,2025-06-24
REV25301,PROD113,CUST4515,3,very good,2024-11-17
REV25302,PROD103,CUST2965,1,bad,2023-12-22
REV25303,PROD108,CUST2774,4,bad,2025-05-21
REV25304,PROD104,CUST2512,3,average,2025-05-29
REV25305,PROD109,CUST1234,2,very bad,2024-10-16
REV25306,PROD112,CUST3215,1,very bad,2025-03-24
REV25307,PROD111,CUST4050,5,good,2022-12-24
REV25308,PROD109,CUST1118,5,very good,2024-04-15
REV25309,PROD109,CUST5038,5,average,2024-08-06
REV25310,PROD112,CUST5905,5,average,2025-01-08
REV25311,PROD101,CUST1944,3,very good,2024-03-16
REV25312,PROD111,CUST2249,3,very good,2025-08-07
REV25313,PROD112,CUST1505,2,average,2023-01-24
REV25314,PROD106,CUST3870,1,good,2024-05-11
REV25315,PROD102,CUST2707,5,very bad,2024-10-25
REV25316,PROD100,CUST2639,1,average,2023-06-24
REV25317,PROD114,CUST2649,4,good,2024-02-11
REV25318,PROD103,CUST3287,2,very good,2023-09-20
REV25319,PROD111,CUST3491,4,very good,2025-05-23
REV25320,PROD114,CUST2872,2,good,2024-07-04
REV25321,PROD106,CUST1685,1,very bad,2023-02-24
REV25322,PROD114,CUST5503,4,very bad,2024-11-18
REV25323,PROD114,CUST3052,4,bad,2023-03-18
REV25324,PROD107,CUST3722,2,good,2024-08-13
REV25325,PROD110,CUST2038,1,very bad,2022-10-25
REV25326,PROD102,CUST1010,1,very bad,2025-08-03
REV25327,PROD110,CUST3015,1,very bad,2024-07-09
REV25328,PROD110,CUST3149,1,very good,2025-07-31
REV25329,PROD108,CUST4938,5,average,2023-03-23
REV25330,PROD106,CUST1758,3,good,2024-05-04
REV25331,PROD100,CUST5376,1,good,2023-11-03
REV25332,PROD106,CUST3354,4,bad,2024-11-25
REV25333,PROD111,CUST2682,5,average,2023-01-11
REV25334,PROD105,CUST3533,3,very bad,2025-08-23
REV25335,PROD114,CUST5782,3,very good,2024-01-17
REV25336,PROD110,CUST1447,4,bad,2023-11-28
REV25337,PROD103,CUST4885,4,very bad,2024-07-19
REV25338,PROD108,CUST1470,2,average,2022-11-13
REV25339,PROD110,CUST1997,4,very bad,2024-07-24
REV25340,PROD100,CUST4900,2,average,2024-11-25
REV25341,PROD110,CUST5687,3,average,2025-02-26
REV25342,PROD107,CUST3270,3,bad,2022-09-03
REV25343,PROD110,CUST1628,3,very good,2024-12-23
REV25344,PROD106,CUST2861,3,very bad,2024-01-07
REV25345,PROD109,CUST2538,1,average,2025-07-25
REV25346,PROD112,CUST4053,4,very good,2022-10-07
REV25347,PROD112,CUST5726,4,good,2024-03-07
REV25348,PROD106,CUST5322,5,good,2023-10-03
REV25349,PROD107,CUST3941,3,average,2024-04-20
REV25350,PROD110,CUST2774,1,very bad,2024-11-12
REV25351,PROD112,CUST5557,2,bad,2023-01-08
REV25352,PROD103,CUST3143,2,average,2024-01-11
REV25353,PROD110,CUST5924,4,very good,2023-07-24
REV25354,PROD103,CUST1730,1,good,2025-05-06
REV25355,PROD111,CUST5067,3,very bad,2024-05-11
REV25356,PROD112,CUST2104,2,average,2024-01-07
REV25357,PROD105,CUST4199,1,bad,2025-07-02
REV25358,PROD105,CUST5036,5,very bad,2024-07-22
REV25359,PROD109,CUST5644,2,very good,2025-07-27
REV25360,PROD111,CUST1388,5,very good,2025-06-16
REV25361,PROD102,CUST4301,3,average,2023-04-13
REV25362,PROD111,CUST4124,5,average,2023-09-18
REV25363,PROD103,CUST3058,5,very good,2023-07-26
REV25364,PROD114,CUST3582,5,bad,2023-10-19
REV25365,PROD100,CUST5933,4,average,2024-02-24
REV25366,PROD114,CUST5910,1,very good,2025-01-13
REV25367,PROD100,CUST2912,5,average,2025-01-30
REV25368,PROD106,CUST4163,3,average,2023-09-25
REV25369,PROD101,CUST1762,3,good,2025-07-10
REV25370,PROD105,CUST4325,4,very bad,2023-04-29
REV25371,PROD112,CUST3131,1,very good,2025-06-23
REV25372,PROD110,CUST4273,5,good,2024-03-02
REV25373,PROD109,CUST3495,5,very bad,2022-12-29
REV25374,PROD102,CUST4148,2,very bad,2022-08-26
REV25375,PROD102,CUST5082,3,very good,2024-11-25
REV25376,PROD114,CUST1903,5,very good,2024-02-14
REV25377,PROD110,CUST5057,2,average,2024-03-18
REV25378,PROD102,CUST3324,2,bad,2025-01-01
REV25379,PROD112,CUST1084,2,good,2024-02-16
REV25380,PROD113,CUST4239,2,very bad,2025-05-22
REV25381,PROD103,CUST3653,4,average,2024-11-16
REV25382,PROD114,CUST3786,5,average,2023-01-19
REV25383,PROD110,CUST4885,2,average,2025-08-14
REV25384,PROD109,CUST5158,2,very good,2023-10-03
REV25385,PROD109,CUST1295,1,bad,2023-08-10
REV25386,PROD100,CUST5506,1,average,2023-02-20
REV25387,PROD104,CUST5028,5,very bad,2023-06-12
REV25388,PROD103,CUST5195,2,average,2024-07-14
REV25389,PROD108,CUST5777,1,bad,2025-07-14
REV25390,PROD112,CUST3446,3,bad,2023-06-23
REV25391,PROD113,CUST1822,5,good,2023-11-02
REV25392,PROD113,CUST3483,5,very good,2025-06-03
REV25393,PROD108,CUST2132,2,very bad,2023-06-26
REV25394,PROD107,CUST4381,5,very bad,2023-02-15
REV25395,PROD102,CUST3607,4,good,2025-04-17
REV25396,PROD111,CUST4104,3,bad,2025-07-05
REV25397,PROD111,CUST4947,4,bad,2025-02-13
REV25398,PROD100,CUST1303,2,very bad,2024-06-21
REV25399,PROD114,CUST2826,4,very bad,2024-07-14
REV25400,PROD100,CUST5899,2,bad,2024-09-10
REV25401,PROD108,CUST4515,5,very bad,2025-01-13
REV25402,PROD106,CUST3659,1,good,2023-11-13
REV25403,PROD103,CUST3620,1,good,2023-05-10
REV25404,PROD106,CUST1840,4,very bad,2025-04-21
REV25405,PROD113,CUST4657,3,good,2024-05-21
REV25406,PROD112,CUST4897,1,very good,2025-07-04
REV25407,PROD109,CUST1815,2,good,2023-10-14
REV25408,PROD101,CUST3933,4,very good,2025-07-23
REV25409,PROD103,CUST3409,5,very bad,2025-07-06
REV25410,PROD100,CUST1884,1,bad,2024-05-14
REV25411,PROD110,CUST4249,2,bad,2023-09-09
REV25412,PROD112,CUST5413,1,very good,2022-10-16
REV25413,PROD103,CUST5866,2,very good,2023-07-23
REV25414,PROD101,CUST1691,5,bad,2022-09-09
REV25415,PROD110,CUST1301,2,average,2025-07-16
REV25416,PROD106,CUST5060,1,bad,2022-10-04
REV25417,PROD106,CUST1470,1,very bad,2025-01-19
REV25418,PROD102,CUST4127,3,bad,2023-09-30
REV25419,PROD105,CUST5410,3,bad,2025-07-17
REV25420,PROD110,CUST1628,3,good,2025-07-08
REV25421,PROD106,CUST1208,3,good,2024-01-07
REV25422,PROD109,CUST4733,1,very bad,2024-12-08
REV25423,PROD114,CUST4081,2,good,2022-09-17
REV25424,PROD108,CUST1537,2,very bad,2025-08-11
REV25425,PROD110,CUST3525,4,very good,2023-04-30
REV25426,PROD112,CUST1534,3,very bad,2025-08-22
REV25427,PROD113,CUST2321,1,good,2023-03-06
REV25428,PROD101,CUST4494,1,average,2023-03-02
REV25429,PROD109,CUST1346,5,average,2023-12-11
REV25430,PROD103,CUST3117,3,very good,2023-07-05
REV25431,PROD114,CUST5023,2,very good,2025-06-23
REV25432,PROD107,CUST3046,1,bad,2025-03-15
REV25433,PROD105,CUST4755,3,average,2024-06-09
REV25434,PROD112,CUST3379,5,very bad,2024-02-20
REV25435,PROD109,CUST2541,4,good,2024-07-22
REV25436,PROD113,CUST1559,4,average,2024-12-16
REV25437,PROD106,CUST4244,1,average,2023-03-08
REV25438,PROD105,CUST3097,2,very bad,2025-05-14
REV25439,PROD112,CUST2358,1,very good,2023-12-01
REV25440,PROD112,CUST3628,2,very bad,2024-09-25
REV25441,PROD105,CUST1189,3,bad,2024-11-14
REV25442,PROD112,CUST2221,2,very bad,2024-01-24
REV25443,PROD102,CUST3037,4,bad,2023-09-11
REV25444,PROD106,CUST4287,3,good,2024-06-25
REV25445,PROD100,CUST5128,1,very good,2025-08-11
REV25446,PROD112,CUST1667,5,very bad,2023-04-13
REV25447,PROD107,CUST2522,5,bad,2024-09-17
REV25448,PROD101,CUST5470,1,average,2024-05-16
REV25449,PROD103,CUST4990,2,good,2025-08-24
REV25450,PROD101,CUST2234,1,very good,2023-05-07
REV25451,PROD103,CUST1539,3,very bad,2024-11-29
REV25452,PROD107,CUST5997,1,very good,2023-06-18
REV25453,PROD107,CUST1620,3,very good,2024-06-17
REV25454,PROD106,CUST2372,2,very bad,2022-09-16
REV25455,PROD113,CUST2127,5,average,2024-01-20
REV25456,PROD111,CUST1971,1,very bad,2023-08-13
REV25457,PROD100,CUST1722,3,bad,2025-06-02
REV25458,PROD102,CUST4321,3,good,2025-06-16
REV25459,PROD103,CUST4725,5,good,2022-12-10
REV25460,PROD114,CUST3170,1,bad,2025-01-12
REV25461,PROD110,CUST3948,5,good,2023-06-14
REV25462,PROD100,CUST2446,3,very good,2024-04-11
REV25463,PROD108,CUST5031,2,very good,2025-04-20
REV25464,PROD108,CUST3469,4,very good,2024-04-26
REV25465,PROD104,CUST3594,5,good,2024-11-30
REV25466,PROD105,CUST1602,1,very bad,2023-04-03
REV25467,PROD104,CUST4448,4,very bad,2023-08-20
REV25468,PROD112,CUST3678,5,bad,2025-07-15
REV25469,PROD108,CUST5139,5,bad,2023-04-09
REV25470,PROD101,CUST5015,1,bad,2023-09-22
REV25471,PROD111,CUST1927,2,average,2024-02-06
REV25472,PROD110,CUST1301,5,bad,2024-06-10
REV25473,PROD111,CUST2214,5,very bad,2023-05-02
REV25474,PROD114,CUST1829,2,very good,2023-04-30
REV25475,PROD109,CUST2425,5,bad,2022-10-06
REV25476,PROD104,CUST5415,4,good,2023-08-17
REV25477,PROD110,CUST3187,2,average,2022-11-29
REV25478,PROD112,CUST5893,4,average,2022-09-03
REV25479,PROD105,CUST1511,4,bad,2024-02-20
REV25480,PROD102,CUST5866,3,good,2024-05-12
REV25481,PROD107,CUST5590,3,average,2025-04-16
REV25482,PROD102,CUST2414,2,average,2024-04-12
REV25483,PROD110,CUST5173,5,very bad,2024-11-03
REV25484,PROD101,CUST2738,5,good,2024-04-29
REV25485,PROD113,CUST3050,3,good,2025-02-26
REV25486,PROD104,CUST1874,1,very bad,2024-01-29
REV25487,PROD109,CUST4132,3,bad,2024-10-25
REV25488,PROD108,CUST3253,3,good,2024-05-01
REV25489,PROD102,CUST1882,3,average,2025-08-21
REV25490,PROD104,CUST1275,3,average,2024-04-11
REV25491,PROD102,CUST4693,2,very bad,2023-12-28
REV25492,PROD108,CUST2602,4,good,2025-04-08
REV25493,PROD112,CUST3390,2,very good,2025-03-04
REV25494,PROD110,CUST5549,2,bad,2023-06-08
REV25495,PROD109,CUST5307,4,average,2023-05-12
REV25496,PROD109,CUST2419,3,bad,2025-08-18
REV25497,PROD104,CUST5887,2,good,2024-12-10
REV25498,PROD113,CUST3554,1,good,2025-02-13
REV25499,PROD109,CUST3656,5,average,2023-02-12
REV25500,PROD103,CUST3125,5,average,2025-07-23
REV25501,PROD109,CUST3872,2,very good,2025-07-23
REV25502,PROD110,CUST1180,5,good,2023-08-22
REV25503,PROD113,CUST2280,2,bad,2025-02-23
REV25504,PROD103,CUST5046,1,average,2024-01-26
REV25505,PROD113,CUST3909,3,good,2023-03-21
REV25506,PROD102,CUST3873,1,very bad,2025-05-26
REV25507,PROD108,CUST1091,2,average,2022-11-13
REV25508,PROD103,CUST3253,2,very good,2024-10-07
REV25509,PROD112,CUST1244,2,bad,2023-03-30
REV25510,PROD111,CUST1869,3,bad,2025-04-01
REV25511,PROD112,CUST1044,5,very bad,2023-02-15
REV25512,PROD111,CUST2106,4,very good,2024-08-11
REV25513,PROD107,CUST5379,2,very bad,2024-12-07
REV25514,PROD104,CUST3390,4,good,2024-06-25
REV25515,PROD105,CUST1021,3,average,2022-12-15
REV25516,PROD106,CUST3110,4,good,2025-01-30
REV25517,PROD106,CUST3916,4,very bad,2024-02-24
REV25518,PROD113,CUST1608,5,very good,2023-01-24
REV25519,PROD107,CUST4073,4,average,2023-01-03
REV25520,PROD113,CUST5722,5,bad,2023-01-26
REV25521,PROD103,CUST5306,1,very good,2025-05-14
REV25522,PROD100,CUST2348,3,very bad,2023-06-13
REV25523,PROD111,CUST4164,2,average,2025-06-25
REV25524,PROD105,CUST4619,5,very bad,2023-07-23
REV25525,PROD104,CUST5320,5,very bad,2024-11-18
REV25526,PROD103,CUST3350,3,very bad,2023-05-18
REV25527,PROD107,CUST3706,1,good,2025-08-03
REV25528,PROD114,CUST4316,4,bad,2022-12-12
REV25529,PROD108,CUST1246,3,very good,2025-06-11
REV25530,PROD108,CUST1672,4,very bad,2024-07-07
REV25531,PROD113,CUST5928,2,good,2023-03-13
REV25532,PROD108,CUST1892,2,very good,2025-03-18
REV25533,PROD105,CUST5556,4,average,2024-11-22
REV25534,PROD106,CUST2981,1,very good,2025-07-31
REV25535,PROD106,CUST5200,1,very bad,2022-10-09
REV25536,PROD111,CUST3393,2,average,2024-04-23
REV25537,PROD113,CUST1624,4,very bad,2024-04-03
REV25538,PROD113,CUST5607,2,average,2023-10-16
REV25539,PROD109,CUST2525,1,bad,2024-07-16
REV25540,PROD111,CUST4688,4,average,2022-10-21
REV25541,PROD110,CUST1186,2,very good,2024-03-16
REV25542,PROD110,CUST3423,1,very good,2024-05-30
REV25543,PROD111,CUST3945,5,very good,2025-05-13
REV25544,PROD102,CUST2967,2,bad,2024-10-29
REV25545,PROD111,CUST2939,5,average,2022-12-18
REV25546,PROD113,CUST2625,1,very bad,2025-03-25
REV25547,PROD100,CUST5841,1,good,2025-03-25
REV25548,PROD110,CUST4529,5,very bad,2024-02-15
REV25549,PROD113,CUST1867,3,bad,2023-09-14
REV25550,PROD104,CUST5486,1,very good,2025-01-26
REV25551,PROD103,CUST4641,1,very bad,2023-07-24
REV25552,PROD111,CUST5106,4,good,2024-04-06
REV25553,PROD106,CUST3159,1,bad,2022-11-28
REV25554,PROD112,CUST2698,1,average,2023-06-02
REV25555,PROD104,CUST2079,4,average,2025-03-17
REV25556,PROD111,CUST2814,4,good,2024-04-06
REV25557,PROD102,CUST4754,3,bad,2024-05-12
REV25558,PROD106,CUST5827,4,very bad,2025-02-26
REV25559,PROD112,CUST2138,2,good,2023-12-15
REV25560,PROD110,CUST5231,3,bad,2023-01-11
REV25561,PROD103,CUST3271,2,very bad,2022-08-26
REV25562,PROD108,CUST5724,1,very bad,2024-12-29
REV25563,PROD111,CUST4702,3,very good,2023-01-14
REV25564,PROD114,CUST1846,5,bad,2024-06-22
REV25565,PROD109,CUST5714,2,average,2023-06-04
REV25566,PROD103,CUST5908,3,very bad,2022-12-11
REV25567,PROD110,CUST3466,5,good,2025-07-24
REV25568,PROD111,CUST2964,1,very bad,2024-10-06
REV25569,PROD103,CUST2906,2,very good,2023-08-03
REV25570,PROD113,CUST1354,2,average,2024-08-26
REV25571,PROD108,CUST1972,3,average,2023-04-29
REV25572,PROD105,CUST3295,4,bad,2024-04-26
REV25573,PROD108,CUST2212,1,very good,2022-10-14
REV25574,PROD102,CUST3527,1,very bad,2024-02-26
REV25575,PROD113,CUST2180,3,average,2024-03-14
REV25576,PROD101,CUST5647,1,good,2023-05-22
REV25577,PROD113,CUST4217,1,very bad,2024-04-28
REV25578,PROD101,CUST2820,1,very bad,2023-10-14
REV25579,PROD108,CUST3457,5,very good,2022-11-25
REV25580,PROD111,CUST2027,4,bad,2025-03-20
REV25581,PROD106,CUST3429,5,bad,2024-12-10
REV25582,PROD105,CUST2289,1,very good,2023-07-23
REV25583,PROD111,CUST5035,2,bad,2023-01-09
REV25584,PROD103,CUST5698,1,bad,2023-07-06
REV25585,PROD113,CUST5024,4,very bad,2023-10-21
REV25586,PROD100,CUST5628,2,bad,2025-03-30
REV25587,PROD104,CUST2693,2,very good,2024-09-19
REV25588,PROD100,CUST3545,5,very bad,2023-03-31
REV25589,PROD105,CUST5903,4,good,2024-09-25
REV25590,PROD104,CUST4313,3,very good,2022-11-14
REV25591,PROD112,CUST2292,4,good,2024-01-24
REV25592,PROD111,CUST5233,3,bad,2022-10-20
REV25593,PROD100,CUST4252,4,bad,2023-01-05
REV25594,PROD109,CUST1267,5,very bad,2024-12-03
REV25595,PROD103,CUST2198,2,very good,2022-10-19
REV25596,PROD112,CUST4417,4,bad,2024-10-28
REV25597,PROD102,CUST2124,4,average,2024-10-08
REV25598,PROD108,CUST3599,4,average,2023-01-02
REV25599,PROD110,CUST3012,3,very good,2024-04-26
REV25600,PROD107,CUST2317,1,bad,2023-03-10
REV25601,PROD112,CUST3743,2,average,2022-10-23
REV25602,PROD108,CUST1022,5,very good,2023-06-13
REV25603,PROD103,CUST4384,3,good,2025-07-31
REV25604,PROD104,CUST5940,1,bad,2025-02-02
REV25605,PROD102,CUST4348,2,very bad,2022-08-28
REV25606,PROD103,CUST2733,4,very good,2025-03-28
REV25607,PROD110,CUST1706,2,very good,2025-02-28
REV25608,PROD101,CUST2935,1,very bad,2023-08-10
REV25609,PROD110,CUST3862,4,very bad,2024-02-20
REV25610,PROD105,CUST2198,1,very good,2024-02-26
REV25611,PROD111,CUST4954,3,very bad,2024-11-17
REV25612,PROD104,CUST1635,4,bad,2022-09-25
REV25613,PROD100,CUST5751,3,bad,2024-10-20
REV25614,PROD101,CUST2945,2,very bad,2022-11-08
REV25615,PROD111,CUST5293,1,very good,2023-02-05
REV25616,PROD101,CUST5146,1,bad,2025-03-08
REV25617,PROD106,CUST4394,4,bad,2025-07-14
REV25618,PROD105,CUST5895,5,very bad,2024-03-24
REV25619,PROD103,CUST4855,4,bad,2023-05-15
REV25620,PROD114,CUST2006,3,bad,2023-02-10
REV25621,PROD110,CUST2950,4,very bad,2025-02-26
REV25622,PROD103,CUST5871,1,bad,2025-07-17
REV25623,PROD105,CUST1144,1,good,2023-02-09
REV25624,PROD106,CUST2130,5,bad,2023-01-27
REV25625,PROD104,CUST3413,2,very good,2024-12-20
REV25626,PROD113,CUST4044,1,average,2024-07-02
REV25627,PROD107,CUST3986,2,average,2025-06-26
REV25628,PROD109,CUST2610,1,good,2022-09-03
REV25629,PROD106,CUST2117,3,bad,2022-12-31
REV25630,PROD103,CUST1607,4,very bad,2022-09-25
REV25631,PROD111,CUST2499,3,very good,2025-02-06
REV25632,PROD108,CUST2407,3,average,2024-11-29
REV25633,PROD111,CUST1780,1,very good,2025-05-21
REV25634,PROD100,CUST5377,1,good,2023-08-17
REV25635,PROD104,CUST1402,4,average,2023-10-30
REV25636,PROD112,CUST2669,5,good,2024-12-17
REV25637,PROD101,CUST3271,2,very bad,2024-03-26
REV25638,PROD109,CUST5919,2,very good,2024-05-27
REV25639,PROD108,CUST5056,3,very bad,2024-06-25
REV25640,PROD101,CUST3337,1,very bad,2024-08-13
REV25641,PROD110,CUST4035,1,very bad,2024-03-31
REV25642,PROD100,CUST2796,2,bad,2025-03-25
REV25643,PROD109,CUST5547,4,good,2025-03-29
REV25644,PROD104,CUST3489,4,very good,2023-09-13
REV25645,PROD103,CUST2072,5,very bad,2023-11-09
REV25646,PROD105,CUST5967,2,average,2025-02-27
REV25647,PROD112,CUST5547,3,good,2024-04-16
REV25648,PROD101,CUST3627,3,bad,2023-11-19
REV25649,PROD104,CUST2562,3,very bad,2023-06-13
REV25650,PROD101,CUST1596,2,good,2023-11-15
REV25651,PROD102,CUST5752,2,very bad,2022-12-18
REV25652,PROD106,CUST2311,4,good,2024-05-07
REV25653,PROD108,CUST3210,4,bad,2024-10-07
REV25654,PROD109,CUST2180,3,very good,2023-06-09
REV25655,PROD103,CUST2197,1,bad,2024-12-23
REV25656,PROD100,CUST1750,1,very bad,2025-04-29
REV25657,PROD112,CUST1574,1,very bad,2022-11-14
REV25658,PROD109,CUST5226,3,average,2023-01-04
REV25659,PROD109,CUST1044,3,very good,2024-06-15
REV25660,PROD104,CUST3703,4,very bad,2023-09-04
REV25661,PROD105,CUST5864,2,very good,2022-10-23
REV25662,PROD114,CUST5450,5,good,2023-08-13
REV25663,PROD110,CUST1556,5,very bad,2023-06-26
REV25664,PROD104,CUST3495,2,good,2025-03-26
REV25665,PROD112,CUST4182,2,good,2025-01-31
REV25666,PROD100,CUST1002,3,average,2023-10-05
REV25667,PROD104,CUST4469,3,bad,2022-11-26
REV25668,PROD102,CUST3798,4,very good,2022-10-05
REV25669,PROD103,CUST5240,4,good,2023-01-03
REV25670,PROD113,CUST2319,3,average,2025-06-08
REV25671,PROD110,CUST1922,2,average,2023-12-16
REV25672,PROD105,CUST5238,2,good,2024-09-12
REV25673,PROD110,CUST1681,1,average,2024-11-14
REV25674,PROD109,CUST3117,4,bad,2022-09-01
REV25675,PROD101,CUST1737,4,very bad,2022-09-10
REV25676,PROD110,CUST2234,4,good,2025-03-02
REV25677,PROD101,CUST3528,4,good,2025-04-29
REV25678,PROD113,CUST2980,5,average,2023-07-30
REV25679,PROD103,CUST1442,5,average,2022-12-24
REV25680,PROD108,CUST1800,4,bad,2023-10-25
REV25681,PROD103,CUST5328,1,very bad,2024-06-01
REV25682,PROD113,CUST3727,1,average,2024-07-09
REV25683,PROD108,CUST3218,2,very bad,2022-11-28
REV25684,PROD112,CUST3959,5,average,2023-09-19
REV25685,PROD106,CUST2087,4,good,2023-11-28
REV25686,PROD104,CUST2896,5,very bad,2024-06-15
REV25687,PROD110,CUST1992,1,very bad,2022-11-14
REV25688,PROD109,CUST2906,1,bad,2025-03-07
REV25689,PROD110,CUST1720,3,average,2023-08-10
REV25690,PROD114,CUST4015,3,very bad,2024-03-04
REV25691,PROD106,CUST4922,2,good,2023-06-09
REV25692,PROD109,CUST1370,1,good,2024-10-15
REV25693,PROD114,CUST4199,4,average,2024-01-07
REV25694,PROD110,CUST2675,1,good,2023-10-14
REV25695,PROD109,CUST5265,4,average,2024-01-15
REV25696,PROD105,CUST5186,3,bad,2024-08-13
REV25697,PROD106,CUST5374,4,bad,2025-01-23
REV25698,PROD100,CUST1113,5,average,2023-11-03
REV25699,PROD109,CUST4177,1,average,2024-10-24
REV25700,PROD100,CUST5729,1,good,2025-04-17
REV25701,PROD100,CUST3933,5,average,2023-06-16
REV25702,PROD111,CUST5738,4,bad,2023-02-24
REV25703,PROD105,CUST3269,2,good,2023-08-11
REV25704,PROD102,CUST4028,4,good,2023-04-12
REV25705,PROD101,CUST4854,5,very good,2022-10-22
REV25706,PROD111,CUST5989,3,bad,2023-10-05
REV25707,PROD100,CUST3741,5,very bad,2024-07-24
REV25708,PROD100,CUST1670,5,bad,2023-04-13
REV25709,PROD111,CUST1256,4,bad,2025-02-24
REV25710,PROD101,CUST5659,1,bad,2023-03-06
REV25711,PROD113,CUST4259,4,average,2025-07-15
REV25712,PROD106,CUST4060,1,good,2023-11-06
REV25713,PROD114,CUST1049,5,average,2023-12-08
REV25714,PROD106,CUST1164,1,bad,2022-09-18
REV25715,PROD107,CUST4195,3,average,2022-11-30
REV25716,PROD108,CUST3414,3,average,2023-10-08
REV25717,PROD111,CUST4465,4,very good,2023-11-13
REV25718,PROD102,CUST1007,5,average,2022-11-22
REV25719,PROD100,CUST3749,5,bad,2022-12-16
REV25720,PROD103,CUST4320,5,good,2024-08-25
REV25721,PROD102,CUST3919,2,very good,2023-04-24
REV25722,PROD108,CUST2366,4,average,2023-11-01
REV25723,PROD112,CUST2275,4,bad,2024-09-27
REV25724,PROD102,CUST4482,2,bad,2024-11-10
REV25725,PROD104,CUST3209,4,average,2024-10-12
REV25726,PROD104,CUST1168,2,very bad,2024-12-18
REV25727,PROD100,CUST4909,2,bad,2025-04-09
REV25728,PROD108,CUST1299,3,bad,2023-11-19
REV25729,PROD102,CUST2657,5,bad,2025-02-16
REV25730,PROD101,CUST4714,2,very bad,2023-05-18
REV25731,PROD113,CUST4650,1,average,2024-04-19
REV25732,PROD105,CUST1248,1,bad,2024-12-08
REV25733,PROD110,CUST1887,5,very bad,2025-05-18
REV25734,PROD100,CUST5596,2,bad,2023-05-02
REV25735,PROD100,CUST5215,2,very bad,2023-06-08
REV25736,PROD102,CUST2944,2,very bad,2025-07-24
REV25737,PROD105,CUST2502,4,bad,2023-01-11
REV25738,PROD105,CUST1030,5,average,2025-07-24
REV25739,PROD103,CUST5796,3,very good,2023-12-26
REV25740,PROD100,CUST5819,2,good,2023-06-23
REV25741,PROD101,CUST4823,4,good,2024-02-19
REV25742,PROD112,CUST5976,3,bad,2025-03-14
REV25743,PROD105,CUST5138,4,bad,2023-11-14
REV25744,PROD105,CUST2079,2,very good,2024-02-03
REV25745,PROD104,CUST3118,5,bad,2023-11-16
REV25746,PROD113,CUST1104,2,good,2023-07-21
REV25747,PROD107,CUST3954,2,good,2024-02-23
REV25748,PROD110,CUST1244,1,average,2023-05-25
REV25749,PROD114,CUST5496,5,good,2024-05-20
REV25750,PROD114,CUST3725,2,average,2025-06-12
REV25751,PROD110,CUST4169,3,bad,2023-06-23
REV25752,PROD106,CUST2259,3,good,2023-12-22
REV25753,PROD114,CUST1305,2,very good,2024-07-18
REV25754,PROD109,CUST5689,4,good,2023-09-24
REV25755,PROD102,CUST4241,3,bad,2023-10-08
REV25756,PROD111,CUST4546,3,average,2023-07-11
REV25757,PROD104,CUST4011,1,average,2023-09-21
REV25758,PROD114,CUST2309,1,average,2023-03-07
REV25759,PROD112,CUST3871,2,good,2023-08-17
REV25760,PROD110,CUST5130,3,good,2023-10-26
REV25761,PROD108,CUST2133,1,bad,2024-11-21
REV25762,PROD114,CUST1148,4,average,2024-09-23
REV25763,PROD110,CUST2629,4,very good,2023-05-29
REV25764,PROD103,CUST5971,1,average,2023-07-03
REV25765,PROD100,CUST5425,3,average,2024-03-16
REV25766,PROD105,CUST2177,3,average,2024-03-25
REV25767,PROD113,CUST3400,2,bad,2025-05-06
REV25768,PROD106,CUST1618,2,average,2025-05-27
REV25769,PROD102,CUST5477,3,good,2023-07-30
REV25770,PROD104,CUST5839,3,bad,2023-05-20
REV25771,PROD113,CUST2362,5,average,2022-09-10
REV25772,PROD100,CUST5137,5,very bad,2023-12-04
REV25773,PROD106,CUST5528,4,bad,2023-10-02
REV25774,PROD102,CUST5593,5,very bad,2025-03-22
REV25775,PROD110,CUST5115,3,average,2024-10-10
REV25776,PROD101,CUST4753,5,average,2022-12-17
REV25777,PROD100,CUST4765,4,very bad,2024-03-24
REV25778,PROD111,CUST5400,4,bad,2024-01-05
REV25779,PROD104,CUST1192,3,good,2023-11-25
REV25780,PROD114,CUST3089,5,very good,2025-06-21
REV25781,PROD106,CUST3301,4,very bad,2023-09-11
REV25782,PROD113,CUST3252,4,good,2023-08-22
REV25783,PROD109,CUST3687,4,average,2024-07-19
REV25784,PROD103,CUST5733,2,average,2024-12-31
REV25785,PROD106,CUST5583,1,average,2022-08-26
REV25786,PROD111,CUST2550,5,bad,2023-04-10
REV25787,PROD111,CUST5570,3,bad,2023-03-13
REV25788,PROD104,CUST3076,5,very bad,2024-06-27
REV25789,PROD101,CUST2565,4,very bad,2024-12-05
REV25790,PROD105,CUST1153,5,very good,2025-08-19
REV25791,PROD102,CUST2510,4,average,2024-02-03
REV25792,PROD109,CUST2024,1,average,2024-03-15
REV25793,PROD104,CUST4474,3,very bad,2023-06-19
REV25794,PROD111,CUST1487,4,good,2023-09-22
REV25795,PROD114,CUST3634,5,very good,2024-12-18
REV25796,PROD108,CUST5912,1,good,2024-11-22
REV25797,PROD108,CUST3260,5,very good,2024-04-14
REV25798,PROD103,CUST4010,2,bad,2025-01-15
REV25799,PROD107,CUST2108,2,very bad,2025-08-22
REV25800,PROD110,CUST3739,4,very bad,2024-01-06
REV25801,PROD100,CUST4863,5,bad,2025-05-01
REV25802,PROD106,CUST2066,5,average,2025-06-30
REV25803,PROD101,CUST4480,3,bad,2024-10-15
REV25804,PROD112,CUST1018,4,very bad,2022-11-28
REV25805,PROD107,CUST2640,3,average,2023-04-26
REV25806,PROD112,CUST2580,4,very good,2024-05-15
REV25807,PROD105,CUST3352,4,bad,2023-07-28
REV25808,PROD104,CUST4006,4,very bad,2025-03-01
REV25809,PROD112,CUST2371,5,bad,2024-07-09
REV25810,PROD106,CUST5888,1,very good,2022-11-28
REV25811,PROD100,CUST2741,4,bad,2024-05-07
REV25812,PROD102,CUST1950,3,very good,2024-03-06
REV25813,PROD110,CUST3770,3,very bad,2023-01-05
REV25814,PROD114,CUST5041,5,bad,2022-11-20
REV25815,PROD109,CUST1386,2,bad,2024-01-30
REV25816,PROD102,CUST3143,5,very good,2023-10-20
REV25817,PROD102,CUST2285,1,bad,2023-07-21
REV25818,PROD108,CUST3975,1,very bad,2023-03-02
REV25819,PROD112,CUST4742,4,good,2023-12-26
REV25820,PROD110,CUST3115,4,very good,2025-07-20
REV25821,PROD108,CUST2430,3,average,2025-04-02
REV25822,PROD105,CUST4582,5,good,2023-03-09
REV25823,PROD114,CUST4417,1,very good,2024-04-16
REV25824,PROD113,CUST2915,1,very bad,2025-02-06
REV25825,PROD108,CUST3953,2,very good,2024-10-18
REV25826,PROD107,CUST1160,2,good,2023-09-03
REV25827,PROD106,CUST3630,4,very good,2022-12-27
REV25828,PROD108,CUST3739,5,average,2025-06-29
REV25829,PROD113,CUST2767,2,very bad,2025-02-22
REV25830,PROD100,CUST3197,4,bad,2025-03-09
REV25831,PROD114,CUST4835,5,average,2023-08-28
REV25832,PROD100,CUST4846,2,very good,2023-03-08
REV25833,PROD110,CUST1905,3,very good,2024-08-20
REV25834,PROD110,CUST4278,4,average,2024-08-12
REV25835,PROD100,CUST4751,5,very bad,2023-10-24
REV25836,PROD114,CUST1160,4,good,2022-10-12
REV25837,PROD114,CUST2781,2,good,2024-09-28
REV25838,PROD102,CUST4572,1,very bad,2023-11-17
REV25839,PROD114,CUST1784,2,good,2022-11-26
REV25840,PROD104,CUST1483,2,bad,2023-04-23
REV25841,PROD100,CUST1825,3,very good,2023-10-11
REV25842,PROD100,CUST1122,3,average,2024-11-15
REV25843,PROD100,CUST4986,3,good,2022-09-14
REV25844,PROD111,CUST3824,3,bad,2023-05-10
REV25845,PROD101,CUST5093,5,bad,2024-04-14
REV25846,PROD103,CUST4861,3,very good,2023-11-14
REV25847,PROD100,CUST1777,4,good,2025-01-15
REV25848,PROD100,CUST2832,1,good,2023-09-02
REV25849,PROD112,CUST3508,5,bad,2023-12-21
REV25850,PROD111,CUST1040,4,very bad,2023-10-09
REV25851,PROD110,CUST1984,2,average,2024-03-12
REV25852,PROD100,CUST2280,5,good,2023-09-30
REV25853,PROD106,CUST5706,3,average,2023-06-24
REV25854,PROD113,CUST1109,5,bad,2023-05-07
REV25855,PROD104,CUST3882,2,good,2024-02-06
REV25856,PROD107,CUST4463,1,very good,2023-03-06
REV25857,PROD105,CUST5404,3,average,2023-03-12
REV25858,PROD109,CUST5150,5,very bad,2025-01-09
REV25859,PROD101,CUST2703,2,bad,2023-04-04
REV25860,PROD100,CUST3753,5,bad,2023-04-25
REV25861,PROD110,CUST3828,3,very good,2024-07-29
REV25862,PROD106,CUST3072,2,bad,2022-10-06
REV25863,PROD110,CUST3373,5,bad,2023-05-04
REV25864,PROD114,CUST1656,2,bad,2025-07-30
REV25865,PROD110,CUST3363,1,good,2024-08-15
REV25866,PROD109,CUST5706,2,bad,2023-04-03
REV25867,PROD110,CUST1005,3,very good,2022-11-25
REV25868,PROD114,CUST2813,2,good,2023-11-07
REV25869,PROD112,CUST2549,2,very bad,2025-07-22
REV25870,PROD107,CUST3890,4,very bad,2024-06-01
REV25871,PROD106,CUST3243,1,very bad,2022-09-05
REV25872,PROD102,CUST2324,4,average,2024-08-03
REV25873,PROD107,CUST3836,2,good,2025-04-29
REV25874,PROD107,CUST3844,1,good,2024-08-24
REV25875,PROD102,CUST2008,4,good,2022-10-01
REV25876,PROD110,CUST3853,3,very bad,2025-03-04
REV25877,PROD114,CUST3715,1,very bad,2022-11-15
REV25878,PROD109,CUST3026,3,average,2025-08-15
REV25879,PROD112,CUST2669,4,very bad,2023-02-25
REV25880,PROD107,CUST1747,1,average,2025-06-09
REV25881,PROD102,CUST5904,5,bad,2024-08-31
REV25882,PROD104,CUST4418,1,good,2025-06-07
REV25883,PROD113,CUST5494,4,very good,2024-04-08
REV25884,PROD108,CUST1223,4,bad,2023-05-03
REV25885,PROD114,CUST5662,2,very good,2025-02-10
REV25886,PROD110,CUST3824,2,bad,2023-10-07
REV25887,PROD106,CUST2631,2,good,2023-01-22
REV25888,PROD106,CUST3891,2,average,2025-01-25
REV25889,PROD105,CUST4571,3,average,2024-04-25
REV25890,PROD102,CUST2790,3,bad,2023-05-02
REV25891,PROD108,CUST4820,4,very bad,2025-06-09
REV25892,PROD101,CUST3632,4,very good,2024-12-19
REV25893,PROD100,CUST5116,3,bad,2024-03-14
REV25894,PROD113,CUST2101,2,very bad,2022-10-01
REV25895,PROD110,CUST4390,2,very good,2023-07-04
REV25896,PROD110,CUST2643,2,average,2025-01-11
REV25897,PROD110,CUST5369,5,good,2024-08-05
REV25898,PROD111,CUST4616,4,very good,2022-09-13
REV25899,PROD105,CUST4273,2,very bad,2024-02-29
REV25900,PROD111,CUST5252,5,average,2023-11-27
REV25901,PROD113,CUST3698,5,very good,2024-09-16
REV25902,PROD108,CUST3483,1,very bad,2024-08-31
REV25903,PROD107,CUST1851,4,very good,2023-10-29
REV25904,PROD104,CUST5185,1,very good,2024-01-04
REV25905,PROD106,CUST1318,2,very bad,2023-11-09
REV25906,PROD102,CUST4576,1,very bad,2025-08-09
REV25907,PROD111,CUST5994,3,very bad,2024-11-02
REV25908,PROD107,CUST5551,4,bad,2023-04-05
REV25909,PROD112,CUST3975,1,average,2023-01-28
REV25910,PROD102,CUST1521,1,very good,2025-03-22
REV25911,PROD109,CUST4718,5,bad,2024-07-01
REV25912,PROD109,CUST1477,1,bad,2023-03-16
REV25913,PROD102,CUST4500,2,very good,2025-01-26
REV25914,PROD101,CUST4543,1,very good,2024-07-31
REV25915,PROD100,CUST3167,4,very bad,2023-01-26
REV25916,PROD107,CUST4938,2,bad,2025-06-27
REV25917,PROD113,CUST5765,4,good,2023-06-26
REV25918,PROD107,CUST5091,1,good,2025-06-11
REV25919,PROD103,CUST4380,3,very bad,2024-04-11
REV25920,PROD113,CUST5081,3,bad,2025-07-22
REV25921,PROD111,CUST2633,4,very bad,2023-07-18
REV25922,PROD114,CUST5353,2,very good,2024-09-22
REV25923,PROD107,CUST2920,2,good,2023-10-22
REV25924,PROD102,CUST3919,3,bad,2022-10-01
REV25925,PROD110,CUST1383,4,average,2024-01-31
REV25926,PROD107,CUST5300,4,bad,2025-05-05
REV25927,PROD109,CUST5296,2,good,2023-06-12
REV25928,PROD114,CUST1680,2,very good,2023-08-07
REV25929,PROD110,CUST4061,1,bad,2024-09-25
REV25930,PROD109,CUST3835,5,average,2023-05-09
REV25931,PROD107,CUST3164,3,average,2025-03-08
REV25932,PROD105,CUST3454,3,good,2023-02-07
REV25933,PROD114,CUST5875,2,average,2025-03-04
REV25934,PROD100,CUST2819,5,very bad,2023-12-29
REV25935,PROD108,CUST2730,2,good,2022-11-21
REV25936,PROD111,CUST3404,1,very bad,2023-05-24
REV25937,PROD110,CUST3471,3,very good,2024-05-31
REV25938,PROD108,CUST2308,1,good,2022-10-22
REV25939,PROD109,CUST5032,2,very good,2024-08-13
REV25940,PROD101,CUST2355,5,very good,2025-06-11
REV25941,PROD109,CUST5208,3,very bad,2024-01-21
REV25942,PROD100,CUST4386,2,average,2024-02-01
REV25943,PROD111,CUST1287,2,average,2022-10-09
REV25944,PROD104,CUST4064,3,bad,2023-05-29
REV25945,PROD106,CUST4119,3,very bad,2024-08-16
REV25946,PROD109,CUST2568,5,average,2022-10-14
REV25947,PROD102,CUST2048,5,good,2024-12-25
REV25948,PROD103,CUST2858,1,average,2023-01-05
REV25949,PROD107,CUST3260,3,very bad,2023-02-28
REV25950,PROD102,CUST3805,5,good,2025-03-20
REV25951,PROD106,CUST4877,5,very good,2024-07-23
REV25952,PROD112,CUST4703,2,good,2023-09-14
REV25953,PROD102,CUST4622,4,good,2023-09-21
REV25954,PROD106,CUST4110,1,bad,2024-10-23
REV25955,PROD104,CUST1563,4,bad,2023-04-18
REV25956,PROD111,CUST3481,4,bad,2023-08-21
REV25957,PROD103,CUST1718,3,bad,2022-11-01
REV25958,PROD114,CUST3604,2,very good,2025-04-01
REV25959,PROD106,CUST5143,5,average,2022-09-26
REV25960,PROD110,CUST5403,2,very good,2024-07-22
REV25961,PROD102,CUST4678,3,good,2025-03-30
REV25962,PROD104,CUST5821,2,bad,2023-08-25
REV25963,PROD101,CUST4498,4,average,2025-03-03
REV25964,PROD109,CUST2309,5,very bad,2023-03-11
REV25965,PROD104,CUST1447,4,very good,2025-03-19
REV25966,PROD105,CUST4305,4,average,2024-07-24
REV25967,PROD107,CUST4243,2,good,2025-08-07
REV25968,PROD103,CUST2853,5,good,2023-08-06
REV25969,PROD100,CUST3955,4,very good,2022-09-24
REV25970,PROD114,CUST1061,4,average,2023-04-07
REV25971,PROD103,CUST4318,2,average,2023-09-24
REV25972,PROD105,CUST3157,2,very good,2024-11-22
REV25973,PROD105,CUST5810,4,good,2023-01-28
REV25974,PROD108,CUST2727,2,very good,2023-03-08
REV25975,PROD100,CUST5654,5,very good,2024-07-31
REV25976,PROD103,CUST2715,3,very good,2024-02-03
REV25977,PROD102,CUST4561,5,good,2023-02-28
REV25978,PROD101,CUST3027,5,very good,2024-07-29
REV25979,PROD114,CUST1597,1,very good,2025-02-16
REV25980,PROD100,CUST4522,2,average,2024-07-19
REV25981,PROD110,CUST2025,4,average,2023-06-27
REV25982,PROD111,CUST5576,1,very good,2024-02-21
REV25983,PROD104,CUST1545,4,very bad,2025-02-05
REV25984,PROD114,CUST2281,5,very good,2022-12-19
REV25985,PROD103,CUST5436,4,bad,2024-07-02
REV25986,PROD108,CUST4010,2,very bad,2025-03-29
REV25987,PROD100,CUST1254,5,very good,2023-01-25
REV25988,PROD105,CUST2070,1,average,2023-10-25
REV25989,PROD100,CUST3598,1,very good,2024-04-03
REV25990,PROD101,CUST1607,3,very bad,2023-07-31
REV25991,PROD107,CUST4483,3,bad,2023-02-06
REV25992,PROD107,CUST1488,1,very good,2025-06-13
REV25993,PROD113,CUST3988,2,very bad,2022-12-25
REV25994,PROD102,CUST1849,3,very bad,2024-08-04
REV25995,PROD113,CUST4506,5,average,2022-11-04
REV25996,PROD107,CUST2519,5,very good,2023-10-12
REV25997,PROD111,CUST3488,2,very good,2024-05-05
REV25998,PROD111,CUST5390,3,average,2024-02-05
REV25999,PROD100,CUST5563,3,bad,2022-11-13
REV26000,PROD102,CUST4944,4,very bad,2025-07-19
REV26001,PROD114,CUST4081,4,very good,2025-05-12
REV26002,PROD110,CUST5883,1,very bad,2024-12-08
REV26003,PROD114,CUST2486,2,good,2025-07-13
REV26004,PROD112,CUST1106,2,good,2024-10-12
REV26005,PROD111,CUST5432,5,average,2025-02-20
REV26006,PROD104,CUST5361,3,average,2023-10-19
REV26007,PROD114,CUST1112,1,good,2024-01-02
REV26008,PROD111,CUST3611,5,bad,2024-03-23
REV26009,PROD110,CUST1522,5,average,2024-01-11
REV26010,PROD113,CUST4924,5,very bad,2025-01-30
REV26011,PROD106,CUST5201,2,average,2023-02-27
REV26012,PROD102,CUST2941,3,good,2023-07-20
REV26013,PROD110,CUST2472,3,very bad,2022-09-19
REV26014,PROD106,CUST3736,4,very good,2025-02-25
REV26015,PROD112,CUST2104,1,very bad,2022-12-05
REV26016,PROD107,CUST5537,3,average,2024-06-18
REV26017,PROD102,CUST5672,5,good,2025-01-16
REV26018,PROD100,CUST1465,2,bad,2023-06-23
REV26019,PROD112,CUST3357,5,good,2023-04-07
REV26020,PROD112,CUST3569,5,average,2025-08-23
REV26021,PROD106,CUST2407,1,bad,2023-05-16
REV26022,PROD111,CUST4559,1,average,2022-08-29
REV26023,PROD107,CUST5981,3,good,2024-06-12
REV26024,PROD101,CUST1787,1,average,2024-11-12
REV26025,PROD106,CUST3413,2,very bad,2025-07-30
REV26026,PROD113,CUST5412,2,bad,2025-05-06
REV26027,PROD106,CUST2718,4,average,2025-01-24
REV26028,PROD100,CUST3678,5,bad,2024-10-08
REV26029,PROD109,CUST2883,2,very good,2023-11-06
REV26030,PROD103,CUST2961,3,average,2024-08-11
REV26031,PROD111,CUST3186,3,average,2023-03-03
REV26032,PROD108,CUST3858,3,very bad,2023-09-22
REV26033,PROD110,CUST1631,4,bad,2024-07-23
REV26034,PROD104,CUST4953,4,average,2023-05-11
REV26035,PROD112,CUST4099,1,very bad,2025-03-25
REV26036,PROD112,CUST3246,2,good,2024-09-30
REV26037,PROD113,CUST1508,2,average,2023-10-31
REV26038,PROD102,CUST2700,1,average,2022-09-24
REV26039,PROD101,CUST4712,3,very good,2024-07-10
REV26040,PROD111,CUST3526,1,very bad,2024-09-05
REV26041,PROD101,CUST4817,1,very bad,2025-05-09
REV26042,PROD106,CUST2089,1,good,2023-12-09
REV26043,PROD108,CUST3181,3,average,2025-03-27
REV26044,PROD101,CUST4548,2,average,2024-02-17
REV26045,PROD100,CUST5307,5,very good,2023-11-27
REV26046,PROD102,CUST4619,2,good,2023-03-11
REV26047,PROD104,CUST3756,1,bad,2025-01-10
REV26048,PROD112,CUST3497,1,bad,2025-04-25
REV26049,PROD113,CUST5021,3,bad,2025-01-31
REV26050,PROD103,CUST5758,3,very good,2025-01-30
REV26051,PROD109,CUST1174,4,good,2022-09-24
REV26052,PROD105,CUST3893,1,bad,2025-04-19
REV26053,PROD114,CUST2659,1,very good,2022-12-03
REV26054,PROD103,CUST4091,4,very bad,2024-04-06
REV26055,PROD111,CUST3175,1,good,2024-03-23
REV26056,PROD102,CUST3480,1,very bad,2023-09-08
REV26057,PROD102,CUST5569,1,good,2025-01-18
REV26058,PROD106,CUST4015,3,average,2023-10-07
REV26059,PROD103,CUST4885,5,very bad,2025-03-19
REV26060,PROD106,CUST2129,3,very good,2025-04-07
REV26061,PROD101,CUST1957,5,bad,2023-03-10
REV26062,PROD105,CUST5495,5,good,2024-02-02
REV26063,PROD101,CUST3604,4,very bad,2022-11-12
REV26064,PROD114,CUST4850,3,very good,2022-10-07
REV26065,PROD102,CUST4415,2,very good,2024-03-19
REV26066,PROD111,CUST2286,5,very bad,2024-05-26
REV26067,PROD103,CUST1810,5,very bad,2023-11-10
REV26068,PROD105,CUST2262,4,good,2025-06-03
REV26069,PROD107,CUST4146,1,very good,2023-11-18
REV26070,PROD106,CUST3713,1,average,2025-07-31
REV26071,PROD103,CUST2455,3,bad,2023-07-19
REV26072,PROD105,CUST1444,5,very good,2022-08-31
REV26073,PROD106,CUST2537,5,very bad,2024-03-10
REV26074,PROD109,CUST3704,3,good,2024-01-19
REV26075,PROD113,CUST5414,2,average,2023-11-21
REV26076,PROD101,CUST2669,1,bad,2022-12-22
REV26077,PROD108,CUST4248,4,bad,2025-07-30
REV26078,PROD111,CUST3479,5,bad,2024-10-16
REV26079,PROD101,CUST2181,1,very good,2024-09-03
REV26080,PROD107,CUST3224,5,very good,2025-05-16
REV26081,PROD103,CUST5495,4,very bad,2023-09-09
REV26082,PROD104,CUST4769,5,very bad,2023-08-28
REV26083,PROD101,CUST5347,1,bad,2024-02-25
REV26084,PROD106,CUST4895,3,good,2022-12-19
REV26085,PROD113,CUST3911,1,good,2023-08-12
REV26086,PROD110,CUST3560,4,bad,2023-12-06
REV26087,PROD102,CUST4040,5,very bad,2023-02-07
REV26088,PROD110,CUST5308,4,very bad,2023-03-09
REV26089,PROD103,CUST4420,2,good,2023-05-04
REV26090,PROD109,CUST5145,3,good,2024-07-02
REV26091,PROD105,CUST4154,2,average,2025-07-28
REV26092,PROD105,CUST1025,5,very bad,2024-10-08
REV26093,PROD108,CUST2881,5,bad,2022-11-10
REV26094,PROD110,CUST3770,3,bad,2023-12-13
REV26095,PROD105,CUST2929,1,good,2022-11-24
REV26096,PROD113,CUST4813,1,very bad,2024-06-28
REV26097,PROD103,CUST5559,4,very bad,2024-01-31
REV26098,PROD105,CUST5412,5,average,2024-07-08
REV26099,PROD113,CUST5010,3,very good,2025-02-19
REV26100,PROD107,CUST4667,1,average,2023-10-19
REV26101,PROD114,CUST4168,1,good,2024-02-03
REV26102,PROD113,CUST4330,2,very good,2023-02-20
REV26103,PROD104,CUST5419,5,good,2024-04-10
REV26104,PROD100,CUST4360,1,very bad,2023-12-23
REV26105,PROD106,CUST2341,2,bad,2023-03-19
REV26106,PROD114,CUST3367,2,bad,2024-04-12
REV26107,PROD102,CUST3442,3,good,2025-02-27
REV26108,PROD102,CUST1681,4,very bad,2024-10-22
REV26109,PROD111,CUST5543,3,good,2022-11-12
REV26110,PROD101,CUST5059,2,bad,2024-08-28
REV26111,PROD107,CUST2155,2,average,2023-06-12
REV26112,PROD109,CUST3054,4,very bad,2024-03-23
REV26113,PROD105,CUST4225,5,average,2022-10-23
REV26114,PROD102,CUST5388,2,very bad,2024-07-31
REV26115,PROD101,CUST2524,5,good,2023-07-08
REV26116,PROD111,CUST3611,4,very bad,2024-08-10
REV26117,PROD105,CUST2457,4,very bad,2023-02-05
REV26118,PROD111,CUST1951,5,good,2025-07-22
REV26119,PROD105,CUST5164,5,good,2023-03-21
REV26120,PROD110,CUST4193,5,very bad,2025-03-29
REV26121,PROD113,CUST5594,3,good,2024-04-16
REV26122,PROD108,CUST1295,1,bad,2023-10-15
REV26123,PROD103,CUST4673,3,very bad,2023-04-18
REV26124,PROD114,CUST5265,1,very good,2023-08-29
REV26125,PROD105,CUST3128,3,bad,2023-07-06
REV26126,PROD113,CUST2490,2,very bad,2024-01-20
REV26127,PROD104,CUST4940,5,very good,2023-09-14
REV26128,PROD109,CUST1781,3,bad,2022-10-06
REV26129,PROD113,CUST2403,5,bad,2023-09-08
REV26130,PROD110,CUST2275,2,very good,2023-05-10
REV26131,PROD109,CUST4789,1,very bad,2024-06-02
REV26132,PROD108,CUST5935,5,good,2024-12-30
REV26133,PROD109,CUST4826,5,very bad,2023-06-30
REV26134,PROD112,CUST5998,3,good,2024-04-06
REV26135,PROD102,CUST5744,4,bad,2022-11-09
REV26136,PROD113,CUST3872,1,bad,2023-06-08
REV26137,PROD109,CUST3429,3,bad,2025-08-09
REV26138,PROD111,CUST3638,2,very good,2024-03-21
REV26139,PROD103,CUST4341,2,very bad,2022-09-20
REV26140,PROD100,CUST4749,3,bad,2025-07-30
REV26141,PROD111,CUST3696,4,bad,2023-09-27
REV26142,PROD114,CUST5568,4,bad,2025-05-20
REV26143,PROD104,CUST5384,5,bad,2023-05-28
REV26144,PROD105,CUST3716,1,average,2024-05-27
REV26145,PROD108,CUST4049,4,very good,2022-10-16
REV26146,PROD102,CUST4084,1,very bad,2024-04-24
REV26147,PROD112,CUST5894,3,good,2023-04-01
REV26148,PROD114,CUST4977,4,bad,2025-01-21
REV26149,PROD106,CUST3684,2,good,2022-09-05
REV26150,PROD101,CUST2306,3,good,2023-04-01
REV26151,PROD112,CUST4522,2,bad,2025-07-17
REV26152,PROD114,CUST4264,1,very good,2023-11-11
REV26153,PROD102,CUST3749,2,bad,2024-03-26
REV26154,PROD107,CUST4059,3,bad,2023-03-23
REV26155,PROD114,CUST2092,4,very bad,2022-09-04
REV26156,PROD103,CUST4957,3,very good,2025-05-19
REV26157,PROD111,CUST3086,1,very good,2024-11-08
REV26158,PROD100,CUST1102,1,very bad,2025-05-10
REV26159,PROD113,CUST2066,1,good,2022-10-21
REV26160,PROD109,CUST2300,5,bad,2023-04-21
REV26161,PROD104,CUST4839,5,average,2023-02-13
REV26162,PROD104,CUST1348,3,bad,2025-03-14
REV26163,PROD101,CUST2152,2,very bad,2022-10-08
REV26164,PROD101,CUST5479,1,very good,2024-04-16
REV26165,PROD112,CUST2008,2,good,2022-09-22
REV26166,PROD105,CUST4047,2,very good,2025-08-06
REV26167,PROD104,CUST1802,5,good,2022-10-09
REV26168,PROD105,CUST3973,2,good,2023-06-10
REV26169,PROD100,CUST5336,1,very bad,2025-05-31
REV26170,PROD111,CUST1723,2,very good,2023-10-04
REV26171,PROD107,CUST4179,1,bad,2023-08-03
REV26172,PROD113,CUST3224,1,average,2022-09-07
REV26173,PROD107,CUST4009,1,bad,2024-04-16
REV26174,PROD100,CUST2025,1,good,2024-05-13
REV26175,PROD112,CUST3141,2,bad,2024-07-29
REV26176,PROD109,CUST1990,4,good,2023-01-07
REV26177,PROD103,CUST1501,4,very good,2023-11-17
REV26178,PROD103,CUST3844,5,average,2025-07-21
REV26179,PROD101,CUST4069,4,very bad,2023-05-09
REV26180,PROD105,CUST5289,5,good,2023-06-24
REV26181,PROD101,CUST2633,2,good,2024-01-09
REV26182,PROD113,CUST3555,4,very good,2024-02-17
REV26183,PROD102,CUST4619,5,average,2023-08-02
REV26184,PROD106,CUST5174,2,average,2023-12-02
REV26185,PROD104,CUST2731,4,very bad,2024-04-06
REV26186,PROD105,CUST2429,4,good,2025-02-19
REV26187,PROD113,CUST2439,4,good,2024-08-28
REV26188,PROD103,CUST1322,3,very bad,2023-11-21
REV26189,PROD110,CUST2037,4,average,2023-04-13
REV26190,PROD111,CUST5626,4,very good,2023-12-12
REV26191,PROD105,CUST1292,4,bad,2025-04-12
REV26192,PROD103,CUST3222,5,very good,2023-03-16
REV26193,PROD111,CUST1245,3,very good,2023-06-30
REV26194,PROD110,CUST1429,4,bad,2025-05-21
REV26195,PROD102,CUST1271,4,very good,2025-04-27
REV26196,PROD105,CUST1059,4,very bad,2023-11-08
REV26197,PROD103,CUST4738,1,average,2024-07-10
REV26198,PROD100,CUST2339,4,very bad,2022-10-22
REV26199,PROD108,CUST5865,2,good,2024-01-02
REV26200,PROD107,CUST2086,1,very good,2023-11-14
REV26201,PROD111,CUST2067,5,very good,2023-08-23
REV26202,PROD114,CUST2460,3,very bad,2022-09-17
REV26203,PROD107,CUST3023,3,good,2024-08-29
REV26204,PROD106,CUST2587,1,average,2024-01-01
REV26205,PROD104,CUST3507,4,good,2024-11-15
REV26206,PROD102,CUST5073,3,very bad,2022-10-09
REV26207,PROD108,CUST5415,2,very bad,2023-10-13
REV26208,PROD111,CUST2325,5,average,2023-10-17
REV26209,PROD102,CUST3833,3,very bad,2025-01-12
REV26210,PROD103,CUST5379,2,very bad,2024-09-21
REV26211,PROD113,CUST2037,3,good,2023-07-24
REV26212,PROD110,CUST1589,3,good,2022-11-11
REV26213,PROD103,CUST4066,1,average,2022-12-19
REV26214,PROD106,CUST2436,3,very good,2023-08-21
REV26215,PROD104,CUST1249,1,good,2023-01-17
REV26216,PROD111,CUST3499,3,very bad,2023-12-19
REV26217,PROD104,CUST1194,1,very bad,2024-10-29
REV26218,PROD105,CUST4930,1,bad,2024-07-15
REV26219,PROD104,CUST5411,4,good,2023-07-05
REV26220,PROD106,CUST3362,1,good,2024-12-09
REV26221,PROD104,CUST3653,4,very bad,2022-10-11
REV26222,PROD111,CUST1448,4,average,2023-04-15
REV26223,PROD105,CUST5947,4,average,2024-12-11
REV26224,PROD112,CUST2528,1,very bad,2022-12-02
REV26225,PROD114,CUST1041,3,average,2024-01-24
REV26226,PROD113,CUST2875,4,very bad,2024-03-02
REV26227,PROD108,CUST5821,1,very bad,2025-05-24
REV26228,PROD107,CUST5896,4,very bad,2024-03-18
REV26229,PROD107,CUST5578,3,very good,2024-09-07
REV26230,PROD103,CUST3732,5,average,2024-12-26
REV26231,PROD113,CUST1006,4,good,2024-07-03
REV26232,PROD107,CUST5639,1,average,2022-11-10
REV26233,PROD108,CUST2214,5,average,2022-09-01
REV26234,PROD108,CUST1845,2,good,2024-08-13
REV26235,PROD107,CUST5384,1,good,2023-11-24
REV26236,PROD109,CUST3805,1,bad,2024-02-01
REV26237,PROD114,CUST3988,2,very bad,2025-02-15
REV26238,PROD113,CUST4855,1,average,2022-10-30
REV26239,PROD106,CUST4035,3,very bad,2023-01-26
REV26240,PROD106,CUST5751,4,very good,2023-07-02
REV26241,PROD114,CUST2014,2,very good,2022-11-14
REV26242,PROD113,CUST4686,4,very bad,2023-04-07
REV26243,PROD107,CUST4568,2,very bad,2025-02-21
REV26244,PROD114,CUST3414,1,good,2022-10-13
REV26245,PROD109,CUST5254,2,good,2024-11-08
REV26246,PROD112,CUST5328,1,bad,2023-04-02
REV26247,PROD105,CUST3096,4,very bad,2025-04-19
REV26248,PROD109,CUST1763,1,very good,2024-05-01
REV26249,PROD111,CUST5392,2,bad,2025-07-27
REV26250,PROD112,CUST3293,4,very bad,2024-12-04
REV26251,PROD114,CUST4201,4,good,2024-10-22
REV26252,PROD113,CUST1547,5,very good,2025-08-03
REV26253,PROD108,CUST3593,5,very good,2023-05-30
REV26254,PROD112,CUST2693,3,average,2023-03-10
REV26255,PROD109,CUST2066,2,very good,2025-05-31
REV26256,PROD111,CUST1968,4,good,2025-06-25
REV26257,PROD100,CUST1342,5,average,2022-12-06
REV26258,PROD105,CUST2118,5,very bad,2023-04-12
REV26259,PROD103,CUST1429,3,bad,2023-02-21
REV26260,PROD114,CUST3032,3,bad,2024-02-20
REV26261,PROD112,CUST2693,3,very bad,2023-08-29
REV26262,PROD114,CUST2313,1,bad,2024-07-20
REV26263,PROD108,CUST2723,3,very good,2024-04-03
REV26264,PROD110,CUST3621,2,very bad,2023-03-25
REV26265,PROD105,CUST3645,4,average,2024-07-30
REV26266,PROD108,CUST2292,4,very bad,2022-08-27
REV26267,PROD103,CUST3627,1,very good,2024-05-17
REV26268,PROD102,CUST4496,1,bad,2023-07-19
REV26269,PROD114,CUST5560,2,bad,2024-07-29
REV26270,PROD101,CUST3984,1,very bad,2023-06-14
REV26271,PROD113,CUST3529,5,bad,2025-02-17
REV26272,PROD102,CUST4404,1,very good,2023-11-18
REV26273,PROD114,CUST4268,2,very good,2025-08-06
REV26274,PROD103,CUST4325,4,average,2024-08-22
REV26275,PROD107,CUST3718,2,bad,2025-07-24
REV26276,PROD109,CUST2431,1,bad,2023-05-05
REV26277,PROD104,CUST5034,3,very good,2024-08-03
REV26278,PROD103,CUST4171,2,bad,2024-12-20
REV26279,PROD103,CUST4805,3,average,2025-01-11
REV26280,PROD108,CUST4476,5,bad,2023-04-05
REV26281,PROD103,CUST1275,5,very bad,2022-11-29
REV26282,PROD108,CUST1306,3,good,2022-11-29
REV26283,PROD112,CUST2707,5,average,2024-06-10
REV26284,PROD104,CUST3410,4,very bad,2024-11-14
REV26285,PROD102,CUST4514,3,very bad,2024-08-30
REV26286,PROD104,CUST4723,5,average,2023-06-19
REV26287,PROD105,CUST3271,1,bad,2022-09-09
REV26288,PROD101,CUST2036,5,very good,2023-08-15
REV26289,PROD110,CUST5044,3,very good,2023-11-19
REV26290,PROD102,CUST5153,4,good,2023-04-10
REV26291,PROD105,CUST3404,4,average,2025-06-05
REV26292,PROD103,CUST2595,1,bad,2023-03-11
REV26293,PROD109,CUST4221,3,very good,2024-03-07
REV26294,PROD110,CUST1043,5,bad,2023-09-21
REV26295,PROD105,CUST2691,5,very bad,2024-08-03
REV26296,PROD111,CUST5873,1,bad,2025-05-16
REV26297,PROD103,CUST1337,5,good,2024-01-29
REV26298,PROD111,CUST1058,4,bad,2023-05-26
REV26299,PROD107,CUST1324,3,average,2023-03-08
REV26300,PROD104,CUST1630,1,average,2025-07-18
REV26301,PROD106,CUST3398,5,very good,2023-08-21
REV26302,PROD100,CUST5213,1,good,2024-05-11
REV26303,PROD102,CUST3339,3,very bad,2022-11-27
REV26304,PROD104,CUST5216,3,good,2024-01-12
REV26305,PROD102,CUST4439,3,average,2025-06-25
REV26306,PROD108,CUST4776,2,very good,2024-10-09
REV26307,PROD114,CUST1584,4,good,2024-09-04
REV26308,PROD112,CUST3312,4,average,2025-05-22
REV26309,PROD104,CUST4336,4,bad,2023-03-15
REV26310,PROD103,CUST3320,1,very bad,2024-07-23
REV26311,PROD106,CUST4999,2,good,2023-05-21
REV26312,PROD100,CUST3448,4,good,2025-05-17
REV26313,PROD104,CUST5442,4,average,2022-10-01
REV26314,PROD100,CUST4591,1,very good,2023-07-07
REV26315,PROD102,CUST2005,2,average,2022-09-05
REV26316,PROD100,CUST5051,1,bad,2025-01-29
REV26317,PROD112,CUST5003,4,very bad,2024-01-09
REV26318,PROD110,CUST1424,3,very bad,2024-04-28
REV26319,PROD108,CUST3448,5,average,2025-03-30
REV26320,PROD108,CUST5945,1,very good,2022-10-01
REV26321,PROD108,CUST1689,4,good,2025-06-14
REV26322,PROD102,CUST3525,5,very good,2023-12-05
REV26323,PROD114,CUST3470,4,good,2024-04-25
REV26324,PROD114,CUST4135,4,very good,2025-06-17
REV26325,PROD104,CUST1035,3,very good,2025-06-11
REV26326,PROD106,CUST3609,1,very bad,2024-02-20
REV26327,PROD106,CUST2375,4,very bad,2024-03-29
REV26328,PROD105,CUST2752,2,very good,2022-10-29
REV26329,PROD100,CUST4168,2,very good,2024-07-11
REV26330,PROD104,CUST2251,3,very good,2025-01-29
REV26331,PROD111,CUST5668,4,very bad,2025-01-22
REV26332,PROD100,CUST2100,2,very bad,2023-02-21
REV26333,PROD109,CUST3306,3,good,2023-09-24
REV26334,PROD110,CUST3576,3,good,2023-10-02
REV26335,PROD101,CUST5510,2,good,2023-02-11
REV26336,PROD108,CUST2075,1,bad,2025-01-15
REV26337,PROD104,CUST5342,1,good,2025-01-20
REV26338,PROD110,CUST4673,4,good,2024-03-09
REV26339,PROD107,CUST1875,5,very good,2022-09-02
REV26340,PROD100,CUST1323,3,very good,2024-11-28
REV26341,PROD112,CUST3600,2,average,2023-09-04
REV26342,PROD101,CUST1660,4,average,2023-09-17
REV26343,PROD100,CUST5043,1,very good,2023-09-03
REV26344,PROD102,CUST2336,2,bad,2024-01-16
REV26345,PROD109,CUST2245,5,good,2025-02-09
REV26346,PROD104,CUST4080,4,very good,2024-06-30
REV26347,PROD103,CUST1482,3,bad,2022-10-23
REV26348,PROD105,CUST4183,5,bad,2025-08-22
REV26349,PROD109,CUST2570,2,very bad,2024-01-05
REV26350,PROD102,CUST5583,4,very good,2024-07-22
REV26351,PROD107,CUST4105,4,very bad,2023-03-25
REV26352,PROD108,CUST5974,5,very good,2024-03-24
REV26353,PROD112,CUST4117,4,bad,2025-08-03
REV26354,PROD114,CUST3888,5,bad,2023-05-28
REV26355,PROD107,CUST5409,3,average,2022-09-04
REV26356,PROD102,CUST1194,3,good,2024-06-22
REV26357,PROD107,CUST2364,3,good,2023-04-02
REV26358,PROD102,CUST2715,2,average,2025-02-10
REV26359,PROD113,CUST3592,1,very good,2024-03-10
REV26360,PROD104,CUST4483,4,very bad,2023-01-08
REV26361,PROD109,CUST2024,4,very good,2024-10-22
REV26362,PROD102,CUST1983,3,very good,2023-02-04
REV26363,PROD107,CUST2795,1,good,2024-12-14
REV26364,PROD113,CUST4868,2,bad,2025-02-22
REV26365,PROD107,CUST4608,3,very bad,2025-05-16
REV26366,PROD104,CUST1409,4,very bad,2024-09-08
REV26367,PROD112,CUST1703,4,good,2025-01-21
REV26368,PROD107,CUST5292,1,very good,2024-07-20
REV26369,PROD114,CUST1202,2,good,2025-06-19
REV26370,PROD111,CUST3119,5,very good,2024-12-31
REV26371,PROD111,CUST4196,4,very bad,2024-05-23
REV26372,PROD113,CUST1085,1,very bad,2024-01-11
REV26373,PROD104,CUST5334,5,good,2023-12-31
REV26374,PROD113,CUST2554,1,good,2023-04-29
REV26375,PROD112,CUST1743,5,very good,2023-09-25
REV26376,PROD101,CUST4062,2,good,2024-07-04
REV26377,PROD108,CUST1218,5,very bad,2022-09-26
REV26378,PROD110,CUST4876,5,good,2023-09-20
REV26379,PROD102,CUST1726,5,very good,2023-06-10
REV26380,PROD104,CUST3349,3,very good,2025-05-17
REV26381,PROD107,CUST1681,3,bad,2022-09-17
REV26382,PROD106,CUST4544,4,good,2025-08-23
REV26383,PROD105,CUST1355,1,very bad,2023-08-28
REV26384,PROD103,CUST5365,3,very bad,2023-09-15
REV26385,PROD106,CUST2340,3,very bad,2025-02-11
REV26386,PROD110,CUST4205,2,bad,2022-09-20
REV26387,PROD111,CUST1106,5,average,2023-11-29
REV26388,PROD108,CUST3766,2,average,2022-12-12
REV26389,PROD112,CUST4227,5,good,2023-08-31
REV26390,PROD104,CUST5251,4,very bad,2023-10-20
REV26391,PROD114,CUST5232,3,very bad,2025-08-15
REV26392,PROD112,CUST5482,5,bad,2023-06-04
REV26393,PROD102,CUST1045,3,very good,2025-07-16
REV26394,PROD113,CUST4198,5,good,2023-12-08
REV26395,PROD103,CUST3440,2,bad,2023-01-29
REV26396,PROD111,CUST3989,2,very good,2023-01-10
REV26397,PROD106,CUST5416,3,very good,2023-12-05
REV26398,PROD105,CUST5720,1,average,2025-07-04
REV26399,PROD103,CUST4202,1,bad,2024-06-06
REV26400,PROD107,CUST1930,5,good,2022-11-20
REV26401,PROD113,CUST1351,1,very good,2023-08-26
REV26402,PROD113,CUST2083,2,very bad,2022-11-16
REV26403,PROD105,CUST3552,3,bad,2024-05-12
REV26404,PROD111,CUST1517,5,bad,2024-06-29
REV26405,PROD100,CUST2016,1,good,2023-10-18
REV26406,PROD107,CUST3576,3,good,2024-06-09
REV26407,PROD106,CUST3487,4,very good,2025-02-06
REV26408,PROD103,CUST4245,2,bad,2024-05-18
REV26409,PROD113,CUST4447,2,bad,2025-03-28
REV26410,PROD106,CUST5968,1,good,2025-05-18
REV26411,PROD110,CUST2401,3,very good,2024-11-14
REV26412,PROD109,CUST4896,2,very good,2023-03-13
REV26413,PROD107,CUST2011,4,very good,2025-01-04
REV26414,PROD102,CUST5993,3,very good,2023-07-02
REV26415,PROD112,CUST3058,2,very good,2024-12-31
REV26416,PROD111,CUST1676,5,average,2025-05-11
REV26417,PROD111,CUST1537,1,very good,2025-02-20
REV26418,PROD100,CUST4200,5,very good,2022-10-08
REV26419,PROD104,CUST3331,1,very good,2023-06-17
REV26420,PROD105,CUST1391,3,bad,2025-05-15
REV26421,PROD102,CUST1602,4,very bad,2024-01-10
REV26422,PROD100,CUST5547,3,good,2025-05-28
REV26423,PROD109,CUST2865,2,bad,2025-08-17
REV26424,PROD113,CUST5305,5,bad,2024-03-11
REV26425,PROD106,CUST1065,5,good,2023-01-13
REV26426,PROD106,CUST2776,2,very good,2023-07-16
REV26427,PROD110,CUST1928,4,bad,2023-01-19
REV26428,PROD109,CUST2235,5,bad,2023-11-29
REV26429,PROD105,CUST1818,3,very bad,2025-06-27
REV26430,PROD113,CUST5204,1,very good,2023-02-09
REV26431,PROD108,CUST3738,3,good,2024-10-08
REV26432,PROD108,CUST4658,5,average,2023-06-29
REV26433,PROD113,CUST5325,3,average,2025-07-19
REV26434,PROD105,CUST3367,4,very bad,2023-07-25
REV26435,PROD103,CUST4998,3,very good,2023-01-15
REV26436,PROD103,CUST5693,1,bad,2023-03-22
REV26437,PROD101,CUST3028,2,good,2025-08-04
REV26438,PROD113,CUST2940,2,good,2024-09-14
REV26439,PROD109,CUST5436,5,average,2023-06-22
REV26440,PROD107,CUST5086,2,average,2024-08-31
REV26441,PROD101,CUST1989,3,good,2023-01-22
REV26442,PROD104,CUST1882,2,very bad,2023-02-12
REV26443,PROD100,CUST1378,4,bad,2024-04-17
REV26444,PROD112,CUST2616,4,good,2025-08-05
REV26445,PROD106,CUST3938,3,very bad,2024-07-09
REV26446,PROD105,CUST2822,1,very bad,2024-05-13
REV26447,PROD101,CUST3367,5,very good,2022-12-21
REV26448,PROD112,CUST5952,2,very good,2023-07-19
REV26449,PROD101,CUST4194,2,very good,2025-03-13
REV26450,PROD104,CUST3606,1,bad,2025-03-17
REV26451,PROD106,CUST4736,5,bad,2024-10-10
REV26452,PROD108,CUST4365,2,very bad,2024-06-23
REV26453,PROD109,CUST3366,4,bad,2023-08-20
REV26454,PROD110,CUST3642,4,average,2025-02-02
REV26455,PROD112,CUST2272,2,bad,2025-05-07
REV26456,PROD111,CUST5079,4,very good,2025-05-08
REV26457,PROD113,CUST3733,5,average,2025-03-13
REV26458,PROD102,CUST2583,2,average,2024-10-15
REV26459,PROD100,CUST5503,4,average,2023-09-28
REV26460,PROD104,CUST2230,1,very bad,2024-12-25
REV26461,PROD114,CUST2330,3,bad,2025-07-04
REV26462,PROD100,CUST5133,3,average,2023-03-03
REV26463,PROD108,CUST2801,2,very good,2025-01-01
REV26464,PROD111,CUST5470,2,bad,2023-01-15
REV26465,PROD102,CUST1998,5,good,2024-03-29
REV26466,PROD105,CUST2820,5,good,2024-04-03
REV26467,PROD105,CUST2504,4,good,2025-04-26
REV26468,PROD102,CUST3046,4,very good,2023-12-16
REV26469,PROD106,CUST5023,4,good,2024-04-20
REV26470,PROD104,CUST3280,2,average,2023-06-03
REV26471,PROD105,CUST3746,5,good,2023-10-30
REV26472,PROD110,CUST1695,1,very bad,2025-01-28
REV26473,PROD112,CUST3117,4,bad,2024-02-24
REV26474,PROD111,CUST4597,3,very bad,2025-03-23
REV26475,PROD113,CUST5453,2,very bad,2023-01-17
REV26476,PROD108,CUST4990,2,bad,2023-08-20
REV26477,PROD112,CUST4443,4,bad,2025-02-16
REV26478,PROD109,CUST3674,5,average,2025-02-12
REV26479,PROD109,CUST4476,1,very bad,2024-01-24
REV26480,PROD112,CUST5304,4,bad,2023-12-20
REV26481,PROD100,CUST2236,4,very bad,2022-10-06
REV26482,PROD106,CUST4121,5,average,2022-10-22
REV26483,PROD102,CUST1933,3,good,2024-04-03
REV26484,PROD111,CUST3759,2,good,2024-09-28
REV26485,PROD102,CUST5521,4,bad,2024-02-14
REV26486,PROD106,CUST5555,3,bad,2023-03-24
REV26487,PROD111,CUST1231,4,average,2022-11-12
REV26488,PROD105,CUST2484,5,good,2023-07-07
REV26489,PROD113,CUST5441,2,very bad,2024-04-18
REV26490,PROD103,CUST3292,1,good,2024-11-17
REV26491,PROD101,CUST5390,4,good,2025-02-27
REV26492,PROD111,CUST2183,5,bad,2023-02-11
REV26493,PROD112,CUST1503,2,average,2024-08-21
REV26494,PROD106,CUST3637,3,average,2024-05-14
REV26495,PROD106,CUST2016,2,very good,2023-03-06
REV26496,PROD114,CUST3247,3,very bad,2024-06-14
REV26497,PROD104,CUST4186,3,very bad,2024-10-11
REV26498,PROD107,CUST4912,3,good,2024-03-09
REV26499,PROD113,CUST4820,4,good,2023-03-17
REV26500,PROD110,CUST3931,2,good,2024-06-09
REV26501,PROD110,CUST3888,5,average,2024-10-17
REV26502,PROD104,CUST4101,5,very bad,2024-07-13
REV26503,PROD111,CUST4845,2,very good,2025-06-20
REV26504,PROD113,CUST1536,5,average,2024-03-11
REV26505,PROD113,CUST5552,3,bad,2025-02-11
REV26506,PROD107,CUST4645,4,average,2025-08-23
REV26507,PROD113,CUST1743,3,very bad,2024-09-01
REV26508,PROD111,CUST4494,3,good,2023-09-17
REV26509,PROD106,CUST5638,3,very good,2025-04-23
REV26510,PROD109,CUST2501,5,good,2024-02-14
REV26511,PROD110,CUST2039,2,very bad,2022-08-26
REV26512,PROD103,CUST1776,2,good,2024-08-24
REV26513,PROD105,CUST5434,3,average,2025-01-30
REV26514,PROD114,CUST4107,3,average,2022-12-02
REV26515,PROD113,CUST4377,5,average,2025-06-29
REV26516,PROD101,CUST3884,4,very good,2025-04-13
REV26517,PROD105,CUST1532,4,very good,2023-10-30
REV26518,PROD104,CUST1437,3,good,2025-04-03
REV26519,PROD101,CUST4909,3,bad,2024-07-28
REV26520,PROD111,CUST1985,2,average,2023-01-09
REV26521,PROD104,CUST2000,1,bad,2023-06-07
REV26522,PROD113,CUST3508,2,good,2025-01-02
REV26523,PROD104,CUST1765,4,bad,2024-05-29
REV26524,PROD102,CUST3430,1,average,2023-01-22
REV26525,PROD104,CUST2709,1,very bad,2023-01-13
REV26526,PROD103,CUST1461,3,good,2022-11-09
REV26527,PROD108,CUST2300,2,good,2023-05-10
REV26528,PROD102,CUST1826,3,average,2023-02-20
REV26529,PROD109,CUST1293,5,bad,2025-02-06
REV26530,PROD107,CUST1568,3,bad,2024-11-04
REV26531,PROD103,CUST3742,3,good,2025-04-29
REV26532,PROD101,CUST4419,2,very good,2024-06-05
REV26533,PROD110,CUST4179,4,very good,2024-01-21
REV26534,PROD113,CUST4396,2,good,2024-03-15
REV26535,PROD112,CUST5049,3,average,2022-09-02
REV26536,PROD112,CUST2387,3,very good,2023-06-17
REV26537,PROD111,CUST3265,3,average,2022-09-03
REV26538,PROD103,CUST3297,3,very good,2023-04-17
REV26539,PROD104,CUST3340,5,average,2024-08-02
REV26540,PROD107,CUST1170,2,bad,2025-05-25
REV26541,PROD112,CUST5363,1,average,2023-03-17
REV26542,PROD113,CUST2631,5,good,2022-11-03
REV26543,PROD105,CUST1413,2,very good,2024-01-14
REV26544,PROD107,CUST4157,2,bad,2023-02-17
REV26545,PROD107,CUST2277,2,very good,2025-02-15
REV26546,PROD103,CUST4950,5,average,2024-06-22
REV26547,PROD101,CUST5448,3,bad,2022-10-30
REV26548,PROD107,CUST4164,5,very good,2024-09-06
REV26549,PROD112,CUST4322,3,very bad,2024-12-14
REV26550,PROD102,CUST3744,5,very good,2024-04-10
REV26551,PROD101,CUST4818,5,bad,2025-01-13
REV26552,PROD111,CUST4973,1,average,2023-03-08
REV26553,PROD101,CUST5618,1,very good,2025-06-24
REV26554,PROD109,CUST5923,2,average,2025-06-06
REV26555,PROD105,CUST3827,3,very bad,2023-03-31
REV26556,PROD111,CUST1305,1,average,2025-06-06
REV26557,PROD112,CUST3228,5,average,2024-07-25
REV26558,PROD111,CUST3531,5,good,2023-12-17
REV26559,PROD100,CUST4757,3,average,2023-06-12
REV26560,PROD107,CUST3007,2,good,2022-10-29
REV26561,PROD103,CUST2413,5,good,2024-03-08
REV26562,PROD103,CUST4180,2,average,2024-08-23
REV26563,PROD108,CUST3079,5,very bad,2025-02-14
REV26564,PROD114,CUST5702,5,bad,2023-06-23
REV26565,PROD104,CUST2587,3,good,2024-01-17
REV26566,PROD100,CUST2193,1,good,2025-06-13
REV26567,PROD104,CUST1699,5,bad,2024-08-10
REV26568,PROD104,CUST1499,3,very bad,2025-04-10
REV26569,PROD106,CUST2539,4,bad,2023-09-21
REV26570,PROD113,CUST3946,3,average,2025-02-28
REV26571,PROD114,CUST4855,5,good,2024-01-10
REV26572,PROD102,CUST1822,4,average,2023-08-22
REV26573,PROD102,CUST4610,3,bad,2022-08-30
REV26574,PROD104,CUST4978,3,very good,2025-05-12
REV26575,PROD104,CUST4951,5,average,2023-11-15
REV26576,PROD102,CUST2726,3,bad,2025-02-23
REV26577,PROD103,CUST3751,4,very bad,2023-10-06
REV26578,PROD110,CUST1214,1,very bad,2025-05-18
REV26579,PROD111,CUST5206,1,bad,2025-02-05
REV26580,PROD109,CUST4974,5,very bad,2025-07-05
REV26581,PROD113,CUST4812,2,very bad,2023-03-19
REV26582,PROD106,CUST3832,5,average,2025-08-13
REV26583,PROD102,CUST2470,4,good,2023-07-25
REV26584,PROD104,CUST3441,4,good,2023-02-16
REV26585,PROD110,CUST1607,2,average,2025-06-22
REV26586,PROD108,CUST3026,4,good,2025-05-06
REV26587,PROD110,CUST3562,4,bad,2025-05-13
REV26588,PROD109,CUST4281,4,good,2023-09-12
REV26589,PROD104,CUST1533,2,very bad,2024-11-13
REV26590,PROD104,CUST1098,1,bad,2025-07-16
REV26591,PROD104,CUST3888,4,very good,2023-08-31
REV26592,PROD104,CUST4399,2,very good,2022-11-10
REV26593,PROD100,CUST3855,3,very bad,2025-02-13
REV26594,PROD101,CUST1034,1,good,2022-12-29
REV26595,PROD107,CUST1406,2,average,2024-01-12
REV26596,PROD107,CUST4540,3,bad,2023-12-17
REV26597,PROD100,CUST5011,4,very bad,2024-10-21
REV26598,PROD104,CUST5250,3,very good,2023-04-29
REV26599,PROD106,CUST2655,2,average,2024-10-21
REV26600,PROD106,CUST1108,1,very good,2022-12-21
REV26601,PROD104,CUST2744,3,bad,2025-07-23
REV26602,PROD114,CUST3637,2,very good,2023-09-10
REV26603,PROD110,CUST5386,4,very bad,2025-04-17
REV26604,PROD114,CUST2040,4,very bad,2025-08-08
REV26605,PROD101,CUST2321,2,very bad,2023-03-18
REV26606,PROD100,CUST3981,2,average,2023-06-20
REV26607,PROD109,CUST3299,2,very bad,2024-06-14
REV26608,PROD111,CUST4973,3,very bad,2023-03-27
REV26609,PROD110,CUST4850,4,bad,2023-04-12
REV26610,PROD107,CUST3042,1,very good,2023-06-08
REV26611,PROD102,CUST5895,4,very good,2025-01-01
REV26612,PROD105,CUST1375,5,bad,2024-04-10
REV26613,PROD112,CUST3659,3,very bad,2023-01-28
REV26614,PROD103,CUST3464,4,good,2025-05-31
REV26615,PROD101,CUST3274,5,average,2024-02-19
REV26616,PROD102,CUST1587,1,very good,2023-03-06
REV26617,PROD100,CUST4085,3,bad,2025-05-21
REV26618,PROD104,CUST3338,2,very good,2024-05-09
REV26619,PROD100,CUST1466,5,average,2025-07-15
REV26620,PROD103,CUST4030,5,good,2023-05-11
REV26621,PROD110,CUST2780,5,bad,2025-05-21
REV26622,PROD112,CUST2050,4,very good,2023-06-15
REV26623,PROD107,CUST2272,4,average,2022-12-21
REV26624,PROD106,CUST3798,4,very bad,2024-11-08
REV26625,PROD104,CUST1038,3,very good,2024-10-04
REV26626,PROD113,CUST4372,2,very good,2024-09-22
REV26627,PROD112,CUST5744,1,very bad,2023-11-08
REV26628,PROD111,CUST2968,4,very bad,2025-08-01
REV26629,PROD111,CUST2580,5,average,2022-10-25
REV26630,PROD106,CUST1869,2,very bad,2024-04-15
REV26631,PROD106,CUST3046,1,good,2025-08-14
REV26632,PROD113,CUST3052,2,good,2024-11-22
REV26633,PROD106,CUST5734,4,bad,2023-08-31
REV26634,PROD109,CUST4024,2,very bad,2023-07-15
REV26635,PROD112,CUST5391,2,bad,2022-11-26
REV26636,PROD110,CUST2338,2,very bad,2022-12-17
REV26637,PROD114,CUST2440,3,bad,2025-02-06
REV26638,PROD102,CUST3481,1,good,2022-12-07
REV26639,PROD108,CUST2569,5,very bad,2024-06-30
REV26640,PROD108,CUST5015,1,very good,2024-06-12
REV26641,PROD102,CUST5652,2,very good,2025-05-14
REV26642,PROD105,CUST5798,4,very good,2024-10-05
REV26643,PROD110,CUST3812,3,bad,2025-08-20
REV26644,PROD104,CUST1108,3,bad,2024-08-27
REV26645,PROD108,CUST4173,1,good,2024-10-24
REV26646,PROD101,CUST4412,2,good,2024-06-03
REV26647,PROD100,CUST1746,2,very bad,2023-07-29
REV26648,PROD100,CUST5524,3,very bad,2023-10-31
REV26649,PROD109,CUST1019,1,bad,2024-02-27
REV26650,PROD109,CUST4787,3,very bad,2022-10-03
REV26651,PROD107,CUST2061,4,good,2024-02-22
REV26652,PROD102,CUST2797,4,very good,2024-09-08
REV26653,PROD105,CUST1722,2,bad,2024-04-07
REV26654,PROD101,CUST3593,2,average,2024-05-14
REV26655,PROD105,CUST3272,1,bad,2023-10-13
REV26656,PROD106,CUST2461,3,average,2024-07-06
REV26657,PROD107,CUST3404,4,bad,2024-08-26
REV26658,PROD100,CUST2643,3,very bad,2023-03-18
REV26659,PROD103,CUST1306,2,very good,2024-05-30
REV26660,PROD110,CUST2329,4,bad,2024-07-05
REV26661,PROD106,CUST4739,4,average,2022-10-22
REV26662,PROD103,CUST2884,5,bad,2025-05-20
REV26663,PROD109,CUST1596,3,bad,2022-09-27
REV26664,PROD104,CUST1850,3,bad,2022-10-03
REV26665,PROD104,CUST2291,4,very good,2024-03-09
REV26666,PROD103,CUST3833,1,very bad,2023-06-15
REV26667,PROD110,CUST2550,4,bad,2023-01-08
REV26668,PROD110,CUST4218,1,very good,2023-05-31
REV26669,PROD103,CUST5446,4,good,2023-01-19
REV26670,PROD111,CUST5119,1,bad,2023-08-03
REV26671,PROD112,CUST4800,4,very good,2023-04-26
REV26672,PROD106,CUST2196,4,bad,2023-07-09
REV26673,PROD110,CUST3141,2,good,2025-04-24
REV26674,PROD105,CUST5836,5,very bad,2023-03-29
REV26675,PROD109,CUST3179,5,good,2023-05-23
REV26676,PROD101,CUST1685,1,very bad,2022-12-30
REV26677,PROD111,CUST1488,4,good,2023-12-02
REV26678,PROD111,CUST5244,5,bad,2022-11-22
REV26679,PROD102,CUST4501,4,bad,2023-03-27
REV26680,PROD106,CUST3795,2,very good,2024-10-17
REV26681,PROD105,CUST1216,1,very good,2025-01-12
REV26682,PROD108,CUST2280,4,average,2022-12-10
REV26683,PROD109,CUST3813,2,very good,2022-12-05
REV26684,PROD105,CUST5704,5,bad,2024-11-14
REV26685,PROD109,CUST5930,2,average,2025-05-02
REV26686,PROD103,CUST3138,3,average,2024-05-03
REV26687,PROD108,CUST1799,1,bad,2023-06-23
REV26688,PROD114,CUST5544,2,average,2025-03-24
REV26689,PROD113,CUST3798,2,bad,2022-12-17
REV26690,PROD102,CUST3024,1,very good,2022-10-07
REV26691,PROD102,CUST4521,1,very bad,2023-07-29
REV26692,PROD102,CUST5361,5,bad,2024-02-02
REV26693,PROD107,CUST4390,5,bad,2024-10-25
REV26694,PROD113,CUST1620,2,good,2025-05-01
REV26695,PROD114,CUST1811,1,average,2024-07-16
REV26696,PROD102,CUST1985,4,good,2022-10-28
REV26697,PROD108,CUST4419,1,very bad,2024-03-29
REV26698,PROD100,CUST2589,3,bad,2025-02-01
REV26699,PROD112,CUST5986,5,bad,2022-12-21
REV26700,PROD105,CUST3078,2,average,2025-02-11
REV26701,PROD113,CUST5433,1,very bad,2025-05-30
REV26702,PROD110,CUST1346,3,bad,2024-09-09
REV26703,PROD105,CUST3446,5,average,2023-03-03
REV26704,PROD104,CUST5404,4,good,2023-03-10
REV26705,PROD113,CUST1783,3,very good,2025-07-04
REV26706,PROD112,CUST4124,1,average,2024-11-26
REV26707,PROD106,CUST2312,3,very bad,2024-03-29
REV26708,PROD100,CUST4183,3,very bad,2023-11-11
REV26709,PROD103,CUST4216,5,bad,2023-11-27
REV26710,PROD104,CUST1717,2,very good,2023-05-11
REV26711,PROD100,CUST4010,5,average,2024-10-26
REV26712,PROD111,CUST1144,3,very bad,2025-04-06
REV26713,PROD103,CUST3705,4,very bad,2025-03-04
REV26714,PROD101,CUST5456,3,average,2024-03-02
REV26715,PROD112,CUST3712,4,very good,2023-03-04
REV26716,PROD103,CUST3844,1,good,2022-09-06
REV26717,PROD104,CUST3121,3,bad,2024-02-04
REV26718,PROD111,CUST4778,5,very bad,2022-10-23
REV26719,PROD112,CUST3970,5,bad,2025-01-05
REV26720,PROD100,CUST3203,3,very bad,2025-02-17
REV26721,PROD103,CUST1096,2,very good,2023-06-13
REV26722,PROD106,CUST2282,3,very good,2024-05-30
REV26723,PROD110,CUST4392,3,very bad,2023-02-18
REV26724,PROD102,CUST4739,4,bad,2023-04-14
REV26725,PROD106,CUST5805,1,bad,2023-08-13
REV26726,PROD111,CUST1258,1,average,2023-07-23
REV26727,PROD100,CUST5104,1,average,2024-07-10
REV26728,PROD102,CUST4332,1,very bad,2022-10-23
REV26729,PROD107,CUST5161,4,very good,2023-05-13
REV26730,PROD101,CUST3951,3,bad,2022-09-26
REV26731,PROD107,CUST5252,2,average,2023-12-03
REV26732,PROD104,CUST1898,2,average,2022-10-29
REV26733,PROD110,CUST4995,1,bad,2023-03-12
REV26734,PROD111,CUST4260,1,very good,2024-01-14
REV26735,PROD101,CUST2954,4,good,2023-05-02
REV26736,PROD102,CUST2023,2,average,2023-03-31
REV26737,PROD104,CUST3302,2,average,2025-01-29
REV26738,PROD103,CUST2719,2,very bad,2024-11-26
REV26739,PROD110,CUST3089,4,very bad,2022-11-15
REV26740,PROD102,CUST3023,2,very bad,2024-04-27
REV26741,PROD105,CUST4550,1,bad,2024-07-26
REV26742,PROD100,CUST3365,5,bad,2024-08-17
REV26743,PROD103,CUST4071,1,very good,2024-02-21
REV26744,PROD101,CUST2510,1,average,2025-03-04
REV26745,PROD103,CUST3840,5,good,2024-12-12
REV26746,PROD100,CUST1019,3,average,2023-03-02
REV26747,PROD102,CUST4572,3,good,2022-09-23
REV26748,PROD107,CUST3783,1,very bad,2023-09-04
REV26749,PROD102,CUST3312,3,very good,2025-06-01
REV26750,PROD108,CUST3473,4,bad,2025-06-03
REV26751,PROD102,CUST5453,5,bad,2023-02-10
REV26752,PROD113,CUST4512,1,good,2023-03-10
REV26753,PROD108,CUST3736,1,average,2024-11-30
REV26754,PROD114,CUST2098,3,very bad,2023-09-03
REV26755,PROD109,CUST3826,2,very good,2022-08-27
REV26756,PROD103,CUST4084,3,very bad,2024-06-04
REV26757,PROD111,CUST4539,3,bad,2023-11-08
REV26758,PROD108,CUST2825,2,very good,2022-10-19
REV26759,PROD102,CUST1572,2,average,2025-03-26
REV26760,PROD104,CUST5938,1,very bad,2024-02-17
REV26761,PROD109,CUST3448,4,good,2023-10-01
REV26762,PROD106,CUST4315,5,bad,2025-06-04
REV26763,PROD101,CUST1204,3,very good,2025-07-29
REV26764,PROD110,CUST5192,2,average,2024-07-29
REV26765,PROD111,CUST2941,3,average,2023-04-17
REV26766,PROD112,CUST1477,4,very good,2022-10-28
REV26767,PROD112,CUST4580,4,average,2023-06-01
REV26768,PROD101,CUST1468,2,very bad,2023-07-15
REV26769,PROD110,CUST2197,4,bad,2024-01-25
REV26770,PROD110,CUST5820,5,very good,2024-06-03
REV26771,PROD104,CUST4555,3,very bad,2023-05-13
REV26772,PROD110,CUST4491,2,very bad,2023-11-19
REV26773,PROD101,CUST5012,1,bad,2023-02-24
REV26774,PROD110,CUST4346,1,good,2024-06-26
REV26775,PROD103,CUST5978,1,very good,2023-02-09
REV26776,PROD101,CUST5717,4,average,2023-07-12
REV26777,PROD100,CUST4401,4,bad,2023-10-04
REV26778,PROD101,CUST2691,4,very bad,2024-06-24
REV26779,PROD105,CUST1826,1,bad,2024-11-23
REV26780,PROD108,CUST2771,4,bad,2022-12-01
REV26781,PROD102,CUST5464,5,very bad,2023-11-01
REV26782,PROD103,CUST3728,5,average,2025-04-19
REV26783,PROD110,CUST5702,1,average,2024-02-10
REV26784,PROD109,CUST5873,1,average,2024-10-22
REV26785,PROD110,CUST5061,4,good,2025-01-19
REV26786,PROD105,CUST3481,5,average,2025-08-12
REV26787,PROD107,CUST1787,3,good,2023-11-10
REV26788,PROD105,CUST4889,2,very good,2025-03-16
REV26789,PROD105,CUST2220,2,good,2023-10-07
REV26790,PROD107,CUST4843,5,good,2024-05-28
REV26791,PROD103,CUST1930,1,very bad,2024-05-04
REV26792,PROD100,CUST2422,1,bad,2025-04-17
REV26793,PROD111,CUST1606,4,very good,2023-07-20
REV26794,PROD107,CUST4983,5,very good,2023-12-03
REV26795,PROD102,CUST2203,1,good,2023-10-16
REV26796,PROD106,CUST2266,5,bad,2023-07-14
REV26797,PROD107,CUST5214,4,very good,2025-08-04
REV26798,PROD106,CUST5970,1,very bad,2023-07-17
REV26799,PROD108,CUST4209,4,very good,2025-05-17
REV26800,PROD109,CUST3027,4,very bad,2024-11-21
REV26801,PROD108,CUST5517,3,very good,2024-01-29
REV26802,PROD109,CUST2037,1,average,2023-05-11
REV26803,PROD102,CUST5335,4,good,2025-02-07
REV26804,PROD106,CUST1108,5,average,2023-11-05
REV26805,PROD110,CUST3241,4,average,2024-02-09
REV26806,PROD108,CUST3162,2,very bad,2024-05-20
REV26807,PROD112,CUST3050,1,very good,2023-04-30
REV26808,PROD100,CUST4834,2,very bad,2023-05-21
REV26809,PROD101,CUST1634,1,average,2023-12-23
REV26810,PROD101,CUST5416,3,good,2022-10-17
REV26811,PROD114,CUST4015,1,good,2024-04-03
REV26812,PROD113,CUST1798,1,very good,2024-12-02
REV26813,PROD101,CUST3728,5,bad,2023-03-26
REV26814,PROD104,CUST5001,4,bad,2024-10-25
REV26815,PROD101,CUST1736,1,good,2023-03-05
REV26816,PROD112,CUST2722,3,bad,2024-09-10
REV26817,PROD109,CUST5941,1,very good,2024-05-06
REV26818,PROD109,CUST4326,1,very good,2022-10-31
REV26819,PROD106,CUST2871,5,very bad,2023-10-18
REV26820,PROD109,CUST5437,4,good,2025-04-18
REV26821,PROD110,CUST2904,5,very good,2023-10-27
REV26822,PROD112,CUST1949,1,average,2023-08-08
REV26823,PROD107,CUST2035,2,bad,2024-04-21
REV26824,PROD113,CUST2016,3,very bad,2024-12-28
REV26825,PROD101,CUST5935,3,bad,2024-02-21
REV26826,PROD110,CUST3585,5,average,2025-04-20
REV26827,PROD109,CUST1252,2,very bad,2022-09-08
REV26828,PROD114,CUST5240,5,very bad,2025-06-04
REV26829,PROD113,CUST5075,4,very bad,2024-11-29
REV26830,PROD101,CUST2141,2,very good,2024-09-14
REV26831,PROD107,CUST4722,2,good,2024-04-23
REV26832,PROD106,CUST4419,2,good,2022-09-13
REV26833,PROD106,CUST2895,2,average,2024-10-10
REV26834,PROD103,CUST3898,4,good,2023-01-03
REV26835,PROD102,CUST3479,3,very good,2023-01-10
REV26836,PROD107,CUST1405,5,very bad,2025-05-18
REV26837,PROD110,CUST2608,5,bad,2022-10-21
REV26838,PROD104,CUST1484,3,good,2023-06-22
REV26839,PROD103,CUST3800,5,very good,2024-08-29
REV26840,PROD114,CUST1996,5,bad,2023-09-25
REV26841,PROD106,CUST4830,5,very good,2025-02-25
REV26842,PROD108,CUST5974,2,bad,2023-11-20
REV26843,PROD110,CUST2865,2,very bad,2023-12-06
REV26844,PROD108,CUST2910,4,very bad,2023-11-22
REV26845,PROD113,CUST5673,3,very bad,2023-05-30
REV26846,PROD107,CUST2248,2,average,2024-01-06
REV26847,PROD110,CUST1846,5,very bad,2024-01-10
REV26848,PROD111,CUST3529,4,average,2022-11-09
REV26849,PROD103,CUST1406,1,very good,2023-11-16
REV26850,PROD112,CUST3534,4,very good,2024-10-15
REV26851,PROD108,CUST4265,2,average,2024-12-29
REV26852,PROD110,CUST4529,1,very good,2025-01-30
REV26853,PROD104,CUST4886,2,average,2022-10-23
REV26854,PROD101,CUST4714,4,bad,2023-06-21
REV26855,PROD109,CUST1351,3,very good,2024-04-13
REV26856,PROD113,CUST5727,1,very bad,2024-01-14
REV26857,PROD108,CUST5171,5,very bad,2022-12-08
REV26858,PROD107,CUST1390,2,very bad,2025-06-04
REV26859,PROD114,CUST3371,3,bad,2025-02-21
REV26860,PROD101,CUST2289,2,good,2024-08-29
REV26861,PROD103,CUST5039,3,average,2023-08-30
REV26862,PROD101,CUST1300,4,bad,2024-03-18
REV26863,PROD110,CUST4171,2,bad,2023-03-30
REV26864,PROD107,CUST5479,2,bad,2023-01-19
REV26865,PROD102,CUST5888,2,very bad,2023-11-17
REV26866,PROD109,CUST2988,2,bad,2025-08-10
REV26867,PROD106,CUST4251,3,average,2023-07-01
REV26868,PROD106,CUST2133,2,very bad,2023-02-22
REV26869,PROD101,CUST2284,5,average,2024-05-11
REV26870,PROD105,CUST2553,5,average,2024-10-06
REV26871,PROD106,CUST1667,5,bad,2022-12-21
REV26872,PROD105,CUST4093,5,very bad,2023-08-11
REV26873,PROD111,CUST1591,2,very good,2025-04-10
REV26874,PROD109,CUST1804,1,bad,2022-10-17
REV26875,PROD110,CUST4289,4,very bad,2024-02-20
REV26876,PROD110,CUST3502,4,very bad,2025-08-08
REV26877,PROD106,CUST5938,2,average,2022-12-07
REV26878,PROD102,CUST3099,1,bad,2025-07-29
REV26879,PROD100,CUST3117,2,good,2025-02-08
REV26880,PROD112,CUST2602,1,very good,2024-10-06
REV26881,PROD113,CUST2552,4,bad,2023-12-30
REV26882,PROD111,CUST5868,3,very good,2025-05-11
REV26883,PROD106,CUST3610,2,very good,2023-09-23
REV26884,PROD110,CUST2236,1,bad,2023-05-12
REV26885,PROD109,CUST4063,2,average,2024-08-21
REV26886,PROD110,CUST4646,3,average,2023-11-25
REV26887,PROD112,CUST1412,3,average,2023-02-08
REV26888,PROD110,CUST4533,2,good,2023-03-24
REV26889,PROD106,CUST4633,2,very good,2023-05-28
REV26890,PROD105,CUST5956,1,good,2024-02-05
REV26891,PROD107,CUST2777,2,very good,2023-07-25
REV26892,PROD108,CUST3205,1,good,2023-09-02
REV26893,PROD106,CUST5616,1,bad,2024-02-16
REV26894,PROD105,CUST4295,2,very bad,2023-06-21
REV26895,PROD105,CUST2171,1,very good,2024-02-13
REV26896,PROD108,CUST1020,3,good,2024-08-29
REV26897,PROD108,CUST3929,4,very good,2022-10-19
REV26898,PROD112,CUST4777,1,very bad,2022-12-30
REV26899,PROD102,CUST5731,4,very bad,2025-08-22
REV26900,PROD111,CUST1786,3,good,2023-11-04
REV26901,PROD105,CUST4220,5,very bad,2022-12-20
REV26902,PROD108,CUST2713,5,very good,2025-07-14
REV26903,PROD107,CUST1997,3,very bad,2023-12-22
REV26904,PROD107,CUST2062,4,very good,2024-08-20
REV26905,PROD109,CUST2448,1,bad,2025-04-08
REV26906,PROD114,CUST4648,3,average,2023-02-26
REV26907,PROD101,CUST2395,2,very good,2023-03-16
REV26908,PROD100,CUST2409,5,very bad,2025-04-26
REV26909,PROD108,CUST2835,2,bad,2023-01-11
REV26910,PROD106,CUST1138,2,bad,2025-01-07
REV26911,PROD103,CUST1899,1,average,2023-01-03
REV26912,PROD113,CUST2016,3,very bad,2025-02-10
REV26913,PROD103,CUST4864,5,good,2024-10-15
REV26914,PROD104,CUST2072,3,average,2022-11-03
REV26915,PROD104,CUST2964,5,bad,2024-10-10
REV26916,PROD103,CUST4825,1,good,2023-03-26
REV26917,PROD108,CUST4070,4,very good,2022-08-31
REV26918,PROD102,CUST2958,2,very bad,2023-06-17
REV26919,PROD111,CUST5349,5,good,2024-02-24
REV26920,PROD107,CUST4381,4,average,2025-06-07
REV26921,PROD113,CUST4492,1,very bad,2023-05-27
REV26922,PROD112,CUST2431,5,good,2024-06-11
REV26923,PROD105,CUST5750,4,average,2024-11-05
REV26924,PROD109,CUST3740,5,average,2023-01-08
REV26925,PROD112,CUST2627,4,very good,2023-09-13
REV26926,PROD109,CUST1547,1,bad,2025-02-01
REV26927,PROD103,CUST4440,1,good,2023-03-24
REV26928,PROD110,CUST2206,1,very good,2024-12-26
REV26929,PROD102,CUST3155,2,good,2025-07-17
REV26930,PROD105,CUST1616,2,very good,2024-09-05
REV26931,PROD107,CUST4784,3,very good,2023-07-14
REV26932,PROD100,CUST5231,4,very bad,2023-05-22
REV26933,PROD100,CUST2919,1,very bad,2024-09-15
REV26934,PROD104,CUST1601,5,very bad,2023-06-18
REV26935,PROD100,CUST5722,3,bad,2023-02-01
REV26936,PROD105,CUST4676,5,average,2022-11-17
REV26937,PROD108,CUST2268,3,bad,2024-01-31
REV26938,PROD110,CUST3787,5,good,2025-05-04
REV26939,PROD106,CUST2094,5,very good,2023-02-22
REV26940,PROD106,CUST5144,4,very bad,2024-08-18
REV26941,PROD105,CUST4070,3,average,2023-05-25
REV26942,PROD110,CUST3043,2,average,2024-08-27
REV26943,PROD108,CUST3488,1,bad,2024-06-26
REV26944,PROD106,CUST3807,4,bad,2024-01-01
REV26945,PROD109,CUST2593,4,good,2024-02-12
REV26946,PROD100,CUST5545,1,bad,2024-05-26
REV26947,PROD114,CUST1250,2,very bad,2024-02-12
REV26948,PROD112,CUST4130,3,very bad,2024-04-11
REV26949,PROD108,CUST2822,2,very bad,2024-10-14
REV26950,PROD112,CUST5966,2,good,2025-04-27
REV26951,PROD109,CUST1237,1,good,2025-03-16
REV26952,PROD114,CUST5783,4,good,2024-05-22
REV26953,PROD108,CUST3485,5,very good,2024-07-12
REV26954,PROD106,CUST5317,2,very bad,2024-03-27
REV26955,PROD113,CUST3240,2,good,2025-06-10
REV26956,PROD112,CUST1696,1,very bad,2023-02-11
REV26957,PROD100,CUST1222,4,average,2023-03-25
REV26958,PROD112,CUST4298,4,good,2025-04-23
REV26959,PROD100,CUST1965,3,bad,2023-01-12
REV26960,PROD110,CUST3994,2,very good,2022-12-09
REV26961,PROD110,CUST1261,5,very good,2023-06-08
REV26962,PROD114,CUST2611,2,very bad,2025-04-14
REV26963,PROD108,CUST4899,2,very good,2024-05-04
REV26964,PROD107,CUST5082,5,bad,2025-07-01
REV26965,PROD103,CUST1618,2,very bad,2024-05-04
REV26966,PROD109,CUST2507,5,very good,2022-11-20
REV26967,PROD103,CUST1779,3,very bad,2025-07-09
REV26968,PROD106,CUST1397,4,bad,2023-03-26
REV26969,PROD109,CUST3146,2,bad,2023-03-10
REV26970,PROD100,CUST3262,3,good,2023-11-25
REV26971,PROD114,CUST5716,1,average,2024-06-20
REV26972,PROD108,CUST5340,5,very good,2023-12-25
REV26973,PROD100,CUST3539,1,good,2023-12-19
REV26974,PROD112,CUST3600,2,bad,2023-10-12
REV26975,PROD103,CUST4055,5,good,2024-09-20
REV26976,PROD103,CUST3645,5,very bad,2025-05-20
REV26977,PROD101,CUST5070,3,bad,2025-07-14
REV26978,PROD108,CUST1148,4,very bad,2024-03-17
REV26979,PROD106,CUST3904,1,bad,2023-12-25
REV26980,PROD110,CUST1667,4,very good,2023-04-01
REV26981,PROD102,CUST4343,1,good,2023-01-18
REV26982,PROD113,CUST4199,3,very good,2024-01-04
REV26983,PROD110,CUST2067,3,average,2025-04-23
REV26984,PROD105,CUST4111,2,very good,2022-12-20
REV26985,PROD110,CUST5144,1,very good,2025-03-23
REV26986,PROD100,CUST1820,5,very good,2023-11-13
REV26987,PROD100,CUST2576,5,very bad,2022-12-05
REV26988,PROD111,CUST5120,1,good,2025-05-16
REV26989,PROD106,CUST4201,4,average,2022-11-23
REV26990,PROD112,CUST5484,5,average,2023-11-12
REV26991,PROD101,CUST3390,1,average,2024-07-08
REV26992,PROD103,CUST5396,4,average,2023-07-06
REV26993,PROD107,CUST1806,2,very good,2024-02-26
REV26994,PROD103,CUST1439,5,very bad,2025-06-19
REV26995,PROD102,CUST5581,3,very good,2024-06-13
REV26996,PROD101,CUST1973,4,very good,2023-08-28
REV26997,PROD100,CUST1914,4,very good,2023-11-21
REV26998,PROD107,CUST1879,4,very good,2025-02-05
REV26999,PROD104,CUST4999,4,bad,2024-01-16
REV27000,PROD106,CUST4663,3,very good,2025-02-05
REV27001,PROD103,CUST1606,2,bad,2023-01-06
REV27002,PROD114,CUST1041,3,bad,2024-06-18
REV27003,PROD100,CUST5716,3,very bad,2024-11-22
REV27004,PROD103,CUST1233,2,bad,2023-04-26
REV27005,PROD108,CUST3259,5,very good,2025-03-19
REV27006,PROD107,CUST3439,4,very bad,2024-11-03
REV27007,PROD101,CUST4720,4,very bad,2023-12-19
REV27008,PROD107,CUST5501,2,very good,2024-10-05
REV27009,PROD108,CUST4574,1,average,2022-09-27
REV27010,PROD110,CUST2158,3,average,2024-12-10
REV27011,PROD112,CUST4614,5,bad,2024-02-19
REV27012,PROD102,CUST5299,3,average,2023-10-29
REV27013,PROD105,CUST3988,3,very good,2023-11-25
REV27014,PROD113,CUST1141,5,very bad,2023-02-18
REV27015,PROD114,CUST3506,2,very bad,2025-06-08
REV27016,PROD111,CUST5600,5,average,2023-01-20
REV27017,PROD108,CUST5931,3,good,2022-11-08
REV27018,PROD104,CUST5729,3,bad,2024-04-29
REV27019,PROD108,CUST4263,5,good,2025-03-19
REV27020,PROD108,CUST1693,1,average,2025-02-04
REV27021,PROD103,CUST3865,3,very bad,2025-06-25
REV27022,PROD107,CUST5450,3,good,2025-02-19
REV27023,PROD110,CUST3276,3,good,2023-02-03
REV27024,PROD112,CUST3434,1,bad,2023-01-27
REV27025,PROD102,CUST4428,5,good,2023-02-12
REV27026,PROD103,CUST1817,1,bad,2025-03-14
REV27027,PROD106,CUST3192,3,bad,2024-10-19
REV27028,PROD113,CUST4941,1,good,2022-09-15
REV27029,PROD113,CUST2587,2,good,2023-02-09
REV27030,PROD110,CUST2045,1,good,2024-12-20
REV27031,PROD101,CUST1466,4,average,2024-09-20
REV27032,PROD110,CUST3793,5,good,2025-05-29
REV27033,PROD112,CUST5577,5,very bad,2023-10-04
REV27034,PROD109,CUST1459,4,good,2024-09-30
REV27035,PROD106,CUST4482,4,good,2023-02-28
REV27036,PROD112,CUST4824,5,very good,2022-11-11
REV27037,PROD107,CUST4424,4,good,2025-05-10
REV27038,PROD104,CUST1010,5,average,2023-07-03
REV27039,PROD102,CUST4937,2,good,2023-01-15
REV27040,PROD110,CUST3994,1,bad,2023-04-18
REV27041,PROD114,CUST2013,1,bad,2024-09-24
REV27042,PROD103,CUST2114,1,bad,2023-05-04
REV27043,PROD104,CUST5739,1,very good,2023-11-12
REV27044,PROD108,CUST4394,4,bad,2025-03-17
REV27045,PROD101,CUST1196,3,average,2023-11-23
REV27046,PROD101,CUST1905,4,bad,2024-07-10
REV27047,PROD102,CUST3214,3,good,2025-08-17
REV27048,PROD107,CUST2039,5,very bad,2025-04-13
REV27049,PROD103,CUST2139,3,average,2024-12-20
REV27050,PROD107,CUST4816,5,very bad,2025-02-13
REV27051,PROD111,CUST5960,5,bad,2022-09-25
REV27052,PROD111,CUST4909,5,bad,2025-04-08
REV27053,PROD101,CUST2810,5,bad,2024-11-19
REV27054,PROD102,CUST5347,5,bad,2023-08-18
REV27055,PROD114,CUST5656,5,average,2023-09-24
REV27056,PROD104,CUST2101,5,very good,2024-06-27
REV27057,PROD102,CUST5317,5,good,2023-07-05
REV27058,PROD109,CUST4990,5,average,2024-01-21
REV27059,PROD111,CUST3863,5,average,2024-04-22
REV27060,PROD114,CUST3729,3,good,2024-07-15
REV27061,PROD105,CUST4173,1,average,2025-07-05
REV27062,PROD101,CUST5975,2,bad,2024-02-14
REV27063,PROD107,CUST1681,3,good,2023-09-11
REV27064,PROD100,CUST1628,2,bad,2024-07-10
REV27065,PROD112,CUST3193,2,very good,2024-06-15
REV27066,PROD103,CUST4809,3,very good,2022-10-04
REV27067,PROD108,CUST2666,5,very good,2024-12-07
REV27068,PROD108,CUST1140,1,average,2024-07-28
REV27069,PROD103,CUST3213,3,good,2023-11-01
REV27070,PROD102,CUST3759,4,very good,2023-11-20
REV27071,PROD108,CUST3034,3,very bad,2022-11-05
REV27072,PROD111,CUST3825,2,good,2025-03-30
REV27073,PROD100,CUST3201,3,average,2023-11-05
REV27074,PROD101,CUST4049,5,very good,2023-03-05
REV27075,PROD110,CUST4171,1,very bad,2022-09-26
REV27076,PROD107,CUST5469,4,average,2025-07-12
REV27077,PROD107,CUST2296,1,very bad,2022-09-10
REV27078,PROD109,CUST5955,4,good,2024-12-09
REV27079,PROD113,CUST4372,5,average,2024-08-17
REV27080,PROD106,CUST5910,2,very good,2024-08-26
REV27081,PROD109,CUST4696,1,very good,2023-03-12
REV27082,PROD101,CUST4209,1,good,2024-03-14
REV27083,PROD106,CUST4447,2,very bad,2023-08-31
REV27084,PROD110,CUST1012,4,good,2024-10-17
REV27085,PROD101,CUST3431,2,bad,2024-09-05
REV27086,PROD113,CUST3498,5,bad,2025-01-16
REV27087,PROD107,CUST3204,5,average,2025-05-16
REV27088,PROD112,CUST2023,5,very bad,2024-03-31
REV27089,PROD107,CUST2853,2,very bad,2023-12-18
REV27090,PROD102,CUST5581,2,bad,2025-01-22
REV27091,PROD108,CUST4876,5,very good,2025-04-19
REV27092,PROD110,CUST2376,5,good,2023-02-12
REV27093,PROD106,CUST2446,2,bad,2024-03-22
REV27094,PROD114,CUST3647,2,bad,2024-07-12
REV27095,PROD105,CUST5747,4,good,2025-04-25
REV27096,PROD109,CUST5497,4,good,2023-11-07
REV27097,PROD113,CUST3505,1,average,2025-06-05
REV27098,PROD113,CUST5244,5,very bad,2023-04-14
REV27099,PROD102,CUST2177,2,bad,2025-01-08
REV27100,PROD102,CUST3502,4,average,2025-07-12
REV27101,PROD114,CUST4145,2,good,2023-12-20
REV27102,PROD107,CUST3065,5,very good,2023-12-05
REV27103,PROD106,CUST3868,1,bad,2023-09-16
REV27104,PROD106,CUST5424,2,average,2025-04-01
REV27105,PROD101,CUST3790,1,very bad,2024-01-23
REV27106,PROD113,CUST3386,1,good,2022-09-24
REV27107,PROD111,CUST5653,4,good,2024-02-24
REV27108,PROD108,CUST3838,4,bad,2023-03-16
REV27109,PROD109,CUST4655,4,bad,2024-02-07
REV27110,PROD108,CUST5239,1,average,2023-03-24
REV27111,PROD102,CUST5327,2,bad,2023-02-02
REV27112,PROD107,CUST4434,2,very good,2025-05-27
REV27113,PROD114,CUST1083,2,very bad,2025-01-19
REV27114,PROD103,CUST5603,5,good,2025-05-29
REV27115,PROD100,CUST4692,2,very good,2023-06-30
REV27116,PROD108,CUST5332,1,very good,2025-05-04
REV27117,PROD113,CUST4802,3,very good,2022-12-21
REV27118,PROD109,CUST1142,2,very good,2024-07-06
REV27119,PROD103,CUST2203,1,very bad,2023-03-11
REV27120,PROD101,CUST1777,4,bad,2024-11-15
REV27121,PROD112,CUST3494,4,very good,2025-08-13
REV27122,PROD102,CUST4293,4,very bad,2025-03-08
REV27123,PROD104,CUST4113,3,bad,2023-11-07
REV27124,PROD110,CUST4582,2,very good,2024-01-27
REV27125,PROD108,CUST5723,4,very good,2023-07-07
REV27126,PROD111,CUST5468,4,average,2023-01-01
REV27127,PROD101,CUST1836,1,average,2023-10-05
REV27128,PROD101,CUST3368,2,very bad,2023-12-20
REV27129,PROD106,CUST4466,5,very good,2023-12-03
REV27130,PROD102,CUST1903,4,average,2022-09-29
REV27131,PROD112,CUST1246,4,very bad,2022-12-03
REV27132,PROD111,CUST2602,4,very bad,2025-05-03
REV27133,PROD110,CUST2059,3,good,2023-10-04
REV27134,PROD113,CUST1964,3,very bad,2024-05-06
REV27135,PROD105,CUST4837,4,average,2023-12-02
REV27136,PROD101,CUST5990,5,very good,2024-09-18
REV27137,PROD101,CUST4829,1,good,2023-03-09
REV27138,PROD104,CUST4801,5,average,2023-10-29
REV27139,PROD102,CUST5049,2,average,2025-02-01
REV27140,PROD105,CUST2772,3,bad,2023-02-15
REV27141,PROD106,CUST5688,1,good,2024-11-19
REV27142,PROD100,CUST1502,1,bad,2024-12-11
REV27143,PROD102,CUST1407,2,bad,2023-05-03
REV27144,PROD103,CUST4255,4,very good,2025-02-20
REV27145,PROD112,CUST1094,3,average,2025-05-13
REV27146,PROD102,CUST1342,1,very good,2022-12-11
REV27147,PROD102,CUST2366,5,very bad,2023-09-29
REV27148,PROD112,CUST5115,3,good,2024-09-16
REV27149,PROD106,CUST2539,3,bad,2024-11-11
REV27150,PROD108,CUST1860,5,very good,2025-03-28
REV27151,PROD102,CUST1004,5,very good,2023-07-17
REV27152,PROD114,CUST2103,4,bad,2024-11-12
REV27153,PROD104,CUST4591,1,very good,2025-01-03
REV27154,PROD102,CUST4784,5,very bad,2023-01-01
REV27155,PROD103,CUST5171,1,very good,2024-04-26
REV27156,PROD104,CUST1920,1,bad,2022-10-01
REV27157,PROD106,CUST5699,1,good,2025-01-02
REV27158,PROD114,CUST4922,1,very good,2025-06-25
REV27159,PROD108,CUST1968,1,good,2024-03-27
REV27160,PROD102,CUST5722,4,very good,2024-02-08
REV27161,PROD113,CUST4168,4,bad,2023-02-05
REV27162,PROD113,CUST2960,5,average,2022-12-24
REV27163,PROD106,CUST3508,2,average,2024-11-01
REV27164,PROD101,CUST1444,1,average,2023-05-04
REV27165,PROD110,CUST1077,2,very bad,2024-04-12
REV27166,PROD108,CUST2166,5,good,2023-09-14
REV27167,PROD111,CUST5901,2,good,2024-06-07
REV27168,PROD102,CUST3066,3,good,2025-01-19
REV27169,PROD109,CUST5595,4,very good,2022-12-28
REV27170,PROD109,CUST4029,3,bad,2023-01-22
REV27171,PROD114,CUST2154,2,very bad,2024-03-07
REV27172,PROD109,CUST5246,5,average,2023-10-12
REV27173,PROD111,CUST3677,1,very bad,2024-06-01
REV27174,PROD114,CUST4144,4,very good,2025-03-13
REV27175,PROD112,CUST1253,5,average,2024-04-02
REV27176,PROD110,CUST5171,2,average,2022-08-30
REV27177,PROD108,CUST4677,3,bad,2024-08-09
REV27178,PROD109,CUST1568,4,good,2023-08-24
REV27179,PROD114,CUST5251,3,bad,2024-09-10
REV27180,PROD108,CUST2997,4,very good,2024-02-19
REV27181,PROD100,CUST4092,4,very good,2024-05-20
REV27182,PROD107,CUST5730,2,very bad,2024-03-28
REV27183,PROD111,CUST1154,2,very bad,2023-05-02
REV27184,PROD113,CUST1387,4,good,2023-02-18
REV27185,PROD106,CUST2805,3,bad,2025-06-21
REV27186,PROD107,CUST1082,1,very good,2023-12-25
REV27187,PROD101,CUST1651,1,very good,2023-11-29
REV27188,PROD108,CUST2949,2,very good,2024-01-07
REV27189,PROD105,CUST5909,4,good,2023-08-19
REV27190,PROD113,CUST1078,1,very good,2024-10-03
REV27191,PROD109,CUST4521,2,very bad,2023-02-14
REV27192,PROD100,CUST3788,1,average,2022-11-12
REV27193,PROD103,CUST4765,5,very bad,2025-03-06
REV27194,PROD114,CUST4354,2,good,2025-05-11
REV27195,PROD107,CUST1614,4,good,2025-02-23
REV27196,PROD109,CUST3351,5,very good,2024-09-22
REV27197,PROD104,CUST3370,4,very good,2024-09-08
REV27198,PROD107,CUST5339,2,average,2024-10-08
REV27199,PROD111,CUST3937,1,very bad,2023-12-16
REV27200,PROD106,CUST1911,4,bad,2024-02-12
REV27201,PROD103,CUST3882,3,average,2024-09-13
REV27202,PROD106,CUST3764,4,average,2025-05-26
REV27203,PROD102,CUST4558,4,bad,2024-09-20
REV27204,PROD100,CUST5863,4,bad,2023-08-04
REV27205,PROD104,CUST1563,2,average,2025-04-09
REV27206,PROD100,CUST1918,5,very bad,2023-09-17
REV27207,PROD100,CUST4811,1,average,2023-06-13
REV27208,PROD107,CUST2163,4,very good,2023-02-24
REV27209,PROD112,CUST5928,1,very good,2022-11-04
REV27210,PROD108,CUST5083,4,good,2022-10-05
REV27211,PROD105,CUST2441,4,good,2022-10-01
REV27212,PROD103,CUST5117,2,very bad,2023-06-12
REV27213,PROD110,CUST1935,1,good,2024-01-27
REV27214,PROD109,CUST1466,4,good,2023-12-02
REV27215,PROD107,CUST5206,2,good,2025-07-04
REV27216,PROD114,CUST2193,4,very bad,2025-06-03
REV27217,PROD100,CUST3180,3,very bad,2024-01-12
REV27218,PROD105,CUST5781,3,very bad,2023-09-15
REV27219,PROD111,CUST3484,1,good,2023-02-11
REV27220,PROD105,CUST2570,2,very bad,2022-09-14
REV27221,PROD114,CUST5959,2,average,2024-07-04
REV27222,PROD100,CUST1206,4,average,2023-11-18
REV27223,PROD104,CUST3072,1,good,2025-02-26
REV27224,PROD106,CUST5220,5,good,2024-10-08
REV27225,PROD101,CUST3064,5,good,2024-11-06
REV27226,PROD107,CUST2368,4,average,2024-10-23
REV27227,PROD108,CUST3826,5,very bad,2023-08-17
REV27228,PROD114,CUST1090,5,average,2024-07-18
REV27229,PROD100,CUST5523,1,very good,2025-04-21
REV27230,PROD110,CUST5775,3,average,2023-04-08
REV27231,PROD103,CUST3814,2,very good,2024-07-29
REV27232,PROD103,CUST2219,1,good,2025-01-25
REV27233,PROD100,CUST3902,2,very good,2023-09-18
REV27234,PROD111,CUST4924,5,average,2024-04-26
REV27235,PROD109,CUST5006,1,very good,2024-08-22
REV27236,PROD101,CUST1516,1,good,2025-05-12
REV27237,PROD114,CUST1021,1,very good,2023-11-25
REV27238,PROD108,CUST1296,1,bad,2024-01-05
REV27239,PROD110,CUST2508,4,very good,2024-08-14
REV27240,PROD112,CUST3862,1,average,2024-09-16
REV27241,PROD106,CUST5570,4,average,2025-02-07
REV27242,PROD101,CUST3539,5,average,2025-08-24
REV27243,PROD104,CUST3573,5,average,2023-09-05
REV27244,PROD105,CUST4445,5,very bad,2023-12-11
REV27245,PROD112,CUST3350,5,very bad,2024-05-04
REV27246,PROD103,CUST4996,1,bad,2025-03-26
REV27247,PROD114,CUST2653,1,bad,2022-11-14
REV27248,PROD100,CUST1601,1,bad,2024-01-15
REV27249,PROD110,CUST5765,3,bad,2024-01-15
REV27250,PROD114,CUST1225,3,average,2025-03-22
REV27251,PROD104,CUST2528,2,average,2023-06-29
REV27252,PROD114,CUST5416,3,good,2025-03-05
REV27253,PROD107,CUST5379,2,good,2024-10-26
REV27254,PROD107,CUST3043,1,bad,2022-10-03
REV27255,PROD108,CUST2184,3,average,2023-07-15
REV27256,PROD105,CUST3781,4,bad,2024-07-26
REV27257,PROD105,CUST3665,5,very bad,2025-05-21
REV27258,PROD106,CUST5395,3,very bad,2025-01-29
REV27259,PROD114,CUST1756,2,bad,2023-10-14
REV27260,PROD110,CUST2296,5,average,2023-05-24
REV27261,PROD104,CUST5998,2,average,2024-06-15
REV27262,PROD104,CUST1139,4,very bad,2022-12-26
REV27263,PROD109,CUST2279,4,very bad,2023-03-19
REV27264,PROD103,CUST2496,1,very good,2025-02-05
REV27265,PROD111,CUST4684,4,average,2025-06-21
REV27266,PROD112,CUST2387,2,average,2023-10-24
REV27267,PROD101,CUST5646,4,bad,2023-04-30
REV27268,PROD111,CUST3903,1,average,2025-04-08
REV27269,PROD103,CUST5971,3,bad,2025-08-23
REV27270,PROD109,CUST1619,1,very good,2023-09-26
REV27271,PROD102,CUST1128,2,very bad,2024-09-29
REV27272,PROD100,CUST3544,1,average,2024-03-12
REV27273,PROD101,CUST2231,5,very bad,2022-11-16
REV27274,PROD101,CUST3736,5,bad,2023-02-26
REV27275,PROD114,CUST4188,1,good,2023-08-05
REV27276,PROD110,CUST2728,5,very good,2024-02-25
REV27277,PROD111,CUST4419,4,very bad,2023-11-19
REV27278,PROD102,CUST4654,5,average,2022-09-26
REV27279,PROD101,CUST2053,2,very good,2023-05-03
REV27280,PROD114,CUST5539,3,very good,2025-07-26
REV27281,PROD111,CUST3213,5,good,2023-08-03
REV27282,PROD112,CUST1302,5,very good,2024-03-09
REV27283,PROD105,CUST4185,1,very good,2023-01-13
REV27284,PROD106,CUST3361,4,average,2025-02-17
REV27285,PROD114,CUST5738,1,very bad,2023-10-23
REV27286,PROD113,CUST1478,1,bad,2024-09-28
REV27287,PROD109,CUST1712,5,very bad,2022-12-18
REV27288,PROD106,CUST3542,3,bad,2023-03-22
REV27289,PROD108,CUST5221,5,average,2025-08-15
REV27290,PROD112,CUST2634,1,average,2023-04-12
REV27291,PROD111,CUST5282,1,bad,2025-05-23
REV27292,PROD103,CUST4317,3,very bad,2025-03-07
REV27293,PROD109,CUST4873,1,average,2023-08-01
REV27294,PROD108,CUST3944,2,average,2025-04-25
REV27295,PROD108,CUST4116,3,very bad,2025-01-07
REV27296,PROD111,CUST2745,5,very bad,2024-06-28
REV27297,PROD112,CUST2500,5,very good,2023-02-03
REV27298,PROD113,CUST5687,3,good,2024-06-03
REV27299,PROD107,CUST1642,5,very bad,2024-01-22
REV27300,PROD107,CUST2679,2,average,2025-06-21
REV27301,PROD102,CUST4614,2,good,2023-09-11
REV27302,PROD107,CUST1292,4,bad,2024-08-14
REV27303,PROD104,CUST1585,5,average,2023-07-04
REV27304,PROD102,CUST4963,3,bad,2025-02-11
REV27305,PROD111,CUST3037,1,average,2023-07-08
REV27306,PROD113,CUST2202,2,very good,2025-05-05
REV27307,PROD111,CUST5976,3,good,2023-05-08
REV27308,PROD104,CUST4397,1,average,2023-07-21
REV27309,PROD107,CUST3432,3,very good,2023-04-19
REV27310,PROD105,CUST5280,3,very good,2022-12-06
REV27311,PROD102,CUST4837,4,good,2025-07-19
REV27312,PROD104,CUST4456,1,very bad,2024-01-27
REV27313,PROD111,CUST5206,1,very good,2024-12-19
REV27314,PROD104,CUST3254,1,bad,2024-05-26
REV27315,PROD105,CUST4848,2,bad,2023-12-11
REV27316,PROD108,CUST3161,4,very bad,2022-09-02
REV27317,PROD113,CUST2740,3,good,2024-11-02
REV27318,PROD110,CUST3026,3,very bad,2023-09-08
REV27319,PROD110,CUST3433,3,very good,2024-08-12
REV27320,PROD109,CUST5680,5,very bad,2022-10-18
REV27321,PROD112,CUST3055,1,very bad,2024-09-07
REV27322,PROD114,CUST2410,3,very good,2025-07-08
REV27323,PROD109,CUST4437,1,good,2025-04-14
REV27324,PROD112,CUST3247,1,average,2023-04-28
REV27325,PROD105,CUST2781,2,bad,2022-09-12
REV27326,PROD106,CUST5446,4,average,2023-07-12
REV27327,PROD100,CUST5780,2,average,2023-02-05
REV27328,PROD101,CUST2332,2,very good,2024-12-07
REV27329,PROD111,CUST1464,2,very good,2025-01-20
REV27330,PROD102,CUST5447,1,very good,2024-09-17
REV27331,PROD113,CUST5242,2,average,2023-11-25
REV27332,PROD103,CUST1716,1,very bad,2025-06-10
REV27333,PROD111,CUST3302,1,very bad,2024-06-30
REV27334,PROD108,CUST4322,4,very good,2022-12-13
REV27335,PROD101,CUST3556,3,bad,2024-02-08
REV27336,PROD103,CUST1986,1,very good,2022-10-01
REV27337,PROD109,CUST5429,2,good,2025-05-30
REV27338,PROD102,CUST4008,3,very good,2024-11-19
REV27339,PROD109,CUST5437,3,very bad,2024-05-30
REV27340,PROD101,CUST1481,4,very good,2023-07-18
REV27341,PROD114,CUST3077,2,very bad,2025-03-26
REV27342,PROD103,CUST5106,1,average,2023-07-28
REV27343,PROD107,CUST1037,2,very good,2022-11-19
REV27344,PROD100,CUST3034,2,bad,2023-06-27
REV27345,PROD113,CUST2882,1,good,2023-05-10
REV27346,PROD107,CUST5219,4,average,2024-11-24
REV27347,PROD107,CUST1912,3,very bad,2024-02-29
REV27348,PROD103,CUST4719,2,very bad,2025-07-09
REV27349,PROD102,CUST1811,5,good,2024-12-22
REV27350,PROD112,CUST4326,3,very good,2023-11-22
REV27351,PROD104,CUST3086,4,very good,2024-03-28
REV27352,PROD111,CUST3368,4,bad,2023-03-04
REV27353,PROD113,CUST5126,3,very good,2023-10-23
REV27354,PROD105,CUST1720,4,average,2023-12-23
REV27355,PROD110,CUST4694,3,bad,2023-03-10
REV27356,PROD108,CUST4296,5,very bad,2025-05-16
REV27357,PROD100,CUST5377,5,very bad,2023-08-03
REV27358,PROD105,CUST1985,3,bad,2024-11-04
REV27359,PROD106,CUST1357,5,very bad,2023-05-25
REV27360,PROD104,CUST4597,3,bad,2024-07-22
REV27361,PROD100,CUST3420,2,very bad,2025-02-16
REV27362,PROD102,CUST2630,1,average,2024-07-15
REV27363,PROD114,CUST1485,5,good,2025-05-14
REV27364,PROD110,CUST4685,2,bad,2024-09-16
REV27365,PROD109,CUST4951,2,good,2022-09-16
REV27366,PROD102,CUST2472,5,average,2023-04-30
REV27367,PROD114,CUST3659,2,very bad,2024-08-18
REV27368,PROD113,CUST5942,4,very good,2024-08-24
REV27369,PROD106,CUST3283,4,bad,2025-07-24
REV27370,PROD112,CUST4431,2,average,2025-03-12
REV27371,PROD109,CUST1125,1,very good,2025-02-14
REV27372,PROD110,CUST3845,5,very good,2025-05-09
REV27373,PROD101,CUST4570,1,very good,2024-09-03
REV27374,PROD110,CUST5546,1,good,2023-12-09
REV27375,PROD105,CUST5468,3,very good,2023-08-29
REV27376,PROD103,CUST1976,4,very bad,2023-10-24
REV27377,PROD110,CUST1128,3,good,2025-02-09
REV27378,PROD103,CUST1036,1,very good,2024-01-28
REV27379,PROD106,CUST3281,1,very good,2023-02-28
REV27380,PROD109,CUST1721,3,good,2023-08-18
REV27381,PROD110,CUST3927,4,average,2022-10-12
REV27382,PROD110,CUST3184,5,good,2022-12-11
REV27383,PROD112,CUST2606,2,very bad,2025-08-01
REV27384,PROD101,CUST4259,1,good,2023-06-09
REV27385,PROD104,CUST1611,1,good,2023-09-11
REV27386,PROD106,CUST4499,1,very bad,2024-07-30
REV27387,PROD107,CUST3563,1,very bad,2023-06-11
REV27388,PROD104,CUST5116,3,average,2025-02-10
REV27389,PROD111,CUST3861,4,bad,2024-02-19
REV27390,PROD109,CUST5504,5,very good,2025-05-29
REV27391,PROD114,CUST1153,4,good,2024-01-03
REV27392,PROD109,CUST3261,2,average,2025-06-20
REV27393,PROD101,CUST3511,2,very bad,2025-06-21
REV27394,PROD112,CUST4983,3,good,2022-09-09
REV27395,PROD106,CUST2106,5,very good,2024-08-29
REV27396,PROD112,CUST3169,4,very bad,2024-01-11
REV27397,PROD114,CUST3206,5,good,2023-08-15
REV27398,PROD100,CUST4141,3,bad,2024-03-12
REV27399,PROD100,CUST1359,1,very good,2023-01-14
REV27400,PROD107,CUST4687,4,very bad,2024-08-31
REV27401,PROD113,CUST5762,3,bad,2025-04-22
REV27402,PROD102,CUST4462,2,bad,2025-03-01
REV27403,PROD104,CUST1539,2,very good,2022-12-03
REV27404,PROD107,CUST4530,1,very bad,2023-06-04
REV27405,PROD111,CUST3351,1,very good,2023-02-25
REV27406,PROD112,CUST4488,1,good,2022-10-26
REV27407,PROD111,CUST1603,2,very bad,2024-02-26
REV27408,PROD109,CUST5835,2,very bad,2025-07-20
REV27409,PROD114,CUST4469,2,very bad,2023-04-07
REV27410,PROD112,CUST1734,1,very good,2023-11-12
REV27411,PROD101,CUST4345,3,very good,2024-10-16
REV27412,PROD100,CUST4898,5,bad,2023-02-13
REV27413,PROD103,CUST3308,2,good,2024-05-07
REV27414,PROD108,CUST4519,4,average,2025-01-13
REV27415,PROD110,CUST2265,5,very good,2022-11-26
REV27416,PROD102,CUST1975,3,very bad,2025-05-23
REV27417,PROD113,CUST2398,3,very bad,2022-12-17
REV27418,PROD107,CUST3553,5,very good,2024-09-21
REV27419,PROD110,CUST3624,2,bad,2024-11-28
REV27420,PROD104,CUST3942,5,very good,2023-09-17
REV27421,PROD111,CUST1564,2,bad,2024-07-03
REV27422,PROD114,CUST4948,1,average,2022-09-28
REV27423,PROD109,CUST5357,3,very good,2023-01-07
REV27424,PROD114,CUST4696,5,average,2022-12-21
REV27425,PROD103,CUST3302,4,very bad,2024-07-11
REV27426,PROD109,CUST4401,2,average,2022-10-28
REV27427,PROD107,CUST1140,1,very good,2023-08-15
REV27428,PROD110,CUST3345,4,average,2023-02-08
REV27429,PROD102,CUST2947,2,average,2022-10-22
REV27430,PROD114,CUST2003,4,very good,2023-02-01
REV27431,PROD114,CUST5070,2,very good,2023-12-24
REV27432,PROD112,CUST3869,3,good,2025-06-21
REV27433,PROD108,CUST3224,3,very bad,2022-11-20
REV27434,PROD100,CUST5479,1,very good,2023-10-15
REV27435,PROD113,CUST5736,3,bad,2023-10-13
REV27436,PROD104,CUST2512,1,average,2025-05-31
REV27437,PROD113,CUST5593,1,good,2023-03-25
REV27438,PROD103,CUST3964,4,good,2023-06-18
REV27439,PROD101,CUST3136,5,very good,2023-10-13
REV27440,PROD104,CUST3939,5,good,2023-04-07
REV27441,PROD101,CUST4605,1,very good,2023-12-20
REV27442,PROD110,CUST2136,2,bad,2023-01-09
REV27443,PROD109,CUST2947,2,very bad,2023-07-13
REV27444,PROD104,CUST1813,3,very bad,2025-02-12
REV27445,PROD101,CUST2616,4,very good,2022-12-27
REV27446,PROD109,CUST2455,1,very good,2025-01-25
REV27447,PROD105,CUST2363,2,very good,2024-06-26
REV27448,PROD107,CUST1779,5,very good,2024-12-22
REV27449,PROD110,CUST5451,2,very bad,2023-03-15
REV27450,PROD113,CUST1565,5,very bad,2024-05-07
REV27451,PROD110,CUST2930,3,very good,2023-07-18
REV27452,PROD112,CUST4656,2,bad,2024-06-19
REV27453,PROD111,CUST2551,1,average,2023-03-21
REV27454,PROD108,CUST3570,4,good,2023-10-01
REV27455,PROD101,CUST5937,1,very bad,2025-04-17
REV27456,PROD110,CUST2155,5,very good,2022-12-11
REV27457,PROD100,CUST3210,5,good,2022-12-09
REV27458,PROD107,CUST1323,2,average,2023-04-01
REV27459,PROD108,CUST2709,2,average,2024-09-27
REV27460,PROD102,CUST3828,4,very good,2024-06-16
REV27461,PROD114,CUST1860,1,good,2024-06-27
REV27462,PROD101,CUST3723,3,very bad,2023-04-19
REV27463,PROD103,CUST2629,2,very good,2023-01-19
REV27464,PROD109,CUST5136,5,average,2023-03-04
REV27465,PROD110,CUST5427,2,average,2024-09-27
REV27466,PROD102,CUST4659,4,very bad,2024-07-02
REV27467,PROD114,CUST1397,3,very good,2024-03-06
REV27468,PROD107,CUST1082,4,very good,2024-05-29
REV27469,PROD107,CUST2030,3,bad,2024-07-18
REV27470,PROD110,CUST5753,1,very good,2024-12-29
REV27471,PROD105,CUST2984,3,very good,2025-01-12
REV27472,PROD101,CUST3888,3,very good,2023-12-14
REV27473,PROD112,CUST3349,1,very good,2025-02-01
REV27474,PROD108,CUST4321,4,average,2023-05-14
REV27475,PROD103,CUST1392,2,good,2024-10-03
REV27476,PROD107,CUST3074,5,bad,2024-02-08
REV27477,PROD103,CUST4823,4,very bad,2022-09-17
REV27478,PROD113,CUST5826,3,bad,2024-01-05
REV27479,PROD113,CUST1126,1,very good,2024-03-15
REV27480,PROD106,CUST2261,1,average,2024-01-26
REV27481,PROD110,CUST2441,5,very good,2023-07-22
REV27482,PROD112,CUST2357,5,average,2024-09-05
REV27483,PROD104,CUST3054,3,bad,2024-10-03
REV27484,PROD102,CUST1979,2,bad,2025-05-13
REV27485,PROD110,CUST2382,4,very good,2024-08-05
REV27486,PROD101,CUST1487,2,good,2025-04-08
REV27487,PROD104,CUST4519,4,very good,2025-03-17
REV27488,PROD101,CUST4402,5,average,2025-04-14
REV27489,PROD111,CUST3926,5,average,2023-05-07
REV27490,PROD114,CUST1345,1,very good,2022-10-12
REV27491,PROD113,CUST5933,2,average,2022-10-27
REV27492,PROD105,CUST5855,2,good,2024-06-14
REV27493,PROD111,CUST4108,2,very good,2023-11-26
REV27494,PROD103,CUST4392,5,average,2024-05-11
REV27495,PROD103,CUST5918,5,very good,2025-07-18
REV27496,PROD111,CUST2378,1,very bad,2024-07-15
REV27497,PROD112,CUST1860,5,very bad,2023-03-08
REV27498,PROD114,CUST3614,1,average,2024-06-26
REV27499,PROD103,CUST1165,3,very bad,2025-02-26
REV27500,PROD103,CUST1862,4,average,2024-06-22
REV27501,PROD110,CUST2246,2,very bad,2024-05-04
REV27502,PROD114,CUST4556,4,good,2024-04-13
REV27503,PROD109,CUST3001,5,very bad,2023-02-07
REV27504,PROD108,CUST3821,5,average,2023-06-23
REV27505,PROD110,CUST4595,3,good,2023-06-10
REV27506,PROD109,CUST2564,1,good,2024-10-19
REV27507,PROD109,CUST1099,1,good,2025-02-03
REV27508,PROD108,CUST5507,4,very bad,2024-01-05
REV27509,PROD111,CUST3877,3,very bad,2023-01-14
REV27510,PROD106,CUST5133,4,bad,2025-01-22
REV27511,PROD105,CUST4866,2,good,2023-06-06
REV27512,PROD101,CUST1772,3,very good,2023-11-22
REV27513,PROD111,CUST5785,4,very bad,2023-01-09
REV27514,PROD107,CUST1183,4,good,2023-11-24
REV27515,PROD106,CUST4811,3,average,2022-12-15
REV27516,PROD104,CUST4677,4,average,2025-06-13
REV27517,PROD108,CUST3846,3,very good,2023-07-09
REV27518,PROD107,CUST1499,4,bad,2022-10-12
REV27519,PROD113,CUST5377,1,bad,2024-08-12
REV27520,PROD105,CUST4694,5,bad,2022-08-28
REV27521,PROD104,CUST3121,3,bad,2024-10-27
REV27522,PROD112,CUST4028,4,bad,2022-11-09
REV27523,PROD114,CUST4466,1,average,2024-04-25
REV27524,PROD103,CUST5776,2,very good,2023-01-23
REV27525,PROD103,CUST4160,1,very good,2023-01-07
REV27526,PROD108,CUST1498,2,very good,2023-01-28
REV27527,PROD111,CUST2742,1,bad,2022-11-08
REV27528,PROD108,CUST4126,5,bad,2022-11-02
REV27529,PROD102,CUST5389,5,bad,2025-07-18
REV27530,PROD111,CUST5961,3,very bad,2024-08-18
REV27531,PROD114,CUST5690,5,bad,2023-10-09
REV27532,PROD107,CUST3030,5,very good,2023-11-24
REV27533,PROD112,CUST2352,2,average,2024-04-07
REV27534,PROD108,CUST4500,5,bad,2024-01-13
REV27535,PROD102,CUST5972,2,bad,2023-02-04
REV27536,PROD103,CUST5278,5,very bad,2024-02-02
REV27537,PROD112,CUST5459,1,average,2025-08-18
REV27538,PROD113,CUST3739,1,very bad,2023-07-04
REV27539,PROD112,CUST2955,4,good,2022-08-29
REV27540,PROD112,CUST2694,3,average,2024-12-25
REV27541,PROD102,CUST2225,3,average,2023-02-22
REV27542,PROD107,CUST4401,2,average,2023-11-15
REV27543,PROD105,CUST2903,4,bad,2024-01-22
REV27544,PROD100,CUST2368,4,good,2023-01-01
REV27545,PROD110,CUST4170,4,bad,2024-11-04
REV27546,PROD100,CUST1068,2,very good,2024-01-10
REV27547,PROD107,CUST4022,3,bad,2024-06-04
REV27548,PROD107,CUST5123,4,very good,2024-02-13
REV27549,PROD100,CUST4434,1,good,2025-04-28
REV27550,PROD103,CUST4328,3,very bad,2023-03-28
REV27551,PROD108,CUST3364,2,good,2025-03-27
REV27552,PROD102,CUST2838,4,very bad,2025-01-22
REV27553,PROD114,CUST5715,1,average,2023-08-14
REV27554,PROD110,CUST1503,2,bad,2023-02-18
REV27555,PROD103,CUST5509,2,bad,2025-07-21
REV27556,PROD111,CUST2336,4,good,2023-09-05
REV27557,PROD111,CUST1866,3,average,2023-09-30
REV27558,PROD112,CUST2210,2,good,2022-12-17
REV27559,PROD111,CUST3720,2,very bad,2022-09-30
REV27560,PROD101,CUST2588,2,average,2023-06-16
REV27561,PROD104,CUST2012,3,bad,2022-10-03
REV27562,PROD112,CUST1873,1,very bad,2025-03-16
REV27563,PROD109,CUST5752,1,average,2023-07-07
REV27564,PROD112,CUST1625,2,very good,2024-11-06
REV27565,PROD108,CUST3793,3,very good,2023-03-06
REV27566,PROD106,CUST3401,2,very good,2023-05-24
REV27567,PROD107,CUST3836,1,very good,2023-10-10
REV27568,PROD108,CUST1163,5,very good,2023-07-27
REV27569,PROD109,CUST1358,2,bad,2023-09-09
REV27570,PROD112,CUST3711,4,bad,2023-01-27
REV27571,PROD108,CUST5802,1,very bad,2022-11-05
REV27572,PROD114,CUST5642,4,very good,2023-05-27
REV27573,PROD104,CUST2823,5,bad,2023-04-15
REV27574,PROD114,CUST3516,3,very good,2025-03-09
REV27575,PROD101,CUST1028,3,average,2023-11-30
REV27576,PROD112,CUST3551,1,bad,2022-12-31
REV27577,PROD105,CUST3957,2,average,2024-09-21
REV27578,PROD112,CUST4315,4,average,2025-05-25
REV27579,PROD101,CUST5189,2,bad,2023-12-19
REV27580,PROD109,CUST4522,3,bad,2024-09-08
REV27581,PROD102,CUST3877,4,very bad,2024-12-11
REV27582,PROD110,CUST4648,4,average,2022-11-02
REV27583,PROD102,CUST1603,2,bad,2022-11-07
REV27584,PROD105,CUST4372,1,very bad,2024-12-21
REV27585,PROD107,CUST5771,5,very bad,2025-01-07
REV27586,PROD101,CUST1054,2,very bad,2023-08-28
REV27587,PROD109,CUST4193,4,bad,2024-08-15
REV27588,PROD102,CUST4814,1,bad,2022-12-26
REV27589,PROD106,CUST1108,2,average,2023-10-22
REV27590,PROD102,CUST4813,5,bad,2024-06-21
REV27591,PROD102,CUST4593,4,very good,2024-05-04
REV27592,PROD104,CUST5669,2,very good,2024-12-25
REV27593,PROD114,CUST3906,5,very bad,2023-02-04
REV27594,PROD108,CUST3972,2,very good,2022-10-13
REV27595,PROD114,CUST2072,5,good,2023-11-28
REV27596,PROD113,CUST3242,1,very bad,2024-12-29
REV27597,PROD102,CUST1674,3,good,2023-02-23
REV27598,PROD113,CUST1114,3,average,2024-08-08
REV27599,PROD107,CUST1570,5,bad,2022-10-07
REV27600,PROD105,CUST1437,3,good,2024-03-02
REV27601,PROD113,CUST2337,3,average,2022-12-18
REV27602,PROD101,CUST1388,5,average,2023-10-02
REV27603,PROD114,CUST2461,1,very good,2025-08-14
REV27604,PROD101,CUST2638,4,average,2023-02-08
REV27605,PROD107,CUST3471,2,bad,2023-06-08
REV27606,PROD106,CUST3938,3,good,2024-08-20
REV27607,PROD103,CUST2013,2,good,2024-02-10
REV27608,PROD110,CUST1722,4,very good,2025-01-28
REV27609,PROD109,CUST4248,1,very bad,2024-09-08
REV27610,PROD108,CUST5749,1,bad,2024-10-31
REV27611,PROD103,CUST4155,2,very bad,2025-01-10
REV27612,PROD113,CUST5902,1,bad,2025-05-17
REV27613,PROD103,CUST2500,1,average,2024-06-15
REV27614,PROD106,CUST2072,1,very good,2024-09-13
REV27615,PROD108,CUST2874,4,very bad,2023-09-05
REV27616,PROD107,CUST2575,2,very bad,2025-03-31
REV27617,PROD110,CUST3624,4,good,2023-11-08
REV27618,PROD111,CUST4491,2,bad,2023-12-31
REV27619,PROD101,CUST4365,2,average,2025-08-07
REV27620,PROD103,CUST4320,2,bad,2022-12-08
REV27621,PROD102,CUST5801,1,average,2024-11-01
REV27622,PROD113,CUST2141,1,very bad,2023-12-19
REV27623,PROD113,CUST4963,1,bad,2024-06-25
REV27624,PROD107,CUST5854,5,very good,2025-04-05
REV27625,PROD113,CUST1190,2,very bad,2025-08-21
REV27626,PROD105,CUST3831,3,very bad,2024-04-13
REV27627,PROD101,CUST1640,4,very good,2025-08-23
REV27628,PROD108,CUST1834,2,very bad,2025-04-04
REV27629,PROD113,CUST2169,1,very bad,2022-08-30
REV27630,PROD113,CUST3425,4,bad,2023-12-17
REV27631,PROD102,CUST1491,1,average,2024-01-03
REV27632,PROD106,CUST2883,3,very bad,2023-05-22
REV27633,PROD108,CUST1631,2,very bad,2023-09-07
REV27634,PROD100,CUST4725,3,bad,2024-05-25
REV27635,PROD111,CUST5208,5,very good,2024-06-24
REV27636,PROD101,CUST2419,5,good,2024-04-07
REV27637,PROD106,CUST2714,2,average,2023-01-26
REV27638,PROD105,CUST4915,4,good,2024-05-21
REV27639,PROD111,CUST5676,3,good,2025-03-16
REV27640,PROD107,CUST2883,3,very bad,2025-02-13
REV27641,PROD100,CUST3743,2,very good,2023-06-13
REV27642,PROD104,CUST3310,4,bad,2024-12-27
REV27643,PROD105,CUST1456,1,very good,2024-10-25
REV27644,PROD110,CUST2168,4,very bad,2022-12-10
REV27645,PROD109,CUST4687,4,good,2025-04-28
REV27646,PROD113,CUST1434,2,very good,2023-02-11
REV27647,PROD100,CUST3512,3,very bad,2024-11-14
REV27648,PROD103,CUST5394,3,very good,2023-12-08
REV27649,PROD109,CUST5492,4,bad,2024-08-21
REV27650,PROD109,CUST1569,3,bad,2023-06-27
REV27651,PROD103,CUST5551,4,good,2023-07-18
REV27652,PROD102,CUST1594,3,very good,2025-08-07
REV27653,PROD111,CUST1018,2,average,2023-08-05
REV27654,PROD105,CUST2133,2,good,2024-01-03
REV27655,PROD110,CUST4006,5,good,2023-01-11
REV27656,PROD106,CUST1869,2,very bad,2025-03-29
REV27657,PROD100,CUST4392,1,good,2024-01-24
REV27658,PROD102,CUST5785,4,good,2024-09-18
REV27659,PROD103,CUST1357,1,very bad,2023-06-02
REV27660,PROD105,CUST1839,4,average,2025-06-21
REV27661,PROD109,CUST2625,2,very good,2022-12-18
REV27662,PROD113,CUST3939,4,very good,2023-12-08
REV27663,PROD110,CUST3353,2,very bad,2025-07-01
REV27664,PROD104,CUST2820,4,very good,2025-07-10
REV27665,PROD111,CUST2407,3,bad,2024-11-01
REV27666,PROD110,CUST3487,2,very good,2024-04-02
REV27667,PROD110,CUST1187,2,very good,2023-02-25
REV27668,PROD109,CUST5163,2,average,2024-05-06
REV27669,PROD107,CUST5256,5,very bad,2024-06-29
REV27670,PROD106,CUST1384,1,good,2023-09-16
REV27671,PROD102,CUST5871,2,average,2024-05-04
REV27672,PROD104,CUST1285,1,very bad,2023-10-23
REV27673,PROD111,CUST2919,4,good,2024-12-28
REV27674,PROD103,CUST5706,2,very good,2023-09-26
REV27675,PROD104,CUST2679,5,bad,2025-05-27
REV27676,PROD105,CUST3346,5,very good,2024-08-23
REV27677,PROD108,CUST5958,2,bad,2025-04-21
REV27678,PROD102,CUST2318,3,good,2024-02-17
REV27679,PROD100,CUST3802,2,very good,2023-11-04
REV27680,PROD105,CUST1996,2,very good,2022-09-23
REV27681,PROD111,CUST4968,2,very good,2023-02-07
REV27682,PROD114,CUST5092,1,very good,2023-09-18
REV27683,PROD113,CUST4333,5,average,2022-09-25
REV27684,PROD106,CUST5040,4,average,2024-06-25
REV27685,PROD108,CUST2634,5,average,2025-06-21
REV27686,PROD103,CUST1638,2,very good,2025-02-18
REV27687,PROD114,CUST5526,3,average,2024-01-19
REV27688,PROD112,CUST4767,4,good,2025-04-05
REV27689,PROD113,CUST4360,3,average,2022-11-15
REV27690,PROD111,CUST3551,2,bad,2023-10-07
REV27691,PROD107,CUST4328,5,very bad,2023-05-07
REV27692,PROD113,CUST4333,1,very bad,2023-09-25
REV27693,PROD112,CUST3050,2,average,2025-04-08
REV27694,PROD111,CUST5194,4,very bad,2025-06-10
REV27695,PROD107,CUST4109,5,good,2022-09-17
REV27696,PROD109,CUST3678,2,average,2023-11-19
REV27697,PROD102,CUST5066,4,average,2023-06-08
REV27698,PROD106,CUST5640,1,bad,2023-10-08
REV27699,PROD113,CUST3810,3,bad,2025-03-25
REV27700,PROD106,CUST3535,4,average,2024-04-26
REV27701,PROD105,CUST5580,4,good,2025-07-25
REV27702,PROD104,CUST1730,4,average,2023-10-05
REV27703,PROD101,CUST5008,2,very good,2023-06-04
REV27704,PROD108,CUST4255,1,very bad,2023-09-01
REV27705,PROD108,CUST1217,5,bad,2025-01-30
REV27706,PROD106,CUST3359,1,good,2024-03-06
REV27707,PROD100,CUST2019,4,good,2023-05-30
REV27708,PROD110,CUST1928,5,bad,2022-10-24
REV27709,PROD104,CUST3967,5,average,2024-07-23
REV27710,PROD103,CUST5808,5,good,2023-08-28
REV27711,PROD114,CUST1722,2,good,2024-09-27
REV27712,PROD106,CUST1694,2,bad,2022-10-29
REV27713,PROD107,CUST4720,2,good,2024-01-28
REV27714,PROD103,CUST5057,3,very bad,2024-02-19
REV27715,PROD113,CUST2833,5,good,2024-09-02
REV27716,PROD104,CUST2422,5,very good,2024-11-25
REV27717,PROD105,CUST5911,5,bad,2022-12-15
REV27718,PROD112,CUST2712,3,good,2023-01-01
REV27719,PROD100,CUST2464,5,very bad,2025-07-24
REV27720,PROD113,CUST2129,1,average,2025-08-09
REV27721,PROD107,CUST3595,5,bad,2024-05-11
REV27722,PROD108,CUST3546,3,good,2023-11-18
REV27723,PROD101,CUST1236,5,very good,2023-12-07
REV27724,PROD111,CUST3628,3,very good,2023-12-09
REV27725,PROD103,CUST2162,2,bad,2023-08-25
REV27726,PROD114,CUST5452,1,very bad,2024-03-28
REV27727,PROD101,CUST2972,1,very good,2024-12-04
REV27728,PROD112,CUST1556,1,very bad,2025-01-07
REV27729,PROD109,CUST1336,1,good,2024-12-13
REV27730,PROD101,CUST1777,1,bad,2025-03-07
REV27731,PROD101,CUST1187,3,average,2023-05-31
REV27732,PROD114,CUST4453,5,good,2022-12-05
REV27733,PROD109,CUST1402,2,very bad,2023-05-10
REV27734,PROD102,CUST3996,5,average,2023-04-21
REV27735,PROD113,CUST1184,5,very bad,2024-12-12
REV27736,PROD111,CUST5839,1,average,2023-03-10
REV27737,PROD113,CUST3797,2,bad,2023-06-18
REV27738,PROD109,CUST1244,3,very bad,2023-11-01
REV27739,PROD114,CUST1834,4,very bad,2024-01-15
REV27740,PROD107,CUST4577,5,bad,2025-02-05
REV27741,PROD105,CUST1866,3,very good,2025-01-10
REV27742,PROD102,CUST3098,1,bad,2023-06-01
REV27743,PROD105,CUST1401,3,good,2022-10-21
REV27744,PROD107,CUST5451,2,good,2024-01-15
REV27745,PROD100,CUST5300,5,bad,2024-10-17
REV27746,PROD101,CUST1130,2,good,2023-01-24
REV27747,PROD112,CUST3656,2,very good,2024-05-11
REV27748,PROD111,CUST2579,1,bad,2024-08-26
REV27749,PROD114,CUST5601,4,good,2025-03-23
REV27750,PROD106,CUST2066,3,average,2023-05-24
REV27751,PROD104,CUST4632,1,very bad,2023-07-26
REV27752,PROD107,CUST2687,1,average,2023-12-03
REV27753,PROD106,CUST4311,5,very good,2023-01-06
REV27754,PROD106,CUST1485,2,average,2023-04-30
REV27755,PROD107,CUST1624,5,very bad,2025-06-06
REV27756,PROD100,CUST4692,1,bad,2022-10-25
REV27757,PROD111,CUST1700,3,very good,2025-07-24
REV27758,PROD107,CUST3179,1,very bad,2023-08-08
REV27759,PROD100,CUST1886,2,good,2025-07-27
REV27760,PROD101,CUST5401,1,very bad,2025-01-22
REV27761,PROD108,CUST2331,3,average,2023-01-15
REV27762,PROD106,CUST3393,4,bad,2025-06-12
REV27763,PROD104,CUST5486,5,bad,2023-05-29
REV27764,PROD114,CUST1278,3,very good,2024-01-10
REV27765,PROD113,CUST1438,2,bad,2024-02-26
REV27766,PROD109,CUST4889,4,very good,2023-08-24
REV27767,PROD107,CUST1343,3,average,2023-07-24
REV27768,PROD105,CUST2284,2,very bad,2025-03-18
REV27769,PROD109,CUST4560,4,bad,2025-06-04
REV27770,PROD114,CUST5270,2,bad,2024-03-22
REV27771,PROD111,CUST4809,3,average,2025-05-16
REV27772,PROD110,CUST4136,3,very bad,2023-09-06
REV27773,PROD107,CUST1092,4,very bad,2025-08-13
REV27774,PROD110,CUST4584,3,good,2022-10-29
REV27775,PROD114,CUST3548,1,very good,2024-06-13
REV27776,PROD101,CUST2715,2,very good,2023-12-08
REV27777,PROD106,CUST3162,3,bad,2024-03-01
REV27778,PROD114,CUST5889,1,good,2022-12-15
REV27779,PROD102,CUST5557,1,very bad,2023-07-21
REV27780,PROD111,CUST3353,3,bad,2024-10-15
REV27781,PROD107,CUST2700,3,bad,2024-06-24
REV27782,PROD103,CUST4415,4,very good,2025-03-19
REV27783,PROD113,CUST3207,3,average,2024-11-23
REV27784,PROD114,CUST2884,3,bad,2023-03-08
REV27785,PROD111,CUST1883,5,average,2024-06-27
REV27786,PROD106,CUST3919,5,bad,2023-01-09
REV27787,PROD104,CUST4243,2,average,2024-06-27
REV27788,PROD114,CUST4531,4,average,2022-11-21
REV27789,PROD105,CUST3144,4,average,2023-06-19
REV27790,PROD112,CUST4523,2,bad,2024-01-30
REV27791,PROD103,CUST1580,4,good,2022-11-02
REV27792,PROD108,CUST4210,3,very bad,2023-11-02
REV27793,PROD112,CUST4756,3,average,2025-08-13
REV27794,PROD108,CUST2886,5,good,2024-11-07
REV27795,PROD102,CUST5777,2,average,2024-02-09
REV27796,PROD114,CUST5284,2,good,2024-06-24
REV27797,PROD111,CUST3230,2,bad,2023-11-04
REV27798,PROD110,CUST1749,1,average,2025-01-30
REV27799,PROD102,CUST2569,4,good,2025-03-30
REV27800,PROD113,CUST1003,2,very bad,2023-01-28
REV27801,PROD111,CUST4928,5,bad,2023-04-26
REV27802,PROD114,CUST1060,2,bad,2023-09-24
REV27803,PROD107,CUST1105,4,very bad,2025-06-08
REV27804,PROD101,CUST5097,5,average,2024-05-10
REV27805,PROD111,CUST1505,1,bad,2025-06-06
REV27806,PROD101,CUST3997,3,bad,2024-02-29
REV27807,PROD104,CUST3558,2,good,2023-02-15
REV27808,PROD100,CUST1014,3,bad,2024-06-03
REV27809,PROD111,CUST5640,2,average,2023-06-29
REV27810,PROD114,CUST4779,5,very good,2023-03-12
REV27811,PROD103,CUST4159,3,bad,2024-07-12
REV27812,PROD110,CUST3367,4,very good,2022-12-14
REV27813,PROD110,CUST5806,3,bad,2024-09-14
REV27814,PROD113,CUST4230,1,very bad,2023-10-12
REV27815,PROD107,CUST3439,4,average,2023-09-09
REV27816,PROD100,CUST2334,4,very good,2023-01-07
REV27817,PROD107,CUST4766,4,very good,2025-03-20
REV27818,PROD104,CUST2100,3,very bad,2022-10-13
REV27819,PROD111,CUST5974,1,bad,2023-08-10
REV27820,PROD110,CUST5644,4,very good,2025-03-03
REV27821,PROD107,CUST3315,1,very good,2023-12-31
REV27822,PROD109,CUST5684,3,average,2025-01-13
REV27823,PROD114,CUST5666,5,very bad,2024-07-16
REV27824,PROD101,CUST3066,4,good,2023-08-19
REV27825,PROD105,CUST1285,3,good,2023-12-19
REV27826,PROD100,CUST3635,4,good,2022-12-20
REV27827,PROD112,CUST2810,2,very good,2023-08-06
REV27828,PROD108,CUST3592,3,average,2023-04-09
REV27829,PROD105,CUST3839,5,very good,2024-02-23
REV27830,PROD112,CUST5224,5,bad,2023-06-27
REV27831,PROD114,CUST4723,3,bad,2024-05-23
REV27832,PROD105,CUST5874,1,bad,2025-07-02
REV27833,PROD106,CUST1099,4,very good,2023-06-04
REV27834,PROD110,CUST5065,5,good,2023-11-23
REV27835,PROD109,CUST4924,3,bad,2024-02-05
REV27836,PROD111,CUST2143,5,very bad,2024-06-01
REV27837,PROD103,CUST1260,3,very good,2022-10-31
REV27838,PROD104,CUST2272,3,very good,2023-01-15
REV27839,PROD100,CUST3719,4,average,2025-06-22
REV27840,PROD114,CUST5800,5,bad,2023-07-28
REV27841,PROD112,CUST1987,5,very good,2024-03-16
REV27842,PROD107,CUST5994,4,good,2023-03-29
REV27843,PROD114,CUST5523,2,good,2024-03-08
REV27844,PROD102,CUST1206,4,good,2022-12-17
REV27845,PROD109,CUST3168,1,very bad,2024-06-17
REV27846,PROD107,CUST1253,5,very bad,2023-06-26
REV27847,PROD101,CUST1539,4,very good,2024-01-09
REV27848,PROD111,CUST2682,3,average,2023-11-05
REV27849,PROD102,CUST3443,2,very bad,2025-08-08
REV27850,PROD105,CUST5047,4,average,2023-06-19
REV27851,PROD109,CUST1189,3,bad,2024-10-16
REV27852,PROD107,CUST1654,4,bad,2024-12-23
REV27853,PROD103,CUST3732,4,very bad,2023-06-20
REV27854,PROD110,CUST2240,3,very bad,2023-02-28
REV27855,PROD110,CUST2763,5,average,2023-10-18
REV27856,PROD104,CUST4800,1,bad,2024-04-19
REV27857,PROD114,CUST4262,1,bad,2023-07-04
REV27858,PROD111,CUST3647,1,very good,2025-05-20
REV27859,PROD109,CUST3095,4,bad,2024-03-14
REV27860,PROD114,CUST2795,3,very good,2024-12-01
REV27861,PROD111,CUST5668,1,average,2023-10-08
REV27862,PROD112,CUST1781,4,average,2024-12-18
REV27863,PROD114,CUST2818,1,good,2024-12-12
REV27864,PROD103,CUST5233,5,very good,2024-03-06
REV27865,PROD104,CUST3688,1,bad,2024-07-19
REV27866,PROD107,CUST4088,2,good,2025-04-17
REV27867,PROD109,CUST3012,5,very good,2022-11-21
REV27868,PROD101,CUST4812,2,average,2025-07-10
REV27869,PROD103,CUST3145,5,bad,2022-10-28
REV27870,PROD104,CUST5758,1,average,2023-02-22
REV27871,PROD100,CUST3938,2,very good,2025-07-05
REV27872,PROD108,CUST4925,4,good,2024-02-24
REV27873,PROD111,CUST2832,5,very bad,2024-03-24
REV27874,PROD104,CUST3542,1,average,2024-05-19
REV27875,PROD103,CUST1671,5,very bad,2024-12-10
REV27876,PROD111,CUST3810,4,good,2022-09-23
REV27877,PROD101,CUST4142,5,average,2024-01-13
REV27878,PROD107,CUST5796,2,very good,2023-07-13
REV27879,PROD104,CUST5737,4,very bad,2025-03-07
REV27880,PROD105,CUST4543,3,bad,2024-10-06
REV27881,PROD107,CUST4429,1,bad,2024-03-01
REV27882,PROD111,CUST4308,1,bad,2024-10-25
REV27883,PROD113,CUST1510,2,bad,2023-12-05
REV27884,PROD112,CUST2207,4,very bad,2023-09-19
REV27885,PROD106,CUST4702,1,good,2023-04-16
REV27886,PROD109,CUST1353,1,good,2023-07-15
REV27887,PROD114,CUST4816,4,good,2024-10-15
REV27888,PROD102,CUST1205,3,good,2025-04-29
REV27889,PROD114,CUST3946,2,very good,2024-08-01
REV27890,PROD107,CUST2198,2,average,2024-08-11
REV27891,PROD103,CUST3879,2,very bad,2024-07-19
REV27892,PROD107,CUST2299,1,very good,2024-04-20
REV27893,PROD107,CUST3138,3,average,2024-06-13
REV27894,PROD104,CUST4681,2,very good,2024-06-04
REV27895,PROD102,CUST3679,3,bad,2025-04-28
REV27896,PROD109,CUST1864,5,very bad,2025-08-16
REV27897,PROD114,CUST4942,5,very bad,2025-06-15
REV27898,PROD107,CUST2640,5,bad,2023-03-24
REV27899,PROD112,CUST2466,4,very bad,2024-03-23
REV27900,PROD104,CUST3679,1,very bad,2025-05-13
REV27901,PROD107,CUST1358,2,very bad,2025-07-11
REV27902,PROD105,CUST5537,4,good,2024-02-26
REV27903,PROD108,CUST4671,2,average,2024-04-24
REV27904,PROD110,CUST4411,2,good,2024-11-01
REV27905,PROD103,CUST4987,1,very good,2025-03-16
REV27906,PROD112,CUST1291,1,very good,2024-02-14
REV27907,PROD112,CUST3669,3,average,2023-05-19
REV27908,PROD113,CUST3028,5,good,2023-08-06
REV27909,PROD104,CUST5751,3,good,2024-01-13
REV27910,PROD110,CUST1999,2,bad,2024-08-30
REV27911,PROD108,CUST2444,1,average,2022-10-08
REV27912,PROD114,CUST3859,4,bad,2024-07-30
REV27913,PROD104,CUST2788,2,bad,2024-03-15
REV27914,PROD110,CUST5684,1,average,2025-04-06
REV27915,PROD103,CUST5750,5,good,2023-08-04
REV27916,PROD109,CUST5929,4,bad,2023-11-10
REV27917,PROD105,CUST4288,4,average,2025-05-01
REV27918,PROD110,CUST3363,4,good,2024-12-12
REV27919,PROD100,CUST3767,4,very bad,2024-06-09
REV27920,PROD110,CUST5367,1,very bad,2024-08-22
REV27921,PROD105,CUST5508,5,average,2023-07-25
REV27922,PROD106,CUST2853,1,very good,2024-08-04
REV27923,PROD104,CUST5144,3,good,2023-12-14
REV27924,PROD108,CUST2590,5,average,2024-11-13
REV27925,PROD108,CUST4234,3,bad,2025-08-01
REV27926,PROD104,CUST4316,2,bad,2024-06-04
REV27927,PROD111,CUST4883,3,very good,2025-06-20
REV27928,PROD101,CUST4390,5,very bad,2023-11-15
REV27929,PROD103,CUST4884,5,very good,2023-05-08
REV27930,PROD111,CUST3834,4,average,2023-09-11
REV27931,PROD106,CUST4871,3,average,2022-12-31
REV27932,PROD105,CUST5281,3,very bad,2024-05-15
REV27933,PROD104,CUST3704,3,very bad,2025-03-14
REV27934,PROD104,CUST5146,1,average,2023-11-24
REV27935,PROD112,CUST5257,1,good,2024-08-02
REV27936,PROD112,CUST1895,5,average,2022-11-24
REV27937,PROD104,CUST1289,1,average,2025-01-01
REV27938,PROD114,CUST2604,3,very bad,2025-07-14
REV27939,PROD111,CUST5274,3,bad,2025-04-24
REV27940,PROD113,CUST4618,2,average,2024-11-08
REV27941,PROD105,CUST3391,3,bad,2024-10-27
REV27942,PROD102,CUST3871,1,good,2024-11-04
REV27943,PROD110,CUST1560,4,average,2024-01-24
REV27944,PROD111,CUST5468,2,good,2022-12-13
REV27945,PROD113,CUST1696,1,good,2024-01-21
REV27946,PROD110,CUST5095,4,average,2022-11-27
REV27947,PROD111,CUST3579,2,average,2025-04-30
REV27948,PROD114,CUST3454,4,very bad,2025-08-24
REV27949,PROD109,CUST5204,4,very bad,2023-06-09
REV27950,PROD107,CUST5178,4,very bad,2024-06-08
REV27951,PROD109,CUST3555,5,bad,2024-02-16
REV27952,PROD104,CUST3977,3,good,2025-01-13
REV27953,PROD105,CUST1635,1,average,2023-05-02
REV27954,PROD113,CUST3705,3,bad,2023-01-12
REV27955,PROD112,CUST2885,1,very good,2022-10-09
REV27956,PROD104,CUST2155,3,average,2023-12-05
REV27957,PROD111,CUST3302,3,very bad,2023-05-03
REV27958,PROD113,CUST4195,3,very bad,2023-04-15
REV27959,PROD102,CUST3118,1,very good,2025-07-21
REV27960,PROD102,CUST4481,5,average,2023-03-09
REV27961,PROD108,CUST3404,5,average,2025-02-25
REV27962,PROD110,CUST5579,5,very bad,2024-11-20
REV27963,PROD101,CUST2310,2,very bad,2024-10-20
REV27964,PROD106,CUST4296,1,very good,2023-04-13
REV27965,PROD102,CUST3825,3,very good,2023-12-10
REV27966,PROD104,CUST2911,2,good,2024-07-06
REV27967,PROD105,CUST3436,2,average,2025-08-23
REV27968,PROD106,CUST5762,1,bad,2025-05-01
REV27969,PROD106,CUST4683,1,very bad,2023-11-14
REV27970,PROD105,CUST4310,3,bad,2023-11-19
REV27971,PROD106,CUST1385,5,very good,2023-10-19
REV27972,PROD106,CUST5419,5,average,2022-11-22
REV27973,PROD111,CUST1636,4,bad,2024-06-19
REV27974,PROD112,CUST1077,3,very good,2023-07-23
REV27975,PROD106,CUST3245,5,very bad,2023-04-09
REV27976,PROD106,CUST1505,1,very bad,2024-09-28
REV27977,PROD114,CUST3121,1,bad,2025-07-24
REV27978,PROD100,CUST5577,4,bad,2025-03-10
REV27979,PROD109,CUST4369,1,good,2025-02-14
REV27980,PROD103,CUST5911,5,bad,2025-07-06
REV27981,PROD101,CUST1195,4,good,2024-11-08
REV27982,PROD113,CUST5125,5,very good,2023-08-04
REV27983,PROD103,CUST2210,3,average,2024-08-14
REV27984,PROD109,CUST2059,2,bad,2023-10-05
REV27985,PROD105,CUST1986,5,good,2024-04-30
REV27986,PROD111,CUST3022,3,bad,2025-08-15
REV27987,PROD110,CUST2782,5,bad,2023-11-08
REV27988,PROD103,CUST4562,3,very good,2025-07-03
REV27989,PROD111,CUST2791,2,good,2023-02-10
REV27990,PROD105,CUST1234,5,good,2025-07-06
REV27991,PROD112,CUST3036,1,very good,2024-10-08
REV27992,PROD103,CUST1478,1,very bad,2023-08-30
REV27993,PROD104,CUST3148,2,average,2023-06-07
REV27994,PROD103,CUST5388,1,bad,2023-11-20
REV27995,PROD114,CUST1908,1,average,2022-12-20
REV27996,PROD101,CUST3559,1,bad,2025-08-16
REV27997,PROD101,CUST1259,5,very good,2024-12-10
REV27998,PROD113,CUST3963,5,good,2023-03-13
REV27999,PROD103,CUST1731,2,very good,2022-12-26
REV28000,PROD100,CUST5231,1,very good,2024-06-28
REV28001,PROD101,CUST2676,5,good,2024-05-14
REV28002,PROD100,CUST3336,2,average,2023-06-18
REV28003,PROD102,CUST5893,4,average,2023-04-18
REV28004,PROD109,CUST3880,5,very good,2025-04-13
REV28005,PROD106,CUST4609,2,good,2024-11-27
REV28006,PROD103,CUST2455,3,very bad,2024-01-01
REV28007,PROD107,CUST4028,1,very bad,2025-02-26
REV28008,PROD113,CUST4214,1,bad,2025-01-10
REV28009,PROD100,CUST3441,2,bad,2025-02-07
REV28010,PROD107,CUST2100,4,good,2024-10-04
REV28011,PROD103,CUST1292,3,bad,2023-09-17
REV28012,PROD100,CUST5488,2,very bad,2023-06-28
REV28013,PROD114,CUST5992,2,very bad,2024-12-27
REV28014,PROD107,CUST2250,1,bad,2022-11-10
REV28015,PROD112,CUST5384,4,bad,2023-06-25
REV28016,PROD114,CUST2045,1,average,2022-09-18
REV28017,PROD104,CUST5980,3,average,2023-11-20
REV28018,PROD114,CUST4743,2,average,2024-06-16
REV28019,PROD107,CUST3794,1,very good,2024-10-11
REV28020,PROD108,CUST5840,2,bad,2024-04-17
REV28021,PROD114,CUST3381,3,bad,2025-02-10
REV28022,PROD111,CUST5280,2,average,2024-05-08
REV28023,PROD111,CUST1243,3,very good,2024-02-26
REV28024,PROD106,CUST1113,4,very bad,2023-06-10
REV28025,PROD111,CUST2540,3,very good,2023-03-18
REV28026,PROD110,CUST5749,2,bad,2022-10-09
REV28027,PROD109,CUST4131,2,average,2025-05-28
REV28028,PROD104,CUST2700,1,very bad,2024-09-01
REV28029,PROD111,CUST5034,4,average,2023-11-13
REV28030,PROD101,CUST3017,1,good,2024-09-14
REV28031,PROD100,CUST4412,4,good,2025-04-09
REV28032,PROD113,CUST2376,3,bad,2024-02-04
REV28033,PROD113,CUST5726,4,good,2023-01-17
REV28034,PROD114,CUST3330,4,very good,2023-01-06
REV28035,PROD107,CUST2742,2,very good,2023-02-16
REV28036,PROD106,CUST2974,5,good,2025-05-10
REV28037,PROD106,CUST4491,2,very bad,2023-06-27
REV28038,PROD106,CUST3869,3,average,2023-03-21
REV28039,PROD107,CUST4112,2,very good,2023-07-21
REV28040,PROD114,CUST4057,3,bad,2024-03-20
REV28041,PROD103,CUST1026,5,average,2024-12-16
REV28042,PROD103,CUST5740,3,bad,2024-11-23
REV28043,PROD106,CUST2930,1,average,2023-01-09
REV28044,PROD102,CUST2018,1,good,2023-12-09
REV28045,PROD105,CUST5496,4,very good,2023-10-11
REV28046,PROD108,CUST2708,4,bad,2023-04-03
REV28047,PROD110,CUST3349,5,very good,2024-10-06
REV28048,PROD101,CUST4504,5,very good,2025-05-28
REV28049,PROD107,CUST5988,2,average,2025-04-22
REV28050,PROD113,CUST3589,1,very good,2025-07-27
REV28051,PROD113,CUST2189,1,very bad,2024-01-31
REV28052,PROD111,CUST4708,4,average,2024-07-17
REV28053,PROD104,CUST1423,4,average,2024-12-31
REV28054,PROD114,CUST5845,2,very bad,2024-10-24
REV28055,PROD114,CUST3959,4,bad,2023-03-25
REV28056,PROD100,CUST1693,3,bad,2025-02-28
REV28057,PROD106,CUST5910,4,bad,2024-09-15
REV28058,PROD104,CUST2513,4,very good,2023-01-21
REV28059,PROD106,CUST5122,3,bad,2023-03-05
REV28060,PROD104,CUST5179,5,very bad,2024-11-19
REV28061,PROD102,CUST2616,4,very bad,2025-06-18
REV28062,PROD108,CUST5902,5,average,2022-09-20
REV28063,PROD107,CUST3052,3,average,2024-10-22
REV28064,PROD103,CUST3943,5,very bad,2022-09-22
REV28065,PROD100,CUST3290,2,good,2023-02-23
REV28066,PROD104,CUST5728,1,very good,2023-06-26
REV28067,PROD105,CUST5512,5,bad,2023-11-15
REV28068,PROD108,CUST3727,4,average,2024-09-10
REV28069,PROD107,CUST4164,1,good,2023-02-10
REV28070,PROD105,CUST5960,1,good,2025-02-21
REV28071,PROD105,CUST4614,5,good,2023-02-28
REV28072,PROD101,CUST1878,2,very bad,2025-07-22
REV28073,PROD105,CUST3869,3,average,2023-08-09
REV28074,PROD104,CUST1862,2,good,2024-05-15
REV28075,PROD107,CUST4881,1,bad,2023-10-12
REV28076,PROD108,CUST5522,2,average,2024-07-19
REV28077,PROD111,CUST2074,5,very good,2023-05-11
REV28078,PROD103,CUST2531,1,very bad,2024-07-02
REV28079,PROD102,CUST4363,5,very bad,2025-01-04
REV28080,PROD104,CUST1955,1,average,2024-11-10
REV28081,PROD112,CUST3376,4,very good,2022-09-13
REV28082,PROD110,CUST4803,5,very good,2024-05-24
REV28083,PROD104,CUST1785,1,very good,2023-02-28
REV28084,PROD107,CUST3910,4,average,2025-03-21
REV28085,PROD100,CUST4074,3,very bad,2022-11-12
REV28086,PROD106,CUST1244,5,very bad,2025-02-12
REV28087,PROD112,CUST4693,4,average,2025-04-27
REV28088,PROD112,CUST2251,2,good,2022-11-17
REV28089,PROD107,CUST4816,1,bad,2024-06-23
REV28090,PROD112,CUST1082,2,very bad,2025-04-18
REV28091,PROD106,CUST2148,3,good,2024-10-05
REV28092,PROD108,CUST1127,4,good,2025-03-09
REV28093,PROD102,CUST3172,2,very good,2023-12-06
REV28094,PROD112,CUST5550,3,bad,2024-02-20
REV28095,PROD107,CUST4514,3,very bad,2023-06-04
REV28096,PROD114,CUST4088,5,bad,2025-01-11
REV28097,PROD105,CUST2237,5,bad,2022-11-28
REV28098,PROD113,CUST1341,4,bad,2025-02-15
REV28099,PROD102,CUST3898,3,good,2022-11-14
REV28100,PROD108,CUST2170,4,bad,2022-09-05
REV28101,PROD106,CUST2200,5,average,2023-07-23
REV28102,PROD108,CUST5803,5,bad,2024-06-25
REV28103,PROD110,CUST1740,1,very bad,2024-04-10
REV28104,PROD105,CUST3606,3,average,2023-12-13
REV28105,PROD111,CUST1627,5,very bad,2024-11-27
REV28106,PROD106,CUST5103,5,average,2025-05-18
REV28107,PROD108,CUST1611,5,very bad,2024-12-19
REV28108,PROD112,CUST1242,4,bad,2023-03-14
REV28109,PROD104,CUST5891,4,very good,2024-07-12
REV28110,PROD111,CUST2252,4,good,2023-06-14
REV28111,PROD108,CUST5570,3,bad,2024-10-14
REV28112,PROD101,CUST4672,5,very bad,2024-12-13
REV28113,PROD111,CUST1988,3,very good,2024-10-11
REV28114,PROD104,CUST5187,5,very bad,2024-05-06
REV28115,PROD106,CUST3345,4,bad,2024-07-30
REV28116,PROD107,CUST4045,5,bad,2025-01-01
REV28117,PROD105,CUST4092,2,very good,2023-03-13
REV28118,PROD102,CUST3829,1,very bad,2025-02-28
REV28119,PROD103,CUST5896,4,very good,2024-02-19
REV28120,PROD111,CUST5653,2,bad,2023-03-06
REV28121,PROD106,CUST2430,4,very good,2024-03-30
REV28122,PROD106,CUST2577,1,very good,2024-03-19
REV28123,PROD106,CUST1945,2,good,2024-05-25
REV28124,PROD101,CUST4422,3,very bad,2024-05-09
REV28125,PROD101,CUST4294,5,very good,2025-05-13
REV28126,PROD106,CUST4956,4,very bad,2023-01-15
REV28127,PROD110,CUST1950,5,bad,2024-11-02
REV28128,PROD113,CUST3721,3,very bad,2025-06-23
REV28129,PROD110,CUST4140,1,very bad,2023-02-23
REV28130,PROD100,CUST4875,3,very good,2025-06-19
REV28131,PROD107,CUST3863,2,very good,2024-03-17
REV28132,PROD102,CUST3341,3,good,2025-03-22
REV28133,PROD108,CUST1877,3,average,2023-09-19
REV28134,PROD108,CUST3957,4,very good,2024-02-14
REV28135,PROD107,CUST1621,4,average,2025-03-09
REV28136,PROD112,CUST5377,2,average,2022-09-17
REV28137,PROD109,CUST1067,3,good,2023-12-08
REV28138,PROD113,CUST1751,5,good,2023-05-30
REV28139,PROD101,CUST2149,3,bad,2023-12-19
REV28140,PROD110,CUST4185,2,average,2024-10-27
REV28141,PROD105,CUST3082,3,average,2024-12-07
REV28142,PROD106,CUST2004,1,bad,2023-10-22
REV28143,PROD103,CUST1773,4,very good,2022-11-07
REV28144,PROD110,CUST2931,3,bad,2023-10-03
REV28145,PROD112,CUST2668,3,average,2024-11-29
REV28146,PROD111,CUST1720,5,bad,2025-06-19
REV28147,PROD108,CUST2557,3,average,2024-10-25
REV28148,PROD110,CUST1083,5,very bad,2022-10-14
REV28149,PROD111,CUST3200,2,bad,2025-03-24
REV28150,PROD101,CUST3536,1,good,2024-10-31
REV28151,PROD111,CUST2253,3,very good,2023-07-20
REV28152,PROD103,CUST3295,4,average,2024-07-29
REV28153,PROD103,CUST1910,3,very bad,2023-01-02
REV28154,PROD107,CUST4085,3,bad,2024-09-13
REV28155,PROD104,CUST3130,3,very bad,2025-04-12
REV28156,PROD111,CUST2991,4,average,2025-02-07
REV28157,PROD102,CUST3687,4,very good,2022-09-26
REV28158,PROD110,CUST2980,3,bad,2023-01-16
REV28159,PROD104,CUST5483,4,very bad,2024-12-09
REV28160,PROD112,CUST1531,5,very bad,2025-02-21
REV28161,PROD108,CUST2945,5,very bad,2023-07-15
REV28162,PROD108,CUST4160,4,very good,2024-03-25
REV28163,PROD114,CUST2018,5,bad,2024-08-26
REV28164,PROD112,CUST5677,4,average,2024-05-23
REV28165,PROD103,CUST4857,3,very bad,2023-01-31
REV28166,PROD111,CUST4008,5,very bad,2025-05-06
REV28167,PROD104,CUST3975,2,average,2025-07-20
REV28168,PROD101,CUST3781,4,very good,2022-09-19
REV28169,PROD101,CUST2687,1,good,2025-02-16
REV28170,PROD109,CUST4684,2,good,2023-08-08
REV28171,PROD112,CUST4817,5,very good,2022-09-10
REV28172,PROD105,CUST5212,5,very good,2024-02-15
REV28173,PROD107,CUST5629,3,very good,2025-05-30
REV28174,PROD102,CUST5351,2,bad,2022-09-12
REV28175,PROD102,CUST5879,3,good,2023-04-08
REV28176,PROD101,CUST2840,1,very good,2024-12-21
REV28177,PROD113,CUST5035,5,very bad,2022-09-11
REV28178,PROD104,CUST3355,1,very good,2024-02-20
REV28179,PROD100,CUST2319,4,bad,2024-03-11
REV28180,PROD113,CUST4505,1,very good,2025-02-06
REV28181,PROD105,CUST3351,4,very good,2023-01-12
REV28182,PROD101,CUST1414,2,very good,2023-11-30
REV28183,PROD104,CUST4652,5,bad,2022-12-12
REV28184,PROD104,CUST2594,4,very good,2024-10-13
REV28185,PROD111,CUST2181,4,very bad,2024-08-06
REV28186,PROD112,CUST5026,2,average,2023-12-06
REV28187,PROD103,CUST3336,2,good,2024-09-03
REV28188,PROD104,CUST4252,1,very bad,2025-03-30
REV28189,PROD109,CUST4368,1,very bad,2025-02-21
REV28190,PROD102,CUST4319,2,bad,2025-07-11
REV28191,PROD107,CUST2842,3,very bad,2023-04-20
REV28192,PROD105,CUST2748,5,good,2022-11-02
REV28193,PROD113,CUST2435,5,good,2024-02-13
REV28194,PROD108,CUST2324,4,good,2024-09-07
REV28195,PROD105,CUST5744,1,very bad,2023-08-03
REV28196,PROD106,CUST1278,5,very good,2022-10-05
REV28197,PROD104,CUST5518,3,bad,2023-10-05
REV28198,PROD103,CUST1735,4,good,2024-01-05
REV28199,PROD111,CUST3066,3,good,2024-05-17
REV28200,PROD112,CUST1539,4,very bad,2022-11-04
REV28201,PROD100,CUST5752,5,very bad,2023-02-15
REV28202,PROD105,CUST2252,2,very bad,2022-11-07
REV28203,PROD113,CUST4603,2,very bad,2023-07-03
REV28204,PROD106,CUST4511,2,very bad,2022-08-26
REV28205,PROD105,CUST1130,2,good,2024-03-23
REV28206,PROD109,CUST5285,2,bad,2024-04-12
REV28207,PROD100,CUST2358,4,very bad,2025-07-22
REV28208,PROD103,CUST2721,3,bad,2024-12-25
REV28209,PROD102,CUST5449,5,bad,2023-08-08
REV28210,PROD108,CUST3445,1,good,2023-10-21
REV28211,PROD113,CUST5103,4,very good,2022-10-25
REV28212,PROD100,CUST2052,5,bad,2025-05-08
REV28213,PROD106,CUST2131,4,very good,2022-09-25
REV28214,PROD106,CUST4531,5,average,2023-01-11
REV28215,PROD102,CUST3677,5,very good,2025-01-12
REV28216,PROD103,CUST3071,3,good,2023-09-20
REV28217,PROD106,CUST4460,3,good,2022-09-12
REV28218,PROD102,CUST4575,3,bad,2025-08-09
REV28219,PROD107,CUST2266,1,average,2025-03-18
REV28220,PROD101,CUST3474,4,bad,2022-08-28
REV28221,PROD108,CUST3713,1,good,2023-10-08
REV28222,PROD112,CUST2718,3,good,2024-09-28
REV28223,PROD106,CUST4423,3,very bad,2024-08-07
REV28224,PROD106,CUST5504,2,very bad,2025-02-16
REV28225,PROD114,CUST4904,3,very bad,2023-07-27
REV28226,PROD106,CUST5023,1,good,2023-06-01
REV28227,PROD114,CUST5797,4,very good,2024-04-01
REV28228,PROD108,CUST1066,2,very good,2023-02-21
REV28229,PROD111,CUST2809,1,good,2022-12-30
REV28230,PROD107,CUST1450,2,very good,2025-02-14
REV28231,PROD110,CUST1550,1,very good,2024-07-27
REV28232,PROD103,CUST5704,3,very good,2022-09-10
REV28233,PROD113,CUST3407,3,very good,2023-11-05
REV28234,PROD110,CUST5184,2,bad,2023-01-23
REV28235,PROD103,CUST3525,1,very good,2025-06-25
REV28236,PROD100,CUST3762,1,very bad,2024-01-08
REV28237,PROD101,CUST3089,5,good,2022-11-16
REV28238,PROD102,CUST5062,2,very good,2025-02-06
REV28239,PROD106,CUST3229,4,very good,2025-03-21
REV28240,PROD109,CUST5742,4,very good,2024-10-13
REV28241,PROD106,CUST4019,4,good,2023-01-03
REV28242,PROD103,CUST5846,1,very good,2024-06-30
REV28243,PROD114,CUST3011,2,bad,2024-02-15
REV28244,PROD108,CUST2029,1,very bad,2023-07-02
REV28245,PROD102,CUST5581,3,average,2025-02-07
REV28246,PROD102,CUST1559,2,average,2024-06-27
REV28247,PROD113,CUST3575,3,very good,2025-03-19
REV28248,PROD111,CUST1292,1,average,2023-05-17
REV28249,PROD100,CUST3641,1,very bad,2024-10-14
REV28250,PROD108,CUST2733,3,very bad,2023-01-19
REV28251,PROD100,CUST3977,5,average,2023-07-30
REV28252,PROD106,CUST3968,2,good,2024-06-02
REV28253,PROD107,CUST1119,3,very good,2025-01-21
REV28254,PROD101,CUST3444,2,very good,2023-08-23
REV28255,PROD106,CUST2004,4,good,2025-08-05
REV28256,PROD113,CUST3263,1,average,2025-05-01
REV28257,PROD102,CUST5217,2,very bad,2023-05-15
REV28258,PROD107,CUST4197,1,good,2022-11-18
REV28259,PROD112,CUST4627,4,very good,2024-07-16
REV28260,PROD102,CUST4375,3,bad,2025-04-14
REV28261,PROD105,CUST5550,4,average,2022-09-07
REV28262,PROD101,CUST3884,5,bad,2025-05-08
REV28263,PROD104,CUST1519,5,very bad,2024-02-01
REV28264,PROD111,CUST5768,4,good,2025-07-06
REV28265,PROD103,CUST1447,5,average,2024-03-16
REV28266,PROD101,CUST3379,2,very bad,2023-04-20
REV28267,PROD110,CUST4599,1,very bad,2024-07-06
REV28268,PROD104,CUST1899,2,good,2025-05-27
REV28269,PROD111,CUST1006,2,good,2023-12-22
REV28270,PROD101,CUST5634,4,very bad,2024-02-29
REV28271,PROD103,CUST5946,2,very bad,2023-04-15
REV28272,PROD103,CUST5247,5,bad,2024-05-25
REV28273,PROD100,CUST2682,5,average,2024-12-24
REV28274,PROD114,CUST1485,5,average,2023-06-07
REV28275,PROD101,CUST5938,3,very bad,2023-06-11
REV28276,PROD108,CUST2799,2,good,2025-06-10
REV28277,PROD111,CUST2824,5,average,2025-03-21
REV28278,PROD110,CUST3432,1,average,2022-09-23
REV28279,PROD109,CUST4817,4,very bad,2025-03-26
REV28280,PROD109,CUST4317,4,bad,2024-09-24
REV28281,PROD104,CUST4958,2,bad,2023-04-17
REV28282,PROD107,CUST3585,3,very good,2023-05-04
REV28283,PROD113,CUST2665,5,very good,2025-03-09
REV28284,PROD112,CUST1393,3,very good,2022-10-20
REV28285,PROD101,CUST1510,4,good,2024-11-02
REV28286,PROD105,CUST2427,1,very bad,2024-10-21
REV28287,PROD100,CUST5399,3,very bad,2023-03-16
REV28288,PROD114,CUST2972,1,average,2022-08-25
REV28289,PROD101,CUST1397,3,very bad,2023-09-02
REV28290,PROD108,CUST2495,4,good,2024-10-02
REV28291,PROD102,CUST4354,4,good,2023-08-11
REV28292,PROD111,CUST5349,2,good,2022-08-28
REV28293,PROD105,CUST4262,1,average,2023-04-14
REV28294,PROD111,CUST4484,4,good,2024-08-03
REV28295,PROD104,CUST1351,4,very bad,2024-05-08
REV28296,PROD112,CUST5986,2,very bad,2023-02-19
REV28297,PROD104,CUST3205,4,bad,2022-09-14
REV28298,PROD112,CUST4064,2,very good,2025-08-24
REV28299,PROD103,CUST2246,5,very good,2025-02-04
REV28300,PROD109,CUST3296,2,very bad,2023-02-18
REV28301,PROD101,CUST3664,4,very bad,2023-07-28
REV28302,PROD112,CUST3452,4,very good,2024-07-13
REV28303,PROD103,CUST3665,1,average,2024-02-04
REV28304,PROD105,CUST2987,3,bad,2024-10-11
REV28305,PROD112,CUST5627,3,very bad,2025-04-24
REV28306,PROD106,CUST4631,4,very bad,2025-05-11
REV28307,PROD112,CUST4086,3,bad,2024-05-03
REV28308,PROD102,CUST1966,4,very bad,2024-07-05
REV28309,PROD104,CUST4991,5,average,2024-10-03
REV28310,PROD113,CUST5637,3,bad,2025-06-07
REV28311,PROD114,CUST1236,5,average,2023-04-22
REV28312,PROD104,CUST1885,1,very good,2025-01-10
REV28313,PROD105,CUST4723,2,very good,2024-06-09
REV28314,PROD102,CUST4284,3,very good,2023-03-28
REV28315,PROD106,CUST1953,1,bad,2025-03-01
REV28316,PROD104,CUST2800,3,bad,2023-02-15
REV28317,PROD113,CUST5143,5,very bad,2024-03-11
REV28318,PROD114,CUST4314,4,average,2022-12-09
REV28319,PROD101,CUST1066,1,good,2024-05-07
REV28320,PROD113,CUST1998,4,very good,2024-12-03
REV28321,PROD114,CUST1755,1,very bad,2022-12-12
REV28322,PROD114,CUST3890,1,very good,2024-01-02
REV28323,PROD113,CUST4063,3,very good,2024-10-02
REV28324,PROD108,CUST2360,3,bad,2024-11-09
REV28325,PROD114,CUST1802,5,average,2025-08-15
REV28326,PROD107,CUST1056,3,good,2023-04-15
REV28327,PROD103,CUST4834,4,bad,2024-12-07
REV28328,PROD110,CUST2889,4,very bad,2024-03-11
REV28329,PROD103,CUST5180,1,good,2024-06-25
REV28330,PROD113,CUST2697,4,bad,2024-12-26
REV28331,PROD108,CUST3300,5,very bad,2022-12-23
REV28332,PROD107,CUST2798,2,very good,2022-09-27
REV28333,PROD105,CUST2770,5,average,2023-09-05
REV28334,PROD114,CUST4334,4,very bad,2025-06-26
REV28335,PROD111,CUST5125,1,bad,2023-11-03
REV28336,PROD110,CUST4365,5,bad,2022-12-18
REV28337,PROD114,CUST2861,3,good,2024-01-28
REV28338,PROD114,CUST5843,1,bad,2023-05-04
REV28339,PROD102,CUST1668,5,very good,2022-09-08
REV28340,PROD101,CUST5358,2,good,2023-11-19
REV28341,PROD107,CUST5107,1,very good,2024-07-15
REV28342,PROD112,CUST5857,2,very bad,2025-02-24
REV28343,PROD111,CUST4559,4,very good,2023-01-03
REV28344,PROD114,CUST3796,4,good,2023-03-31
REV28345,PROD101,CUST4333,3,good,2024-06-24
REV28346,PROD109,CUST2988,1,bad,2023-09-15
REV28347,PROD108,CUST3578,2,good,2024-03-21
REV28348,PROD102,CUST1337,3,very good,2025-04-12
REV28349,PROD110,CUST5389,5,very bad,2023-08-02
REV28350,PROD101,CUST3556,2,very good,2023-08-23
REV28351,PROD102,CUST3576,4,bad,2023-11-20
REV28352,PROD112,CUST1149,4,bad,2024-10-19
REV28353,PROD104,CUST1188,4,average,2023-08-04
REV28354,PROD113,CUST3015,1,very good,2022-09-09
REV28355,PROD108,CUST2906,5,good,2022-12-07
REV28356,PROD100,CUST4343,2,good,2025-06-06
REV28357,PROD109,CUST5833,4,good,2023-03-19
REV28358,PROD112,CUST1184,1,very good,2022-10-31
REV28359,PROD106,CUST5251,2,good,2023-03-13
REV28360,PROD114,CUST5598,4,very bad,2023-11-07
REV28361,PROD102,CUST4338,5,very bad,2023-07-08
REV28362,PROD102,CUST3716,4,very bad,2022-08-27
REV28363,PROD100,CUST5866,3,good,2025-04-14
REV28364,PROD113,CUST1505,2,good,2024-04-26
REV28365,PROD102,CUST1215,4,good,2023-11-28
REV28366,PROD102,CUST5297,4,average,2025-08-24
REV28367,PROD113,CUST1545,2,average,2022-12-05
REV28368,PROD105,CUST4918,1,good,2024-03-28
REV28369,PROD111,CUST4833,3,good,2024-04-19
REV28370,PROD101,CUST2419,4,good,2024-02-25
REV28371,PROD112,CUST4918,2,good,2024-04-12
REV28372,PROD107,CUST4400,4,good,2023-11-28
REV28373,PROD110,CUST1093,1,bad,2024-08-04
REV28374,PROD103,CUST5078,2,very bad,2024-08-16
REV28375,PROD103,CUST1529,3,average,2025-01-22
REV28376,PROD111,CUST1884,1,very good,2025-04-08
REV28377,PROD113,CUST1066,4,bad,2025-07-13
REV28378,PROD108,CUST3459,3,average,2022-09-21
REV28379,PROD114,CUST4818,3,average,2022-12-23
REV28380,PROD104,CUST2094,5,average,2024-01-04
REV28381,PROD114,CUST2921,1,average,2024-08-01
REV28382,PROD111,CUST4496,1,average,2025-05-31
REV28383,PROD114,CUST4123,5,very good,2025-02-13
REV28384,PROD102,CUST2111,5,average,2023-08-21
REV28385,PROD113,CUST2359,3,good,2025-02-24
REV28386,PROD107,CUST4665,4,very bad,2022-09-22
REV28387,PROD108,CUST4295,1,very bad,2022-12-26
REV28388,PROD111,CUST3423,2,bad,2022-12-22
REV28389,PROD111,CUST2940,2,bad,2024-01-30
REV28390,PROD113,CUST2036,3,average,2025-08-04
REV28391,PROD113,CUST2890,2,good,2023-09-24
REV28392,PROD106,CUST2209,3,bad,2024-04-14
REV28393,PROD114,CUST2843,4,good,2024-08-10
REV28394,PROD114,CUST2832,2,good,2023-09-29
REV28395,PROD106,CUST1261,3,very bad,2024-01-18
REV28396,PROD112,CUST1619,2,average,2023-04-22
REV28397,PROD100,CUST3321,3,average,2024-01-27
REV28398,PROD102,CUST3815,3,average,2024-06-26
REV28399,PROD107,CUST4937,1,bad,2025-05-11
REV28400,PROD114,CUST1610,4,good,2023-09-23
REV28401,PROD112,CUST4596,1,average,2022-11-15
REV28402,PROD107,CUST5343,1,very good,2024-12-14
REV28403,PROD109,CUST1647,1,bad,2025-03-12
REV28404,PROD103,CUST4084,3,very good,2022-09-24
REV28405,PROD101,CUST1953,5,very bad,2025-02-22
REV28406,PROD107,CUST2269,5,bad,2023-04-15
REV28407,PROD111,CUST2319,4,very good,2024-10-18
REV28408,PROD103,CUST1769,2,average,2023-08-07
REV28409,PROD106,CUST4364,2,very good,2023-08-13
REV28410,PROD101,CUST4749,1,very good,2025-06-01
REV28411,PROD114,CUST4014,3,very good,2022-10-15
REV28412,PROD100,CUST4073,5,very good,2022-12-26
REV28413,PROD109,CUST1623,3,very good,2024-02-10
REV28414,PROD104,CUST1323,3,bad,2023-11-24
REV28415,PROD114,CUST3135,1,average,2022-12-19
REV28416,PROD108,CUST4519,4,very bad,2023-02-19
REV28417,PROD108,CUST2981,3,very bad,2023-07-05
REV28418,PROD106,CUST1420,5,average,2023-07-10
REV28419,PROD100,CUST1996,1,good,2024-01-09
REV28420,PROD105,CUST5035,2,average,2024-05-22
REV28421,PROD114,CUST2585,5,very good,2024-08-06
REV28422,PROD104,CUST2800,3,bad,2024-02-04
REV28423,PROD107,CUST5840,2,bad,2023-06-16
REV28424,PROD105,CUST2116,4,very good,2025-01-15
REV28425,PROD112,CUST3283,4,bad,2023-06-30
REV28426,PROD112,CUST1817,2,bad,2024-10-23
REV28427,PROD100,CUST1805,2,good,2023-08-07
REV28428,PROD110,CUST2950,3,good,2025-03-14
REV28429,PROD103,CUST5227,2,bad,2022-11-06
REV28430,PROD105,CUST3328,2,very good,2023-10-30
REV28431,PROD114,CUST1266,3,average,2024-03-12
REV28432,PROD103,CUST2451,4,bad,2025-07-07
REV28433,PROD113,CUST1591,1,very good,2025-05-21
REV28434,PROD101,CUST3079,1,good,2022-09-06
REV28435,PROD103,CUST5172,4,average,2023-09-13
REV28436,PROD106,CUST1272,2,very good,2025-01-09
REV28437,PROD100,CUST3112,2,good,2025-04-01
REV28438,PROD105,CUST3036,2,bad,2025-07-24
REV28439,PROD103,CUST1384,4,very good,2025-05-04
REV28440,PROD114,CUST2791,1,bad,2023-10-12
REV28441,PROD108,CUST2234,2,bad,2024-12-09
REV28442,PROD107,CUST5474,1,very good,2023-09-12
REV28443,PROD108,CUST5064,5,very good,2025-05-27
REV28444,PROD107,CUST3073,1,very good,2025-06-22
REV28445,PROD104,CUST2027,1,average,2023-03-03
REV28446,PROD110,CUST2639,4,good,2023-10-09
REV28447,PROD113,CUST5728,4,bad,2024-08-24
REV28448,PROD113,CUST2702,5,average,2022-11-27
REV28449,PROD114,CUST2279,1,very bad,2023-05-23
REV28450,PROD105,CUST4556,4,average,2023-01-17
REV28451,PROD104,CUST4910,1,average,2024-03-30
REV28452,PROD105,CUST1893,5,good,2023-06-24
REV28453,PROD106,CUST3231,2,very bad,2024-11-26
REV28454,PROD100,CUST1493,5,very bad,2022-12-08
REV28455,PROD106,CUST4460,3,average,2023-02-02
REV28456,PROD107,CUST4479,2,very bad,2023-09-12
REV28457,PROD113,CUST3943,5,good,2024-10-23
REV28458,PROD102,CUST5062,2,average,2025-01-15
REV28459,PROD106,CUST4181,1,average,2025-04-15
REV28460,PROD110,CUST4623,2,very good,2024-03-06
REV28461,PROD109,CUST5392,2,very good,2024-05-03
REV28462,PROD107,CUST1858,1,bad,2023-03-20
REV28463,PROD106,CUST1698,3,bad,2024-07-17
REV28464,PROD103,CUST5820,2,very good,2024-08-05
REV28465,PROD102,CUST1403,4,average,2024-01-08
REV28466,PROD106,CUST1841,5,very good,2025-03-11
REV28467,PROD106,CUST4631,5,bad,2024-11-27
REV28468,PROD113,CUST3704,2,bad,2023-07-19
REV28469,PROD101,CUST5236,4,very good,2025-01-15
REV28470,PROD113,CUST5947,4,very good,2023-02-14
REV28471,PROD114,CUST2924,4,average,2023-03-21
REV28472,PROD103,CUST3663,3,very bad,2022-11-29
REV28473,PROD107,CUST5353,3,average,2024-12-08
REV28474,PROD114,CUST5520,1,bad,2022-11-06
REV28475,PROD110,CUST1735,5,very good,2024-07-15
REV28476,PROD103,CUST4857,1,very bad,2023-09-22
REV28477,PROD107,CUST5986,3,very good,2024-02-21
REV28478,PROD112,CUST2149,5,average,2025-01-02
REV28479,PROD101,CUST3393,2,bad,2024-11-17
REV28480,PROD109,CUST1118,5,good,2022-10-25
REV28481,PROD111,CUST1559,1,very bad,2024-01-10
REV28482,PROD108,CUST2838,4,bad,2024-09-08
REV28483,PROD106,CUST2035,4,good,2024-01-26
REV28484,PROD114,CUST3954,2,average,2025-04-23
REV28485,PROD100,CUST3331,1,bad,2023-12-17
REV28486,PROD102,CUST3944,2,bad,2024-02-10
REV28487,PROD106,CUST5095,5,bad,2024-07-03
REV28488,PROD111,CUST4663,4,good,2022-10-08
REV28489,PROD109,CUST1122,3,very good,2023-12-26
REV28490,PROD104,CUST4766,1,bad,2022-12-31
REV28491,PROD112,CUST2363,2,bad,2025-06-19
REV28492,PROD101,CUST3927,1,good,2025-06-17
REV28493,PROD110,CUST4468,3,good,2024-11-29
REV28494,PROD114,CUST2358,3,bad,2023-08-31
REV28495,PROD114,CUST1023,2,average,2022-12-26
REV28496,PROD101,CUST2125,4,good,2024-08-13
REV28497,PROD110,CUST5458,2,very bad,2022-10-18
REV28498,PROD113,CUST3537,5,average,2024-11-20
REV28499,PROD108,CUST2412,1,average,2023-08-29
REV28500,PROD113,CUST5508,2,good,2025-03-18
REV28501,PROD103,CUST4312,5,very bad,2023-04-18
REV28502,PROD106,CUST3709,4,bad,2023-09-28
REV28503,PROD112,CUST1029,4,average,2025-03-25
REV28504,PROD113,CUST5619,3,bad,2023-04-18
REV28505,PROD113,CUST5983,5,good,2024-05-08
REV28506,PROD110,CUST2558,2,average,2024-05-08
REV28507,PROD111,CUST5723,4,bad,2023-06-22
REV28508,PROD107,CUST3973,1,average,2025-03-20
REV28509,PROD107,CUST2701,4,bad,2024-09-24
REV28510,PROD105,CUST4177,1,very good,2025-01-22
REV28511,PROD104,CUST4342,2,very good,2024-06-24
REV28512,PROD103,CUST5580,4,very good,2023-04-22
REV28513,PROD107,CUST3495,4,average,2024-06-29
REV28514,PROD103,CUST5439,3,bad,2023-10-17
REV28515,PROD103,CUST1909,3,very bad,2025-05-29
REV28516,PROD107,CUST3515,4,average,2025-04-26
REV28517,PROD110,CUST1944,5,good,2022-09-13
REV28518,PROD101,CUST2703,1,very good,2024-05-17
REV28519,PROD109,CUST2033,1,good,2023-07-27
REV28520,PROD101,CUST1097,1,very bad,2025-02-10
REV28521,PROD110,CUST1165,4,good,2025-05-30
REV28522,PROD108,CUST2279,3,very bad,2023-05-22
REV28523,PROD110,CUST5247,3,bad,2024-12-20
REV28524,PROD114,CUST1234,4,average,2022-11-15
REV28525,PROD105,CUST2434,4,good,2024-07-25
REV28526,PROD100,CUST5113,5,very bad,2024-11-11
REV28527,PROD108,CUST1807,3,very bad,2025-02-28
REV28528,PROD113,CUST3549,4,good,2023-03-10
REV28529,PROD100,CUST2698,2,bad,2023-12-28
REV28530,PROD114,CUST2348,5,average,2023-04-04
REV28531,PROD106,CUST5668,1,good,2024-08-15
REV28532,PROD110,CUST4487,5,very good,2023-12-20
REV28533,PROD101,CUST2299,5,very good,2023-05-29
REV28534,PROD108,CUST3789,5,very bad,2025-06-02
REV28535,PROD109,CUST1581,1,good,2024-03-15
REV28536,PROD107,CUST5470,4,average,2025-01-14
REV28537,PROD107,CUST4143,2,very good,2024-06-02
REV28538,PROD106,CUST5286,4,very good,2024-06-04
REV28539,PROD102,CUST4754,2,good,2025-06-06
REV28540,PROD102,CUST2191,5,good,2024-03-26
REV28541,PROD114,CUST4901,2,very bad,2022-12-04
REV28542,PROD104,CUST4634,4,average,2025-01-01
REV28543,PROD110,CUST2253,5,bad,2023-07-24
REV28544,PROD109,CUST3410,2,average,2023-01-11
REV28545,PROD108,CUST2795,2,very bad,2023-06-28
REV28546,PROD105,CUST4850,1,bad,2023-08-11
REV28547,PROD114,CUST5053,4,bad,2025-05-27
REV28548,PROD112,CUST2372,3,very good,2023-12-20
REV28549,PROD108,CUST4571,4,good,2023-11-17
REV28550,PROD101,CUST1580,3,very bad,2024-03-25
REV28551,PROD112,CUST2576,2,very bad,2023-01-01
REV28552,PROD111,CUST5366,3,very bad,2024-06-15
REV28553,PROD112,CUST4774,2,very good,2023-05-03
REV28554,PROD106,CUST5791,4,good,2022-09-28
REV28555,PROD106,CUST2404,1,average,2023-04-27
REV28556,PROD102,CUST4628,4,very good,2022-12-31
REV28557,PROD104,CUST4070,2,average,2024-03-22
REV28558,PROD114,CUST1761,4,very good,2022-10-10
REV28559,PROD108,CUST3349,3,very bad,2024-10-25
REV28560,PROD112,CUST3616,1,average,2023-04-15
REV28561,PROD103,CUST2944,5,very bad,2022-12-20
REV28562,PROD108,CUST5446,1,average,2024-02-06
REV28563,PROD103,CUST3277,4,very bad,2023-10-28
REV28564,PROD112,CUST1464,5,very good,2023-07-08
REV28565,PROD109,CUST2860,2,bad,2023-04-15
REV28566,PROD109,CUST2551,5,good,2023-06-08
REV28567,PROD109,CUST2533,3,average,2023-08-03
REV28568,PROD107,CUST5707,1,bad,2023-03-26
REV28569,PROD106,CUST3511,4,very good,2024-04-23
REV28570,PROD112,CUST5250,4,bad,2022-12-28
REV28571,PROD111,CUST5689,1,very bad,2024-08-15
REV28572,PROD111,CUST5249,2,good,2023-12-28
REV28573,PROD105,CUST4803,2,bad,2025-02-07
REV28574,PROD108,CUST2547,3,very bad,2024-02-06
REV28575,PROD112,CUST4387,3,bad,2024-03-31
REV28576,PROD107,CUST5392,5,very good,2024-02-14
REV28577,PROD110,CUST4870,1,good,2022-09-04
REV28578,PROD107,CUST3786,2,good,2023-03-11
REV28579,PROD100,CUST2782,3,very bad,2024-04-25
REV28580,PROD113,CUST5935,2,good,2024-12-23
REV28581,PROD102,CUST3917,1,bad,2022-11-10
REV28582,PROD114,CUST5708,1,very bad,2022-08-30
REV28583,PROD101,CUST3708,3,average,2025-04-25
REV28584,PROD114,CUST2602,3,very bad,2025-02-14
REV28585,PROD102,CUST5054,4,average,2023-06-01
REV28586,PROD105,CUST4425,4,bad,2024-09-09
REV28587,PROD111,CUST1660,2,good,2023-04-22
REV28588,PROD103,CUST5763,4,average,2025-01-13
REV28589,PROD114,CUST4211,4,bad,2023-04-18
REV28590,PROD112,CUST3430,3,very good,2023-08-31
REV28591,PROD103,CUST3560,4,average,2025-03-24
REV28592,PROD102,CUST1663,2,bad,2025-02-25
REV28593,PROD101,CUST4919,1,good,2023-12-12
REV28594,PROD112,CUST1685,4,bad,2023-10-20
REV28595,PROD111,CUST2484,2,bad,2023-12-17
REV28596,PROD108,CUST4288,2,very bad,2023-08-14
REV28597,PROD103,CUST5714,4,bad,2024-03-24
REV28598,PROD101,CUST3967,5,bad,2023-12-18
REV28599,PROD100,CUST2487,4,bad,2024-03-28
REV28600,PROD112,CUST3303,4,very bad,2022-09-02
REV28601,PROD113,CUST4550,5,average,2023-04-29
REV28602,PROD110,CUST5545,1,average,2022-12-06
REV28603,PROD102,CUST2850,4,good,2022-12-17
REV28604,PROD112,CUST2667,4,very good,2022-12-14
REV28605,PROD104,CUST2460,1,good,2025-03-04
REV28606,PROD105,CUST2166,1,average,2023-02-01
REV28607,PROD110,CUST3144,4,average,2025-01-12
REV28608,PROD106,CUST4581,5,bad,2024-05-14
REV28609,PROD106,CUST2017,4,bad,2024-07-08
REV28610,PROD102,CUST2369,4,average,2025-03-31
REV28611,PROD107,CUST5138,4,bad,2022-09-20
REV28612,PROD101,CUST3756,5,average,2024-07-19
REV28613,PROD101,CUST4290,1,very good,2025-06-21
REV28614,PROD107,CUST1762,1,good,2023-12-29
REV28615,PROD107,CUST4120,5,very bad,2024-01-28
REV28616,PROD102,CUST1659,1,good,2023-03-07
REV28617,PROD110,CUST3064,3,very bad,2023-02-20
REV28618,PROD111,CUST5983,5,very good,2024-01-29
REV28619,PROD100,CUST5669,3,good,2022-11-26
REV28620,PROD111,CUST2811,2,good,2024-12-18
REV28621,PROD110,CUST1856,2,bad,2024-01-04
REV28622,PROD106,CUST4393,3,very good,2024-09-20
REV28623,PROD107,CUST4337,4,average,2024-04-03
REV28624,PROD109,CUST1959,2,average,2025-05-05
REV28625,PROD102,CUST2379,4,very good,2025-07-12
REV28626,PROD111,CUST1963,4,bad,2023-11-17
REV28627,PROD102,CUST2057,2,average,2024-09-07
REV28628,PROD110,CUST4622,3,average,2025-08-20
REV28629,PROD103,CUST3676,5,average,2023-06-10
REV28630,PROD110,CUST4235,5,good,2023-12-29
REV28631,PROD111,CUST5876,4,bad,2023-06-08
REV28632,PROD106,CUST1340,1,very good,2022-08-26
REV28633,PROD102,CUST3803,2,good,2025-01-30
REV28634,PROD107,CUST1026,5,very bad,2025-08-02
REV28635,PROD110,CUST1977,5,very good,2023-09-23
REV28636,PROD104,CUST1924,4,very bad,2023-02-07
REV28637,PROD109,CUST5815,4,bad,2023-12-06
REV28638,PROD102,CUST1268,4,good,2024-11-09
REV28639,PROD103,CUST5264,3,very bad,2025-07-28
REV28640,PROD101,CUST5265,1,average,2023-11-22
REV28641,PROD102,CUST3548,2,bad,2022-08-29
REV28642,PROD107,CUST3489,5,good,2024-01-10
REV28643,PROD112,CUST5479,1,good,2024-12-07
REV28644,PROD107,CUST5540,4,bad,2022-09-19
REV28645,PROD104,CUST4318,2,good,2024-09-24
REV28646,PROD113,CUST5755,3,very bad,2024-04-03
REV28647,PROD101,CUST1117,5,bad,2023-01-30
REV28648,PROD102,CUST2248,3,very good,2025-02-14
REV28649,PROD101,CUST2251,3,bad,2023-02-04
REV28650,PROD113,CUST5652,5,bad,2023-10-19
REV28651,PROD113,CUST2514,3,average,2023-12-20
REV28652,PROD105,CUST1493,2,average,2025-06-09
REV28653,PROD108,CUST3679,4,bad,2022-10-13
REV28654,PROD106,CUST2287,4,very bad,2024-04-22
REV28655,PROD109,CUST2511,5,very bad,2024-09-27
REV28656,PROD107,CUST3306,5,very bad,2023-02-25
REV28657,PROD113,CUST3024,2,bad,2023-08-31
REV28658,PROD103,CUST3825,1,very bad,2024-10-18
REV28659,PROD109,CUST1257,2,average,2023-06-25
REV28660,PROD105,CUST2396,1,average,2025-01-08
REV28661,PROD112,CUST5665,5,good,2024-03-04
REV28662,PROD107,CUST5311,1,very bad,2022-10-18
REV28663,PROD112,CUST1757,3,very good,2023-07-18
REV28664,PROD100,CUST4418,2,good,2025-03-12
REV28665,PROD101,CUST5263,3,good,2024-03-16
REV28666,PROD106,CUST2427,5,average,2023-09-02
REV28667,PROD109,CUST2906,1,very good,2023-12-03
REV28668,PROD112,CUST3694,5,good,2023-12-15
REV28669,PROD107,CUST2046,4,very good,2023-05-12
REV28670,PROD101,CUST5268,2,bad,2024-07-17
REV28671,PROD113,CUST2257,4,good,2023-07-26
REV28672,PROD110,CUST5345,2,bad,2023-08-11
REV28673,PROD114,CUST1961,3,very bad,2025-01-28
REV28674,PROD107,CUST1207,2,very good,2023-07-11
REV28675,PROD104,CUST3983,2,very good,2022-12-03
REV28676,PROD109,CUST5533,2,average,2025-01-28
REV28677,PROD103,CUST3126,2,very good,2025-01-28
REV28678,PROD110,CUST4617,2,good,2023-07-19
REV28679,PROD107,CUST2978,1,very good,2024-04-30
REV28680,PROD106,CUST3406,4,bad,2023-05-07
REV28681,PROD114,CUST4206,5,very good,2024-05-19
REV28682,PROD101,CUST2261,5,bad,2023-09-06
REV28683,PROD106,CUST4562,3,good,2024-04-19
REV28684,PROD107,CUST4730,1,very bad,2025-06-26
REV28685,PROD103,CUST4652,2,good,2025-04-19
REV28686,PROD110,CUST5133,3,good,2022-09-20
REV28687,PROD106,CUST3670,2,very bad,2023-10-08
REV28688,PROD114,CUST4294,5,average,2023-07-21
REV28689,PROD102,CUST3641,3,bad,2025-04-12
REV28690,PROD112,CUST4558,2,very good,2023-09-25
REV28691,PROD107,CUST2152,4,average,2023-02-24
REV28692,PROD108,CUST3476,4,average,2022-09-19
REV28693,PROD108,CUST2004,2,bad,2023-04-28
REV28694,PROD105,CUST2099,1,good,2024-02-23
REV28695,PROD103,CUST3448,2,very bad,2023-12-25
REV28696,PROD104,CUST5228,2,average,2024-04-24
REV28697,PROD107,CUST5124,1,very bad,2023-05-03
REV28698,PROD112,CUST5186,3,very bad,2024-12-18
REV28699,PROD100,CUST5967,5,very good,2024-04-16
REV28700,PROD114,CUST2884,2,average,2024-08-12
REV28701,PROD103,CUST5561,5,very good,2025-01-05
REV28702,PROD105,CUST4432,1,bad,2025-02-08
REV28703,PROD105,CUST4821,4,good,2024-10-29
REV28704,PROD111,CUST1675,2,very good,2023-06-21
REV28705,PROD109,CUST3423,1,average,2025-07-10
REV28706,PROD104,CUST1385,2,very bad,2025-08-03
REV28707,PROD100,CUST4548,4,average,2025-07-11
REV28708,PROD106,CUST5504,3,very bad,2025-05-14
REV28709,PROD105,CUST4260,3,good,2022-09-29
REV28710,PROD104,CUST1814,4,very bad,2025-07-05
REV28711,PROD102,CUST4829,4,average,2025-05-08
REV28712,PROD108,CUST4485,4,good,2022-11-09
REV28713,PROD109,CUST1578,5,good,2024-07-02
REV28714,PROD106,CUST3308,3,very good,2024-09-18
REV28715,PROD101,CUST5588,3,bad,2023-07-27
REV28716,PROD105,CUST5712,5,bad,2025-08-11
REV28717,PROD107,CUST5872,5,very good,2024-06-24
REV28718,PROD113,CUST2003,5,bad,2025-08-02
REV28719,PROD104,CUST1507,3,very good,2025-06-30
REV28720,PROD103,CUST2607,2,very good,2024-02-11
REV28721,PROD106,CUST5928,1,average,2022-11-08
REV28722,PROD112,CUST3945,3,average,2023-05-25
REV28723,PROD110,CUST1308,4,very bad,2022-09-26
REV28724,PROD110,CUST1450,2,very bad,2025-04-23
REV28725,PROD104,CUST5848,1,average,2023-02-14
REV28726,PROD102,CUST1448,5,bad,2025-05-09
REV28727,PROD106,CUST3660,3,very bad,2024-01-18
REV28728,PROD104,CUST2963,1,very good,2023-03-07
REV28729,PROD109,CUST4262,3,good,2022-08-28
REV28730,PROD105,CUST2204,2,very good,2025-04-22
REV28731,PROD107,CUST3601,1,bad,2025-01-26
REV28732,PROD110,CUST3341,1,very bad,2023-02-18
REV28733,PROD107,CUST1485,5,very good,2024-10-11
REV28734,PROD109,CUST2528,2,bad,2023-11-12
REV28735,PROD110,CUST2782,5,bad,2025-02-22
REV28736,PROD110,CUST2768,4,bad,2022-08-30
REV28737,PROD102,CUST5384,2,average,2023-07-06
REV28738,PROD113,CUST5482,3,very bad,2024-07-07
REV28739,PROD102,CUST1541,2,very bad,2024-12-09
REV28740,PROD102,CUST4672,4,average,2025-03-16
REV28741,PROD105,CUST5034,2,very bad,2023-05-19
REV28742,PROD103,CUST3944,2,bad,2023-03-23
REV28743,PROD102,CUST3188,5,very good,2023-03-29
REV28744,PROD112,CUST2502,2,average,2023-04-30
REV28745,PROD106,CUST3279,5,bad,2023-03-08
REV28746,PROD104,CUST3611,2,very good,2023-08-12
REV28747,PROD108,CUST1045,5,average,2025-06-04
REV28748,PROD110,CUST3798,3,average,2023-03-26
REV28749,PROD106,CUST2193,3,very good,2025-03-09
REV28750,PROD104,CUST1536,4,average,2023-08-04
REV28751,PROD104,CUST1975,5,average,2025-02-18
REV28752,PROD114,CUST2996,1,bad,2022-10-13
REV28753,PROD113,CUST5699,4,average,2025-07-25
REV28754,PROD110,CUST5886,3,good,2024-08-01
REV28755,PROD106,CUST2017,4,average,2023-04-01
REV28756,PROD113,CUST5173,3,good,2025-06-06
REV28757,PROD104,CUST5551,5,very bad,2023-08-11
REV28758,PROD100,CUST2316,3,good,2025-06-05
REV28759,PROD109,CUST3164,5,bad,2023-07-23
REV28760,PROD111,CUST4722,2,very bad,2023-08-01
REV28761,PROD102,CUST2041,2,good,2023-01-17
REV28762,PROD107,CUST2614,1,bad,2023-01-03
REV28763,PROD114,CUST2394,4,very bad,2022-10-30
REV28764,PROD105,CUST2927,5,very bad,2023-10-30
REV28765,PROD112,CUST5759,5,bad,2024-04-30
REV28766,PROD110,CUST1841,1,good,2023-03-12
REV28767,PROD112,CUST4431,5,very bad,2023-12-31
REV28768,PROD101,CUST2521,1,average,2024-11-26
REV28769,PROD111,CUST4595,3,very bad,2023-10-22
REV28770,PROD107,CUST3857,3,good,2024-04-29
REV28771,PROD102,CUST4599,5,average,2025-08-12
REV28772,PROD103,CUST1240,4,good,2024-01-02
REV28773,PROD111,CUST1238,5,very bad,2023-05-13
REV28774,PROD114,CUST4944,2,good,2023-11-25
REV28775,PROD101,CUST3490,4,very bad,2024-05-22
REV28776,PROD103,CUST1844,3,very bad,2023-12-21
REV28777,PROD108,CUST1908,3,good,2023-10-18
REV28778,PROD103,CUST2937,3,very bad,2022-09-14
REV28779,PROD100,CUST1916,3,very good,2023-03-01
REV28780,PROD107,CUST4212,1,very bad,2024-08-19
REV28781,PROD113,CUST5961,3,very bad,2023-09-12
REV28782,PROD111,CUST3567,4,very bad,2025-02-15
REV28783,PROD100,CUST3753,2,average,2025-06-22
REV28784,PROD104,CUST1224,5,bad,2022-09-18
REV28785,PROD103,CUST3923,3,very good,2023-04-02
REV28786,PROD109,CUST4337,3,very bad,2024-12-13
REV28787,PROD110,CUST2805,1,bad,2024-05-14
REV28788,PROD113,CUST4522,4,bad,2023-05-16
REV28789,PROD109,CUST4871,1,good,2023-12-16
REV28790,PROD113,CUST1491,4,average,2025-01-21
REV28791,PROD108,CUST1013,1,good,2023-08-23
REV28792,PROD111,CUST5113,4,bad,2023-07-29
REV28793,PROD102,CUST1550,2,bad,2025-02-05
REV28794,PROD108,CUST4335,3,good,2024-05-04
REV28795,PROD101,CUST5311,5,bad,2023-04-20
REV28796,PROD101,CUST4149,4,good,2025-05-02
REV28797,PROD105,CUST5535,3,average,2023-10-18
REV28798,PROD113,CUST1866,5,average,2024-09-20
REV28799,PROD100,CUST1185,1,good,2024-01-16
REV28800,PROD111,CUST1128,4,good,2023-11-30
REV28801,PROD102,CUST1826,1,very good,2025-01-16
REV28802,PROD106,CUST2204,4,very good,2024-01-05
REV28803,PROD103,CUST1280,3,very good,2025-03-24
REV28804,PROD101,CUST4577,4,bad,2025-04-14
REV28805,PROD110,CUST1194,5,very bad,2022-09-09
REV28806,PROD110,CUST4389,1,bad,2023-12-14
REV28807,PROD100,CUST1418,5,very good,2022-09-10
REV28808,PROD109,CUST4816,3,very good,2023-07-15
REV28809,PROD109,CUST4757,3,very bad,2022-12-04
REV28810,PROD101,CUST5099,4,very good,2025-04-20
REV28811,PROD105,CUST1640,3,very bad,2025-01-22
REV28812,PROD102,CUST2351,3,average,2024-02-13
REV28813,PROD106,CUST2849,4,bad,2023-04-10
REV28814,PROD101,CUST4390,4,good,2023-05-19
REV28815,PROD108,CUST5946,5,very bad,2024-01-01
REV28816,PROD106,CUST2233,1,very bad,2023-07-25
REV28817,PROD111,CUST4343,2,very good,2023-09-15
REV28818,PROD101,CUST5616,1,good,2025-07-05
REV28819,PROD108,CUST5570,2,average,2024-02-28
REV28820,PROD107,CUST3969,4,bad,2024-07-04
REV28821,PROD111,CUST5779,5,average,2023-04-09
REV28822,PROD111,CUST5029,1,very bad,2023-09-25
REV28823,PROD100,CUST4871,5,good,2023-05-24
REV28824,PROD109,CUST4864,3,very good,2025-04-14
REV28825,PROD114,CUST4532,2,very good,2023-12-13
REV28826,PROD112,CUST5396,3,bad,2023-09-01
REV28827,PROD103,CUST2292,3,very good,2024-05-23
REV28828,PROD101,CUST5014,4,good,2025-04-21
REV28829,PROD105,CUST2380,4,good,2023-07-27
REV28830,PROD114,CUST1934,5,good,2022-09-08
REV28831,PROD100,CUST5769,2,good,2025-02-03
REV28832,PROD104,CUST4950,5,bad,2022-11-25
REV28833,PROD100,CUST3955,5,very good,2022-08-31
REV28834,PROD109,CUST1247,4,average,2024-08-21
REV28835,PROD104,CUST2298,1,good,2025-06-19
REV28836,PROD100,CUST2207,2,very bad,2022-12-24
REV28837,PROD110,CUST1642,3,very bad,2023-01-08
REV28838,PROD112,CUST5046,5,bad,2024-05-26
REV28839,PROD114,CUST1282,3,bad,2025-01-16
REV28840,PROD100,CUST3280,3,very good,2025-01-03
REV28841,PROD113,CUST4486,1,good,2024-05-26
REV28842,PROD106,CUST2033,5,very good,2025-07-08
REV28843,PROD113,CUST4207,1,average,2024-11-04
REV28844,PROD108,CUST5203,5,very bad,2023-06-05
REV28845,PROD109,CUST5281,4,very bad,2023-03-26
REV28846,PROD109,CUST4061,4,average,2023-05-23
REV28847,PROD108,CUST3737,1,good,2025-04-22
REV28848,PROD105,CUST4451,3,good,2025-05-25
REV28849,PROD111,CUST5230,3,very bad,2024-03-22
REV28850,PROD108,CUST4908,1,good,2022-09-30
REV28851,PROD110,CUST4687,5,very good,2023-11-01
REV28852,PROD108,CUST1033,3,average,2023-06-15
REV28853,PROD102,CUST1438,5,very bad,2023-08-08
REV28854,PROD106,CUST4192,3,bad,2025-05-26
REV28855,PROD114,CUST3211,5,very good,2022-09-11
REV28856,PROD113,CUST5694,3,good,2024-12-20
REV28857,PROD103,CUST1397,5,bad,2024-05-31
REV28858,PROD109,CUST3155,3,good,2025-01-09
REV28859,PROD110,CUST1938,5,average,2025-06-08
REV28860,PROD100,CUST1991,5,very good,2022-08-26
REV28861,PROD112,CUST5708,1,very bad,2025-03-09
REV28862,PROD107,CUST5761,2,very bad,2023-04-27
REV28863,PROD104,CUST2560,2,bad,2023-02-20
REV28864,PROD101,CUST5672,5,very good,2024-01-05
REV28865,PROD100,CUST4653,1,very good,2024-10-18
REV28866,PROD105,CUST4433,3,very bad,2024-07-21
REV28867,PROD108,CUST5715,2,good,2024-06-14
REV28868,PROD101,CUST3345,5,very bad,2024-02-13
REV28869,PROD112,CUST1967,2,very bad,2025-05-08
REV28870,PROD101,CUST2558,2,very good,2023-01-08
REV28871,PROD103,CUST4395,2,bad,2023-03-20
REV28872,PROD114,CUST4163,2,good,2023-09-11
REV28873,PROD100,CUST5053,5,average,2024-06-16
REV28874,PROD109,CUST1934,1,bad,2022-08-28
REV28875,PROD105,CUST4349,3,very bad,2022-11-05
REV28876,PROD112,CUST4031,4,bad,2025-07-02
REV28877,PROD114,CUST2106,1,very good,2024-01-16
REV28878,PROD106,CUST3150,2,very good,2022-11-18
REV28879,PROD101,CUST4709,2,bad,2025-02-03
REV28880,PROD102,CUST5294,2,good,2023-11-17
REV28881,PROD112,CUST1905,5,very bad,2023-08-01
REV28882,PROD107,CUST2417,1,very good,2024-08-31
REV28883,PROD102,CUST4251,3,average,2025-03-25
REV28884,PROD112,CUST1064,5,good,2022-12-10
REV28885,PROD105,CUST4047,2,very bad,2023-05-05
REV28886,PROD101,CUST4807,4,average,2024-08-26
REV28887,PROD109,CUST4084,3,good,2023-06-19
REV28888,PROD106,CUST3056,3,good,2024-05-17
REV28889,PROD101,CUST3269,3,good,2023-02-03
REV28890,PROD101,CUST3885,1,very good,2023-10-05
REV28891,PROD112,CUST1269,5,good,2023-06-18
REV28892,PROD102,CUST4042,4,average,2022-11-10
REV28893,PROD114,CUST3910,5,very good,2025-04-25
REV28894,PROD101,CUST4751,2,average,2024-01-12
REV28895,PROD113,CUST5347,4,very good,2023-10-16
REV28896,PROD105,CUST5383,1,bad,2023-09-25
REV28897,PROD103,CUST2518,1,bad,2024-08-07
REV28898,PROD106,CUST4785,3,average,2024-02-18
REV28899,PROD108,CUST5544,4,average,2024-03-27
REV28900,PROD100,CUST2863,3,very bad,2023-03-05
REV28901,PROD104,CUST2400,2,bad,2024-07-09
REV28902,PROD107,CUST1566,3,good,2024-09-09
REV28903,PROD102,CUST1526,3,average,2023-12-02
REV28904,PROD112,CUST2643,1,bad,2024-01-21
REV28905,PROD106,CUST5095,5,average,2022-09-29
REV28906,PROD105,CUST4743,2,bad,2024-01-17
REV28907,PROD109,CUST3743,2,bad,2025-01-18
REV28908,PROD100,CUST2857,4,average,2023-01-04
REV28909,PROD100,CUST5551,1,very good,2024-11-20
REV28910,PROD104,CUST2644,3,average,2024-08-14
REV28911,PROD103,CUST2485,4,bad,2023-04-07
REV28912,PROD102,CUST3532,5,average,2025-06-04
REV28913,PROD113,CUST2490,2,very bad,2024-07-22
REV28914,PROD100,CUST5786,3,very good,2025-08-03
REV28915,PROD111,CUST2112,1,average,2024-05-12
REV28916,PROD102,CUST5173,4,bad,2022-10-18
REV28917,PROD113,CUST5099,3,very bad,2022-08-30
REV28918,PROD108,CUST4804,1,average,2024-09-23
REV28919,PROD109,CUST2926,3,average,2023-05-28
REV28920,PROD111,CUST4124,4,very good,2024-06-09
REV28921,PROD109,CUST1317,5,very bad,2023-06-23
REV28922,PROD108,CUST3551,2,bad,2025-06-28
REV28923,PROD104,CUST4907,4,very bad,2024-03-16
REV28924,PROD111,CUST1694,2,very bad,2023-08-19
REV28925,PROD112,CUST4324,3,very good,2023-01-03
REV28926,PROD108,CUST5989,1,average,2024-10-07
REV28927,PROD106,CUST2831,2,very good,2024-01-18
REV28928,PROD114,CUST5222,5,bad,2024-06-02
REV28929,PROD104,CUST4530,1,average,2023-08-12
REV28930,PROD107,CUST1941,2,very good,2025-02-18
REV28931,PROD105,CUST4053,3,bad,2025-06-18
REV28932,PROD106,CUST3412,1,good,2025-04-02
REV28933,PROD114,CUST1968,2,average,2023-10-29
REV28934,PROD105,CUST4971,2,bad,2024-08-13
REV28935,PROD114,CUST1402,4,bad,2023-12-05
REV28936,PROD114,CUST2085,5,good,2024-06-15
REV28937,PROD111,CUST1208,1,good,2023-02-25
REV28938,PROD104,CUST1812,5,very good,2024-10-06
REV28939,PROD102,CUST4276,4,very bad,2024-06-13
REV28940,PROD108,CUST3856,4,average,2024-04-23
REV28941,PROD107,CUST5786,5,bad,2025-01-25
REV28942,PROD111,CUST1792,3,bad,2023-05-13
REV28943,PROD112,CUST1554,4,average,2024-12-12
REV28944,PROD109,CUST1937,3,very bad,2022-10-07
REV28945,PROD103,CUST3514,5,very good,2025-07-13
REV28946,PROD109,CUST2232,1,average,2023-06-16
REV28947,PROD113,CUST4368,4,average,2023-07-31
REV28948,PROD111,CUST4236,4,very bad,2023-02-28
REV28949,PROD102,CUST4184,1,bad,2025-03-28
REV28950,PROD107,CUST1233,1,very good,2024-09-15
REV28951,PROD113,CUST3845,1,very good,2024-04-07
REV28952,PROD100,CUST4575,1,good,2024-10-25
REV28953,PROD111,CUST5817,2,bad,2022-09-11
REV28954,PROD102,CUST3099,1,bad,2022-12-26
REV28955,PROD110,CUST3334,4,very good,2023-07-12
REV28956,PROD109,CUST1089,4,very good,2022-11-07
REV28957,PROD112,CUST1848,5,bad,2023-11-15
REV28958,PROD100,CUST5124,4,average,2023-10-24
REV28959,PROD109,CUST2696,2,good,2022-10-29
REV28960,PROD110,CUST4072,4,very bad,2024-07-07
REV28961,PROD106,CUST4241,1,very good,2024-12-04
REV28962,PROD113,CUST5817,3,very bad,2024-09-01
REV28963,PROD111,CUST2413,2,average,2023-03-17
REV28964,PROD110,CUST3726,3,very bad,2023-08-15
REV28965,PROD112,CUST4730,3,good,2024-04-12
REV28966,PROD101,CUST2062,5,bad,2024-10-20
REV28967,PROD108,CUST3781,5,bad,2023-11-25
REV28968,PROD106,CUST4931,3,average,2022-11-12
REV28969,PROD105,CUST4710,2,very bad,2025-04-19
REV28970,PROD100,CUST4427,5,very bad,2022-10-20
REV28971,PROD104,CUST4422,2,good,2022-12-05
REV28972,PROD112,CUST4976,3,average,2023-01-02
REV28973,PROD112,CUST4388,5,very bad,2023-07-29
REV28974,PROD108,CUST5038,1,average,2025-01-22
REV28975,PROD105,CUST4879,5,average,2025-03-14
REV28976,PROD101,CUST2692,3,good,2022-12-26
REV28977,PROD108,CUST4768,2,very good,2024-11-26
REV28978,PROD106,CUST5507,1,bad,2025-04-19
REV28979,PROD105,CUST3094,2,very bad,2024-01-13
REV28980,PROD114,CUST2562,3,bad,2023-04-16
REV28981,PROD104,CUST3339,3,good,2023-10-27
REV28982,PROD114,CUST3226,3,good,2023-05-09
REV28983,PROD108,CUST5046,2,average,2024-12-14
REV28984,PROD111,CUST4926,1,very good,2022-09-17
REV28985,PROD103,CUST2526,3,very good,2024-01-29
REV28986,PROD102,CUST1506,3,good,2024-09-09
REV28987,PROD110,CUST5599,5,very bad,2024-12-09
REV28988,PROD104,CUST2118,4,average,2023-10-26
REV28989,PROD112,CUST1952,3,good,2022-12-19
REV28990,PROD109,CUST1763,1,average,2024-01-03
REV28991,PROD102,CUST2445,4,bad,2025-01-02
REV28992,PROD100,CUST2542,3,very good,2025-07-08
REV28993,PROD101,CUST4526,4,average,2023-06-08
REV28994,PROD104,CUST3154,3,very good,2024-06-09
REV28995,PROD109,CUST1070,3,average,2022-08-28
REV28996,PROD102,CUST1587,2,average,2023-02-12
REV28997,PROD114,CUST1114,3,good,2025-06-03
REV28998,PROD111,CUST1257,2,very good,2024-11-04
REV28999,PROD114,CUST4848,3,very bad,2024-11-24
REV29000,PROD105,CUST5297,3,good,2023-05-04
REV29001,PROD111,CUST5624,1,very bad,2024-03-05
REV29002,PROD100,CUST2489,1,average,2023-10-30
REV29003,PROD107,CUST3729,1,very good,2025-07-27
REV29004,PROD109,CUST5745,5,bad,2023-08-10
REV29005,PROD111,CUST5013,4,bad,2024-08-23
REV29006,PROD110,CUST2660,3,average,2023-04-19
REV29007,PROD105,CUST5336,2,very bad,2024-11-03
REV29008,PROD112,CUST5898,4,very bad,2022-10-13
REV29009,PROD109,CUST1773,4,bad,2025-02-14
REV29010,PROD106,CUST2517,2,very bad,2022-11-28
REV29011,PROD101,CUST3862,4,very good,2022-08-25
REV29012,PROD107,CUST4957,2,good,2025-07-10
REV29013,PROD109,CUST3091,3,good,2022-11-19
REV29014,PROD105,CUST5745,3,very good,2023-09-10
REV29015,PROD103,CUST1234,1,very good,2022-12-13
REV29016,PROD112,CUST1510,1,very good,2022-09-04
REV29017,PROD114,CUST4204,1,average,2024-04-26
REV29018,PROD106,CUST3501,1,good,2023-08-14
REV29019,PROD111,CUST3705,3,good,2022-10-03
REV29020,PROD107,CUST3530,5,good,2023-09-12
REV29021,PROD102,CUST3146,3,average,2022-09-09
REV29022,PROD102,CUST2319,4,good,2025-07-10
REV29023,PROD107,CUST2613,1,average,2023-10-23
REV29024,PROD100,CUST5595,1,very bad,2023-11-03
REV29025,PROD107,CUST2399,5,very bad,2024-04-30
REV29026,PROD110,CUST1891,3,very bad,2025-04-04
REV29027,PROD112,CUST4299,2,very good,2024-12-09
REV29028,PROD107,CUST5859,5,good,2025-01-22
REV29029,PROD114,CUST1964,1,bad,2024-04-29
REV29030,PROD100,CUST1510,3,very bad,2022-12-22
REV29031,PROD105,CUST4892,1,bad,2025-07-20
REV29032,PROD111,CUST1473,3,average,2023-07-09
REV29033,PROD108,CUST4993,2,very bad,2024-02-14
REV29034,PROD110,CUST5837,2,bad,2022-12-02
REV29035,PROD100,CUST3742,3,bad,2024-06-02
REV29036,PROD114,CUST1055,4,bad,2023-02-25
REV29037,PROD114,CUST2773,1,very bad,2023-01-19
REV29038,PROD113,CUST2970,1,very bad,2025-08-10
REV29039,PROD112,CUST2897,3,very good,2025-05-08
REV29040,PROD104,CUST5190,3,very bad,2022-11-15
REV29041,PROD109,CUST1031,1,very good,2024-11-19
REV29042,PROD114,CUST3321,5,average,2023-03-24
REV29043,PROD110,CUST5983,1,bad,2024-05-28
REV29044,PROD107,CUST4214,2,very good,2024-12-07
REV29045,PROD107,CUST3079,5,very good,2022-11-06
REV29046,PROD113,CUST2285,3,very bad,2024-01-31
REV29047,PROD100,CUST5681,5,average,2025-06-07
REV29048,PROD105,CUST3981,2,very bad,2023-11-11
REV29049,PROD106,CUST3167,2,very bad,2024-03-26
REV29050,PROD112,CUST3361,4,bad,2024-11-28
REV29051,PROD109,CUST1190,3,bad,2024-09-07
REV29052,PROD101,CUST3655,5,good,2023-10-26
REV29053,PROD101,CUST2817,5,very good,2025-06-30
REV29054,PROD100,CUST3556,3,average,2025-05-20
REV29055,PROD111,CUST1173,5,good,2022-10-11
REV29056,PROD107,CUST3168,1,average,2024-12-28
REV29057,PROD110,CUST1140,3,bad,2024-04-07
REV29058,PROD102,CUST5303,3,very bad,2025-03-18
REV29059,PROD114,CUST4904,3,very good,2025-06-24
REV29060,PROD104,CUST5941,2,good,2025-01-30
REV29061,PROD102,CUST3007,5,average,2023-12-18
REV29062,PROD114,CUST5071,2,very good,2025-01-31
REV29063,PROD105,CUST2615,5,very good,2024-10-10
REV29064,PROD114,CUST4892,4,very bad,2024-07-31
REV29065,PROD108,CUST5423,2,very good,2024-08-15
REV29066,PROD105,CUST4096,3,good,2024-10-31
REV29067,PROD111,CUST1281,3,bad,2024-01-16
REV29068,PROD112,CUST2940,4,average,2024-08-09
REV29069,PROD107,CUST4649,1,bad,2024-08-02
REV29070,PROD107,CUST5206,4,bad,2023-11-17
REV29071,PROD105,CUST1715,2,very good,2023-07-10
REV29072,PROD110,CUST2121,3,average,2023-01-13
REV29073,PROD113,CUST5388,5,bad,2023-11-23
REV29074,PROD111,CUST4359,1,very good,2024-03-13
REV29075,PROD105,CUST3435,3,good,2023-12-11
REV29076,PROD103,CUST2618,5,very bad,2023-06-19
REV29077,PROD105,CUST1073,3,very bad,2024-01-25
REV29078,PROD103,CUST1568,2,very bad,2024-08-18
REV29079,PROD109,CUST2973,5,very bad,2025-08-15
REV29080,PROD114,CUST3233,4,very bad,2025-01-20
REV29081,PROD103,CUST2584,1,bad,2025-04-07
REV29082,PROD109,CUST4779,5,very bad,2024-09-13
REV29083,PROD113,CUST5333,5,average,2022-11-04
REV29084,PROD104,CUST5726,2,bad,2024-12-30
REV29085,PROD111,CUST1766,2,very good,2023-10-16
REV29086,PROD113,CUST3418,5,very good,2025-06-30
REV29087,PROD103,CUST2392,3,bad,2024-03-03
REV29088,PROD105,CUST4107,2,bad,2024-04-29
REV29089,PROD101,CUST4958,5,average,2023-04-17
REV29090,PROD107,CUST1073,5,bad,2023-08-08
REV29091,PROD105,CUST1663,4,bad,2024-01-27
REV29092,PROD104,CUST3177,5,good,2023-08-25
REV29093,PROD101,CUST2268,5,average,2024-04-17
REV29094,PROD105,CUST1155,3,very bad,2022-10-19
REV29095,PROD110,CUST1808,3,bad,2022-11-06
REV29096,PROD112,CUST5098,1,very good,2023-02-03
REV29097,PROD106,CUST3097,3,very good,2023-01-13
REV29098,PROD102,CUST4737,3,good,2023-07-23
REV29099,PROD113,CUST1134,2,good,2024-08-27
REV29100,PROD111,CUST3698,5,average,2025-02-27
REV29101,PROD113,CUST1976,5,very good,2022-10-06
REV29102,PROD114,CUST3719,4,bad,2023-09-19
REV29103,PROD103,CUST2736,5,average,2025-04-30
REV29104,PROD107,CUST2007,1,very good,2024-11-25
REV29105,PROD111,CUST4951,2,bad,2022-11-03
REV29106,PROD113,CUST4446,3,bad,2024-10-17
REV29107,PROD113,CUST2508,5,good,2023-11-25
REV29108,PROD107,CUST1339,4,very bad,2023-08-23
REV29109,PROD112,CUST4396,4,very bad,2024-08-02
REV29110,PROD110,CUST2989,3,very good,2025-01-20
REV29111,PROD100,CUST3238,3,average,2024-06-19
REV29112,PROD109,CUST5735,1,average,2023-11-18
REV29113,PROD102,CUST2634,1,good,2024-07-07
REV29114,PROD101,CUST5838,5,good,2025-05-25
REV29115,PROD104,CUST2579,3,very good,2024-05-03
REV29116,PROD108,CUST2265,1,average,2023-12-19
REV29117,PROD111,CUST5464,4,average,2024-07-31
REV29118,PROD107,CUST2957,2,very bad,2025-03-13
REV29119,PROD107,CUST4266,1,average,2024-08-31
REV29120,PROD101,CUST5943,3,very bad,2023-03-24
REV29121,PROD105,CUST3507,4,very good,2025-01-02
REV29122,PROD114,CUST4342,2,good,2023-02-11
REV29123,PROD112,CUST2832,2,very bad,2024-03-13
REV29124,PROD109,CUST4627,3,bad,2025-02-11
REV29125,PROD105,CUST4272,4,very bad,2024-05-21
REV29126,PROD109,CUST1794,1,very bad,2024-07-19
REV29127,PROD100,CUST5507,4,average,2023-05-26
REV29128,PROD107,CUST1562,3,very good,2023-02-16
REV29129,PROD109,CUST5572,5,average,2025-03-03
REV29130,PROD109,CUST3219,4,good,2022-11-29
REV29131,PROD111,CUST4310,4,good,2024-10-21
REV29132,PROD110,CUST4508,3,very good,2024-02-12
REV29133,PROD110,CUST2136,2,average,2023-01-20
REV29134,PROD105,CUST1028,1,very bad,2025-04-21
REV29135,PROD112,CUST4556,2,average,2023-07-12
REV29136,PROD113,CUST1614,3,bad,2023-02-23
REV29137,PROD106,CUST2131,3,good,2025-05-25
REV29138,PROD106,CUST5892,5,bad,2022-12-25
REV29139,PROD104,CUST3632,4,very bad,2022-08-31
REV29140,PROD108,CUST4626,2,bad,2025-01-21
REV29141,PROD114,CUST5411,4,good,2024-01-21
REV29142,PROD102,CUST1813,2,very bad,2024-09-08
REV29143,PROD100,CUST4466,2,bad,2024-02-27
REV29144,PROD111,CUST2766,5,average,2023-04-04
REV29145,PROD107,CUST4497,3,very good,2024-11-11
REV29146,PROD109,CUST4223,4,average,2025-04-12
REV29147,PROD107,CUST5556,3,average,2023-09-08
REV29148,PROD100,CUST1192,1,very bad,2025-07-20
REV29149,PROD103,CUST4682,3,average,2023-12-22
REV29150,PROD101,CUST5030,1,bad,2024-09-19
REV29151,PROD102,CUST2663,2,very bad,2023-01-29
REV29152,PROD104,CUST4325,1,average,2025-03-25
REV29153,PROD108,CUST5245,3,average,2023-11-14
REV29154,PROD114,CUST2576,2,good,2023-02-09
REV29155,PROD105,CUST1460,2,good,2025-02-19
REV29156,PROD105,CUST2965,2,good,2024-08-23
REV29157,PROD104,CUST1928,2,good,2023-01-20
REV29158,PROD103,CUST5482,5,very good,2024-05-28
REV29159,PROD114,CUST2727,4,bad,2023-04-20
REV29160,PROD113,CUST3257,2,very bad,2024-09-28
REV29161,PROD103,CUST3180,1,very bad,2025-06-03
REV29162,PROD110,CUST4526,4,very bad,2023-12-23
REV29163,PROD107,CUST3117,3,average,2022-12-31
REV29164,PROD106,CUST1669,5,bad,2024-09-12
REV29165,PROD103,CUST1931,3,very good,2023-11-05
REV29166,PROD104,CUST4927,4,very good,2023-04-08
REV29167,PROD106,CUST2962,5,average,2024-01-27
REV29168,PROD112,CUST4643,4,very bad,2023-06-01
REV29169,PROD101,CUST5383,1,bad,2023-10-03
REV29170,PROD105,CUST5978,1,very good,2023-02-07
REV29171,PROD105,CUST1695,2,average,2024-04-22
REV29172,PROD103,CUST2914,2,average,2023-06-05
REV29173,PROD106,CUST5836,2,good,2025-02-19
REV29174,PROD104,CUST4120,1,average,2024-06-25
REV29175,PROD102,CUST2503,1,very bad,2025-02-12
REV29176,PROD106,CUST2170,5,very good,2024-12-15
REV29177,PROD107,CUST5154,1,very good,2023-01-26
REV29178,PROD114,CUST2341,2,bad,2024-04-25
REV29179,PROD104,CUST2152,5,average,2022-12-21
REV29180,PROD104,CUST3732,4,very bad,2024-02-29
REV29181,PROD104,CUST4830,5,good,2024-12-23
REV29182,PROD109,CUST4083,1,bad,2024-11-07
REV29183,PROD112,CUST2345,2,average,2025-03-29
REV29184,PROD107,CUST3660,1,very bad,2022-11-09
REV29185,PROD104,CUST2050,5,very good,2025-07-18
REV29186,PROD112,CUST3124,3,bad,2025-02-25
REV29187,PROD103,CUST5984,5,very good,2025-04-14
REV29188,PROD101,CUST4059,4,very good,2023-11-10
REV29189,PROD100,CUST2543,3,very good,2025-01-31
REV29190,PROD111,CUST2635,5,bad,2023-06-30
REV29191,PROD100,CUST5289,3,very good,2024-11-29
REV29192,PROD114,CUST2498,2,good,2022-10-10
REV29193,PROD107,CUST5786,2,average,2025-04-15
REV29194,PROD109,CUST2943,1,very bad,2025-08-23
REV29195,PROD104,CUST1720,5,average,2022-12-03
REV29196,PROD112,CUST4078,2,good,2025-01-02
REV29197,PROD104,CUST3643,2,very good,2022-11-02
REV29198,PROD105,CUST3683,4,very good,2023-07-25
REV29199,PROD104,CUST2371,5,bad,2025-01-14
REV29200,PROD113,CUST2568,2,average,2025-05-14
REV29201,PROD112,CUST3813,1,very bad,2023-02-12
REV29202,PROD107,CUST5024,1,very bad,2022-08-31
REV29203,PROD114,CUST1547,4,bad,2023-03-09
REV29204,PROD107,CUST3754,3,very bad,2023-05-29
REV29205,PROD112,CUST5072,5,very bad,2024-02-21
REV29206,PROD104,CUST1569,4,very good,2024-01-07
REV29207,PROD102,CUST4597,3,very good,2022-11-13
REV29208,PROD108,CUST3347,3,very good,2023-03-30
REV29209,PROD104,CUST5669,3,very bad,2024-05-05
REV29210,PROD114,CUST3042,3,very good,2025-03-24
REV29211,PROD107,CUST3209,1,good,2022-09-10
REV29212,PROD114,CUST2869,2,good,2024-05-23
REV29213,PROD100,CUST2226,3,average,2024-10-18
REV29214,PROD112,CUST5127,5,bad,2025-04-12
REV29215,PROD103,CUST2484,1,bad,2024-04-25
REV29216,PROD106,CUST1931,2,very good,2024-08-04
REV29217,PROD113,CUST2192,2,very good,2023-06-20
REV29218,PROD106,CUST2747,5,bad,2023-05-27
REV29219,PROD111,CUST5400,4,good,2023-04-18
REV29220,PROD111,CUST4296,4,good,2022-09-03
REV29221,PROD104,CUST1685,1,very good,2025-07-19
REV29222,PROD100,CUST1360,5,very bad,2023-05-07
REV29223,PROD111,CUST2636,3,average,2025-08-24
REV29224,PROD113,CUST4363,5,very good,2025-03-23
REV29225,PROD112,CUST2907,5,very good,2023-12-30
REV29226,PROD100,CUST5142,3,good,2023-08-02
REV29227,PROD105,CUST4024,2,average,2023-12-22
REV29228,PROD111,CUST1861,4,bad,2022-08-28
REV29229,PROD110,CUST1807,4,very good,2024-11-19
REV29230,PROD112,CUST5075,3,very bad,2022-09-24
REV29231,PROD114,CUST5528,2,very bad,2024-09-13
REV29232,PROD105,CUST4946,5,very bad,2023-06-17
REV29233,PROD114,CUST3584,5,good,2024-06-10
REV29234,PROD107,CUST5636,3,bad,2024-09-09
REV29235,PROD105,CUST1022,4,bad,2023-05-01
REV29236,PROD108,CUST1165,2,bad,2024-08-07
REV29237,PROD110,CUST1151,1,very good,2025-05-06
REV29238,PROD112,CUST5660,2,bad,2022-08-30
REV29239,PROD109,CUST3232,5,very bad,2024-08-25
REV29240,PROD110,CUST3667,1,good,2025-04-11
REV29241,PROD104,CUST1072,1,average,2022-11-05
REV29242,PROD114,CUST4911,2,very bad,2023-02-24
REV29243,PROD114,CUST3728,1,good,2025-05-28
REV29244,PROD114,CUST1107,3,good,2023-02-24
REV29245,PROD103,CUST3971,4,very good,2024-09-02
REV29246,PROD106,CUST1514,4,average,2023-10-02
REV29247,PROD113,CUST3039,5,average,2025-04-25
REV29248,PROD114,CUST4890,4,very good,2024-09-30
REV29249,PROD110,CUST4452,1,bad,2024-12-15
REV29250,PROD112,CUST5301,4,good,2022-10-29
REV29251,PROD101,CUST3813,4,good,2023-04-22
REV29252,PROD109,CUST4702,3,very good,2024-01-17
REV29253,PROD105,CUST3430,3,very good,2023-04-07
REV29254,PROD107,CUST1956,3,very good,2024-01-22
REV29255,PROD102,CUST2241,1,bad,2025-05-23
REV29256,PROD100,CUST2542,1,average,2023-05-15
REV29257,PROD106,CUST4828,4,very good,2023-04-17
REV29258,PROD114,CUST5021,2,very bad,2024-05-07
REV29259,PROD113,CUST5048,1,good,2025-04-27
REV29260,PROD101,CUST3479,2,average,2023-10-20
REV29261,PROD109,CUST2990,4,average,2025-07-10
REV29262,PROD110,CUST5605,2,very good,2023-07-07
REV29263,PROD104,CUST3097,4,very bad,2022-10-20
REV29264,PROD113,CUST1688,4,very bad,2023-09-18
REV29265,PROD102,CUST4949,3,bad,2023-06-19
REV29266,PROD114,CUST1027,5,average,2023-10-03
REV29267,PROD107,CUST5418,5,bad,2023-05-31
REV29268,PROD110,CUST4471,5,very good,2023-03-19
REV29269,PROD109,CUST1912,2,very bad,2023-10-12
REV29270,PROD101,CUST4938,3,very bad,2025-06-02
REV29271,PROD109,CUST3181,1,bad,2025-04-24
REV29272,PROD111,CUST1738,4,average,2023-09-25
REV29273,PROD109,CUST5589,1,very bad,2025-01-04
REV29274,PROD107,CUST1332,3,very bad,2024-12-22
REV29275,PROD112,CUST2437,5,average,2023-04-10
REV29276,PROD110,CUST2233,4,very good,2025-06-17
REV29277,PROD101,CUST4006,5,bad,2025-03-30
REV29278,PROD102,CUST3194,4,average,2023-06-10
REV29279,PROD104,CUST3628,2,average,2023-01-29
REV29280,PROD108,CUST3184,4,average,2024-01-16
REV29281,PROD100,CUST4339,5,very bad,2024-04-30
REV29282,PROD111,CUST2937,2,very bad,2024-10-30
REV29283,PROD103,CUST1269,4,very bad,2025-02-15
REV29284,PROD111,CUST4905,1,average,2024-11-29
REV29285,PROD100,CUST5348,4,average,2024-05-22
REV29286,PROD100,CUST1184,4,bad,2024-10-15
REV29287,PROD100,CUST2957,1,very bad,2025-01-28
REV29288,PROD104,CUST3433,3,average,2023-01-07
REV29289,PROD112,CUST3510,5,very bad,2024-04-15
REV29290,PROD105,CUST2139,5,very good,2025-07-22
REV29291,PROD112,CUST1673,3,very good,2024-12-23
REV29292,PROD103,CUST2698,5,good,2025-04-06
REV29293,PROD105,CUST4462,3,very bad,2022-11-18
REV29294,PROD105,CUST5854,2,very bad,2024-02-15
REV29295,PROD103,CUST5736,1,bad,2025-07-12
REV29296,PROD100,CUST1283,3,very good,2024-10-19
REV29297,PROD103,CUST1300,3,bad,2025-08-13
REV29298,PROD104,CUST3941,2,bad,2024-11-04
REV29299,PROD110,CUST1781,3,bad,2022-12-02
REV29300,PROD106,CUST1766,5,good,2025-04-15
REV29301,PROD105,CUST4142,5,bad,2024-01-09
REV29302,PROD100,CUST1925,1,good,2025-08-07
REV29303,PROD101,CUST1571,2,average,2022-11-23
REV29304,PROD103,CUST2402,3,very good,2024-04-10
REV29305,PROD113,CUST5691,5,average,2024-01-11
REV29306,PROD111,CUST1944,5,bad,2023-12-08
REV29307,PROD114,CUST1338,3,bad,2024-02-12
REV29308,PROD102,CUST3636,5,average,2025-06-21
REV29309,PROD114,CUST1175,3,very good,2024-06-06
REV29310,PROD113,CUST3150,1,average,2024-10-04
REV29311,PROD109,CUST3626,4,good,2023-02-14
REV29312,PROD105,CUST3942,2,good,2024-08-15
REV29313,PROD107,CUST4324,1,very good,2024-05-27
REV29314,PROD109,CUST3746,5,good,2024-08-19
REV29315,PROD102,CUST5371,4,very good,2023-12-09
REV29316,PROD107,CUST3063,2,good,2023-01-16
REV29317,PROD109,CUST5075,4,very good,2025-06-14
REV29318,PROD103,CUST4336,2,average,2024-09-19
REV29319,PROD103,CUST3170,1,good,2023-11-01
REV29320,PROD107,CUST5558,2,bad,2025-05-26
REV29321,PROD111,CUST1635,2,very good,2025-04-01
REV29322,PROD101,CUST2391,2,average,2025-08-02
REV29323,PROD114,CUST3413,2,average,2023-03-21
REV29324,PROD105,CUST2679,4,bad,2024-02-26
REV29325,PROD108,CUST5605,4,average,2024-10-24
REV29326,PROD104,CUST2091,4,bad,2022-08-29
REV29327,PROD112,CUST3793,3,bad,2023-09-18
REV29328,PROD101,CUST1710,4,very good,2025-06-27
REV29329,PROD103,CUST3891,5,very good,2023-08-31
REV29330,PROD100,CUST2141,1,bad,2023-01-15
REV29331,PROD107,CUST4608,3,average,2024-03-25
REV29332,PROD112,CUST1350,3,very good,2025-04-20
REV29333,PROD106,CUST4036,5,very bad,2024-04-24
REV29334,PROD106,CUST2221,4,very good,2024-08-20
REV29335,PROD100,CUST2634,1,bad,2024-09-01
REV29336,PROD102,CUST2687,5,very bad,2024-03-06
REV29337,PROD108,CUST4678,2,average,2022-12-29
REV29338,PROD109,CUST3978,4,good,2025-07-26
REV29339,PROD109,CUST4676,1,average,2022-12-04
REV29340,PROD101,CUST1687,2,very good,2023-11-05
REV29341,PROD112,CUST3321,1,very bad,2023-09-08
REV29342,PROD107,CUST3091,1,average,2023-12-22
REV29343,PROD101,CUST5065,2,bad,2023-09-21
REV29344,PROD104,CUST3591,4,very good,2023-05-25
REV29345,PROD101,CUST1628,5,very bad,2023-04-03
REV29346,PROD104,CUST2453,2,very good,2024-11-22
REV29347,PROD102,CUST1192,3,very bad,2023-12-22
REV29348,PROD102,CUST5270,3,bad,2023-02-22
REV29349,PROD111,CUST1895,5,very bad,2025-03-05
REV29350,PROD106,CUST4381,5,very good,2022-12-31
REV29351,PROD100,CUST3688,2,average,2023-01-12
REV29352,PROD103,CUST3753,3,good,2023-06-23
REV29353,PROD110,CUST3365,5,very good,2025-03-12
REV29354,PROD108,CUST1280,3,very bad,2022-09-03
REV29355,PROD107,CUST3364,5,very bad,2022-10-17
REV29356,PROD108,CUST5357,5,bad,2022-09-13
REV29357,PROD104,CUST5765,2,good,2025-07-28
REV29358,PROD107,CUST3452,2,very bad,2024-08-10
REV29359,PROD107,CUST1574,3,very bad,2024-06-12
REV29360,PROD112,CUST1590,3,bad,2025-02-17
REV29361,PROD102,CUST2970,3,average,2024-08-30
REV29362,PROD103,CUST5258,1,bad,2024-10-28
REV29363,PROD114,CUST4084,5,good,2023-06-13
REV29364,PROD108,CUST5928,5,average,2023-07-07
REV29365,PROD112,CUST4356,2,very good,2024-05-26
REV29366,PROD111,CUST2118,5,bad,2023-02-08
REV29367,PROD114,CUST2218,2,very good,2022-12-19
REV29368,PROD113,CUST2177,4,very bad,2025-01-10
REV29369,PROD113,CUST2848,2,very bad,2022-12-19
REV29370,PROD110,CUST1951,2,average,2025-08-13
REV29371,PROD113,CUST2724,5,very bad,2023-12-25
REV29372,PROD103,CUST1587,3,very bad,2023-01-02
REV29373,PROD106,CUST5920,1,good,2025-03-27
REV29374,PROD103,CUST2020,3,good,2024-09-22
REV29375,PROD113,CUST5049,5,good,2024-11-21
REV29376,PROD109,CUST2080,5,average,2023-08-05
REV29377,PROD100,CUST2599,3,very good,2025-03-27
REV29378,PROD102,CUST3302,2,good,2023-01-18
REV29379,PROD109,CUST3878,2,very bad,2024-06-16
REV29380,PROD100,CUST1635,1,very bad,2023-12-20
REV29381,PROD113,CUST5698,3,bad,2023-03-10
REV29382,PROD104,CUST5066,2,bad,2025-06-11
REV29383,PROD100,CUST1209,3,good,2024-06-14
REV29384,PROD104,CUST1353,2,good,2023-10-16
REV29385,PROD111,CUST2452,5,bad,2024-05-24
REV29386,PROD114,CUST3490,1,very bad,2023-02-21
REV29387,PROD105,CUST5667,1,bad,2025-07-20
REV29388,PROD108,CUST1119,4,very good,2023-01-21
REV29389,PROD102,CUST2616,4,average,2024-05-22
REV29390,PROD111,CUST1346,2,very good,2024-12-27
REV29391,PROD102,CUST5176,3,bad,2023-01-08
REV29392,PROD101,CUST2425,5,average,2025-02-27
REV29393,PROD111,CUST1832,5,good,2022-09-01
REV29394,PROD100,CUST4731,2,very good,2024-07-20
REV29395,PROD106,CUST4593,5,very good,2023-10-10
REV29396,PROD102,CUST1661,3,very bad,2023-05-28
REV29397,PROD114,CUST1291,4,good,2025-08-01
REV29398,PROD104,CUST5528,3,very good,2024-06-29
REV29399,PROD107,CUST1278,1,good,2023-01-15
REV29400,PROD100,CUST4434,2,bad,2024-06-04
REV29401,PROD102,CUST3307,5,average,2023-12-12
REV29402,PROD114,CUST3117,1,very good,2025-02-06
REV29403,PROD106,CUST5099,1,good,2024-10-30
REV29404,PROD114,CUST4514,1,very good,2022-12-31
REV29405,PROD114,CUST2936,5,very bad,2023-10-19
REV29406,PROD108,CUST2995,2,good,2023-11-19
REV29407,PROD110,CUST3242,3,average,2025-02-03
REV29408,PROD104,CUST4061,1,average,2023-08-06
REV29409,PROD108,CUST2301,5,very good,2023-04-21
REV29410,PROD103,CUST5407,3,very good,2024-12-23
REV29411,PROD103,CUST4680,3,average,2023-05-20
REV29412,PROD105,CUST4534,1,very good,2025-07-16
REV29413,PROD109,CUST4638,3,good,2022-10-22
REV29414,PROD106,CUST1376,5,good,2024-04-16
REV29415,PROD107,CUST2977,2,very good,2023-10-07
REV29416,PROD100,CUST2106,1,average,2023-11-18
REV29417,PROD106,CUST5876,1,average,2024-07-09
REV29418,PROD109,CUST5743,2,very bad,2025-08-01
REV29419,PROD113,CUST4736,2,average,2023-01-07
REV29420,PROD105,CUST5634,2,average,2025-04-17
REV29421,PROD109,CUST1068,1,very good,2023-05-21
REV29422,PROD104,CUST3848,4,very bad,2024-02-18
REV29423,PROD101,CUST2417,4,good,2025-07-15
REV29424,PROD107,CUST3929,1,good,2025-05-05
REV29425,PROD107,CUST1166,5,good,2024-08-27
REV29426,PROD112,CUST2718,1,good,2024-11-24
REV29427,PROD114,CUST5375,3,very good,2025-04-10
REV29428,PROD112,CUST1949,2,average,2025-08-24
REV29429,PROD109,CUST4355,2,good,2024-09-21
REV29430,PROD113,CUST2282,4,very good,2024-07-01
REV29431,PROD111,CUST2255,5,very good,2024-06-30
REV29432,PROD113,CUST3026,3,average,2024-05-29
REV29433,PROD102,CUST1801,2,very good,2023-12-26
REV29434,PROD102,CUST5568,5,very bad,2023-12-03
REV29435,PROD106,CUST3646,1,very bad,2024-03-12
REV29436,PROD113,CUST3783,3,very good,2024-09-14
REV29437,PROD107,CUST5164,2,very good,2024-02-18
REV29438,PROD107,CUST4679,3,bad,2024-02-13
REV29439,PROD100,CUST3437,5,average,2025-04-08
REV29440,PROD107,CUST2926,5,very good,2024-07-14
REV29441,PROD102,CUST2103,4,average,2023-03-31
REV29442,PROD112,CUST4765,5,very good,2022-10-16
REV29443,PROD105,CUST1557,2,average,2024-07-23
REV29444,PROD111,CUST1168,4,bad,2022-09-16
REV29445,PROD107,CUST4109,2,bad,2023-10-07
REV29446,PROD113,CUST1781,1,very bad,2023-09-26
REV29447,PROD113,CUST5312,4,very bad,2024-04-15
REV29448,PROD114,CUST1220,5,bad,2025-06-02
REV29449,PROD105,CUST1632,5,very good,2022-11-29
REV29450,PROD110,CUST1928,2,good,2023-07-10
REV29451,PROD109,CUST2934,3,average,2025-04-18
REV29452,PROD101,CUST2385,1,good,2025-02-19
REV29453,PROD112,CUST5291,2,very good,2023-04-19
REV29454,PROD103,CUST1135,2,good,2025-07-22
REV29455,PROD106,CUST4527,4,very good,2024-11-19
REV29456,PROD106,CUST4344,4,bad,2023-05-06
REV29457,PROD105,CUST2981,2,good,2024-09-26
REV29458,PROD104,CUST1733,2,very good,2025-04-10
REV29459,PROD113,CUST5044,2,very good,2024-07-04
REV29460,PROD103,CUST4723,1,average,2022-12-09
REV29461,PROD109,CUST5263,5,very good,2022-09-18
REV29462,PROD102,CUST3917,5,bad,2025-03-25
REV29463,PROD106,CUST3075,5,average,2024-02-17
REV29464,PROD100,CUST4574,2,average,2023-03-21
REV29465,PROD114,CUST3814,4,very bad,2023-11-12
REV29466,PROD104,CUST1702,4,average,2023-08-16
REV29467,PROD113,CUST5799,3,very bad,2023-04-23
REV29468,PROD105,CUST3626,2,very bad,2023-02-11
REV29469,PROD100,CUST2151,4,bad,2024-12-23
REV29470,PROD104,CUST5074,2,good,2023-10-05
REV29471,PROD103,CUST4359,4,good,2024-03-11
REV29472,PROD103,CUST5398,3,very good,2025-06-27
REV29473,PROD106,CUST4884,1,very good,2024-10-21
REV29474,PROD102,CUST5871,1,very bad,2024-01-02
REV29475,PROD114,CUST4801,4,very good,2025-04-22
REV29476,PROD104,CUST3079,2,good,2024-12-04
REV29477,PROD104,CUST4767,5,bad,2024-06-12
REV29478,PROD105,CUST2047,3,average,2025-01-24
REV29479,PROD107,CUST1257,3,good,2023-07-09
REV29480,PROD103,CUST2398,4,very bad,2024-06-28
REV29481,PROD108,CUST4351,3,very bad,2024-04-10
REV29482,PROD114,CUST4703,3,very good,2023-10-20
REV29483,PROD101,CUST2114,2,very bad,2022-10-02
REV29484,PROD112,CUST4647,5,very good,2023-12-12
REV29485,PROD107,CUST1363,3,average,2023-12-13
REV29486,PROD107,CUST2090,4,average,2023-05-23
REV29487,PROD106,CUST4515,5,bad,2023-11-26
REV29488,PROD107,CUST1738,2,good,2024-04-12
REV29489,PROD101,CUST3980,2,average,2022-10-07
REV29490,PROD110,CUST5052,4,average,2023-06-12
REV29491,PROD102,CUST3548,1,average,2023-06-22
REV29492,PROD112,CUST3421,5,good,2022-09-18
REV29493,PROD114,CUST1210,5,very good,2024-05-05
REV29494,PROD101,CUST4080,1,bad,2023-09-19
REV29495,PROD108,CUST5469,5,very bad,2025-04-01
REV29496,PROD100,CUST4202,4,good,2024-02-15
REV29497,PROD107,CUST3330,1,bad,2024-04-21
REV29498,PROD107,CUST2478,5,good,2025-01-24
REV29499,PROD111,CUST3914,1,good,2025-08-01
REV29500,PROD103,CUST4817,5,average,2024-06-12
REV29501,PROD111,CUST2822,5,average,2023-07-30
REV29502,PROD114,CUST2043,4,average,2025-08-13
REV29503,PROD105,CUST4214,2,average,2023-03-09
REV29504,PROD105,CUST4714,3,very good,2022-09-11
REV29505,PROD104,CUST4016,1,very bad,2025-01-04
REV29506,PROD108,CUST1437,3,bad,2025-07-27
REV29507,PROD101,CUST1833,2,bad,2023-07-06
REV29508,PROD102,CUST3412,4,good,2023-09-02
REV29509,PROD114,CUST5808,4,average,2023-09-07
REV29510,PROD108,CUST5836,2,very good,2024-05-24
REV29511,PROD104,CUST1831,3,bad,2023-08-30
REV29512,PROD100,CUST5541,5,average,2022-12-14
REV29513,PROD107,CUST2857,5,average,2024-12-07
REV29514,PROD103,CUST2681,5,very good,2023-09-25
REV29515,PROD107,CUST1553,5,bad,2023-10-07
REV29516,PROD103,CUST3966,1,very bad,2024-03-18
REV29517,PROD101,CUST3336,2,bad,2024-11-08
REV29518,PROD113,CUST2576,4,good,2023-03-02
REV29519,PROD112,CUST3223,3,very bad,2023-11-29
REV29520,PROD108,CUST5770,2,average,2022-09-02
REV29521,PROD106,CUST3981,1,very bad,2024-03-03
REV29522,PROD113,CUST2897,2,very bad,2025-07-19
REV29523,PROD109,CUST2111,5,very bad,2023-12-20
REV29524,PROD114,CUST3741,5,good,2023-09-22
REV29525,PROD108,CUST3964,2,very good,2025-01-01
REV29526,PROD102,CUST5957,5,very good,2023-05-06
REV29527,PROD114,CUST5874,1,very good,2023-08-06
REV29528,PROD111,CUST1690,1,bad,2024-06-27
REV29529,PROD114,CUST2457,1,good,2024-08-19
REV29530,PROD108,CUST3801,4,good,2025-06-18
REV29531,PROD110,CUST1752,3,good,2023-07-31
REV29532,PROD104,CUST2106,2,average,2024-02-23
REV29533,PROD112,CUST5858,2,average,2025-07-18
REV29534,PROD113,CUST3854,4,bad,2025-07-18
REV29535,PROD101,CUST5606,5,very bad,2023-04-20
REV29536,PROD102,CUST2351,5,average,2024-04-05
REV29537,PROD106,CUST4118,4,bad,2022-10-15
REV29538,PROD113,CUST3388,5,good,2024-10-10
REV29539,PROD109,CUST3844,3,very good,2024-10-23
REV29540,PROD109,CUST2727,2,bad,2025-02-04
REV29541,PROD104,CUST1392,3,very good,2025-01-12
REV29542,PROD112,CUST4436,2,average,2024-01-18
REV29543,PROD111,CUST3987,1,average,2023-06-17
REV29544,PROD111,CUST4677,2,very good,2023-09-14
REV29545,PROD100,CUST1784,3,very good,2024-02-03
REV29546,PROD102,CUST5023,2,bad,2024-12-15
REV29547,PROD109,CUST2542,2,very good,2023-08-12
REV29548,PROD101,CUST2966,4,bad,2023-03-01
REV29549,PROD112,CUST5757,4,bad,2022-12-04
REV29550,PROD110,CUST2632,5,bad,2023-01-18
REV29551,PROD104,CUST4186,5,bad,2023-03-19
REV29552,PROD106,CUST1172,1,bad,2024-08-02
REV29553,PROD110,CUST2504,2,very good,2023-10-24
REV29554,PROD109,CUST1712,4,good,2025-01-03
REV29555,PROD104,CUST2059,2,average,2024-09-13
REV29556,PROD108,CUST1037,5,good,2023-08-11
REV29557,PROD111,CUST3565,1,good,2024-03-24
REV29558,PROD101,CUST1029,3,good,2023-10-23
REV29559,PROD111,CUST4992,2,bad,2024-04-22
REV29560,PROD112,CUST1272,4,average,2022-11-16
REV29561,PROD107,CUST2917,5,very bad,2025-01-02
REV29562,PROD106,CUST2081,3,very bad,2024-04-25
REV29563,PROD105,CUST1893,5,very good,2025-04-24
REV29564,PROD111,CUST1376,4,good,2023-12-26
REV29565,PROD107,CUST3705,4,good,2024-08-21
REV29566,PROD112,CUST2597,4,average,2025-06-20
REV29567,PROD108,CUST5289,5,very good,2023-02-11
REV29568,PROD105,CUST3568,2,bad,2025-08-02
REV29569,PROD113,CUST3817,5,good,2024-11-22
REV29570,PROD104,CUST2340,3,bad,2023-07-25
REV29571,PROD108,CUST5228,2,very good,2024-11-03
REV29572,PROD103,CUST2092,3,average,2025-08-02
REV29573,PROD100,CUST1687,1,bad,2023-03-22
REV29574,PROD102,CUST4676,4,very bad,2022-10-04
REV29575,PROD113,CUST1851,2,very good,2025-03-03
REV29576,PROD102,CUST2255,4,bad,2023-06-08
REV29577,PROD108,CUST5023,4,very good,2023-09-06
REV29578,PROD100,CUST2770,2,very bad,2022-11-28
REV29579,PROD101,CUST1982,5,very bad,2025-06-15
REV29580,PROD111,CUST3680,4,very bad,2025-05-09
REV29581,PROD108,CUST4537,5,very bad,2025-01-08
REV29582,PROD109,CUST4957,2,bad,2024-08-18
REV29583,PROD108,CUST1741,1,average,2024-03-02
REV29584,PROD106,CUST1087,5,very bad,2024-08-24
REV29585,PROD110,CUST4320,2,very bad,2023-07-27
REV29586,PROD104,CUST1861,3,very good,2024-08-27
REV29587,PROD106,CUST1438,4,average,2024-05-01
REV29588,PROD112,CUST1182,2,very good,2025-03-01
REV29589,PROD108,CUST3406,2,bad,2024-10-10
REV29590,PROD104,CUST4413,5,very bad,2025-08-24
REV29591,PROD109,CUST4614,1,bad,2023-08-23
REV29592,PROD100,CUST4255,2,bad,2023-01-14
REV29593,PROD106,CUST5777,4,average,2023-09-08
REV29594,PROD100,CUST5510,3,very bad,2022-09-03
REV29595,PROD108,CUST2165,1,average,2024-05-26
REV29596,PROD111,CUST2906,3,very bad,2025-06-30
REV29597,PROD108,CUST4110,4,very good,2024-02-27
REV29598,PROD103,CUST5705,2,good,2025-02-09
REV29599,PROD112,CUST5762,4,very good,2025-07-09
REV29600,PROD107,CUST2865,5,very good,2024-08-20
REV29601,PROD112,CUST3569,2,very bad,2022-12-11
REV29602,PROD107,CUST2967,3,average,2025-04-02
REV29603,PROD108,CUST3523,1,very bad,2023-12-10
REV29604,PROD113,CUST5091,5,bad,2025-06-08
REV29605,PROD110,CUST4996,2,average,2023-09-10
REV29606,PROD107,CUST3089,5,average,2024-02-21
REV29607,PROD111,CUST1098,3,average,2024-02-02
REV29608,PROD100,CUST1286,4,very bad,2025-07-25
REV29609,PROD113,CUST5621,1,average,2023-05-18
REV29610,PROD114,CUST2023,2,very good,2024-01-08
REV29611,PROD106,CUST4321,1,average,2022-12-19
REV29612,PROD106,CUST3580,5,average,2024-01-24
REV29613,PROD109,CUST2529,4,good,2025-02-10
REV29614,PROD102,CUST2197,5,good,2023-09-29
REV29615,PROD100,CUST5079,4,average,2023-10-23
REV29616,PROD109,CUST1990,4,good,2025-07-18
REV29617,PROD103,CUST3804,1,very good,2025-04-02
REV29618,PROD110,CUST5960,3,bad,2023-09-16
REV29619,PROD105,CUST2171,5,bad,2025-03-31
REV29620,PROD106,CUST2122,3,very good,2023-11-20
REV29621,PROD113,CUST4559,1,very bad,2025-07-20
REV29622,PROD114,CUST1032,3,average,2023-06-10
REV29623,PROD113,CUST5861,4,very good,2025-03-13
REV29624,PROD112,CUST4308,1,average,2023-08-23
REV29625,PROD106,CUST1649,4,average,2023-11-20
REV29626,PROD114,CUST2379,3,very bad,2024-05-18
REV29627,PROD100,CUST3157,3,very bad,2025-03-12
REV29628,PROD110,CUST5236,1,very bad,2024-03-16
REV29629,PROD100,CUST5372,3,very bad,2024-02-13
REV29630,PROD113,CUST1215,4,very good,2023-04-22
REV29631,PROD109,CUST1619,4,bad,2024-02-10
REV29632,PROD102,CUST4346,5,average,2025-01-31
REV29633,PROD110,CUST1015,3,very good,2024-01-12
REV29634,PROD101,CUST5566,5,good,2024-12-31
REV29635,PROD110,CUST3870,5,good,2022-09-18
REV29636,PROD113,CUST2421,5,good,2023-09-05
REV29637,PROD107,CUST3675,2,good,2022-11-23
REV29638,PROD110,CUST1645,5,bad,2023-07-30
REV29639,PROD113,CUST5892,1,very good,2023-11-03
REV29640,PROD102,CUST5484,4,bad,2023-02-15
REV29641,PROD103,CUST5667,5,average,2024-03-01
REV29642,PROD111,CUST4600,3,good,2025-06-29
REV29643,PROD110,CUST3986,3,good,2022-09-05
REV29644,PROD102,CUST3687,5,very good,2025-02-11
REV29645,PROD101,CUST3104,1,bad,2024-09-13
REV29646,PROD113,CUST2367,2,good,2024-11-26
REV29647,PROD107,CUST2684,1,very good,2025-05-24
REV29648,PROD103,CUST3649,3,average,2025-03-22
REV29649,PROD111,CUST1387,3,good,2023-02-21
REV29650,PROD111,CUST5338,1,very bad,2023-11-05
REV29651,PROD108,CUST3917,5,very bad,2024-04-12
REV29652,PROD113,CUST2342,5,very bad,2023-09-17
REV29653,PROD102,CUST5742,5,average,2023-09-16
REV29654,PROD106,CUST1119,3,average,2023-01-23
REV29655,PROD113,CUST2127,2,very bad,2023-06-09
REV29656,PROD112,CUST5977,3,very good,2022-12-04
REV29657,PROD101,CUST1338,3,very bad,2025-08-14
REV29658,PROD110,CUST3259,2,good,2023-09-16
REV29659,PROD100,CUST3289,1,very good,2022-12-25
REV29660,PROD103,CUST2453,2,average,2023-06-06
REV29661,PROD102,CUST4146,1,very good,2024-02-26
REV29662,PROD101,CUST4960,2,average,2023-09-05
REV29663,PROD102,CUST2495,2,good,2023-09-04
REV29664,PROD104,CUST2490,3,very good,2023-01-28
REV29665,PROD110,CUST3134,3,very bad,2023-03-04
REV29666,PROD100,CUST2553,3,very bad,2025-03-21
REV29667,PROD105,CUST1812,3,good,2025-04-29
REV29668,PROD102,CUST4192,3,good,2022-12-07
REV29669,PROD110,CUST1806,1,good,2024-06-10
REV29670,PROD105,CUST4714,4,average,2023-11-30
REV29671,PROD109,CUST1261,2,bad,2023-11-14
REV29672,PROD107,CUST2933,4,bad,2023-04-09
REV29673,PROD104,CUST1937,1,very bad,2024-07-23
REV29674,PROD103,CUST5234,3,very bad,2024-09-13
REV29675,PROD114,CUST3436,5,bad,2025-07-01
REV29676,PROD112,CUST2529,5,average,2022-10-29
REV29677,PROD108,CUST1906,1,bad,2022-11-04
REV29678,PROD113,CUST2326,3,average,2025-02-03
REV29679,PROD102,CUST3908,1,bad,2024-05-10
REV29680,PROD113,CUST5860,3,bad,2024-10-01
REV29681,PROD103,CUST5691,3,very bad,2025-02-07
REV29682,PROD106,CUST5010,5,bad,2025-02-05
REV29683,PROD112,CUST2191,5,very good,2024-05-17
REV29684,PROD114,CUST4322,4,very bad,2024-02-15
REV29685,PROD111,CUST1064,2,good,2022-09-26
REV29686,PROD111,CUST5276,4,average,2024-11-17
REV29687,PROD114,CUST4316,3,good,2025-05-11
REV29688,PROD111,CUST5652,3,average,2023-04-29
REV29689,PROD112,CUST5094,3,average,2025-06-01
REV29690,PROD110,CUST4723,5,average,2024-03-31
REV29691,PROD102,CUST3735,4,good,2022-12-14
REV29692,PROD106,CUST4222,5,very good,2025-08-02
REV29693,PROD105,CUST2482,1,very good,2024-10-19
REV29694,PROD107,CUST5042,3,bad,2023-09-23
REV29695,PROD109,CUST4307,2,bad,2025-07-19
REV29696,PROD100,CUST2847,4,good,2025-02-28
REV29697,PROD100,CUST3493,5,very good,2022-08-30
REV29698,PROD105,CUST1285,5,bad,2024-10-31
REV29699,PROD101,CUST2455,2,bad,2024-09-17
REV29700,PROD112,CUST4045,2,very good,2023-05-25
REV29701,PROD103,CUST2376,1,bad,2023-09-03
REV29702,PROD111,CUST3438,5,good,2022-09-15
REV29703,PROD102,CUST2610,2,very bad,2022-10-19
REV29704,PROD109,CUST4746,1,very good,2025-07-05
REV29705,PROD114,CUST4990,5,bad,2025-04-09
REV29706,PROD108,CUST1394,4,good,2024-12-02
REV29707,PROD109,CUST4800,2,good,2022-11-02
REV29708,PROD106,CUST1027,4,bad,2022-08-26
REV29709,PROD103,CUST5227,2,very bad,2023-05-01
REV29710,PROD110,CUST2259,4,average,2025-03-11
REV29711,PROD103,CUST1901,2,very bad,2024-09-13
REV29712,PROD101,CUST2637,2,very good,2024-05-04
REV29713,PROD112,CUST5545,4,good,2023-11-01
REV29714,PROD100,CUST2826,5,average,2024-06-14
REV29715,PROD102,CUST1152,1,bad,2023-10-22
REV29716,PROD100,CUST4627,4,bad,2023-01-11
REV29717,PROD107,CUST1999,3,average,2024-07-07
REV29718,PROD109,CUST5444,2,average,2024-09-11
REV29719,PROD114,CUST4433,2,bad,2023-09-06
REV29720,PROD111,CUST4471,5,average,2023-07-01
REV29721,PROD108,CUST1599,3,very good,2024-06-11
REV29722,PROD108,CUST2772,5,very bad,2024-06-08
REV29723,PROD102,CUST5770,4,average,2022-10-27
REV29724,PROD114,CUST3702,1,very bad,2025-04-02
REV29725,PROD100,CUST5698,1,good,2023-02-13
REV29726,PROD110,CUST3254,3,very good,2025-03-05
REV29727,PROD106,CUST1449,3,good,2024-09-02
REV29728,PROD101,CUST1441,1,good,2023-07-29
REV29729,PROD103,CUST3990,5,good,2024-07-04
REV29730,PROD112,CUST5797,1,good,2023-03-21
REV29731,PROD112,CUST1860,4,very bad,2024-07-03
REV29732,PROD108,CUST1152,5,average,2024-08-12
REV29733,PROD114,CUST5507,3,average,2023-04-19
REV29734,PROD107,CUST3614,5,very bad,2023-11-24
REV29735,PROD104,CUST5769,5,good,2022-10-16
REV29736,PROD103,CUST5867,5,good,2023-04-17
REV29737,PROD105,CUST5900,5,bad,2023-06-27
REV29738,PROD109,CUST5059,4,good,2023-04-08
REV29739,PROD107,CUST3184,4,good,2022-09-23
REV29740,PROD107,CUST2886,3,very bad,2024-06-19
REV29741,PROD112,CUST3906,1,bad,2024-07-23
REV29742,PROD110,CUST3552,5,good,2025-05-22
REV29743,PROD107,CUST2197,3,average,2025-08-23
REV29744,PROD111,CUST3723,4,bad,2024-07-23
REV29745,PROD109,CUST5192,5,average,2024-09-07
REV29746,PROD109,CUST2250,1,good,2024-06-11
REV29747,PROD114,CUST2353,4,average,2022-11-17
REV29748,PROD105,CUST4302,5,average,2025-08-11
REV29749,PROD103,CUST2468,3,very good,2023-06-03
REV29750,PROD101,CUST2589,3,average,2023-09-22
REV29751,PROD107,CUST3537,3,average,2023-11-22
REV29752,PROD103,CUST5505,1,very good,2025-03-15
REV29753,PROD101,CUST3033,2,good,2024-04-11
REV29754,PROD103,CUST1676,4,very good,2025-07-20
REV29755,PROD105,CUST4474,3,good,2022-10-13
REV29756,PROD110,CUST1703,2,very bad,2025-03-28
REV29757,PROD104,CUST4630,3,average,2025-04-29
REV29758,PROD107,CUST2375,1,very bad,2024-12-15
REV29759,PROD106,CUST2591,4,bad,2024-09-10
REV29760,PROD109,CUST1856,4,bad,2024-06-09
REV29761,PROD100,CUST4338,2,average,2024-05-08
REV29762,PROD103,CUST2769,4,bad,2024-04-07
REV29763,PROD114,CUST1934,1,good,2023-08-29
REV29764,PROD110,CUST4076,1,good,2025-04-03
REV29765,PROD104,CUST3309,2,bad,2023-11-29
REV29766,PROD105,CUST3800,5,very bad,2022-12-04
REV29767,PROD104,CUST1509,4,average,2022-10-29
REV29768,PROD104,CUST4787,3,very bad,2023-05-27
REV29769,PROD105,CUST2805,1,very good,2025-07-20
REV29770,PROD107,CUST4889,3,bad,2024-02-09
REV29771,PROD109,CUST5051,4,good,2024-06-07
REV29772,PROD102,CUST1375,4,average,2022-09-17
REV29773,PROD104,CUST4099,5,very bad,2023-07-22
REV29774,PROD111,CUST2192,1,good,2022-10-23
REV29775,PROD102,CUST3695,1,very bad,2023-04-16
REV29776,PROD106,CUST2271,3,average,2023-06-03
REV29777,PROD112,CUST4413,2,very good,2025-07-30
REV29778,PROD114,CUST4843,5,very good,2023-12-14
REV29779,PROD103,CUST3209,3,very good,2023-05-29
REV29780,PROD104,CUST5146,2,very bad,2023-09-16
REV29781,PROD103,CUST4116,4,average,2025-04-04
REV29782,PROD111,CUST2570,5,good,2024-10-14
REV29783,PROD103,CUST5286,3,very good,2024-03-05
REV29784,PROD108,CUST1942,3,very good,2025-01-01
REV29785,PROD112,CUST2980,5,average,2023-03-27
REV29786,PROD112,CUST3519,4,average,2023-05-04
REV29787,PROD113,CUST1156,3,very bad,2024-12-01
REV29788,PROD113,CUST2586,2,bad,2024-09-10
REV29789,PROD105,CUST2957,5,very bad,2024-10-27
REV29790,PROD111,CUST3157,5,bad,2025-07-08
REV29791,PROD101,CUST2558,3,average,2025-03-01
REV29792,PROD109,CUST4072,4,very good,2024-05-05
REV29793,PROD102,CUST2059,1,very bad,2024-01-31
REV29794,PROD104,CUST4580,2,bad,2023-04-26
REV29795,PROD112,CUST1737,1,bad,2025-05-03
REV29796,PROD100,CUST5034,4,average,2025-02-05
REV29797,PROD100,CUST3781,3,very good,2023-09-04
REV29798,PROD113,CUST4581,3,average,2023-08-15
REV29799,PROD106,CUST4983,2,average,2023-02-08
REV29800,PROD105,CUST4087,5,bad,2022-11-15
REV29801,PROD111,CUST3958,3,very good,2025-04-06
REV29802,PROD112,CUST5711,4,very bad,2025-08-02
REV29803,PROD102,CUST1805,5,average,2023-05-27
REV29804,PROD105,CUST2088,5,very good,2023-01-11
REV29805,PROD108,CUST3652,3,very bad,2023-10-18
REV29806,PROD104,CUST1455,3,very good,2023-09-15
REV29807,PROD104,CUST4244,3,very good,2023-06-29
REV29808,PROD104,CUST4836,5,average,2023-09-02
REV29809,PROD100,CUST5077,4,good,2024-12-24
REV29810,PROD104,CUST1476,1,good,2025-03-19
REV29811,PROD110,CUST1968,3,bad,2025-05-22
REV29812,PROD102,CUST1224,4,very good,2022-10-16
REV29813,PROD108,CUST2528,2,bad,2023-02-11
REV29814,PROD111,CUST3984,3,very good,2023-07-17
REV29815,PROD105,CUST4325,1,bad,2025-06-12
REV29816,PROD111,CUST2736,4,very bad,2024-11-17
REV29817,PROD104,CUST3383,3,average,2024-02-25
REV29818,PROD104,CUST4390,2,good,2023-05-09
REV29819,PROD102,CUST2182,5,average,2024-05-19
REV29820,PROD108,CUST5153,3,very bad,2023-05-21
REV29821,PROD102,CUST5617,3,good,2023-05-20
REV29822,PROD105,CUST3157,3,bad,2023-07-06
REV29823,PROD101,CUST5586,2,bad,2023-03-13
REV29824,PROD113,CUST1109,5,average,2024-11-24
REV29825,PROD103,CUST3634,5,very bad,2024-03-20
REV29826,PROD107,CUST5429,2,very good,2024-12-10
REV29827,PROD106,CUST4975,5,good,2023-07-02
REV29828,PROD104,CUST3606,2,good,2025-04-23
REV29829,PROD113,CUST5252,4,bad,2024-08-13
REV29830,PROD110,CUST5812,3,average,2023-02-16
REV29831,PROD112,CUST2956,5,good,2022-12-21
REV29832,PROD112,CUST2479,3,very bad,2023-01-29
REV29833,PROD109,CUST4278,3,bad,2025-05-17
REV29834,PROD109,CUST4277,2,good,2025-04-12
REV29835,PROD104,CUST4509,1,good,2025-01-24
REV29836,PROD110,CUST2123,3,good,2025-07-16
REV29837,PROD108,CUST4346,3,very bad,2025-04-23
REV29838,PROD112,CUST4550,1,good,2024-03-15
REV29839,PROD103,CUST4547,3,good,2023-11-24
REV29840,PROD109,CUST1009,3,bad,2025-02-22
REV29841,PROD104,CUST1972,4,average,2022-09-28
REV29842,PROD103,CUST2774,3,very good,2025-04-06
REV29843,PROD105,CUST5685,4,bad,2023-10-01
REV29844,PROD105,CUST3810,3,very bad,2023-09-18
REV29845,PROD102,CUST2760,3,average,2023-03-24
REV29846,PROD106,CUST4773,2,very good,2023-05-05
REV29847,PROD114,CUST2535,1,average,2024-07-17
REV29848,PROD102,CUST3195,4,bad,2025-07-02
REV29849,PROD111,CUST5125,4,average,2024-06-08
REV29850,PROD106,CUST5990,1,bad,2023-06-09
REV29851,PROD102,CUST3524,4,very good,2024-09-10
REV29852,PROD105,CUST3513,1,very good,2025-03-24
REV29853,PROD102,CUST3535,5,very good,2022-12-12
REV29854,PROD100,CUST3952,2,average,2023-12-27
REV29855,PROD102,CUST4746,5,very bad,2023-01-18
REV29856,PROD111,CUST3658,2,very good,2024-01-11
REV29857,PROD111,CUST5684,5,very good,2025-08-08
REV29858,PROD109,CUST2168,1,very good,2024-12-30
REV29859,PROD107,CUST1538,4,very good,2024-03-18
REV29860,PROD101,CUST1888,2,average,2025-03-16
REV29861,PROD106,CUST3503,3,very good,2025-03-31
REV29862,PROD106,CUST4998,5,good,2023-06-11
REV29863,PROD104,CUST5499,3,bad,2023-02-11
REV29864,PROD102,CUST3004,3,bad,2024-04-26
REV29865,PROD103,CUST4350,2,very bad,2024-10-24
REV29866,PROD104,CUST2212,5,very good,2025-05-12
REV29867,PROD104,CUST5098,2,very bad,2023-01-30
REV29868,PROD104,CUST4665,4,average,2023-11-15
REV29869,PROD112,CUST4452,1,average,2024-07-18
REV29870,PROD110,CUST2763,5,bad,2023-03-11
REV29871,PROD104,CUST2056,4,good,2024-10-03
REV29872,PROD111,CUST3113,5,bad,2024-08-11
REV29873,PROD108,CUST5962,2,good,2023-12-11
REV29874,PROD111,CUST2313,3,bad,2022-10-28
REV29875,PROD109,CUST2642,3,very bad,2023-06-05
REV29876,PROD104,CUST2091,2,bad,2024-10-31
REV29877,PROD113,CUST4314,3,very good,2023-12-06
REV29878,PROD104,CUST5803,4,very good,2024-07-13
REV29879,PROD111,CUST4436,4,good,2023-07-18
REV29880,PROD108,CUST2816,5,very good,2023-05-22
REV29881,PROD101,CUST5799,4,good,2024-10-11
REV29882,PROD103,CUST1750,3,good,2023-09-22
REV29883,PROD103,CUST3043,5,average,2023-10-08
REV29884,PROD104,CUST2118,2,bad,2025-02-27
REV29885,PROD108,CUST4250,3,good,2025-07-17
REV29886,PROD114,CUST5397,2,average,2025-05-12
REV29887,PROD107,CUST4922,4,very good,2022-10-23
REV29888,PROD103,CUST3732,1,good,2023-08-14
REV29889,PROD100,CUST4170,5,bad,2025-08-15
REV29890,PROD113,CUST4562,5,average,2023-04-21
REV29891,PROD101,CUST5485,5,bad,2024-04-27
REV29892,PROD108,CUST5339,2,average,2022-11-06
REV29893,PROD111,CUST5998,1,very bad,2024-07-24
REV29894,PROD107,CUST3945,4,very bad,2025-04-21
REV29895,PROD104,CUST1723,2,bad,2024-02-17
REV29896,PROD100,CUST5985,4,good,2022-09-14
REV29897,PROD108,CUST1018,1,good,2025-07-31
REV29898,PROD105,CUST1206,2,very bad,2024-06-01
REV29899,PROD113,CUST3856,4,bad,2023-07-01
REV29900,PROD113,CUST4338,1,very bad,2023-05-08
REV29901,PROD109,CUST4853,1,bad,2023-11-22
REV29902,PROD100,CUST4201,3,average,2025-01-31
REV29903,PROD104,CUST2480,2,average,2023-09-04
REV29904,PROD112,CUST3179,1,good,2024-09-26
REV29905,PROD106,CUST3673,2,average,2024-01-02
REV29906,PROD102,CUST2435,5,average,2024-05-04
REV29907,PROD107,CUST2049,1,bad,2025-05-27
REV29908,PROD112,CUST4691,5,average,2023-11-03
REV29909,PROD109,CUST2731,2,very good,2023-09-17
REV29910,PROD105,CUST2328,4,bad,2024-06-30
REV29911,PROD114,CUST3552,5,very bad,2024-06-27
REV29912,PROD103,CUST1672,2,bad,2025-08-14
REV29913,PROD105,CUST1008,3,bad,2023-01-27
REV29914,PROD112,CUST5135,5,very good,2025-04-27
REV29915,PROD112,CUST5715,5,very bad,2022-12-23
REV29916,PROD113,CUST4503,1,very good,2024-02-03
REV29917,PROD104,CUST2133,4,very bad,2025-01-20
REV29918,PROD100,CUST4903,1,very good,2022-11-22
REV29919,PROD103,CUST5497,5,average,2023-07-30
REV29920,PROD105,CUST5114,5,very bad,2023-03-28
REV29921,PROD105,CUST2394,5,good,2022-12-27
REV29922,PROD107,CUST2557,5,average,2023-12-17
REV29923,PROD111,CUST1779,4,very good,2023-03-14
REV29924,PROD113,CUST5111,1,good,2024-10-10
REV29925,PROD113,CUST1205,4,very good,2024-07-19
REV29926,PROD107,CUST2088,1,very good,2025-01-07
REV29927,PROD114,CUST2521,4,bad,2023-10-18
REV29928,PROD103,CUST1540,5,good,2023-05-27
REV29929,PROD104,CUST5761,4,average,2025-05-24
REV29930,PROD106,CUST2231,4,very good,2025-04-02
REV29931,PROD108,CUST4706,4,very good,2025-08-21
REV29932,PROD103,CUST4181,3,average,2024-10-27
REV29933,PROD114,CUST3830,4,good,2023-03-24
REV29934,PROD105,CUST3256,1,average,2024-04-18
REV29935,PROD100,CUST2578,3,good,2024-08-04
REV29936,PROD103,CUST5270,4,very bad,2025-02-21
REV29937,PROD108,CUST1492,2,very good,2025-05-22
REV29938,PROD114,CUST4060,4,very bad,2025-04-11
REV29939,PROD105,CUST1259,2,very bad,2024-07-10
REV29940,PROD103,CUST3538,4,average,2023-12-29
REV29941,PROD111,CUST2354,1,average,2023-07-23
REV29942,PROD111,CUST1923,3,good,2022-12-12
REV29943,PROD107,CUST4599,1,bad,2022-12-30
REV29944,PROD105,CUST2147,1,average,2022-12-05
REV29945,PROD104,CUST3876,5,bad,2022-12-23
REV29946,PROD104,CUST2997,1,very good,2025-03-06
REV29947,PROD100,CUST2777,2,bad,2024-03-20
REV29948,PROD105,CUST1282,4,good,2023-12-03
REV29949,PROD103,CUST4138,1,good,2024-12-09
REV29950,PROD105,CUST1113,5,good,2023-02-19
REV29951,PROD101,CUST4964,3,bad,2025-05-26
REV29952,PROD112,CUST5892,3,average,2025-02-08
REV29953,PROD108,CUST2546,2,bad,2023-04-04
REV29954,PROD105,CUST5436,5,bad,2023-05-19
REV29955,PROD110,CUST2102,5,good,2024-02-09
REV29956,PROD114,CUST1460,1,good,2025-02-20
REV29957,PROD111,CUST4593,4,good,2023-04-02
REV29958,PROD112,CUST5992,2,very good,2023-01-14
REV29959,PROD108,CUST5177,2,very bad,2024-01-16
REV29960,PROD110,CUST3236,3,very good,2023-04-14
REV29961,PROD103,CUST4326,2,bad,2024-08-08
REV29962,PROD111,CUST5602,1,average,2023-07-18
REV29963,PROD105,CUST3594,2,good,2024-05-14
REV29964,PROD113,CUST5146,1,very good,2022-12-29
REV29965,PROD101,CUST5554,5,good,2023-03-13
REV29966,PROD105,CUST2765,2,good,2024-07-22
REV29967,PROD104,CUST5456,2,average,2025-06-13
REV29968,PROD106,CUST2689,4,average,2024-09-28
REV29969,PROD114,CUST5987,5,average,2023-12-29
REV29970,PROD114,CUST5665,4,very good,2022-12-15
REV29971,PROD113,CUST5531,3,good,2023-08-12
REV29972,PROD107,CUST4700,3,very bad,2024-09-06
REV29973,PROD110,CUST4278,1,very good,2023-01-10
REV29974,PROD111,CUST4815,1,good,2024-10-31
REV29975,PROD114,CUST4323,2,very good,2023-07-29
REV29976,PROD108,CUST2150,5,good,2022-12-12
REV29977,PROD103,CUST3881,1,average,2024-04-12
REV29978,PROD101,CUST2411,5,very bad,2025-01-26
REV29979,PROD108,CUST1109,3,average,2022-08-27
REV29980,PROD109,CUST4366,3,good,2022-12-23
REV29981,PROD113,CUST5567,3,average,2024-11-11
REV29982,PROD106,CUST5465,4,good,2023-05-05
REV29983,PROD102,CUST5762,1,very bad,2024-03-15
REV29984,PROD103,CUST1112,5,very good,2024-08-21
REV29985,PROD111,CUST3519,2,good,2024-02-13
REV29986,PROD114,CUST1869,5,bad,2022-09-22
REV29987,PROD100,CUST3788,5,very bad,2024-04-18
REV29988,PROD111,CUST4960,1,very good,2025-05-02
REV29989,PROD112,CUST2673,4,good,2022-09-22
REV29990,PROD105,CUST2385,2,bad,2023-11-19
REV29991,PROD112,CUST2503,5,good,2025-06-30
REV29992,PROD110,CUST5987,5,average,2024-11-27
REV29993,PROD111,CUST5900,5,good,2023-10-06
REV29994,PROD112,CUST5192,2,very good,2023-09-05
REV29995,PROD109,CUST2529,4,very good,2024-07-30
REV29996,PROD109,CUST4602,1,bad,2024-09-13
REV29997,PROD107,CUST1448,3,average,2023-09-13
REV29998,PROD107,CUST1343,2,very good,2025-07-07
REV29999,PROD109,CUST1779,3,very good,2023-12-04
